{
  "SIMPLE_BANKS_REQUEST_RESPONSE_JSON": {

    "request": {
      "siteId": 1,
      "items": [
        {
          "orderItemId": "112233",
          "isEmiEnabled": true,
          "isPhysical": true,
          "quantity": 1,
          "productId": "1201345581",
          "merchantId": "2579",
          "verticalId": "11",
          "ean": "",
          "originalPrice": 1808.00,
          "price": 1808.00,
          "discoverability": "Offline",
          "brandId": "966669",
          "categoryList": [
            "1244"
          ],
          "model": "test 1234",
          "id": "12342221111",
          "offerDetails": {
            "offerId": "80145"
          }
        }
      ]
    },
    "response" : {
      "status": 1,
      "error": null,
      "data": {
        "emiTypes": [
          {
            "type": "SUBVENTION",
            "label": "Zero/Low Cost EMI",
            "info": [],
            "cardTypes": [
              {
                "cardLabel": "Credit Card",
                "cardType": "CREDIT_CARD",
                "bankDetails": [
                  {
                    "bankName": "ICICI Bank Credit Card",
                    "bankCode": "ICICI",
                    "bankLogoUrl": "https://staticgw.paytm.in/native/bank/ICICI.png"
                  },
                  {
                    "bankName": "Axis Bank Credit Card",
                    "bankCode": "AXIS",
                    "bankLogoUrl": "https://staticgw.paytm.in/native/bank/AXIS.png"
                  }
                ]
              },
              {
                "cardLabel": "Debit Card",
                "cardType": "DEBIT_CARD",
                "bankDetails": [
                  {
                    "bankName": "HDFC Bank Debit Card",
                    "bankCode": "HDFC",
                    "bankLogoUrl": "https://staticgw.paytm.in/native/bank/HDFE.png"
                  }
                ]
              },
              {
                "cardLabel": "Nbfc",
                "cardType": "NBFC",
                "bankDetails": []
              }
            ]
          },
          {
            "type": "STANDARD",
            "label": "Standard EMI",
            "info": [],
            "cardTypes": [
              {
                "cardLabel": "Debit Card",
                "cardType": "DEBIT_CARD",
                "bankDetails": []
              },
              {
                "cardLabel": "Credit Card",
                "cardType": "CREDIT_CARD",
                "bankDetails": [
                  {
                    "bankName": "HDFC Bank Credit Card",
                    "bankCode": "HDFC",
                    "bankLogoUrl": "https://staticgw.paytm.in/native/bank/HDFC.png"
                  },
                  {
                    "bankName": "American Express Credit Card",
                    "bankCode": "AMEX",
                    "bankLogoUrl": "https://staticgw.paytm.in/native/bank/AMEX.png"
                  }
                ]
              },
              {
                "cardLabel": "Nbfc",
                "cardType": "NBFC",
                "bankDetails": []
              }
            ]
          }
        ]
      }
    }
  }
}