{
  "EDC_VELOCITY_CHECKOUT": {
    "testcaseName": "Limit breach for EDC",
    "request": {
      "siteId": 1,
      "planId": 9048,
      "verificationCode": "274743416",
      "clientOrderCreatedAt": "ORDERCREATETIME",
      "items": [
        {
          "orderItemId": 123456656,
          "isEmiEnabled": true,
          "isPhysical": false,
          "quantity": 1,
          "productId": "32106733622",
          "verticalId": "11",
          "ean": "",
          "merchantId": "1152435",
          "originalPrice": 2001,
          "price": 2001,
          "discoverability": "offline",
          "brandId": "6767",
          "categoryList": [
            "998989"
          ],
          "model": "philips series 6000[1] 1",
          "id": "12342221152",
          "isStandardEmi": "false",
          "offerDetails": {
            "offerId": 1015293,
            "velocityOfferId": [
              "1016382",
              "1015627",
              "1015295"
            ]
          }
        }
      ],
      "paymentDetails": {
        "paymentOptions": [
          {
            "bin6": 0,
            "bin8": 0,
            "cardIndexNo": "202104063522007131e65622d2404cce7901243241",
            "issuingBank": "ICICI",
            "issuingNetworkCode": "string",
            "payMethod": "CREDIT_CARD",
            "transactionAmount": 500
          }
        ],
        "totalTransactionAmount": 500
      },
      "result": {
        "status": "SUCCESS",
        "bankId": "8565557",
        "bankName": "ICICI Bank Credit Card",
        "bankCode": "ICICI",
        "cardType": "CREDIT_CARD",
        "bankLogoUrl": "https://staticgw.paytm.in/native/bank/ICICI.png",
        "planId": "9048",
        "pgPlanId": "ICICI|3",
        "rate": 8.0,
        "interval": 3,
        "emi": 680.3,
        "interest": 26.91,
        "emiType": "SUBVENTION",
        "emiLabel": "Subvention",
        "verificationCode": "707832278",
        "gratifications": [
          {
            "value": "2691",
            "type": "CASHBACK",
            "label": "Cashback"
          }
        ],
        "itemBreakUp": [
          {
            "id": "12342221152",
            "interest": 26.91,
            "offerId": "1017013",
            "subventionType": "ZERO_COST",
            "gratifications": [
              {
                "value": "2691",
                "type": "CASHBACK",
                "label": "Emi Cashback"
              }
            ],
            "amountBearer": {
              "brand": 10.76,
              "merchant": 8.07,
              "platform": 8.07
            },
            "walletDetail": {
              "salesWalletGuid": "131ED59A-F5E6-47CC-A3C2-9AA75BDCBC87",
              "merchantGuid": "D6FA6060-753B-11E3-AF1B-000C292554B0"
            },
            "effectiveROI": null,
            "deferredDetails": null,
            "velocityOfferId": [
              "1017789"
            ]
          }
        ]
      }
    },
    "response": {
      "status": 1,
      "error": null,
      "data": {
        "status": "SUCCESS",
        "bankId": "8565557",
        "bankName": "ICICI Bank Credit Card",
        "bankCode": "ICICI",
        "cardType": "CREDIT_CARD",
        "bankLogoUrl": "https://staticgw.paytm.in/native/bank/ICICI.png",
        "planId": "919",
        "pgPlanId": "ICICI|8",
        "rate": 10,
        "interval": 8,
        "emi": 12.98,
        "interest": 4,
        "emiType": "SUBVENTION",
        "emiLabel": "Subvention",
        "gratifications": [
          {
            "value": "4",
            "type": "CASHBACK",
            "label": "Cashback"
          }
        ],
        "itemBreakUp": [
          {
            "id": "11202",
            "interest": 2,
            "offerId": "39123",
            "subventionType": "ZERO_COST",
            "gratifications": [
              {
                "value": "2",
                "type": "CASHBACK",
                "label": "Emi Cashback"
              }
            ],
            "amountBearer": {
              "brand": 0,
              "merchant": 0,
              "platform": 1
            },
            "walletDetail": {
              "salesWalletGuid": "7c26215f-ddca-4f3d-a7a0-ac961cf1b13f",
              "merchantGuid": "D6FA6060-753B-11E3-AF1B-000C292554B0"
            }
          },
          {
            "id": "11203",
            "interest": 2,
            "offerId": "39123",
            "subventionType": "ZERO_COST",
            "gratifications": [
              {
                "value": "2",
                "type": "CASHBACK",
                "label": "Emi Cashback"
              }
            ],
            "amountBearer": {
              "brand": 0,
              "merchant": 0,
              "platform": 1
            },
            "walletDetail": {
              "salesWalletGuid": "7c26215f-ddca-4f3d-a7a0-ac961cf1b13f",
              "merchantGuid": "D6FA6060-753B-11E3-AF1B-000C292554B0"
            }
          }
        ]
      }
    }
  },
  "EMI_PG_VELOCITY_CHECKOUT": {
    "testcaseName": "Card limit breach for EMI_PG",
    "request": {
      "siteId": 1,
      "planId": 9048,
      "verificationCode": "1184575472",
      "clientOrderCreatedAt": "ORDERCREATETIME",
      "items": [
        {
          "orderItemId":1234567,
          "isEmiEnabled": true,
          "isPhysical": false,
          "quantity": 1,
          "productId": "3210673221123362211",
          "verticalId": "11",
          "ean": "",
          "merchantId": "1152435",
          "price": 11000,
          "discoverability": "offline",
          "brandId": "34526",
          "categoryList": [
            "45432121"
          ],
          "model": "philips 1100 ,112",
          "id": "12342221152",
          "isStandardEmi": "false",
          "offerDetails": {
            "offerId": "1022995"
          }
        }
      ],
      "paymentDetails": {
        "paymentOptions": [
          {
            "bin6": 123456,
            "bin8": 12345678,
            "cardIndexNo": "65655766uyuyuyi5ereuy8979uiyiuyiuxskhdk",
            "issuingBank": "ICICI",
            "payMethod": "CREDIT_CARD",
            "transactionAmount": 1050
          }
        ],
        "totalTransactionAmount": 1050
      }
    },
    "response": {
      "status": 1,
      "error": null,
      "data": {
        "status": "SUCCESS",
        "bankId": "8565557",
        "bankName": "ICICI Bank Credit Card",
        "bankCode": "ICICI",
        "cardType": "CREDIT_CARD",
        "bankLogoUrl": "https://staticgw.paytm.in/native/bank/ICICI.png",
        "planId": "9048",
        "pgPlanId": "ICICI|3",
        "rate": 8.0,
        "interval": 3,
        "emi": 3666.68,
        "interest": 145.0,
        "emiType": "SUBVENTION",
        "emiLabel": "Subvention",
        "verificationCode": null,
        "gratifications": [
          {
            "value": "145",
            "type": "DISCOUNT",
            "label": "Discount"
          }
        ],
        "itemBreakUp": [
          {
            "id": "12342221152",
            "interest": 145.0,
            "offerId": "1022995",
            "subventionType": "ZERO_COST",
            "gratifications": [
              {
                "value": "145",
                "type": "DISCOUNT",
                "label": "Emi Discount"
              }
            ],
            "amountBearer": {
              "brand": 102.0,
              "merchant": 29.0,
              "platform": 15.0
            },
            "walletDetail": {
              "salesWalletGuid": "131ED59A-F5E6-47CC-A3C2-9AA75BDCBC87",
              "merchantGuid": "D6FA6060-753B-11E3-AF1B-000C292554B0"
            },
            "effectiveROI": null,
            "deferredDetails": null,
            "velocityOfferId": [
              "1023873",
              "1025082"
            ]
          }
        ]
      }
    }
  }
}
