{
  "SUMMARY_REQUEST": {
  "request": {
    "siteId": 1,
    "items": [
      {
        "id": "12342",
        "productId": "AutoProductId1",
        "brandId": "2000",
        "categoryList": [
          "2803"
        ],
        "merchantId": "",
        "model": "testmodel",
        "ean": "1",
        "price": 1000,
        "originalPrice": 1000,
        "quantity": 1,
        "discoverability": "",
        "verticalId": "",
        "isPhysical": false,
        "isEmiEnabled": true
      }
    ]
  }
}
}