{
  "Request_Response": [
    {
      "TestCaseName": "Verify when request size is more that 40 request ",
      "Request": [
        {
          "product_id": "45451213",
          "uid": "1"
        },
        {
          "product_id": "45451213",
          "uid": "2"
        },
        {
          "product_id": "45451213",
          "uid": "324"
        },
        {
          "product_id": "45451213",
          "uid": "4"
        },
        {
          "product_id": "45451213",
          "uid": "435"
        },
        {
          "product_id": "45451213",
          "uid": "4355"
        }, {
          "product_id": "45451213",
          "uid": "32532"
        } ,
        {
          "product_id": "45451213",
          "uid": "4566"
        },
        {
          "product_id": "45451213",
          "uid": "86"
        },
        {
          "product_id": "45451213",
          "uid": "867"
        },
        {
          "product_id": "45451213",
          "uid": "685"
        },
        {
          "product_id": "45451213",
          "uid": "346"
        },
        {
          "product_id": "45451213",
          "uid": "78993433"
        },
        {
          "product_id": "45451213",
          "uid": "4356"
        },
        {
          "product_id": "45451213",
          "uid": "255"
        },
        {
          "product_id": "45451213",
          "uid": "78993432433"
        },
        {
          "product_id": "45451213",
          "uid": "474745"
        },
        {
          "product_id": "45451213",
          "uid": "457457"
        },
        {
          "product_id": "45451213",
          "uid": "4574"
        },
        {
          "product_id": "45451213",
          "uid": "74443"
        },
        {
          "product_id": "45451213",
          "uid": "3337"
        },
        {
          "product_id": "45451213",
          "uid": "7488"
        },
        {
          "product_id": "45451213",
          "uid": "78993433"
        },
        {
          "product_id": "45451213",
          "uid": "367"
        },
        {
          "product_id": "45451213",
          "uid": "64748"
        },
        {
          "product_id": "45451213",
          "uid": "473733"
        },
        {
          "product_id": "45451213",
          "uid": "26737"
        },
        {
          "product_id": "45451213",
          "uid": "747"
        },
        {
          "product_id": "45451213",
          "uid": "324242"
        },
        {
          "product_id": "45451213",
          "uid": "78992113433"
        },
        {
          "product_id": "45451213",
          "uid": "11444"
        },
        {
          "product_id": "45451213",
          "uid": "789935333433"
        },
        {
          "product_id": "45451213",
          "uid": "2525"
        },
        {
          "product_id": "45451213",
          "uid": "4644757"
        },
        {
          "product_id": "45451213",
          "uid": "7899347474433"
        },
        {
          "product_id": "45451213",
          "uid": "457474"
        },
        {
          "product_id": "45451213",
          "uid": "474747"
        },
        {
          "product_id": "45451213",
          "uid": "78993433"
        },
        {
          "product_id": "45451213",
          "uid": "78993433"
        },
        {
          "product_id": "45451213",
          "uid": "463636"
        },
        {
          "product_id": "45451213",
          "uid": "453453636"
        },
        {
          "product_id": "45451213",
          "uid": "78993433"
        },
        {
          "product_id": "45451213",
          "uid": "78993433"
        },
        {
          "product_id": "45451213",
          "uid": "78993433"
        },
        {
          "product_id": "45451213",
          "uid": "78993433"
        },
        {
          "product_id": "45451213",
          "uid": "78993433"
        },
        {
          "product_id": "45451213",
          "uid": "78993433"
        }
      ],
      "Response": {
        "error": "RESUEST_SIZE_TOO_LARGE",
        "status": {
          "result": "failure",
          "message": {
            "title": "ExceptionHandler",
            "message": "request size is too large"
          }
        },
        "code": "PS_GE_4002",
        "errorCode": "PS_GE_4002"
      }
    }

  ]

}
