[
  {
    "testCaseName": "Fetch all code including flash_sale, External, Internal flag promocodes and sweepstakes and corresponding sorting",
    "expectedResponse": {
      "codes": [
        {
          "code": "Auto_FlashSale",
          "codeStatus": 0,
          "redemptionType": "Cashback",
          "offerText": "Auto_FlashSale",
          "savings": 300,
          "terms": "Auto_FlashSale",
          "termsUrl": "https://staging.paytm.com/papi/v1/promosearch/Auto_FlashSale/2/tnc?tenant=PAYTM&tenantId=2",
          "priority": 0,
          "isBetterOfferAvailableOnMall": false,
          "betterOfferText": "",
          "displayTags": [],
          "appOnly": false,
          "totalSaving": 600,
          "offer": {
            "title": "Paytm Cash of ₹600",
            "text": "Paytm Cash of ₹600",
            "selectedText": "Paytm Cash of ₹600",
            "icon": "https://assetscdn1.paytm.com/images/promo-engine/prod/CashBack.png",
            "pdpIcon": "https://assetscdn1.paytm.com/images/promo-engine/prod/CashBack.png",
            "type": "MUTIPLE_REDEMPTION"
          },
          "gratifications": [
            {
              "icon": "https://assetscdn1.paytm.com/images/promo-engine/prod/CashBack.png",
              "title": "Paytm Cashback worth ₹300",
              "text": "Cashback/Digital Gold worth ₹300 amount will be credited in your Paytm wallet/gold locker within 24 hours of product being shipped.",
              "saving": 300,
              "redemptionType": "giveCashback",
              "subRedemptionType": "CASHBACK",
              "action": {
                "cap": 10000,
                "redemption_type": "cashback",
                "type": "percentage",
                "value": 10
              }
            },
            {
              "icon": "https://assetscdn1.paytm.com/images/promo-engine/prod/MovieOffer.png",
              "title": "Movie Tickets",
              "text": "worth ₹300",
              "saving": 300,
              "redemptionType": "createCrossPromo",
              "subRedemptionType": "MOVIE"
            }
          ],
          "isFlashCode": true,
          "visible_from": "2019-04-24T12:33:00.000Z",
          "visible_upto": "2021-02-28T07:31:00.000Z",
          "valid_from": "2019-04-24T12:33:00.000Z",
          "effective_price": 2700,
          "valid_upto": "2021-01-31T07:31:00.000Z",
          "site_id": "2",
          "promo_text": "With Cashback of  ₹300,your Effective price is  ₹2700",
          "terms_title": "Terms & Conditions",
          "banner": {}
        },
        {
          "code": "AUTO_ECOSYSTEMLOOKUParent",
          "codeStatus": 0,
          "redemptionType": "Cashback",
          "offerText": "AUTO_ECOSYSTEMLOOKUPParent",
          "savings": 600,
          "terms": "AUTO_ECOSYSTEMLOOKUPParent",
          "termsUrl": "https://staging.paytm.com/papi/v1/promosearch/AUTO_ECOSYSTEMLOOKUParent/2/tnc?tenant=PAYTM&tenantId=2",
          "priority": 0,
          "isBetterOfferAvailableOnMall": false,
          "betterOfferText": "",
          "displayTags": [],
          "appOnly": false,
          "totalSaving": 900,
          "offer": {
            "title": "Paytm Cash of ₹900",
            "text": "Paytm Cash of ₹900",
            "selectedText": "Paytm Cash of ₹900",
            "icon": "https://assetscdn1.paytm.com/images/promo-engine/prod/CashBack.png",
            "pdpIcon": "https://assetscdn1.paytm.com/images/promo-engine/prod/CashBack.png",
            "type": "MUTIPLE_REDEMPTION"
          },
          "gratifications": [
            {
              "icon": "https://assetscdn1.paytm.com/images/promo-engine/prod/CashBack.png",
              "title": "Paytm Cashback worth ₹600",
              "text": "Cashback/Digital Gold worth ₹600 amount will be credited in your Paytm wallet/gold locker within 24 hours of product being shipped.",
              "saving": 600,
              "redemptionType": "giveCashback",
              "subRedemptionType": "CASHBACK",
              "action": {
                "cap": 10000,
                "redemption_type": "cashback",
                "type": "percentage",
                "value": 20
              }
            },
            {
              "icon": "https://assetscdn1.paytm.com/images/promo-engine/prod/MovieOffer.png",
              "title": "Movie Tickets",
              "text": "worth ₹300",
              "saving": 300,
              "redemptionType": "createCrossPromo",
              "subRedemptionType": "MOVIE"
            }
          ],
          "isFlashCode": false,
          "visible_from": "2019-04-23T07:31:00.000Z",
          "visible_upto": "2021-01-31T10:13:00.000Z",
          "valid_from": "2019-04-23T07:31:00.000Z",
          "effective_price": 2400,
          "valid_upto": "2021-01-31T10:13:00.000Z",
          "site_id": "2",
          "promo_text": "With Cashback of  ₹600,your Effective price is  ₹2400",
          "terms_title": "Terms & Conditions",
          "banner": {}
        },
        {
          "code": "GIVEUPICASHBACK",
          "codeStatus": 0,
          "redemptionType": "Cashback",
          "offerText": "ddd",
          "savings": 100,
          "terms": "lkj",
          "termsUrl": "https://staging.paytm.com/papi/v1/promosearch/GIVEUPICASHBACK/2/tnc?tenant=PAYTM&tenantId=2",
          "priority": 0,
          "isBetterOfferAvailableOnMall": false,
          "betterOfferText": "",
          "displayTags": [],
          "appOnly": false,
          "totalSaving": 100,
          "offer": {
            "title": "Paytm Cash worth ₹100",
            "text": "Paytm Cash of ₹100",
            "selectedText": "You will get Paytm Cash worth ₹100",
            "icon": "https://assetscdn1.paytm.com/images/promo-engine/prod/CashBack.png",
            "pdpIcon": "https://assetscdn1.paytm.com/images/promo-engine/prod/CashBack.png",
            "type": "SINGLE_REDEMPTION",
            "singleRedemptionValue": 100
          },
          "gratifications": [
            {
              "icon": "https://assetscdn1.paytm.com/images/promo-engine/prod/CashBack.png",
              "title": "Paytm Cash",
              "text": "worth ₹100",
              "saving": 100,
              "redemptionType": "giveUPICashback",
              "subRedemptionType": "CASHBACK"
            }
          ],
          "isFlashCode": false,
          "visible_from": "2019-12-17T10:06:41.000Z",
          "visible_upto": "2021-02-26T07:42:00.000Z",
          "valid_from": "2019-12-17T10:06:41.000Z",
          "effective_price": 2900,
          "valid_upto": "2021-02-26T07:42:00.000Z",
          "site_id": "2",
          "promo_text": "You will receive ₹100 cashback in your Paytm Bank Account, your effective price is ₹2900",
          "terms_title": "Terms & Conditions",
          "banner": {}
        },
        {
          "code": "AUTO_ECOSWEEPSTAKE",
          "codeStatus": 0,
          "redemptionType": "Discount",
          "offerText": "AUTO_ECOSWEEPSTAKE",
          "savings": 100,
          "terms": "AUTO_ECOSWEEPSTAKE",
          "termsUrl": "https://staging.paytm.com/papi/v1/promosearch/AUTO_ECOSWEEPSTAKE/2/tnc?tenant=PAYTM&tenantId=2",
          "priority": 0,
          "isBetterOfferAvailableOnMall": false,
          "betterOfferText": "",
          "displayTags": [],
          "appOnly": false,
          "totalSaving": 100,
          "offer": {
            "title": "overrideText worth ₹100",
            "text": "overrideText of ₹100",
            "selectedText": "overrideText worth ₹100",
            "icon": "https://assetscdn1.paytm.com/images/promo-engine/prod/Sweepstake.png",
            "pdpIcon": "https://assetscdn1.paytm.com/images/promo-engine/prod/CashBack.png",
            "type": "MUTIPLE_REDEMPTION"
          },
          "gratifications": [
            {
              "icon": "https://assetscdn1.paytm.com/images/promo-engine/prod/Sweepstake.png",
              "title": "overrideText",
              "text": "worth ₹100",
              "saving": 100,
              "redemptionType": "applyDiscount",
              "subRedemptionType": "SWEEP_STAKE",
              "action": {
                "cap": 100,
                "redemption_type": "discount",
                "type": "percentage",
                "value": 30
              }
            }
          ],
          "isFlashCode": false,
          "visible_from": "2019-04-25T07:31:00.000Z",
          "visible_upto": "2021-10-31T05:00:00.000Z",
          "valid_from": "2019-04-25T07:31:00.000Z",
          "effective_price": 2900,
          "valid_upto": "2021-10-31T05:00:00.000Z",
          "site_id": "2",
          "promo_text": "With Discount of  ₹100,your Effective price is  ₹2900",
          "terms_title": "Terms & Conditions",
          "banner": {}
        }
      ]
    }
    }

]