[
  {
    "testCaseName": "Verify sweepstake cases when multiple sweepstake , single sweepstake, combo",
    "expectedResponse": {
      "codes": [
        {
          "code": "AUTO_MultGratification",
          "codeStatus": 0,
          "redemptionType": "Log Usage",
          "offerText": "AUTO_MultGratification",
          "savings": 0,
          "terms": "AUTO_MultGratification",
          "termsUrl": "https://staging.paytm.com/papi/v1/promosearch/AUTO_MultGratification/2/tnc?tenant=PAYTM&tenantId=2",
          "priority": 0,
          "isBetterOfferAvailableOnMall": false,
          "betterOfferText": "",
          "displayTags": [

          ],
          "appOnly": false,
          "totalSaving": 33250,
          "offer": {
            "title": "Paytm Cashback Offers worth ₹33250",
            "text": "Offers worth ₹33250",
            "selectedText": "You will get offers worth ₹33250",
            "icon": "https://assetscdn1.paytm.com/images/promo-engine/prod/CashBack.png",
            "pdpIcon": "https://assetscdn1.paytm.com/images/promo-engine/prod/CashBack.png",
            "type": "MUTIPLE_REDEMPTION"
          },
          "gratifications": [
            {
              "icon": "https://assetscdn1.paytm.com/images/promo-engine/prod/FlightOffer.png",
              "title": "Flight Ticket",
              "text": "worth ₹33000",
              "saving": 33000,
              "redemptionType": "createCrossPromo",
              "subRedemptionType": "FLIGHT"
            },
            {
              "icon": "https://assetscdn1.paytm.com/images/promo-engine/prod/FlightOffer.png",
              "title": "Flight Ticket",
              "text": "worth ₹110",
              "saving": 110,
              "redemptionType": "createCrossPromo",
              "subRedemptionType": "FLIGHT"
            },
            {
              "icon": "https://assetscdn1.paytm.com/images/promo-engine/prod/FlightOffer.png",
              "title": "Flight Ticket",
              "text": "worth ₹110",
              "saving": 110,
              "redemptionType": "createCrossPromo",
              "subRedemptionType": "FLIGHT"
            },
            {
              "icon": "https://assetscdn1.paytm.com/images/promo-engine/prod/Bank.png",
              "title": "overide text",
              "text": "worth ₹30",
              "saving": 30,
              "redemptionType": "logUsage",
              "subRedemptionType": "BANK_PROMO"
            }
          ],
          "isFlashCode": false,
          "visible_from": "2019-05-10T06:58:23.000Z",
          "visible_upto": "2021-10-31T05:00:00.000Z",
          "valid_from": "2019-05-10T06:58:23.000Z",
          "effective_price": 3000,
          "valid_upto": "2021-10-31T05:00:00.000Z",
          "site_id": "2",
          "promo_text": "AUTO_MultGratification Applied!",
          "terms_title": "Terms & Conditions",
          "banner": {

          }
        },
        {
          "code": "AUTO_SingleCrossPromo",
          "codeStatus": 0,
          "redemptionType": "Log Usage",
          "offerText": "AUTO_SingleCrossPromo",
          "savings": 0,
          "terms": "AUTO_SingleCrossPromo",
          "termsUrl": "https://staging.paytm.com/papi/v1/promosearch/AUTO_SingleCrossPromo/2/tnc?tenant=PAYTM&tenantId=2",
          "priority": 0,
          "isBetterOfferAvailableOnMall": false,
          "betterOfferText": "",
          "displayTags": [

          ],
          "appOnly": false,
          "totalSaving": 33000,
          "offer": {
            "title": "Flight Tickets worth ₹33000",
            "text": "offers worth ₹33000",
            "selectedText": "You will get Flight Tickets worth ₹33000",
            "icon": "https://assetscdn1.paytm.com/images/promo-engine/prod/FlightOffer.png",
            "pdpIcon": "https://assetscdn1.paytm.com/images/promo-engine/prod/CashBack.png",
            "type": "MUTIPLE_REDEMPTION"
          },
          "gratifications": [
            {
              "icon": "https://assetscdn1.paytm.com/images/promo-engine/prod/FlightOffer.png",
              "title": "Flight Ticket",
              "text": "worth ₹33000",
              "saving": 33000,
              "redemptionType": "createCrossPromo",
              "subRedemptionType": "FLIGHT"
            }
          ],
          "isFlashCode": false,
          "visible_from": "2019-05-10T06:53:05.000Z",
          "visible_upto": "2021-10-31T05:00:00.000Z",
          "valid_from": "2019-05-10T06:53:05.000Z",
          "effective_price": 3000,
          "valid_upto": "2021-10-31T05:00:00.000Z",
          "site_id": "2",
          "promo_text": "AUTO_SingleCrossPromo Applied!",
          "terms_title": "Terms & Conditions",
          "banner": {

          }
        },
        {
          "code": "AUTO_1SWEEPSTAKE",
          "codeStatus": 0,
          "redemptionType": "Discount",
          "offerText": "AUTO_1SWEEPSTAKE",
          "savings": 100,
          "terms": "AUTO_1SWEEPSTAKE",
          "termsUrl": "https://staging.paytm.com/papi/v1/promosearch/AUTO_1SWEEPSTAKE/2/tnc?tenant=PAYTM&tenantId=2",
          "priority": 0,
          "isBetterOfferAvailableOnMall": false,
          "betterOfferText": "",
          "displayTags": [

          ],
          "appOnly": false,
          "totalSaving": 300,
          "offer": {
            "title": "Paytm Cashback Offers worth ₹300",
            "text": "Offers worth ₹300",
            "selectedText": "You will get offers worth ₹300",
            "icon": "https://assetscdn1.paytm.com/images/promo-engine/prod/CashBack.png",
            "pdpIcon": "https://assetscdn1.paytm.com/images/promo-engine/prod/CashBack.png",
            "type": "MUTIPLE_REDEMPTION"
          },
          "gratifications": [
            {
              "icon": "https://assetscdn1.paytm.com/images/promo-engine/prod/CashBack.png",
              "title": "Paytm Cashback worth ₹300",
              "text": "Cashback/Digital Gold worth ₹300 amount will be credited in your Paytm wallet/gold locker within 24 hours of product being shipped.",
              "saving": 300,
              "redemptionType": "giveCashback",
              "subRedemptionType": "CASHBACK",
              "action": {
                "cap": 1000.0,
                "redemption_type": "cashback",
                "type": "percentage",
                "value": 10.0
              }
            },
            {
              "icon": "https://assetscdn1.paytm.com/images/promo-engine/prod/Sweepstake.png",
              "title": "overrideText",
              "text": "worth ₹100",
              "saving": 100,
              "redemptionType": "applyDiscount",
              "subRedemptionType": "SWEEP_STAKE",
              "action": {
                "cap": 100.0,
                "redemption_type": "discount",
                "type": "percentage",
                "value": 30.0
              }
            }
          ],
          "isFlashCode": false,
          "visible_from": "2019-05-06T13:06:09.000Z",
          "visible_upto": "2021-10-31T05:00:00.000Z",
          "valid_from": "2019-05-06T13:06:09.000Z",
          "effective_price": 2900,
          "valid_upto": "2021-10-31T05:00:00.000Z",
          "site_id": "2",
          "promo_text": "With Discount of  ₹100,your Effective price is  ₹2900",
          "terms_title": "Terms & Conditions",
          "banner": {

          }
        },
        {
          "code": "AUTO_MULTSWEEPSTAKE",
          "codeStatus": 0,
          "redemptionType": "Discount",
          "offerText": "AUTO_MULTSWEEPSTAKE",
          "savings": 100,
          "terms": "AUTO_MULTSWEEPSTAKE",
          "termsUrl": "https://staging.paytm.com/papi/v1/promosearch/AUTO_MULTSWEEPSTAKE/2/tnc?tenant=PAYTM&tenantId=2",
          "priority": 0,
          "isBetterOfferAvailableOnMall": false,
          "betterOfferText": "",
          "displayTags": [

          ],
          "appOnly": false,
          "totalSaving": 400,
          "offer": {
            "title": "Paytm Cashback Offers worth ₹400",
            "text": "Offers worth ₹400",
            "selectedText": "You will get offers worth ₹400",
            "icon": "https://assetscdn1.paytm.com/images/promo-engine/prod/CashBack.png",
            "pdpIcon": "https://assetscdn1.paytm.com/images/promo-engine/prod/CashBack.png",
            "type": "MUTIPLE_REDEMPTION"
          },
          "gratifications": [
            {
              "icon": "https://assetscdn1.paytm.com/images/promo-engine/prod/Sweepstake.png",
              "title": "567",
              "saving": 300,
              "redemptionType": "giveCashback",
              "subRedemptionType": "SWEEP_STAKE",
              "action": {
                "cap": 1000.0,
                "redemption_type": "cashback",
                "type": "percentage",
                "value": 10.0
              }
            },
            {
              "icon": "https://assetscdn1.paytm.com/images/promo-engine/prod/Sweepstake.png",
              "title": "overrideText",
              "text": "worth ₹100",
              "saving": 100,
              "redemptionType": "applyDiscount",
              "subRedemptionType": "SWEEP_STAKE",
              "action": {
                "cap": 100.0,
                "redemption_type": "discount",
                "type": "percentage",
                "value": 30.0
              }
            }
          ],
          "isFlashCode": false,
          "visible_from": "2019-05-05T10:14:00.000Z",
          "visible_upto": "2021-10-31T05:00:00.000Z",
          "valid_from": "2019-05-05T10:14:00.000Z",
          "effective_price": 2900,
          "valid_upto": "2021-10-31T05:00:00.000Z",
          "site_id": "2",
          "promo_text": "With Discount of  ₹100,your Effective price is  ₹2900",
          "terms_title": "Terms & Conditions",
          "banner": {

          }
        },
        {
          "code": "AUTO_ECOSWEEPSTAKE",
          "codeStatus": 0,
          "redemptionType": "Discount",
          "offerText": "AUTO_ECOSWEEPSTAKE",
          "savings": 100,
          "terms": "AUTO_ECOSWEEPSTAKE",
          "termsUrl": "https://staging.paytm.com/papi/v1/promosearch/AUTO_ECOSWEEPSTAKE/2/tnc?tenant=PAYTM&tenantId=2",
          "priority": 0,
          "isBetterOfferAvailableOnMall": false,
          "betterOfferText": "",
          "displayTags": [

          ],
          "appOnly": false,
          "totalSaving": 100,
          "offer": {
            "title": "overrideText worth ₹100",
            "text": "overrideText of ₹100",
            "selectedText": "overrideText worth ₹100",
            "icon": "https://assetscdn1.paytm.com/images/promo-engine/prod/Sweepstake.png",
            "pdpIcon": "https://assetscdn1.paytm.com/images/promo-engine/prod/CashBack.png",
            "type": "MUTIPLE_REDEMPTION"
          },
          "gratifications": [
            {
              "icon": "https://assetscdn1.paytm.com/images/promo-engine/prod/Sweepstake.png",
              "title": "overrideText",
              "text": "worth ₹100",
              "saving": 100,
              "redemptionType": "applyDiscount",
              "subRedemptionType": "SWEEP_STAKE",
              "action": {
                "cap": 100.0,
                "redemption_type": "discount",
                "type": "percentage",
                "value": 30.0
              }
            }
          ],
          "isFlashCode": false,
          "visible_from": "2019-04-25T07:31:00.000Z",
          "visible_upto": "2021-10-31T05:00:00.000Z",
          "valid_from": "2019-04-25T07:31:00.000Z",
          "effective_price": 2900,
          "valid_upto": "2021-10-31T05:00:00.000Z",
          "site_id": "2",
          "promo_text": "With Discount of  ₹100,your Effective price is  ₹2900",
          "terms_title": "Terms & Conditions",
          "banner": {

          }
        }
      ]
    }
    }

]