{
  "FOR PGMID paytm103000077124813":
  {
    "testCaseName": "Verify testPromoOffersWithMerchantIdAsquery, MID: paytm103000077124813",
    "expectedResponse": {
      "id": "{clid-paytm103000077124813-pr-0}",
      "data": [
        {
          "promocode": "AUTOMATION_OFFERS1",
          "savings": 1000,
          "terms": "https://staging.paytm.com/papi/v1/promosearch/AUTOMATION_OFFERS1/1/tnc?tenant=PG&tenantId=paytm103000077124813",
          "updatedAt": "#$*.*",
          "validUpto": "#$*.*",
          "validFrom": "#$*.*",
          "termsTitle": "Terms & Conditions",
          "is8DigitBin": false,
          "isPromoVisible": true,
          "offer": {
            "title": "AUTOMATION_OFFERS2",
            "text": "AUTOMATION_OFFERS2",
            "icon": "https://assetscdn1.paytm.com/images/promo-engine/prod/CashBack.png"
          },
          "gratifications": [
            {
              "action": {
                "cap": 1000,
                "redemption_type": "pgcashback",
                "type": "absolute",
                "value": 10
              }
            }
          ]
        },
        {
          "promocode": "AUTODIY",
          "savings": 0,
          "terms": "https://staging.paytm.com/papi/v1/promosearch/AUTODIY/1/tnc?tenant=PG&tenantId=paytm103000077124813",
          "updatedAt": "#$*.*",
          "validUpto": "#$*.*",
          "validFrom": "#$*.*",
          "termsTitle": "Terms & Conditions",
          "is8DigitBin": false,
          "isPromoVisible": true,
          "offer": {
            "title": "3YGU2P_AUTODIY",
            "text": "DIY CAMPAIGN",
            "icon": "#$*.*"
          },
          "gratifications": [
            {
              "action": {
                "cap": 50000,
                "redemption_type": "pgdiscount",
                "type": "percentage",
                "value": 50
              }
            }
          ]
        },
        {
          "promocode": "AUTOMATION_OFFERS5",
          "savings": 0,
          "terms": "https://staging.paytm.com/papi/v1/promosearch/AUTOMATION_OFFERS5/1/tnc?tenant=PG&tenantId=paytm103000077124813",
          "updatedAt": "2020-03-24T09:48:12.000Z",
          "validUpto": "2020-04-30T12:24:00.000Z",
          "validFrom": "2019-04-18T06:10:36.000Z",
          "termsTitle": "Terms & Conditions",
          "is8DigitBin": false,
          "isPromoVisible": true,
          "offer": {
            "title": "AUTOMATION_OFFERS5",
            "text": "AUTOMATION_OFFERS5",
            "icon": "https://assetscdn1.paytm.com/images/promo-engine/prod/CashBack.png"
          },
          "gratifications": [
            {
              "action": {
                "cap": 80000,
                "redemption_type": "pgdiscount",
                "type": "percentage",
                "value": 20
              }
            }
          ]
        },
        {
          "promocode": "AUTOMATION_OFFERS4",
          "savings": 0,
          "terms": "https://staging.paytm.com/papi/v1/promosearch/AUTOMATION_OFFERS4/1/tnc?tenant=PG&tenantId=paytm103000077124813",
          "updatedAt": "#$*.*",
          "validUpto":"#$*.*",
          "validFrom": "#$*.*",
          "termsTitle": "Terms & Conditions",
          "is8DigitBin": true,
          "isPromoVisible": true,
          "offer": {
            "title": "AUTOMATION_OFFERS4",
            "text": "AUTOMATION_OFFERS4",
            "icon": "https://assetscdn1.paytm.com/images/promo-engine/prod/CashBack.png"
          },
          "gratifications": [
            {
              "action": {
                "cap": 80000,
                "redemption_type": "pgdiscount",
                "type": "percentage",
                "value": 20
              }
            }
          ]
        },
        {
          "promocode": "AUTOMATION_OFFERS3",
          "savings": 0,
          "terms": "https://staging.paytm.com/papi/v1/promosearch/AUTOMATION_OFFERS3/1/tnc?tenant=PG&tenantId=paytm103000077124813",
          "updatedAt": "#$*.*",
          "validUpto": "#$*.*",
          "validFrom": "#$*.*",
          "termsTitle": "Terms & Conditions",
          "is8DigitBin": true,
          "isPromoVisible": true,
          "offer": {
            "title": "AUTOMATION_OFFERS3",
            "text": "AUTOMATION_OFFERS3",
            "icon": "https://assetscdn1.paytm.com/images/promo-engine/prod/CashBack.png"
          },
          "gratifications": [
            {
              "action": {
                "cap": 80000,
                "redemption_type": "pgdiscount",
                "type": "percentage",
                "value": 20
              }
            }
          ]
        },
        {
          "promocode": "AUTOMATION_OFFERS2",
          "savings": 0,
          "terms": "https://staging.paytm.com/papi/v1/promosearch/AUTOMATION_OFFERS2/1/tnc?tenant=PG&tenantId=paytm103000077124813",
          "updatedAt": "#$*.*",
          "validUpto":"#$*.*",
          "validFrom": "#$*.*",
          "termsTitle": "Terms & Conditions",
          "is8DigitBin": false,
          "isPromoVisible": true,
          "offer": {
            "title": "AUTOMATION_OFFERS2",
            "text": "AUTOMATION_OFFERS2",
            "icon": "https://pgp-ite1.paytm.in/native/bank/ICICI.png"
          },
          "gratifications": [
            {
              "action": {
                "cap": 80000,
                "redemption_type": "pgdiscount",
                "type": "percentage",
                "value": 20
              }
            }
          ]
        }
      ]
    }
  }
}

