{
  "campaign_type": 1,
  "campaign": "AUTOMATION_RANNDOM_1",
  "site_id": 1,
  "sub_campaign_type": [
    "RESELLER",
    "USER"
  ],
  "is_merchant_fulfilled": 0,
  "merchant_optin": 0,
  "description": "",
  "info": {
    "display_tags": [],
    "product_list_url": "",
    "progress_screen_construct": "",
    "supercash_stages": {},
    "ppi_type": "SCLW ",
    "important_terms": "<p><span class=\"label \" data-reactid=\".4.8.0.0.0.0.0:2.$undefinedformFieldsType1important_terms2.0.0\">Important Terms</span></p>\n"
  },
  "meta": {
    "redemption": "single"
  },
  "flag": [],
  "cross_promo_info": {
    "sub_redemption_type": "",
    "cross_promo_deeplink": "",
    "cross_promo_applicable_on": "",
    "cross_promo_description_text": ""
  },
  "priority": "",
  "offer_validation_text": "",
  "success_message": "Success Message",
  "reseller_success_message": "Reseller Success Message",
  "failure_message": "Failure Message",
  "non_kyc_success_message": "Non KYC Success Message",
  "visibility": 1,
  "code": "AUTOMATION_RANNDOM_1",
  "valid_from": "2019-06-03T11:39:00.000Z",
  "valid_upto": "2019-07-20T11:39:00.000Z",
  "condition": {
    "data": {
      "all": [
        {
          "name": "promocode_associated_to_user",
          "operator": "equalTo",
          "value": "false",
          "error": "PROMOCODE IS NOT ASSOCIATED TO USER",
          "meta": ""
        },
        {
          "name": "promocode_usage_amount_order",
          "operator": "lessThan",
          "value": "200",
          "error": "Invalid promo code. Check terms and conditions.",
          "meta": ""
        }
      ]
    }
  },
  "action": {
    "data": [
      {
        "name": "action-select",
        "value": "giveCashback",
        "fields": [
          {
            "name": "type",
            "value": "percentage"
          },
          {
            "name": "value",
            "value": "30"
          },
          {
            "name": "variation_key",
            "value": "category_ids"
          },
          {
            "name": "non_kyc_cashback_mode",
            "value": "goldback"
          },
          {
            "name": "sub_redemption_type",
            "value": "CASHBACK"
          }
        ]
      }
    ]
  },
  "post_condition": {
    "data": {
      "all": []
    }
  },
  "post_action": {
    "data": []
  },
  "wallet": "SURR_WALLET",
  "short_description": "Short Description",
  "terms": "Terms of Campaign"
}