{
  "positiveCase": {
    "category_ids": "1",
    "meta_category_ids": "",
    "merchant_ids": "",
    "meta_merchant_ids": "",
    "brand_ids": "1",
    "meta_brand_ids": "",
    "product_ids": "",
    "meta_product_ids": "",
    "vertical_ids": "",
    "meta_vertical_ids": "",
    "discoverability": "ONLINE",
    "condition_type": "user",
    "limit_value": 1,
    "limit_duration": 1,
    "limit_duration_unit": "days",
    "error_message": "errorMsg",
    "valid_from": "2019-09-01T06:25:00.000Z",
    "valid_upto": "2023-06-12T06:25:00.000Z",
    "description": "test"
  },
  "negativeCase": {
    "category_ids": "1",
    "meta_category_ids": "",
    "merchant_ids": "",
    "meta_merchant_ids": "",
    "brand_ids": "1",
    "meta_brand_ids": "",
    "product_ids": "",
    "meta_product_ids": "",
    "vertical_ids": "",
    "meta_vertical_ids": "",
    "discoverability": "ONLINE",
    "condition_type": "user",
    "limit_value": 1,
    "limit_duration": 1,
    "limit_duration_unit": "days",
    "error_message": "errorMsg",
    "valid_from": "2019-09-01T06:25:00.000Z",
    "valid_upto": "2021-06-10T06:25:00.000Z",
    "description": "test"
  }

}