{
  "AUTOMATION_AUTO_FALSE_INIT": {
    "data": {
      "offer_id": 66749,
      "stage": 0,
      "created_at": "2022-07-25T09:55:18.000Z",
      "success_txn_count": 1,
      "game_status": "INITIALIZED",
      "updated_at": "2022-07-25T09:55:18.000Z",
      "total_txn_count": 5,
      "campaign": {
        "id": 35995,
        "offer_text_override": "rfw",
        "background_image_url": "dssdfdf",
        "new_offers_image_url": "er",
        "offer_keyword": "f",
        "important_terms": "<p>gw</p>\n",
        "surprise_text": "fe",
        "tnc": "https://gateway.paytm.com/papi/v2/promocard/supercash/campaign/tnc/35995",
        "campaign": "AUTOMATION_AUTO_FALSE",
        "isDeeplink": false,
        "valid_upto": "2024-07-31T08:47:00.000Z",
        "short_description": "rr",
        "auto_activate": false,
        "cashback_process_delay": "0",
        "cashback_process_delay_unit": "60",
        "description": "ee",
        "is_offus_transaction": false,
        "off_us_transaction_text": "g",
        "offer_icon_override_url": "fd",
        "offer_type_text": "",
        "promocode": "AUTOMATION_AUTO_FALSE",
        "title": "22",
        "tnc_url": "https://gateway.paytm.com/papi/v2/promocard/supercash/campaign/tnc/35995"
      },
      "stages": [
        {
          "stage": [
            0
          ],
          "stage_total_txn_count": 1,
          "stage_success_txn_count": 1,
          "stage_status": "INPROGRESS",
          "tasks": [
            {
              "frontend_redemption_type": "PAYTM MOVIES voucher",
              "cap_bonus_amount": 20,
              "bonus_amount_earned": 0,
              "redemption_type_icon_url": "ICON",
              "gratification_processed": false,
              "stage_redemption_type": "PAYTM MOVIES voucher",
              "gratification_type_flat": "absolute",
              "crosspromo_data": []
            }
          ],
          "stage_gratification_text": "You will win ₹20 PAYTM MOVIES voucher",
          "stage_screen_construct1": "1st payment"
        },
        {
          "stage": [
            1
          ],
          "stage_total_txn_count": 1,
          "stage_success_txn_count": 0,
          "stage_status": "NOT_STARTED",
          "tasks": [
            {
              "frontend_redemption_type": "Paytm discount coupon",
              "cap_bonus_amount": 1,
              "bonus_amount_earned": 0,
              "redemption_type_icon_url": "https://assetscdn1.paytm.com/images/catalog/brand/Paytm.jpg",
              "gratification_processed": false,
              "stage_redemption_type": "Paytm discount coupon",
              "crosspromo_data": []
            }
          ],
          "stage_gratification_text": "You will win ₹1 Paytm discount coupon",
          "stage_screen_construct1": "2nd payment"
        },
        {
          "stage": [
            2
          ],
          "stage_total_txn_count": 1,
          "stage_success_txn_count": 0,
          "stage_status": "NOT_STARTED",
          "tasks": [
            {
              "frontend_redemption_type": "goldback",
              "cap_bonus_amount": 1000,
              "bonus_amount_earned": 0,
              "redemption_type_icon_url": "https://paytm.s3-ap-southeast-1.amazonaws.com/promo_seller_panel_uploads/production/Goldcoin.png",
              "gratification_processed": false,
              "stage_redemption_type": "goldback",
              "gratification_type_flat": "percentage",
              "crosspromo_data": []
            }
          ],
          "stage_gratification_text": "You will win upto ₹1000 goldback",
          "stage_screen_construct1": "3rd payment"
        },
        {
          "stage": [
            3
          ],
          "stage_total_txn_count": 1,
          "stage_success_txn_count": 0,
          "stage_status": "NOT_STARTED",
          "tasks": [
            {
              "frontend_redemption_type": "paytm wallet cashback",
              "cap_bonus_amount": 20,
              "bonus_amount_earned": 0,
              "redemption_type_icon_url": "https://paytm.s3-ap-southeast-1.amazonaws.com/promo_seller_panel_uploads/production/Cashback.png",
              "gratification_processed": false,
              "stage_redemption_type": "paytm wallet cashback",
              "gratification_type_flat": "absolute",
              "crosspromo_data": []
            }
          ],
          "stage_gratification_text": "You will win ₹20 paytm wallet cashback",
          "stage_screen_construct1": "4th payment"
        },
        {
          "stage": [
            4
          ],
          "stage_total_txn_count": 1,
          "stage_success_txn_count": 0,
          "stage_status": "NOT_STARTED",
          "tasks": [
            {
              "frontend_redemption_type": "bank account cashback",
              "cap_bonus_amount": 30,
              "bonus_amount_earned": 0,
              "redemption_type_icon_url": "https://paytm.s3-ap-southeast-1.amazonaws.com/promo_seller_panel_uploads/production/Cashback.png",
              "gratification_processed": false,
              "stage_redemption_type": "bank account cashback",
              "gratification_type_flat": "absolute",
              "crosspromo_data": []
            }
          ],
          "stage_gratification_text": "You will win ₹30 bank account cashback",
          "stage_screen_construct1": "5th payment"
        }
      ],
      "game_expiry": "2022-07-25T18:29:59.000Z",
      "game_completion_time": "2022-07-25T09:55:18.000Z",
      "max_cap_bonus_amount_game": 1071,
      "bonus_amount_earned": 0,
      "status": 1,
      "remaining_time": "7 hours left to expire",
      "offer_remaining_time": "7 hours left to activate offer",
      "txn_count_text": "1/5 Payment Received",
      "success_txn_text": "1 f done",
      "offer_expiry": "2022-07-25T18:29:59.000Z",
      "initialized_offer_text": "Activate offer and accept 4 more transaction to earn upto ₹1071 "
    }
  },

  "AUTOMATION_AUTO_FALSE_ACCEPTED_CP": {
    "data": {
      "offer_remaining_time": "6 hours left to activate offer",
      "game_completion_time": "2021-11-05T11:47:38.000Z",
      "created_at": "2021-11-05T11:47:32.000Z",
      "success_txn_count": 1,
      "game_expiry": "2021-11-05T18:29:59.000Z",
      "offer_id": 60488,
      "game_status": "INPROGRESS",
      "success_txn_text": "1 f done",
      "offer_progress_construct": "You are 1 payment away from earning \u20b91 Paytm discount coupon",
      "offer_expiry": "2021-11-05T18:29:59.000Z",
      "remaining_time": "6 hours left to expire",
      "stage": 1,
      "updated_at": "2021-11-05T11:47:38.000Z",
      "bonus_amount_earned": 20,
      "initialized_offer_text": "Activate offer and accept 4 more transaction to earn upto \u20b91071 ",
      "stages": [
        {
          "stage": [
            0
          ],
          "stage_gratification_text": "You will win ₹20 PAYTM MOVIES voucher",
          "stage_total_txn_count": 1,
          "stage_status": "COMPLETED",
          "stage_screen_construct1": "1st payment",
          "tasks": [
            {
              "cap_bonus_amount": 20,
              "gratification_processed": false,
              "gratification_type_flat": "absolute",
              "redemption_text": "As per the offer terms and conditions, this PAYTM MOVIES voucher could not be credited.",
              "redemption_status": "REDEMPTION_FAILED",
              "frontend_redemption_type": "PAYTM MOVIES voucher",
              "bonus_amount_earned": 20,
              "fulfillment_at": "2021-11-05 17:17:37",
              "redemption_type_icon_url": "ICON",
              "redemption_type": "crosspromo",
              "stage_redemption_type": "PAYTM MOVIES voucher"
            }
          ],
          "stage_success_txn_count": 1
        },
        {
          "stage": [
            1
          ],
          "stage_gratification_text": "You will win \u20b91 Paytm discount coupon",
          "stage_total_txn_count": 1,
          "stage_status": "NOT_STARTED",
          "stage_screen_construct1": "2nd payment",
          "tasks": [
            {
              "cap_bonus_amount": 1,
              "gratification_processed": false,
              "frontend_redemption_type": "Paytm discount coupon",
              "bonus_amount_earned": 0,
              "redemption_type_icon_url": "https://assetscdn1.paytm.com/images/catalog/brand/Paytm.jpg",
              "stage_redemption_type": "Paytm discount coupon"
            }
          ],
          "stage_success_txn_count": 0
        },
        {
          "stage": [
            2
          ],
          "stage_gratification_text": "You will win upto \u20b91000 goldback",
          "stage_total_txn_count": 1,
          "stage_status": "NOT_STARTED",
          "stage_screen_construct1": "3rd payment",
          "tasks": [
            {
              "cap_bonus_amount": 1000,
              "gratification_processed": false,
              "gratification_type_flat": "percentage",
              "frontend_redemption_type": "goldback",
              "bonus_amount_earned": 0,
              "redemption_type_icon_url": "https://paytm.s3-ap-southeast-1.amazonaws.com/promo_seller_panel_uploads/production/Goldcoin.png",
              "stage_redemption_type": "goldback"
            }
          ],
          "stage_success_txn_count": 0
        },
        {
          "stage": [
            3
          ],
          "stage_gratification_text": "You will win \u20b920 paytm wallet cashback",
          "stage_total_txn_count": 1,
          "stage_status": "NOT_STARTED",
          "stage_screen_construct1": "4th payment",
          "tasks": [
            {
              "cap_bonus_amount": 20,
              "gratification_processed": false,
              "gratification_type_flat": "absolute",
              "frontend_redemption_type": "paytm wallet cashback",
              "bonus_amount_earned": 0,
              "redemption_type_icon_url": "https://paytm.s3-ap-southeast-1.amazonaws.com/promo_seller_panel_uploads/production/Cashback.png",
              "stage_redemption_type": "paytm wallet cashback"
            }
          ],
          "stage_success_txn_count": 0
        },
        {
          "stage": [
            4
          ],
          "stage_gratification_text": "You will win \u20b930 bank account cashback",
          "stage_total_txn_count": 1,
          "stage_status": "NOT_STARTED",
          "stage_screen_construct1": "5th payment",
          "tasks": [
            {
              "cap_bonus_amount": 30,
              "gratification_processed": false,
              "gratification_type_flat": "absolute",
              "frontend_redemption_type": "bank account cashback",
              "bonus_amount_earned": 0,
              "redemption_type_icon_url": "https://paytm.s3-ap-southeast-1.amazonaws.com/promo_seller_panel_uploads/production/Cashback.png",
              "stage_redemption_type": "bank account cashback"
            }
          ],
          "stage_success_txn_count": 0
        }
      ],
      "txn_count_text": "1/5 Payment Received",
      "campaign": {
        "short_description": "rr",
        "background_image_url": "dssdfdf",
        "auto_activate": false,
        "offer_keyword": "f",
        "tnc": "https://gateway.paytm.com/papi/v2/promocard/supercash/campaign/tnc/35995",
        "isDeeplink": false,
        "description": "ee",
        "promocode": "AUTOMATION_AUTO_FALSE",
        "offer_icon_override_url": "fd",
        "title": "22",
        "off_us_transaction_text": "g",
        "offer_text_override": "rfw",
        "cashback_process_delay_unit": "60",
        "is_offus_transaction": false,
        "surprise_text": "fe",
        "valid_upto": "2024-07-31T08:47:00.000Z",
        "cashback_process_delay": "0",
        "offer_type_text": "",
        "campaign": "AUTOMATION_AUTO_FALSE",
        "id": 35995,
        "new_offers_image_url": "er",
        "important_terms": "<p>gw<\/p>\n",
        "tnc_url": "https://gateway.paytm.com/papi/v2/promocard/supercash/campaign/tnc/35995"
      },
      "total_txn_count": 5,
      "max_cap_bonus_amount_game": 1071,
      "status": 2
    },
    "errors": [],
    "status": 1
  },
  "AUTOMATION_AUTO_FALSE_TXN2_DEAL": {
    "data": {
      "bonus_amount_earned": 21,
      "campaign": {
        "auto_activate": false,
        "background_image_url": "dssdfdf",
        "campaign": "AUTOMATION_AUTO_FALSE",
        "cashback_process_delay": "0",
        "cashback_process_delay_unit": "60",
        "description": "ee",
        "id": 35995,
        "important_terms": "<p>gw</p>\n",
        "is_offus_transaction": false,
        "isDeeplink": false,
        "new_offers_image_url": "er",
        "off_us_transaction_text": "g",
        "offer_icon_override_url": "fd",
        "offer_keyword": "f",
        "offer_text_override": "rfw",
        "offer_type_text": "",
        "promocode": "AUTOMATION_AUTO_FALSE",
        "short_description": "rr",
        "surprise_text": "fe",
        "title": "22",
        "tnc": "https://gateway.paytm.com/papi/v2/promocard/supercash/campaign/tnc/35995",
        "tnc_url": "https://gateway.paytm.com/papi/v2/promocard/supercash/campaign/tnc/35995",
        "valid_upto": "2024-07-31T08:47:00.000Z"
      },
      "created_at": "2021-11-05T08:38:54.000Z",
      "game_completion_time": "2021-11-05T08:39:58.000Z",
      "game_expiry": "2021-11-05T18:29:59.000Z",
      "game_status": "INPROGRESS",
      "initialized_offer_text": "Activate offer and accept 4 more transaction to earn upto ₹1071 ",
      "max_cap_bonus_amount_game": 1071,
      "offer_expiry": "2021-11-05T18:29:59.000Z",
      "offer_id": 60449,
      "offer_progress_construct": "You are 1 payment away from earning upto ₹1000 goldback",
      "offer_remaining_time": "9 hours left to activate offer",
      "remaining_time": "9 hours left to expire",
      "stage": 2,
      "stages": [
        {
          "stage": [
            0
          ],
          "stage_gratification_text": "You will win ₹20 PAYTM MOVIES voucher",
          "stage_screen_construct1": "1st payment",
          "stage_status": "COMPLETED",
          "stage_success_txn_count": 1,
          "stage_total_txn_count": 1,
          "tasks": [
            {
              "bonus_amount_earned": 20,
              "cap_bonus_amount": 20,
              "frontend_redemption_type": "PAYTM MOVIES voucher",
              "fulfillment_at": "2021-11-05 14:08:59",
              "gratification_processed": false,
              "gratification_type_flat": "absolute",
              "redemption_status": "REDEMPTION_FAILED",
              "redemption_text": "As per the offer terms and conditions, this PAYTM MOVIES voucher could not be credited.",
              "redemption_type": "crosspromo",
              "redemption_type_icon_url": "ICON",
              "stage_redemption_type": "PAYTM MOVIES voucher"
            }
          ]
        },
        {
          "stage": [
            1
          ],
          "stage_gratification_text": "You will win ₹1 Paytm discount coupon",
          "stage_screen_construct1": "2nd payment",
          "stage_status": "COMPLETED",
          "stage_success_txn_count": 1,
          "stage_total_txn_count": 1,
          "tasks": [
            {
              "bonus_amount_earned": 1,
              "cap_bonus_amount": 1,
              "frontend_redemption_type": "Paytm discount coupon",
              "fulfillment_at": "2021-11-05 14:09:56",
              "gratification_processed": false,
              "redemption_status": "REDEMPTION_FAILED",
              "redemption_text": "The validity of this discount coupon has expired as per offer condition - 'Offer valid till stocks last'",
              "redemption_type": "deal",
              "redemption_type_icon_url": "https://assetscdn1.paytm.com/images/catalog/brand/Paytm.jpg",
              "stage_redemption_type": "Paytm discount coupon"
            }
          ]
        },
        {
          "stage": [
            2
          ],
          "stage_gratification_text": "You will win upto ₹1000 goldback",
          "stage_screen_construct1": "3rd payment",
          "stage_status": "NOT_STARTED",
          "stage_success_txn_count": 0,
          "stage_total_txn_count": 1,
          "tasks": [
            {
              "bonus_amount_earned": 0,
              "cap_bonus_amount": 1000,
              "frontend_redemption_type": "goldback",
              "gratification_processed": false,
              "gratification_type_flat": "percentage",
              "redemption_type_icon_url": "https://paytm.s3-ap-southeast-1.amazonaws.com/promo_seller_panel_uploads/production/Goldcoin.png",
              "stage_redemption_type": "goldback"
            }
          ]
        },
        {
          "stage": [
            3
          ],
          "stage_gratification_text": "You will win ₹20 paytm wallet cashback",
          "stage_screen_construct1": "4th payment",
          "stage_status": "NOT_STARTED",
          "stage_success_txn_count": 0,
          "stage_total_txn_count": 1,
          "tasks": [
            {
              "bonus_amount_earned": 0,
              "cap_bonus_amount": 20,
              "frontend_redemption_type": "paytm wallet cashback",
              "gratification_processed": false,
              "gratification_type_flat": "absolute",
              "redemption_type_icon_url": "https://paytm.s3-ap-southeast-1.amazonaws.com/promo_seller_panel_uploads/production/Cashback.png",
              "stage_redemption_type": "paytm wallet cashback"
            }
          ]
        },
        {
          "stage": [
            4
          ],
          "stage_gratification_text": "You will win ₹30 bank account cashback",
          "stage_screen_construct1": "5th payment",
          "stage_status": "NOT_STARTED",
          "stage_success_txn_count": 0,
          "stage_total_txn_count": 1,
          "tasks": [
            {
              "bonus_amount_earned": 0,
              "cap_bonus_amount": 30,
              "frontend_redemption_type": "bank account cashback",
              "gratification_processed": false,
              "gratification_type_flat": "absolute",
              "redemption_type_icon_url": "https://paytm.s3-ap-southeast-1.amazonaws.com/promo_seller_panel_uploads/production/Cashback.png",
              "stage_redemption_type": "bank account cashback"
            }
          ]
        }
      ],
      "status": 2,
      "success_txn_count": 2,
      "success_txn_text": "2 f done",
      "total_txn_count": 5,
      "txn_count_text": "2/5 Payment Received",
      "updated_at": "2021-11-05T08:39:58.000Z"
    },
    "errors": [
    ],
    "status": 1
  },
  "AUTOMATION_AUTO_FALSE_TXN3_GB": {
    "data": {
      "bonus_amount_earned": 81,
      "campaign": {
        "auto_activate": false,
        "background_image_url": "dssdfdf",
        "campaign": "AUTOMATION_AUTO_FALSE",
        "cashback_process_delay": "0",
        "cashback_process_delay_unit": "60",
        "description": "ee",
        "id": 35995,
        "important_terms": "<p>gw</p>\n",
        "is_offus_transaction": false,
        "isDeeplink": false,
        "new_offers_image_url": "er",
        "off_us_transaction_text": "g",
        "offer_icon_override_url": "fd",
        "offer_keyword": "f",
        "offer_text_override": "rfw",
        "offer_type_text": "",
        "promocode": "AUTOMATION_AUTO_FALSE",
        "short_description": "rr",
        "surprise_text": "fe",
        "title": "22",
        "tnc": "https://gateway.paytm.com/papi/v2/promocard/supercash/campaign/tnc/35995",
        "tnc_url": "https://gateway.paytm.com/papi/v2/promocard/supercash/campaign/tnc/35995",
        "valid_upto": "2024-07-31T08:47:00.000Z"
      },
      "created_at": "2021-11-05T09:12:10.000Z",
      "game_completion_time": "2021-11-05T09:13:25.000Z",
      "game_expiry": "2021-11-05T18:29:59.000Z",
      "game_status": "INPROGRESS",
      "initialized_offer_text": "Activate offer and accept 4 more transaction to earn upto ₹1071 ",
      "max_cap_bonus_amount_game": 1071,
      "offer_expiry": "2021-11-05T18:29:59.000Z",
      "offer_id": 60455,
      "offer_progress_construct": "You are 1 payment away from earning ₹20 paytm wallet cashback",
      "offer_remaining_time": "9 hours left to activate offer",
      "remaining_time": "9 hours left to expire",
      "stage": 3,
      "stages": [
        {
          "stage": [
            0
          ],
          "stage_gratification_text": "You will win ₹20 PAYTM MOVIES voucher",
          "stage_screen_construct1": "1st payment",
          "stage_status": "COMPLETED",
          "stage_success_txn_count": 1,
          "stage_total_txn_count": 1,
          "tasks": [
            {
              "bonus_amount_earned": 20,
              "cap_bonus_amount": 20,
              "frontend_redemption_type": "PAYTM MOVIES voucher",
              "fulfillment_at": "2021-11-05 14:42:15",
              "gratification_processed": false,
              "gratification_type_flat": "absolute",
              "redemption_status": "REDEMPTION_FAILED",
              "redemption_text": "As per the offer terms and conditions, this PAYTM MOVIES voucher could not be credited.",
              "redemption_type": "crosspromo",
              "redemption_type_icon_url": "ICON",
              "stage_redemption_type": "PAYTM MOVIES voucher"
            }
          ]
        },
        {
          "stage": [
            1
          ],
          "stage_gratification_text": "You will win ₹1 Paytm discount coupon",
          "stage_screen_construct1": "2nd payment",
          "stage_status": "COMPLETED",
          "stage_success_txn_count": 1,
          "stage_total_txn_count": 1,
          "tasks": [
            {
              "bonus_amount_earned": 1,
              "cap_bonus_amount": 1,
              "frontend_redemption_type": "Paytm discount coupon",
              "fulfillment_at": "2021-11-05 14:42:26",
              "gratification_processed": false,
              "redemption_status": "REDEMPTION_FAILED",
              "redemption_text": "The validity of this discount coupon has expired as per offer condition - 'Offer valid till stocks last'",
              "redemption_type": "deal",
              "redemption_type_icon_url": "https://assetscdn1.paytm.com/images/catalog/brand/Paytm.jpg",
              "stage_redemption_type": "Paytm discount coupon"
            }
          ]
        },
        {
          "stage": [
            2
          ],
          "stage_gratification_text": "You will win ₹60 goldback",
          "stage_screen_construct1": "3rd payment",
          "stage_status": "COMPLETED",
          "stage_success_txn_count": 1,
          "stage_total_txn_count": 1,
          "tasks": [
            {
              "bonus_amount_earned": 60,
              "cap_bonus_amount": 1000,
              "frontend_redemption_type": "goldback",
              "fulfillment_at": "2021-11-05 14:43:24",
              "gratification_processed": false,
              "gratification_type_flat": "percentage",
              "redemption_status": "REDEEM_REQUESTED",
              "redemption_text": "Goldback will be credited within 24 hours in your Gold locker.",
              "redemption_type": "goldback",
              "redemption_type_icon_url": "https://paytm.s3-ap-southeast-1.amazonaws.com/promo_seller_panel_uploads/production/Goldcoin.png",
              "stage_redemption_type": "goldback"
            }
          ]
        },
        {
          "stage": [
            3
          ],
          "stage_gratification_text": "You will win ₹20 paytm wallet cashback",
          "stage_screen_construct1": "4th payment",
          "stage_status": "NOT_STARTED",
          "stage_success_txn_count": 0,
          "stage_total_txn_count": 1,
          "tasks": [
            {
              "bonus_amount_earned": 0,
              "cap_bonus_amount": 20,
              "frontend_redemption_type": "paytm wallet cashback",
              "gratification_processed": false,
              "gratification_type_flat": "absolute",
              "redemption_type_icon_url": "https://paytm.s3-ap-southeast-1.amazonaws.com/promo_seller_panel_uploads/production/Cashback.png",
              "stage_redemption_type": "paytm wallet cashback"
            }
          ]
        },
        {
          "stage": [
            4
          ],
          "stage_gratification_text": "You will win ₹30 bank account cashback",
          "stage_screen_construct1": "5th payment",
          "stage_status": "NOT_STARTED",
          "stage_success_txn_count": 0,
          "stage_total_txn_count": 1,
          "tasks": [
            {
              "bonus_amount_earned": 0,
              "cap_bonus_amount": 30,
              "frontend_redemption_type": "bank account cashback",
              "gratification_processed": false,
              "gratification_type_flat": "absolute",
              "redemption_type_icon_url": "https://paytm.s3-ap-southeast-1.amazonaws.com/promo_seller_panel_uploads/production/Cashback.png",
              "stage_redemption_type": "bank account cashback"
            }
          ]
        }
      ],
      "status": 2,
      "success_txn_count": 3,
      "success_txn_text": "3 f done",
      "total_txn_count": 5,
      "txn_count_text": "3/5 Payment Received",
      "updated_at": "2021-11-05T09:13:25.000Z"
    },
    "errors": [
    ],
    "status": 1
  },
  "AUTOMATION_AUTO_FALSE_TXN4_MER_WALL": {
    "data": {
      "bonus_amount_earned": 101,
      "campaign": {
        "auto_activate": false,
        "background_image_url": "dssdfdf",
        "campaign": "AUTOMATION_AUTO_FALSE",
        "cashback_process_delay": "0",
        "cashback_process_delay_unit": "60",
        "description": "ee",
        "id": 35995,
        "important_terms": "<p>gw</p>\n",
        "is_offus_transaction": false,
        "isDeeplink": false,
        "new_offers_image_url": "er",
        "off_us_transaction_text": "g",
        "offer_icon_override_url": "fd",
        "offer_keyword": "f",
        "offer_text_override": "rfw",
        "offer_type_text": "",
        "promocode": "AUTOMATION_AUTO_FALSE",
        "short_description": "rr",
        "surprise_text": "fe",
        "title": "22",
        "tnc": "https://gateway.paytm.com/papi/v2/promocard/supercash/campaign/tnc/35995",
        "tnc_url": "https://gateway.paytm.com/papi/v2/promocard/supercash/campaign/tnc/35995",
        "valid_upto": "2024-07-31T08:47:00.000Z"
      },
      "created_at": "2021-11-05T11:16:05.000Z",
      "game_completion_time": "2021-11-05T11:17:13.000Z",
      "game_expiry": "2021-11-05T18:29:59.000Z",
      "game_status": "INPROGRESS",
      "initialized_offer_text": "Activate offer and accept 4 more transaction to earn upto ₹1071 ",
      "max_cap_bonus_amount_game": 1071,
      "offer_expiry": "2021-11-05T18:29:59.000Z",
      "offer_id": 60468,
      "offer_progress_construct": "You are 1 payment away from earning ₹30 bank account cashback",
      "offer_remaining_time": "7 hours left to activate offer",
      "remaining_time": "7 hours left to expire",
      "stage": 4,
      "stages": [
        {
          "stage": [
            0
          ],
          "stage_gratification_text": "You will win ₹20 PAYTM MOVIES voucher",
          "stage_screen_construct1": "1st payment",
          "stage_status": "COMPLETED",
          "stage_success_txn_count": 1,
          "stage_total_txn_count": 1,
          "tasks": [
            {
              "bonus_amount_earned": 20,
              "cap_bonus_amount": 20,
              "frontend_redemption_type": "PAYTM MOVIES voucher",
              "fulfillment_at": "2021-11-05 16:46:11",
              "gratification_processed": false,
              "gratification_type_flat": "absolute",
              "redemption_status": "REDEMPTION_FAILED",
              "redemption_text": "As per the offer terms and conditions, this PAYTM MOVIES voucher could not be credited.",
              "redemption_type": "crosspromo",
              "redemption_type_icon_url": "ICON",
              "stage_redemption_type": "PAYTM MOVIES voucher"
            }
          ]
        },
        {
          "stage": [
            1
          ],
          "stage_gratification_text": "You will win ₹1 Paytm discount coupon",
          "stage_screen_construct1": "2nd payment",
          "stage_status": "COMPLETED",
          "stage_success_txn_count": 1,
          "stage_total_txn_count": 1,
          "tasks": [
            {
              "bonus_amount_earned": 1,
              "cap_bonus_amount": 1,
              "frontend_redemption_type": "Paytm discount coupon",
              "fulfillment_at": "2021-11-05 16:46:46",
              "gratification_processed": false,
              "redemption_status": "REDEMPTION_FAILED",
              "redemption_text": "The validity of this discount coupon has expired as per offer condition - 'Offer valid till stocks last'",
              "redemption_type": "deal",
              "redemption_type_icon_url": "https://assetscdn1.paytm.com/images/catalog/brand/Paytm.jpg",
              "stage_redemption_type": "Paytm discount coupon"
            }
          ]
        },
        {
          "stage": [
            2
          ],
          "stage_gratification_text": "You will win ₹60 goldback",
          "stage_screen_construct1": "3rd payment",
          "stage_status": "COMPLETED",
          "stage_success_txn_count": 1,
          "stage_total_txn_count": 1,
          "tasks": [
            {
              "bonus_amount_earned": 60,
              "cap_bonus_amount": 1000,
              "frontend_redemption_type": "goldback",
              "fulfillment_at": "2021-11-05 16:46:58",
              "gratification_processed": false,
              "gratification_type_flat": "percentage",
              "redemption_status": "REDEEM_REQUESTED",
              "redemption_text": "Goldback will be credited within 24 hours in your Gold locker.",
              "redemption_type": "goldback",
              "redemption_type_icon_url": "https://paytm.s3-ap-southeast-1.amazonaws.com/promo_seller_panel_uploads/production/Goldcoin.png",
              "stage_redemption_type": "goldback"
            }
          ]
        },
        {
          "stage": [
            3
          ],
          "stage_gratification_text": "You will win ₹20 paytm wallet cashback",
          "stage_screen_construct1": "4th payment",
          "stage_status": "COMPLETED",
          "stage_success_txn_count": 1,
          "stage_total_txn_count": 1,
          "tasks": [
            {
              "bonus_amount_earned": 20,
              "cap_bonus_amount": 20,
              "frontend_redemption_type": "paytm wallet cashback",
              "fulfillment_at": "2021-11-05 16:47:12",
              "gratification_processed": false,
              "gratification_type_flat": "absolute",
              "redemption_status": "REDEEM_REQUESTED",
              "redemption_text": "Cashback will be settled within 24 hours in your paytm wallet.",
              "redemption_type": "merchantWalletCashback",
              "redemption_type_icon_url": "https://paytm.s3-ap-southeast-1.amazonaws.com/promo_seller_panel_uploads/production/Cashback.png",
              "stage_redemption_type": "paytm wallet cashback"
            }
          ]
        },
        {
          "stage": [
            4
          ],
          "stage_gratification_text": "You will win ₹30 bank account cashback",
          "stage_screen_construct1": "5th payment",
          "stage_status": "NOT_STARTED",
          "stage_success_txn_count": 0,
          "stage_total_txn_count": 1,
          "tasks": [
            {
              "bonus_amount_earned": 0,
              "cap_bonus_amount": 30,
              "frontend_redemption_type": "bank account cashback",
              "gratification_processed": false,
              "gratification_type_flat": "absolute",
              "redemption_type_icon_url": "https://paytm.s3-ap-southeast-1.amazonaws.com/promo_seller_panel_uploads/production/Cashback.png",
              "stage_redemption_type": "bank account cashback"
            }
          ]
        }
      ],
      "status": 2,
      "success_txn_count": 4,
      "success_txn_text": "4 f done",
      "total_txn_count": 5,
      "txn_count_text": "4/5 Payment Received",
      "updated_at": "2021-11-05T11:17:13.000Z"
    },
    "errors": [
    ],
    "status": 1
  },
  "AUTOMATION_AUTO_FALSE_TXN5_MER_BANK": {
    "data": {
      "offer_remaining_time": "6 hours left to activate offer",
      "game_completion_time": "2021-11-05T11:48:30.000Z",
      "game_gratification_message": "You have won multiple rewards",
      "created_at": "2021-11-05T11:48:14.000Z",
      "success_txn_count": 5,
      "game_expiry": "2021-11-05T18:29:59.000Z",
      "offer_id": 60489,
      "game_status": "COMPLETED",
      "success_txn_text": "5 f done",
      "offer_expiry": "2021-11-05T18:29:59.000Z",
      "remaining_time": "6 hours left to expire",
      "stage": 4,
      "updated_at": "2021-11-05T11:48:30.000Z",
      "bonus_amount_earned": 110,
      "initialized_offer_text": "Activate offer and accept 4 more transaction to earn upto \u20b91071 ",
      "stages": [
        {
          "stage": [
            0
          ],
          "stage_gratification_text": "You will win ₹20 PAYTM MOVIES voucher",
          "stage_total_txn_count": 1,
          "stage_status": "COMPLETED",
          "stage_screen_construct1": "1st payment",
          "tasks": [
            {
              "cap_bonus_amount": 20,
              "gratification_processed": false,
              "gratification_type_flat": "absolute",
              "redemption_text": "As per the offer terms and conditions, this PAYTM MOVIES voucher could not be credited.",
              "redemption_status": "REDEMPTION_FAILED",
              "frontend_redemption_type": "PAYTM MOVIES voucher",
              "bonus_amount_earned": 0,
              "fulfillment_at": "2021-11-05 17:18:18",
              "redemption_type_icon_url": "ICON",
              "redemption_type": "crosspromo",
              "stage_redemption_type": "PAYTM MOVIES voucher"
            }
          ],
          "stage_success_txn_count": 1
        },
        {
          "stage": [
            1
          ],
          "stage_gratification_text": "\u20b91 Paytm discount coupon could not be credited",
          "stage_total_txn_count": 1,
          "stage_status": "COMPLETED",
          "stage_screen_construct1": "2nd payment",
          "tasks": [
            {
              "cap_bonus_amount": 1,
              "gratification_processed": false,
              "redemption_text": "The validity of this discount coupon has expired as per offer condition - 'Offer valid till stocks last'",
              "redemption_status": "REDEMPTION_FAILED",
              "frontend_redemption_type": "Paytm discount coupon",
              "bonus_amount_earned": 1,
              "fulfillment_at": "2021-11-05 17:18:20",
              "redemption_type_icon_url": "https://assetscdn1.paytm.com/images/catalog/brand/Paytm.jpg",
              "redemption_type": "deal",
              "stage_redemption_type": "Paytm discount coupon"
            }
          ],
          "stage_success_txn_count": 1
        },
        {
          "stage": [
            2
          ],
          "stage_gratification_text": "You will win \u20b960 goldback",
          "stage_total_txn_count": 1,
          "stage_status": "COMPLETED",
          "stage_screen_construct1": "3rd payment",
          "tasks": [
            {
              "cap_bonus_amount": 1000,
              "gratification_processed": false,
              "gratification_type_flat": "percentage",
              "redemption_text": "Goldback will be credited within 24 hours in your Gold locker.",
              "redemption_status": "REDEEM_REQUESTED",
              "frontend_redemption_type": "goldback",
              "bonus_amount_earned": 60,
              "fulfillment_at": "2021-11-05 17:18:23",
              "redemption_type_icon_url": "https://paytm.s3-ap-southeast-1.amazonaws.com/promo_seller_panel_uploads/production/Goldcoin.png",
              "redemption_type": "goldback",
              "stage_redemption_type": "goldback"
            }
          ],
          "stage_success_txn_count": 1
        },
        {
          "stage": [
            3
          ],
          "stage_gratification_text": "You will win \u20b920 paytm wallet cashback",
          "stage_total_txn_count": 1,
          "stage_status": "COMPLETED",
          "stage_screen_construct1": "4th payment",
          "tasks": [
            {
              "cap_bonus_amount": 20,
              "gratification_processed": false,
              "gratification_type_flat": "absolute",
              "redemption_text": "Cashback will be settled within 24 hours in your paytm wallet.",
              "redemption_status": "REDEEM_REQUESTED",
              "frontend_redemption_type": "paytm wallet cashback",
              "bonus_amount_earned": 20,
              "fulfillment_at": "2021-11-05 17:18:26",
              "redemption_type_icon_url": "https://paytm.s3-ap-southeast-1.amazonaws.com/promo_seller_panel_uploads/production/Cashback.png",
              "redemption_type": "merchantWalletCashback",
              "stage_redemption_type": "paytm wallet cashback"
            }
          ],
          "stage_success_txn_count": 1
        },
        {
          "stage": [
            4
          ],
          "stage_gratification_text": "You will win \u20b930 bank account cashback",
          "stage_total_txn_count": 1,
          "stage_status": "COMPLETED",
          "stage_screen_construct1": "5th payment",
          "tasks": [
            {
              "cap_bonus_amount": 30,
              "gratification_processed": false,
              "gratification_type_flat": "absolute",
              "redemption_text": "Cashback will be settled within 24 hours in your bank account.",
              "redemption_status": "REDEEM_REQUESTED",
              "frontend_redemption_type": "bank account cashback",
              "bonus_amount_earned": 30,
              "fulfillment_at": "2021-11-05 17:18:29",
              "redemption_type_icon_url": "https://paytm.s3-ap-southeast-1.amazonaws.com/promo_seller_panel_uploads/production/Cashback.png",
              "redemption_type": "merchantBankPayout",
              "stage_redemption_type": "bank account cashback"
            }
          ],
          "stage_success_txn_count": 1
        }
      ],
      "txn_count_text": "5/5 Payment Received",
      "campaign": {
        "short_description": "rr",
        "background_image_url": "dssdfdf",
        "auto_activate": false,
        "offer_keyword": "f",
        "tnc": "https://gateway.paytm.com/papi/v2/promocard/supercash/campaign/tnc/35995",
        "isDeeplink": false,
        "description": "ee",
        "promocode": "AUTOMATION_AUTO_FALSE",
        "offer_icon_override_url": "fd",
        "title": "22",
        "off_us_transaction_text": "g",
        "offer_text_override": "rfw",
        "cashback_process_delay_unit": "60",
        "is_offus_transaction": false,
        "surprise_text": "fe",
        "valid_upto": "2024-07-31T08:47:00.000Z",
        "cashback_process_delay": "0",
        "offer_type_text": "",
        "campaign": "AUTOMATION_AUTO_FALSE",
        "id": 35995,
        "new_offers_image_url": "er",
        "important_terms": "<p>gw<\/p>\n",
        "tnc_url": "https://gateway.paytm.com/papi/v2/promocard/supercash/campaign/tnc/35995"
      },
      "total_txn_count": 5,
      "max_cap_bonus_amount_game": 1071,
      "status": 3
    },
    "errors": [],
    "status": 1
  },
  "LUCKY_DRAW_SERVING_GAME_COMPLETION": {"data":{"offer_remaining_time":"358 days left to activate offer","game_completion_time":"2022-02-03T15:00:40.000Z","game_gratification_message":"You have entered a lucky draw worth upto \u20b91. Draw will be announced on Jan 30, 2023.","created_at":"2022-02-03T15:00:39.000Z","success_txn_count":1,"game_expiry":"2023-01-27T18:30:00.000Z","offer_id":62737,"game_status":"COMPLETED","success_txn_text":"1 test done","offer_expiry":"2023-01-27T18:30:00.000Z","remaining_time":"358 days left to expire","stage":0,"updated_at":"2022-02-03T15:00:40.000Z","bonus_amount_earned":0,"initialized_offer_text":"Activate offer and accept 0 more transaction to earn upto \u20b91 ","stages":[{"stage":[0],"stage_gratification_text":"You can win anything upto \u20b91","stage_total_txn_count":1,"stage_status":"COMPLETED","stage_screen_construct1":"1st payment","tasks":[{"cap_bonus_amount":1,"gratification_processed":false,"redemption_text":"Thank you for participating. Lucky winners will be announced after Jan 30, 2023.","redemption_status":"REDEEM_REQUESTED","crosspromo_data":[],"frontend_redemption_type":"paytm wallet cashback","bonus_amount_earned":0,"fulfillment_at":"2023-01-30 00:06:00","redemption_type_icon_url":"https://paytm.s3-ap-southeast-1.amazonaws.com/promo_seller_panel_uploads/production/Cashback.png","redemption_type":"merchantWalletCashback","draw_date_passed":false,"stage_redemption_type":"lucky draw"}],"stage_success_txn_count":1}],"txn_count_text":"1/1 Payment Received","campaign":{"short_description":"test","background_image_url":"test","auto_activate":true,"offer_keyword":"test","tnc":"https://gateway.paytm.com/papi/v2/promocard/supercash/campaign/tnc/109871","isDeeplink":false,"description":"test","promocode":"LUCKYDRAWN60","offer_icon_override_url":"test","title":"test","off_us_transaction_text":"test","offer_text_override":"test","cashback_process_delay_unit":"1","is_offus_transaction":false,"surprise_text":"test","valid_upto":"2023-01-27T14:56:00.000Z","cashback_process_delay":"2","offer_type_text":"","campaign":"LUCKYDRAWN60","id":109871,"new_offers_image_url":"test","important_terms":"<p>test<\/p>\n","tnc_url":"https://gateway.paytm.com/papi/v2/promocard/supercash/campaign/tnc/109871"},"total_txn_count":1,"max_cap_bonus_amount_game":1,"status":3},"errors":[],"status":1}

}