{
  "gratificationEntity": {
    "goldBack": {
      "type": "GOLDBACK",
      "userId": null,
      "goldWalletGuid": "477ed482-1207-405b-9d45-50b5ec1bf444",
      "amount": 100,
      "metadata": "dwdwedw ID 59253",
      "txnType": "superGoldBack",
      "beneficiary_type": "MERCHANT",
      "schedule_gratification": {
        "scheduleInSecs": 0,
        "expiryTimestamp": 0
      },
      "secondary_gratification": "null",
      "status": "PROCESSING",
      "valid": false,
      "validateApi": "http://10.254.27.148/v1/gratification/validate",
      "notifyApi": "http://10.254.27.148/v1/gratification/notify"
    },
    "gratificationTask": {
      "gratification_level": "Primary",
      "status": "success",
      "schedule_job_id": "NULL",
      "retry_count": "0",
      "statusCode": "200",
      "errorMsg": "null",
      "txnId": "null"
    },
    "cashback": {
      "type": "MERCHANT_CASHBACK_DISBURSEMENT",
      "subWalletGuid": "477ed482-1207-405b-9d45-50b5ec1bf444",
      "amount": 100,
      "metadata": "dwdwedw ID 59253",
      "mid": "null",
      "beneficiary_type": "MERCHANT",
      "schedule_gratification": {
        "scheduleInSecs": 0,
        "expiryTimestamp": 0
      },
      "secondary_gratification": "null",
      "status": "PROCESSING",
      "valid": false,
      "validateApi": "http://10.254.27.148/v1/gratification/validate",
      "notifyApi": "http://10.254.27.148/v1/gratification/notify"
    },
    "crossPromo": {
      "type": "CROSS_PROMO",
      "siteId": 2,
      "options": {
        "game_id": 59484,
        "task_id": 77686
      },
      "userId": "null",
      "prefix": "CJTD",
      "campaignId": 27862,
      "campaignName": "aparna_crosspromo",
      "secret": "d9bce199d9314be990023ee50035d5cf",
      "redemptionType": "cashback",
      "redemptionAmountType": "absolute",
      "amount": 10,
      "redemptionAmountCap": 10,
      "validFrom": "2021-10-08T10:48:07.000Z",
      "validUpto": "2021-10-16T10:48:07.000Z",
      "beneficiary_type": "MERCHANT",
      "schedule_gratification": {
        "scheduleInSecs": 0,
        "expiryTimestamp": 0
      },
      "secondary_gratification": "null",
      "status": "SUCCESS",
      "valid": false,
      "validateApi": "http://10.254.27.148/v1/gratification/validate",
      "notifyApi": "http://10.254.27.148/v1/gratification/notify"
    },
    "coins": {
      "type": "COINS",
      "userId": null,
      "points": 100,
      "subWalletGuid": "477ed482-1207-405b-9d45-50b5ec1bf444",
      "mid": null,
      "valid": false,
      "validateApi": "http://10.254.27.148/v1/gratification/validate",
      "notifyApi": "http://10.254.27.148/v1/gratification/notify",
      "status": "SUCCESS",
      "extendedInfo": {
        "offerDeepLink": "paytmmp://cash_wallet?featuretype=vip&screen=offerdetails&gameid=59501",
        "offerName": "dwdwedw",
        "shortDescription": "HGSS",
        "offerIconImage": "dwdwd",
        "displayName": "Received for offer - dwdwedw"
      }
    },
    "deal": {
      "type":"DEAL",
      "dealId": 1200145332,
      "userId": null,
      "parentId": 60407,
      "retailerUserName": 6666111110,
      "retailerPassword": "1234a",
      "noPromo": true,
      "siteId": 1,
      "valid": false,
      "validateApi": "http://10.254.27.148/v1/gratification/validate",
      "notifyApi": "http://10.254.27.148/v1/gratification/notify",
      "status": "SUCCESS"
    }
  }
}
