{
  "MULTIPLE_GRATIFICATION_SELECT_OFFER": {"data":{"offer_remaining_time":"341 days left to activate offer","game_completion_time":"2021-09-23T11:37:47.257Z","created_at":"2021-09-23T11:37:47.256Z","success_txn_count":0,"game_expiry":"2022-08-30T18:30:00.000Z","offer_id":58768,"game_status":"INPROGRESS","success_txn_text":"0 wdwede done","offer_progress_construct":"You are 1 payment away from earning \u20b9100 paytm wallet cashback, 100 Merchant Cashback Points and a lucky draw worth upto \u20b910","offer_expiry":"2022-08-30T18:30:00.000Z","remaining_time":"341 days left to expire","stage":0,"updated_at":"2021-09-23T11:37:47.257Z","bonus_amount_earned":0,"initialized_offer_text":"Activate offer and accept 0 more transaction to earn upto 100 Merchant Cashback Points","stages":[{"stage":[0],"stage_gratification_text":"You will win \u20b9100 paytm wallet cashback, 100 Merchant Cashback Points and a lucky draw worth upto \u20b910","stage_total_txn_count":1,"stage_status":"NOT_STARTED","stage_screen_construct1":"1st payment","tasks":[{"cap_bonus_amount":100,"gratification_processed":false,"gratification_type_flat":"absolute","frontend_redemption_type":"paytm wallet cashback","bonus_amount_earned":0,"redemption_type_icon_url":"https://paytm.s3-ap-southeast-1.amazonaws.com/promo_seller_panel_uploads/production/Cashback.png","stage_redemption_type":"paytm wallet cashback"},{"cap_bonus_amount":100,"gratification_processed":false,"gratification_type_flat":"absolute","frontend_redemption_type":"Merchant Cashback Points","bonus_amount_earned":0,"redemption_type_icon_url":"https://assetscdn1.paytm.com/images/catalog/view_item/854901/1626162244532.png","stage_redemption_type":"Merchant Cashback Points"},{"cap_bonus_amount":10,"gratification_processed":false,"frontend_redemption_type":"lucky draw","bonus_amount_earned":0,"redemption_type_icon_url":"https://paytm.s3-ap-southeast-1.amazonaws.com/promo_seller_panel_uploads/production/Cashback.png","draw_date_passed":false,"stage_redemption_type":"lucky draw"}],"stage_success_txn_count":0}],"txn_count_text":"0/1 Payment Received","campaign":{"short_description":"3ew","background_image_url":"adads","auto_activate":false,"offer_keyword":"wdwede","tnc":"https://gateway.paytm.com/papi/v2/promocard/supercash/campaign/tnc/81498","isDeeplink":false,"description":"dw","promocode":"MERCHANTSELECTGRATIFICATION1","offer_icon_override_url":"wd","title":"dwe","off_us_transaction_text":"dww","offer_text_override":"dwwd","is_offus_transaction":false,"surprise_text":"wdwewe","valid_upto":"2022-08-30T11:19:00.000Z","offer_type_text":"","campaign":"MERCHANTSELECTGRATIFICATION1","id":81498,"new_offers_image_url":"dwwdw","important_terms":"<p>dwdwdw<\/p>\n","tnc_url":"https://gateway.paytm.com/papi/v2/promocard/supercash/campaign/tnc/81498"},"total_txn_count":1,"max_cap_bonus_amount_game":100,"status":2},"errors":[],"status":1},
  "GAME_CREATION_MULTIPLE_GRATIFICATION": {"data":{"offer_remaining_time":"341 days left to activate offer","game_completion_time":"2021-09-23T11:06:52.650Z","created_at":"2021-09-23T11:06:52.649Z","success_txn_count":0,"game_expiry":"2022-08-30T18:30:00.000Z","offer_id":58766,"game_status":"INPROGRESS","success_txn_text":"0 wdwede done","offer_progress_construct":"You are 1 payment away from earning \u20b9100 bank account cashback, \u20b9100 goldback and \u20b9100 5 voucher","offer_expiry":"2022-08-30T18:30:00.000Z","remaining_time":"341 days left to expire","stage":0,"updated_at":"2021-09-23T11:06:52.650Z","bonus_amount_earned":0,"initialized_offer_text":"Activate offer and accept 0 more transaction to earn upto \u20b9100 ","stages":[{"stage":[0],"stage_gratification_text":"You will win \u20b9100 bank account cashback, \u20b9100 goldback and \u20b9100 5 voucher","stage_total_txn_count":1,"stage_status":"NOT_STARTED","stage_screen_construct1":"1st payment","tasks":[{"cap_bonus_amount":100,"gratification_processed":false,"gratification_type_flat":"absolute","frontend_redemption_type":"bank account cashback","bonus_amount_earned":0,"redemption_type_icon_url":"https://paytm.s3-ap-southeast-1.amazonaws.com/promo_seller_panel_uploads/production/Cashback.png","stage_redemption_type":"bank account cashback"},{"cap_bonus_amount":100,"gratification_processed":false,"gratification_type_flat":"absolute","frontend_redemption_type":"goldback","bonus_amount_earned":0,"redemption_type_icon_url":"https://paytm.s3-ap-southeast-1.amazonaws.com/promo_seller_panel_uploads/production/Goldcoin.png","stage_redemption_type":"goldback"},{"cap_bonus_amount":100,"gratification_processed":false,"gratification_type_flat":"absolute","frontend_redemption_type":"5 voucher","bonus_amount_earned":0,"redemption_type_icon_url":"Test","stage_redemption_type":"5 voucher"}],"stage_success_txn_count":0}],"txn_count_text":"0/1 Payment Received","campaign":{"short_description":"3ew","background_image_url":"adads","auto_activate":false,"offer_keyword":"wdwede","tnc":"https://gateway.paytm.com/papi/v2/promocard/supercash/campaign/tnc/81497","isDeeplink":false,"description":"dw","promocode":"MERCHANTSELECTGRATIFICATION","offer_icon_override_url":"wd","title":"dwe","off_us_transaction_text":"dww","offer_text_override":"dwwd","is_offus_transaction":false,"surprise_text":"wdwewe","valid_upto":"2022-08-30T10:47:00.000Z","offer_type_text":"","campaign":"MERCHANTSELECTGRATIFICATION","id":81497,"new_offers_image_url":"dwwdw","important_terms":"<p>dwdwdw<\/p>\n","tnc_url":"https://gateway.paytm.com/papi/v2/promocard/supercash/campaign/tnc/81497"},"total_txn_count":1,"max_cap_bonus_amount_game":100,"status":2},"errors":[],"status":1},
  "EXPIRED_CAMPAIGN_GAME_CREATION" : {"data":{},"errors":[{"code":null,"errorCode":"SUCASH_4008","message":"You are not eligible for this campaign. Checkout other cashback offers for you.","title":"Campaign Eligibility","status":404}],"status":0},
  "WRONG_CAMPAIGN_ID_RESPONSE"     : {"data":null,"errors":[{"code":null,"errorCode":null,"message":"Something went wrong. Checkout other cashback offers for you.","title":"Something went wrong. Checkout other cashback offers for you.","status":500}],"status":0},
  "ALREADY_PROCESSED_GAME_RESPONSE": {"data":{},"errors":[{"code":null,"errorCode":"SUCASH_4017","message":"In progress game already exists.","title":"Offer Eligibility","status":404}],"status":0},
  "CASHBACK_FOR_CANCELLATION":       {"data":{"offer_remaining_time":"7 days left to activate offer","game_completion_time":"2021-09-23T15:28:13.178Z","created_at":"2021-09-23T15:28:13.177Z","success_txn_count":0,"game_expiry":"2021-09-30T18:29:59.000Z","offer_id":58793,"game_status":"INPROGRESS","success_txn_text":"0 wdwede done","offer_progress_construct":"You are 1 payment away from earning \u20b9100 5 voucher","offer_expiry":"2021-09-30T18:29:59.000Z","remaining_time":"7 days left to expire","stage":0,"updated_at":"2021-09-23T15:28:13.178Z","bonus_amount_earned":0,"initialized_offer_text":"Activate offer and accept 0 more transaction to earn upto \u20b9100 ","stages":[{"stage":[0],"stage_gratification_text":"You will win \u20b9100 5 voucher","stage_total_txn_count":1,"stage_status":"NOT_STARTED","stage_screen_construct1":"1st payment","tasks":[{"cap_bonus_amount":100,"gratification_processed":false,"gratification_type_flat":"absolute","frontend_redemption_type":"5 voucher","bonus_amount_earned":0,"redemption_type_icon_url":"Test","stage_redemption_type":"5 voucher"}],"stage_success_txn_count":0}],"txn_count_text":"0/1 Payment Received","campaign":{"short_description":"3ew","background_image_url":"adads","auto_activate":false,"offer_keyword":"wdwede","tnc":"https://gateway.paytm.com/papi/v2/promocard/supercash/campaign/tnc/80419","isDeeplink":false,"description":"dw","promocode":"MERCHANTSELECTOFFER1","offer_icon_override_url":"wd","title":"dwe","off_us_transaction_text":"dww","offer_text_override":"dwwd","cashback_process_delay_unit":"1","is_offus_transaction":false,"surprise_text":"wdwewe","valid_upto":"2022-09-15T09:30:00.000Z","cashback_process_delay":"15","offer_type_text":"","campaign":"MERCHANTSELECTOFFER1","id":80419,"new_offers_image_url":"dwwdw","important_terms":"<p>dwdwdw<\/p>\n","tnc_url":"https://gateway.paytm.com/papi/v2/promocard/supercash/campaign/tnc/80419"},"total_txn_count":1,"max_cap_bonus_amount_game":100,"status":2},"errors":[],"status":1}
}