campaign_id,modify_request,category_id,brand_id,merchant_id,discoverability,model_id,product_id,ean,min_price,max_price,bank_code,card_type,min_transaction_amount,plan_ids
EmiBOBrcampaignIDTemp,Add,12345,,,,,,,,,AMEX,EMI_DC,,
EmiBOBrcampaignIDTemp,Add,12346,-12345,,,,,,,,AMEX,CREDIT_CARD,,
EmiBOBrcampaignIDTemp,Add,12347,213123213123123,,,,,,,,AMEX,EMI,,
EmiBOBrcampaignIDTemp,Add,12348,Test,,,,,,,,AMEX,DEBIT_CARD,,
EmiBOBrcampaignIDTemp,Add,12349,12 34,,,,,,,,HDFC,EMI_DC,,
EmiBOBrcampaignIDTemp,Add,12350,$^^^**,,,,,,,,HDFC,CREDIT_CARD,,
EmiBOBrcampaignIDTemp,Add,12351,0,,,,,,,,HDFC,EMI,,
EmiBOBrcampaignIDTemp,Add,12352,1111,,,,,,,,HDFC,DEBIT_CARD,,
EmiBOBrcampaignIDTemp,Add,,12345,,,,,,,,ICICI,EMI_DC,,
EmiBOBrcampaignIDTemp,Add,-12345,12346,,,,,,,,ICICI,CREDIT_CARD,,
EmiBOBrcampaignIDTemp,Add,213123213123123,12347,,,,,,,,ICICI,EMI,,
EmiBOBrcampaignIDTemp,Add,Test,12348,,,,,,,,ICICI,DEBIT_CARD,,
EmiBOBrcampaignIDTemp,Add,12 34,12349,,,,,,,,PNB,EMI_DC,,
EmiBOBrcampaignIDTemp,Add,$^^^**,12350,,,,,,,,PNB,CREDIT_CARD,,
EmiBOBrcampaignIDTemp,Add,,12345,,,,,,,,,CREDIT_CARD,,
EmiBOBrcampaignIDTemp,Add,,12345,,,,,,,,test,CREDIT_CARD,,
EmiBOBrcampaignIDTemp,Add,,12346,,,,,,,,AM EX,CREDIT_CARD,,
EmiBOBrcampaignIDTemp,Add,,12347,,,,,,,,12345,CREDIT_CARD,,
EmiBOBrcampaignIDTemp,Add,,12348,,,,,,,,&**^&,CREDIT_CARD,,
EmiBOBrcampaignIDTemp,Add,,12349,,,,,,,,amex,CREDIT_CARD,,
