campaign_id,modify_request,category_id,brand_id,merchant_id,discoverability,model_id,product_id,ean,min_price,max_price,bank_code,card_type,min_transaction_amount,plan_ids
PGMrEmicampaignIDTemp,Add,1,,,,,,,0,100,,,,
PGMrEmicampaignIDTemp,Add,,,,,,,,1,100,,,,
PGMrEmicampaignIDTemp,Add,,2,,,,,,0,100,,,,
PGMrEmicampaignIDTemp,Add,,,3,,,,,0,100,,,,
PGMrEmicampaignIDTemp,Add,,,,4,,,,0,100,,,,
PGMrEmicampaignIDTemp,Add,,,,,5,,,0,100,,,,
PGMrEmicampaignIDTemp,Add,,,,,,6,,0,100,,,,
PGMrEmicampaignIDTemp,Add,,,,,,,7,0,100,,,,
PGMrEmicampaignIDTemp,Add,,,,,,,,0,100,8,,,
PGMrEmicampaignIDTemp,Add,,,,,,,,0,100,,9,,
PGMrEmicampaignIDTemp,Add,,,,,,,,0,100,,,10,
PGMrEmicampaignIDTemp,Add,,,,,,,,0,100,,,,11
PGMrEmicampaignIDTemp,Remove,,,,,,,,100,100000,,,,
PGMrEmicampaignIDTemp,A dd,,,,,,,,100,20000,,,,
PGMrEmicampaignIDTemp,Re move,,,,,,,,100,30000,,,,

