campaign_id,modify_request,category_id,brand_id,merchant_id,discoverability,model_id,product_id,ean,min_price,max_price,bank_code,card_type,min_transaction_amount,plan_ids
EmiBOMrcampaignIDTemp,Add,,,,,,,,,,HDFC,EMI,,
EmiBOMrcampaignIDTemp,Add,,,,,,,,,,ICICI,CREDIT_CARD,,
BOMrcampaignIDTemp,Add,,,,,,,,,,SBI,EMI,,
BOMrcampaignIDTemp,Add,,,,,,,,,,AMEX,CREDIT_CARD,,
EmiMrcampaignIDTemp,Add,,,,,,,,,,PNB,EMI,,
EmiMrcampaignIDTemp,Add,,,,,,,,,,ICICI,DEBIT_CARD,,
BOIsrcampaignIDTemp,Add,,,,,,,,,,HDFC,CREDIT_CARD,,
BOIsrcampaignIDTemp,Add,,,,,,,,,,ICICI,EMI,,


