campaign_id,modify_request,category_id,brand_id,merchant_id,discoverability,model_id,product_id,ean,min_price,max_price,bank_code,card_type,min_transaction_amount,plan_ids
PGMrEmicampaignIDTemp,Add,,,,,,,,,1000,,,,
PGMrEmicampaignIDTemp,Add,,,,,,,,0,788,,,,
PGMrEmicampaignIDTemp,Add,,,,,,,,-57627,1001,,,,
PGMrEmicampaignIDTemp,Remove,,,,,,,,5.5555,1000,,,,
PGMrEmicampaignIDTemp,Add,,,,,,,,test,1000,,,,
PGMrEmicampaignIDTemp,Add,,,,,,,,10 2,32131,,,,
PGMrEmicampaignIDTemp,Add,,,,,,,,%^^^&12,32131,,,,
PGMrEmicampaignIDTemp,Add,,,,,,,,67677676876,32131,,,,
PGMrEmicampaignIDTemp,Add,,,,,,,,0.5,32131,,,,
PGMrEmicampaignIDTemp,Add,,,,,,,,100,100,,,,
PGMrEmicampaignIDTemp,Add,,,,,,,,0,,,,,
PGMrEmicampaignIDTemp,Add,,,,,,,,10,0,,,,
PGMrEmicampaignIDTemp,Add,,,,,,,,100,-1001,,,,
PGMrEmicampaignIDTemp,Remove,,,,,,,,10,5.5,,,,
PGMrEmicampaignIDTemp,Add,,,,,,,,test,test,,,,
PGMrEmicampaignIDTemp,Add,,,,,,,,102,32 131,,,,
PGMrEmicampaignIDTemp,Remove,,,,,,,,10,372**&*&,,,,
PGMrEmicampaignIDTemp,Add,,,,,,,,100,67677676876,,,,
PGMrEmicampaignIDTemp,Add,,,,,,,,0.1,0.5,,,,
PGMrEmicampaignIDTemp,Add,,,,,,,,0,0,,,,