campaign_id,modify_request,category_id,brand_id,merchant_id,discoverability,model_id,product_id,ean,min_price,max_price,bank_code,card_type,min_transaction_amount,plan_ids
EmiBrcampaignIDTemp,Add,,123,,,,,,,,AMEX,,,
EmiBrcampaignIDTemp,Add,,124,,,,,,,,AMEX,test,,
EmiBrcampaignIDTemp,Add,,125,,,,,,,,AMEX,CRED IT_CARD,,
EmiBrcampaignIDTemp,Add,,126,,,,,,,,AMEX,2311,,
EmiBrcampaignIDTemp,Add,,127,,,,,,,,AMEX,&*^*&((,,
EmiBrcampaignIDTemp,Add,,128,,,,,,,,AMEX,credit_card,,
EmiBrcampaignIDTemp,Add,,129,,,,,,,,AMEX,EMI_DC,,
EmiBrcampaignIDTemp,Add,,130,1,2,3,4,5,6,7,HDFC,EMI_DC,8,9
EmiBrcampaignIDTemp,Ad d,,131,,,,,,,,ICICI,DEBIT_CARD,,
EmiBrcampaignIDTemp,RE MOVE,,132,,,,,,,,ICICI,EMI_DC,,
EmiBrcampaignIDTemp,Update,,133,,,,,,,,ICICI,EMI,,
EmiBrcampaignIDTemp,Test,,134,,,,,,,,ICICI,CREDIT_CARD,,
EmiBrcampaignIDTemp,21321,,135,,,,,,,,HDFC,EMI,,
EmiBrcampaignIDTemp,Add,12345,1234,,,,,,,,AMEX,EMI_DC,,
EmiBrcampaignIDTemp,Add,,1234,,,,,,,,AMEX,EMI_DC,,
EmiBrcampaignIDTemp,Add,12345,1111,,,,,,,,PNB,EMI_DC,,
EmiBrcampaignIDTemp,Remove,12345,1111,,,,,,,,PNB,EMI_DC,,
EmiBrcampaignIDTemp,Add,,7789789,,,,,,,,AMEX,CREDIT_CARD,,
