campaign_id,modify_request,category_id,brand_id,merchant_id,discoverability,model_id,product_id,ean,min_price,max_price,bank_code,card_type,min_transaction_amount,plan_ids
EmiBrcampaignIDTemp,Add,12332456,12332223,,,,,,,,ICICI,CREDIT_CARD,,
EmiBOBrcampaignIDTemp,Add,13223456,12223323,,,,,,,,HDFC,CREDIT_CARD,,
BOBrcampaignIDTemp,Add,12332456,1322223,,,,,,,,AMEX,DEBIT_CARD,,
EmiBrcampaignIDTemp,Add,12323456,1223223,,,,,,,,SBI,CREDIT_CARD,,
EmiBOBrcampaignIDTemp,Add,123321456,1322223,,,,,,,,PNB,EMI_DC,,
BOBrcampaignIDTemp,Add,12343256,1322223,,,,,,,,ICICI,EMI,,
