campaign_id,modify_request,category_id,brand_id,merchant_id,discoverability,model_id,product_id,ean,min_price,max_price,bank_code,card_type,min_transaction_amount,plan_ids
EmicampaignIDTemp,Add,123456,12223,,,,,,,,ICICI,CREDIT_CARD,,
EmicampaignIDTemp,Add,123457,12224,,,,,,,,HDFC,DEBIT_CARD,,
EmicampaignIDTemp,Add,123458,12225,,,,,,,,AMEX,EMI,,
EmicampaignIDTemp,Add,123459,12226,,,,,,,,ICICI,EMI_DC,,
EmicampaignIDTemp,Add,123460,12227,,,,,,,,PNB,EMI_DC,,
EmiBOcampaignIDTemp,Add,123456,12223,,,,,,,,ICICI,CREDIT_CARD,,
EmiBOcampaignIDTemp,Add,123457,12224,,,,,,,,ICICI,EMI,,
EmiBOcampaignIDTemp,Add,123458,12225,,,,,,,,ICICI,EMI_DC,,
EmiBOcampaignIDTemp,Add,123459,12226,,,,,,,,ICICI,DEBIT_CARD,,
EmiBOcampaignIDTemp,Add,123460,12227,,,,,,,,HDFC,CREDIT_CARD,,
BOcampaignIDTemp,Add,123456,12223,,,,,,,,ICICI,CREDIT_CARD,,
BOcampaignIDTemp,Add,123457,12224,,,,,,,,ICICI,EMI,,
BOcampaignIDTemp,Add,123458,12225,,,,,,,,ICICI,EMI_DC,,
BOcampaignIDTemp,Add,123459,12226,,,,,,,,ICICI,DEBIT_CARD,,
BOcampaignIDTemp,Add,123460,12227,,,,,,,,HDFC,CREDIT_CARD,,
