campaign_id,modify_request,category_id,brand_id,merchant_id,discoverability,model_id,product_id,ean,min_price,max_price,bank_code,card_type,min_transaction_amount,plan_ids
1016822,Add,,7789789,,,,,,,,AMEX,CREDIT_CARD,,
1016825,Add,,8998090,,,,,,,,AMEX,CREDIT_CARD,,
1016827,Add,,23176786789321,,,,,,,,AMEX,CREDIT_CARD,,
1016823,Add,,46353564580552,,,,,,,,AMEX,CREDIT_CARD,,
1016821,Add,,69530342371783,,,,,,,,AMEX,CREDIT_CARD,,
1017023,Add,,92707120163014,,,,,,,,AMEX,CREDIT_CARD,,
1016826,Add,,115883897954245,,,,,,,,AMEX,CREDIT_CARD,,
1016816,Add,,139060675745476,,,,,,,,AMEX,CREDIT_CARD,,
1017021,Add,,162237453536707,,,,,,,,AMEX,CREDIT_CARD,,
1016819,Add,,185414231327938,,,,,,,,AMEX,CREDIT_CARD,,
1016824,Add,,208591009119169,,,,,,,,AMEX,CREDIT_CARD,,
1017018,Add,,231767786910400,,,,,,,,AMEX,CREDIT_CARD,,
1017020,Add,,254944564701631,,,,,,,,AMEX,CREDIT_CARD,,
1017022,Add,,278121342492862,,,,,,,,AMEX,CREDIT_CARD,,
1016818,Add,,301298120284093,,,,,,,,AMEX,CREDIT_CARD,,
1017017,Add,,324474898075324,,,,,,,,AMEX,CREDIT_CARD,,
1016817,Add,,347651675866555,,,,,,,,AMEX,CREDIT_CARD,,
1017019,Add,,370828453657786,,,,,,,,AMEX,CREDIT_CARD,,
1016820,Add,,394005231449017,,,,,,,,AMEX,CREDIT_CARD,,
1016828,Add,,417182009240248,,,,,,,,AMEX,CREDIT_CARD,,
1016829,Add,,417182009240248,,,,,,,,AMEX,CREDIT_CARD,,
