<?xml version="1.0" encoding="UTF-8"?>
<!DOCTYPE suite SYSTEM "http://testng.org/testng-1.0.dtd">
<suite name="promoTask-regression" parallel="methods" data-provider-thread-count="10">
    <parameter name="environment" value="staging"/>
    <listeners>
        <listener class-name="com.paytm.promotionsAutomationSuite.utils.PromotionsCustomReporter" />
        <listener class-name="com.paytm.promotionsAutomationSuite.utils.report.listerner.ExtentIReporterSuiteClassListenerAdapter" />
    </listeners>
    <test name="sanityTest" parallel="methods" thread-count="5">
        <classes>
            <class name="com.paytm.promotionsAutomationSuite.promoOperations.SetTestEnvironment"></class>
            <class name="com.paytm.promotionsAutomationSuite.compareValidateResponseV3.Compare_OrderProcessingFromGratification_PromoTask"></class>
            <class name="com.paytm.promotionsAutomationSuite.compareValidateResponseV3.Compare_PromoPgOrderProcessingThroughGratification"></class>
            <class name="com.paytm.promotionsAutomationSuite.compareValidateResponseV3.Compare_UpiNoFallbackGratificationThroughJava"></class>
            <class name="com.paytm.promotionsAutomationSuite.compareValidateResponseV3.Compare_VerifyGratificationForMlv"></class>
            <class name="com.paytm.promotionsAutomationSuite.compareValidateResponseV3.Compare_VerifyGratificationFromRedemptionEngineService"></class>
            <class name="com.paytm.promotionsAutomationSuite.compareValidateResponseV3.Compare_VerifyGratificationOfPostSku"></class>
            <class name="com.paytm.promotionsAutomationSuite.compareValidateResponseV3.Compare_VerifyGratificationOfUPIFromRedemptionEngine"></class>
            <class name="com.paytm.promotionsAutomationSuite.compareValidateResponseV3.compareOrderDetailForGV"></class>
            <class name="com.paytm.promotionsAutomationSuite.compareValidateResponseV3.compareV2forPaytmPoints"></class>
            <class name="com.paytm.promotionsAutomationSuite.compareValidateResponseV3.CompareV2ResponseWithV3SameAsV2"></class>
            <class name="com.paytm.promotionsAutomationSuite.compareValidateResponseV3.CompareValidateTask_PromoTask"></class>
            <class name="com.paytm.promotionsAutomationSuite.compareValidateResponseV3.OrderProcessing_PromoTask"></class>
            <class name="com.paytm.promotionsAutomationSuite.compareValidateResponseV3.OrderProcessingForAddMoneyCases_PromoTask"></class>
            <class name="com.paytm.promotionsAutomationSuite.compareValidateResponseV3.OrderProcessingForCrossPromo_PromoTask"></class>
            <class name="com.paytm.promotionsAutomationSuite.compareValidateResponseV3.OrderProcessingOfUpiFromGratificationSystem_PromoTask"></class>
            <class name="com.paytm.promotionsAutomationSuite.compareValidateResponseV3.OrdersWithoutPostAction_PromoTask"></class>
            <class name="com.paytm.promotionsAutomationSuite.compareValidateResponseV3.UpiNoFallBackGratification_PromoTask"></class>
            <class name="com.paytm.promotionsAutomationSuite.compareValidateResponseV3.ValidateTask_PromoTask"></class>
        </classes>
    </test>
</suite>
