<?xml version="1.0" encoding="UTF-8"?>
<!DOCTYPE suite SYSTEM "http://testng.org/testng-1.0.dtd">
<suite name="promoAdmin-regression">
    <parameter name="environment" value="dev1"/>
    <listeners>
        <listener class-name="com.paytm.promotionsAutomationSuite.utils.PromotionsCustomReporter" />
    </listeners>
    <test name="sanityTest" parallel="none">
        <classes>
            <class name="com.paytm.promotionsAutomationSuite.DIY.CampaignCreation"></class>
            <class name="com.paytm.promotionsAutomationSuite.DIY.DIYCampaignUpdate"></class>
            <class name="com.paytm.promotionsAutomationSuite.DIY.CampaignList"></class>
            <class name="com.paytm.promotionsAutomationSuite.DIY.CampaignDetail"></class>
            <class name="com.paytm.promotionsAutomationSuite.admin.CreatePromoJava"></class>
            <class name="com.paytm.promotionsAutomationSuite.admin.PgPaymentUsage"></class>
            <class name="com.paytm.promotionsAutomationSuite.admin.BossListApi"></class>
            <class name="com.paytm.promotionsAutomationSuite.admin.GratificationDataGet"></class>
            <class name="com.paytm.promotionsAutomationSuite.admin.SubPartitionGet"></class>
            <class name="com.paytm.promotionsAutomationSuite.admin.CampaignSearch"></class>
            <class name="com.paytm.promotionsAutomationSuite.admin.GlobalDeltaUpload"></class>


            <class name="com.paytm.promotionsAutomationSuite.admin.PromoAdminV1PgCampaign"></class>
            <class name="com.paytm.promotionsAutomationSuite.admin.EMIGetList"></class>
            <class name="com.paytm.promotionsAutomationSuite.admin.OfferTypeMeta"></class>
            <class name="com.paytm.promotionsAutomationSuite.admin.V1KYBBrands"></class>
            <class name="com.paytm.promotionsAutomationSuite.admin.PgCampaignUploadBin"></class>
            <class name="com.paytm.promotionsAutomationSuite.admin.PgCampaignPromoMapUploadBin"></class>
            <class name="com.paytm.promotionsAutomationSuite.admin.EMIPlansConditionsDeltaUploadNegativeCases"></class>

            <class name="com.paytm.promotionsAutomationSuite.admin.BankOfferDeltaUpload"></class>
            <class name="com.paytm.promotionsAutomationSuite.admin.BankOfferPgmidBulkUploadNegativeCases"></class>
            <class name="com.paytm.promotionsAutomationSuite.admin.EmiPgmidBulkUploadNegativeCases"></class>
            <class name="com.paytm.promotionsAutomationSuite.admin.BankOfferCampaignCreation"></class>

        </classes>
    </test>
</suite>