<?xml version="1.0" encoding="UTF-8"?>
<!DOCTYPE suite SYSTEM "http://testng.org/testng-1.0.dtd">
<suite name="EMISubvention-regression">
    <parameter name="environment" value="staging"/>
    <listeners>
        <listener class-name="com.paytm.promotionsAutomationSuite.utils.PromotionsCustomReporter" />
    </listeners>
    <test name="sanityTest" parallel="none">
        <classes>
            <class name="com.paytm.promotionsAutomationSuite.EMISubvention.SummeryAPI"></class>
            <class name="com.paytm.promotionsAutomationSuite.EMISubvention.BanksAPI"></class>
            <class name="com.paytm.promotionsAutomationSuite.EMISubvention.EMITenures"></class>
            <class name="com.paytm.promotionsAutomationSuite.EMISubvention.EMIValidate"></class>
            <class name="com.paytm.promotionsAutomationSuite.EMISubvention.EMIOrderStampAPI"></class>
            <class name="com.paytm.promotionsAutomationSuite.EMISubvention.CheckoutWithOrderAPI"></class>
            <class name="com.paytm.promotionsAutomationSuite.EMISubvention.EMIUserSummeryBulkPayment"></class>

        </classes>

    </test>
</suite>