<?xml version="1.0" encoding="UTF-8"?>
<!DOCTYPE suite SYSTEM "http://testng.org/testng-1.0.dtd">
<suite name="supercashGratification-regression">
    <parameter name="environment" value="staging"/>
    <listeners>
        <listener class-name="com.paytm.promotionsAutomationSuite.utils.PromotionsCustomReporter" />
    </listeners>
    <test name="sanityTest" parallel="none">
        <classes>
<!--          <class name="com.paytm.promotionsAutomationSuite.superCashBack.luckydrawUser.LuckyDrawE2ECases"></class>-->
            <class name="com.paytm.promotionsAutomationSuite.gratification.GetTImeToFlyValidationCassandra"></class>
            <class name="com.paytm.promotionsAutomationSuite.gratification.CoinGratification"></class>
            <class name="com.paytm.promotionsAutomationSuite.gratification.UpiGratificationJava"></class>
            <class name="com.paytm.promotionsAutomationSuite.gratification.CashbackGratification"></class>
            <class name="com.paytm.promotionsAutomationSuite.gratification.CurrencyGratification"></class>
            <class name="com.paytm.promotionsAutomationSuite.gratification.ListAllEventSchema"></class>
            <class name="com.paytm.promotionsAutomationSuite.gratification.CrosspromoAndDealsGratification"></class>
            <class name="com.paytm.promotionsAutomationSuite.gratification.GoldbackGratification"></class>
            <class name="com.paytm.promotionsAutomationSuite.gratification.CancelJobScheduler"></class>
            <class name="com.paytm.promotionsAutomationSuite.gratification.SupercashDealOutOfStock"></class>
            <class name="com.paytm.promotionsAutomationSuite.superCashBack.MultipleGratification.CashbackLandingPageAPI"></class>
            <class name="com.paytm.promotionsAutomationSuite.superCashBack.MultipleGratification.MultipleGratificationScratchCard"></class>
            <class name="com.paytm.promotionsAutomationSuite.gratification.SubmitApi"></class>
            <class name="com.paytm.promotionsAutomationSuite.gratification.UUIDVerificationGratification"></class>
            <class name="com.paytm.promotionsAutomationSuite.gratification.CollectibleGratificationRedemptionJava"></class>
            <class name="com.paytm.promotionsAutomationSuite.gratification.CrossPromoRedemptionGratificationJava"></class>
            <class name="com.paytm.promotionsAutomationSuite.gratification.PercentageDecimalCashBackGratificationJava"></class>
            <class name="com.paytm.promotionsAutomationSuite.gratification.CashBackInGVGratificationRedemptionJava"></class>
            <class name="com.paytm.promotionsAutomationSuite.gratification.PaytmFirstGameGratificationRedemptionJava"></class>
            <class name="com.paytm.promotionsAutomationSuite.gratification.GratificationTaskReferenceValidation"></class>
            <class name="com.paytm.promotionsAutomationSuite.gratification.RedemptionExpiryGratification"></class>
            <class name="com.paytm.promotionsAutomationSuite.superCashBack.merchantClm.gratification.MerchantSubmitApi"></class>
            <class name="com.paytm.promotionsAutomationSuite.superCashBack.merchantClm.gratification.MerchantValidationApi"></class>
            <class name="com.paytm.promotionsAutomationSuite.superCashBack.merchantClm.gratification.MerchantNotificationApi"></class>
            <class name="com.paytm.promotionsAutomationSuite.superCashBack.merchantClm.gratification.MerchantGratificationWorkFlow"></class>
        </classes>

    </test>
</suite>