<?xml version="1.0" encoding="UTF-8"?>
<!DOCTYPE suite SYSTEM "http://testng.org/testng-1.0.dtd">
<suite name="SupercashInternalJava" parallel="true" data-provider-thread-count="100">
    <parameter name="environment" value="staging"/>
    <listeners>
        <listener class-name="com.paytm.promotionsAutomationSuite.utils.PromotionsCustomReporter" />
    </listeners>
    <test name="sanityTest" parallel="methods" thread-count="100">
        <classes>
            <class name="com.paytm.promotionsAutomationSuite.promoOperations.SetTestEnvironment"></class>
            <class name="com.paytm.promotionsAutomationSuite.superCashBack.nequal1.NequalOnePg"></class>
            <class name="com.paytm.promotionsAutomationSuite.conditionsCoverage.SupercashConditionsCheckJava"></class>
            <class name="com.paytm.promotionsAutomationSuite.superCashBack.SupercashMultipleLinkingJavaInternal"></class>
            <class name="com.paytm.promotionsAutomationSuite.superCashBack.SupercashCancellationJavaInternal"></class>
            <class name="com.paytm.promotionsAutomationSuite.superCashBack.SupercashRequiresActivationFlagJava"></class>
            <class name="com.paytm.promotionsAutomationSuite.superCashBack.SupercashJavaFraudCancellation"></class>
            <class name="com.paytm.promotionsAutomationSuite.superCashBack.SupercashCollectiblesEventGameJava"></class>
            <class name="com.paytm.promotionsAutomationSuite.superCashBack.CleverTap.CleverTapInternalJavaUser"></class>
            <class name="com.paytm.promotionsAutomationSuite.superCashBack.SupercashInternalJava.Verbose"></class>
            <class name="com.paytm.promotionsAutomationSuite.jiraFixes.PercentageHandlingCasesSupercashback"></class>
            <class name="com.paytm.promotionsAutomationSuite.superCashBack.RandomBonus"></class>
            <class name="com.paytm.promotionsAutomationSuite.superCashBack.SupercashGameCreationDBVerification"></class>
            <class name="com.paytm.promotionsAutomationSuite.superCashBack.nequal1.NequalOneCases"></class>
            <class name="com.paytm.promotionsAutomationSuite.superCashBack.spinTheWheel.SpinTheWheelFlow"></class>
            <class name="com.paytm.promotionsAutomationSuite.superCashBack.CashbackGV"></class>
            <class name="com.paytm.promotionsAutomationSuite.superCashBack.UPIEventGameCreate"></class>
            <class name="com.paytm.promotionsAutomationSuite.superCashBack.SupercashCoins"></class>
            <class name="com.paytm.promotionsAutomationSuite.superCashBack.Notification"></class>
            <class name="com.paytm.promotionsAutomationSuite.superCashBack.GlobalConditionsTest"></class>
            <class name="com.paytm.promotionsAutomationSuite.superCashBack.GameExpiryDefault"></class>
            <class name="com.paytm.promotionsAutomationSuite.superCashBack.DynamicGameExpiry"></class>
            <class name="com.paytm.promotionsAutomationSuite.superCashBack.NoFallback"></class>
            <class name="com.paytm.promotionsAutomationSuite.superCashBack.EarnedForOverrideValidation"></class>
            <class name="com.paytm.promotionsAutomationSuite.superCashBack.AutomaticBIllPayment"></class>
            <class name="com.paytm.promotionsAutomationSuite.jiraFixes.GlobalConditionsPriority"></class>
            <class name="com.paytm.promotionsAutomationSuite.superCashBack.FoodWallet.FoodWalletCondtionCheckPG"></class>
            <class name="com.paytm.promotionsAutomationSuite.superCashBack.SupercashCancellationJavaInternal"></class>
            <class name="com.paytm.promotionsAutomationSuite.superCashBack.CancellationInternal"></class>
            <class name="com.paytm.promotionsAutomationSuite.superCashBack.SupercashInternalJava.GameCreationEvent"></class>

        </classes>

    </test>
</suite>