<?xml version="1.0" encoding="UTF-8"?>
<!DOCTYPE suite SYSTEM "http://testng.org/testng-1.0.dtd">
<suite name="localisation-regression" parallel="none" data-provider-thread-count="50" allow-return-values="true">
    <parameter name="environment" value="staging"/>
    <listeners>
        <listener class-name="com.paytm.promotionsAutomationSuite.utils.PromotionsCustomReporter" />
    </listeners>
    <test name="sanityTest" parallel="none" thread-count="100">
        <classes>
            <!-- <class name="com.paytm.promotionsAutomationSuite.localisation.LangauageVerification"></class>
            <class name="com.paytm.promotionsAutomationSuite.localisation.MessageVerification"></class>
            <class name="com.paytm.promotionsAutomationSuite.localisation.VerifyJwtTokenForLocalisationService"></class>
            <class name="com.paytm.promotionsAutomationSuite.localisation.VerifyUploadAPIForLocalisation"></class> -->
            <class name="com.paytm.promotionsAutomationSuite.localisation.LocalisationListMessages"></class>
            <class name="com.paytm.promotionsAutomationSuite.localisation.CreateMessageLocalisationTest"></class>
            <class name="com.paytm.promotionsAutomationSuite.localisation.UpdateMessagesLocalisationTest"></class>
            <class name="com.paytm.promotionsAutomationSuite.localisation.ListServiceTest"></class>
            <class name="com.paytm.promotionsAutomationSuite.localisation.UpdateServiceTest"></class>
            <class name="com.paytm.promotionsAutomationSuite.appManager.GetKVHistoryTest"></class>
            <class name="com.paytm.promotionsAutomationSuite.appManager.GetKVStoreTest"></class>
            <class name="com.paytm.promotionsAutomationSuite.appManager.PostKVSheetUploadTest"></class>
            <class name="com.paytm.promotionsAutomationSuite.localisation.ListUserDataUploadTest"></class>
            <class name="com.paytm.promotionsAutomationSuite.localisation.uploadUSerDataSheetTest"></class>
            <class name="com.paytm.promotionsAutomationSuite.localisation.GetLanguagesTest"></class>
        </classes>
    </test>
</suite>