<?xml version="1.0" encoding="UTF-8"?>
<!DOCTYPE suite SYSTEM "http://testng.org/testng-1.0.dtd">
<suite name="merchantSupercashGratification-regression">
    <parameter name="environment" value="staging"/>
    <listeners>
        <listener class-name="com.paytm.promotionsAutomationSuite.utils.PromotionsCustomReporter" />
    </listeners>
    <test name="merchantGratificationTest" parallel="none">
        <classes>
            <class name="com.paytm.promotionsAutomationSuite.merchantClm.gratification.MerchantSubmitApi"></class>
            <class name="com.paytm.promotionsAutomationSuite.merchantClm.gratification.MerchantValidationApi"></class>
            <class name="com.paytm.promotionsAutomationSuite.merchantClm.gratification.MerchantNotificationApi"></class>
            <class name="com.paytm.promotionsAutomationSuite.merchantClm.gratification.MerchantGratificationWorkFlow"></class>
        </classes>

    </test>
</suite>