<?xml version="1.0" encoding="UTF-8"?>
<!DOCTYPE suite SYSTEM "http://testng.org/testng-1.0.dtd">
<suite name="mclm-regressionInternalJava">
    <parameter name="environment" value="staging"/>
    <listeners>
        <listener class-name="com.paytm.promotionsAutomationSuite.utils.PromotionsCustomReporter" />
    </listeners>
    <test name="sanityTest" parallel="none">
        <classes>
            <class name="com.paytm.promotionsAutomationSuite.superCashBack.merchantClm.DynamicGameExpiryMerchant"></class>
            <class name="com.paytm.promotionsAutomationSuite.superCashBack.merchantClm.EDCGameCreation"></class>
            <class name="com.paytm.promotionsAutomationSuite.superCashBack.merchantClm.GameCreationTest"></class>
            <class name="com.paytm.promotionsAutomationSuite.superCashBack.merchantClm.GameExpiryMerchantDefault"></class>
            <class name="com.paytm.promotionsAutomationSuite.superCashBack.merchantClm.MerchantCoins"></class>
            <class name="com.paytm.promotionsAutomationSuite.superCashBack.merchantClm.CancelAPIWorkFlowTest"></class>
            <class name="com.paytm.promotionsAutomationSuite.superCashBack.merchantClm.MultipleLinking"></class>
            <class name="com.paytm.promotionsAutomationSuite.superCashBack.merchantClm.RandomBonusInternal"></class>
            <class name="com.paytm.promotionsAutomationSuite.superCashBack.merchantClm.RandomBonusServing"></class>
            <class name="com.paytm.promotionsAutomationSuite.superCashBack.merchantClm.WalletCancelAPIWorkFlow"></class>

        </classes>
    </test>
</suite>