<?xml version="1.0" encoding="UTF-8"?>
<!DOCTYPE suite SYSTEM "http://testng.org/testng-1.0.dtd">
<suite name="mclm-regressionJava">
    <parameter name="environment" value="staging"/>
    <listeners>
        <listener class-name="com.paytm.promotionsAutomationSuite.utils.PromotionsCustomReporter" />
    </listeners>
    <test name="sanityTest" parallel="none">
        <classes>
            <class name="com.paytm.promotionsAutomationSuite.promoOperations.SetTestEnvironment"></class>
            <class name="com.paytm.promotionsAutomationSuite.superCashBack.merchantClm.MyOffersTestV2"></class>
            <class name="com.paytm.promotionsAutomationSuite.superCashBack.merchantClm.MerchantGameListV2"></class>
            <class name="com.paytm.promotionsAutomationSuite.superCashBack.merchantClm.AllNewOffersTestJava"></class>
            <class name="com.paytm.promotionsAutomationSuite.superCashBack.merchantClm.TransactionDetailsAPIJava"></class>
            <class name="com.paytm.promotionsAutomationSuite.superCashBack.merchantClm.SelectOffer"></class>
            <class name="com.paytm.promotionsAutomationSuite.superCashBack.merchantClm.ServingWithCampaignVariations"></class>
            <class name="com.paytm.promotionsAutomationSuite.superCashBack.merchantClm.Serving.CampaignGamesS2S"></class>
            <class name="com.paytm.promotionsAutomationSuite.superCashBack.merchantClm.Serving.MerchantGameDetailV2S2S"></class>
            <class name="com.paytm.promotionsAutomationSuite.superCashBack.merchantClm.Serving.SelectOffers2s"></class>
            <class name="com.paytm.promotionsAutomationSuite.superCashBack.merchantClm.Serving.ReferralAssociationS2S"></class>
            <class name="com.paytm.promotionsAutomationSuite.superCashBack.merchantClm.Serving.ReferralLinkValidityS2S"></class>
            <class name="com.paytm.promotionsAutomationSuite.superCashBack.merchantClm.Serving.ReferralTags2s"></class>
            <class name="com.paytm.promotionsAutomationSuite.superCashBack.merchantClm.LuckyDrawServingVerification"></class>
        </classes>
    </test>
</suite>