<?xml version="1.0" encoding="UTF-8"?>
<!DOCTYPE suite SYSTEM "http://testng.org/testng-1.0.dtd">
<suite name="promoTask-regression" parallel="tests" data-provider-thread-count="200">
    <parameter name="environment" value="staging"/>
    <listeners>
        <listener class-name="com.paytm.promotionsAutomationSuite.utils.PromotionsCustomReporter" />
    </listeners>
    <test name="sanityTest" parallel="tests" thread-count="200">
        <classes>
            <class name="com.paytm.promotionsAutomationSuite.promoOperations.SetTestEnvironment"></class>
            <class name="com.paytm.promotionsAutomationSuite.promoTaskUsingJava.VerifyGratificationForMlv"></class>
        </classes>
    </test>
</suite>