<!DOCTYPE suite SYSTEM "http://testng.org/testng-1.0.dtd">
<!--<suite name="promoTask-regression" >-->
<suite name="promoSupercash-regression" data-provider-thread-count="5">
    <parameter name="environment" value="staging"/>
    <listeners>
        <listener class-name="com.paytm.promotionsAutomationSuite.utils.PromotionsCustomReporter" />
    </listeners>
    <test name="sanityTest" parallel="none">
        <classes>
            <class name="com.paytm.promotionsAutomationSuite.promoOperations.SetTestEnvironment"></class>
            <class name="com.paytm.promotionsAutomationSuite.superCashBack.MultipleGratification.CashbackLandingPageAPI"></class>
        </classes>
    </test>
</suite>
