<?xml version="1.0" encoding="UTF-8"?>
<!DOCTYPE suite SYSTEM "http://testng.org/testng-1.0.dtd">
<suite name="promoSupercash-regression">
  <parameter name="environment" value="oldstaging"/>
	<listeners>
		<listener class-name="com.paytm.promotionsAutomationSuite.utils.PromotionsCustomReporter" />
	</listeners>
	<test name="sanityTest" parallel="none">
		<classes>
		   <class name="com.paytm.promotionsAutomationSuite.promoOperations.SetTestEnvironment"></class>
		    <class name="com.paytm.promotionsAutomationSuite.superCashBack.SuperCashGameCreation"></class>
		    <class name="com.paytm.promotionsAutomationSuite.superCashBack.SuperCashGameCreationV2"></class>
		    <class name="com.paytm.promotionsAutomationSuite.superCashBack.SuperCashV1APIs"></class>
		    <class name="com.paytm.promotionsAutomationSuite.superCashBack.SuperCashV1PostAPIs"></class>
			<class name="com.paytm.promotionsAutomationSuite.superCashBack.SuperCashV2PostAPIsTestCases"></class>
			<class name="com.paytm.promotionsAutomationSuite.superCashBack.SuperCashV3GetAPIsTestCases"></class>
		</classes>
	</test>
</suite>