<?xml version="1.0" encoding="UTF-8"?>
<!DOCTYPE suite SYSTEM "http://testng.org/testng-1.0.dtd">
<suite name="promoGame-regression" parallel="none" data-provider-thread-count="50">
    <parameter name="environment" value="staging"/>
    <listeners>
        <listener class-name="com.paytm.promotionsAutomationSuite.utils.PromotionsCustomReporter" />
<!--        <listener class-name="com.paytm.promotionsAutomationSuite.utils.report.listerner.ExtentIReporterSuiteClassListenerAdapter" />-->
    </listeners>
    <test name="sanityTest" parallel="none" thread-count="100">
        <classes>
            <class name="com.paytm.promotionsAutomationSuite.orchard.GameControllerTest"></class>
            <class name="com.paytm.promotionsAutomationSuite.orchard.GameResourcesControllerTest"></class>
            <class name="com.paytm.promotionsAutomationSuite.orchard.OrchardBasicServerTest"></class>
            <class name="com.paytm.promotionsAutomationSuite.orchard.TransferFundApiTest"></class>
            <class name="com.paytm.promotionsAutomationSuite.orchard.TutorialControllerTest"></class>
            <class name="com.paytm.promotionsAutomationSuite.orchard.OrchardGameCreation"></class>
            <class name="com.paytm.promotionsAutomationSuite.orchard.OrchardWorkFlows"></class>
            <class name="com.paytm.promotionsAutomationSuite.orchard.GetEnvelopeDetailsTest"></class>
            <class name="com.paytm.promotionsAutomationSuite.orchard.PostClaimEnvelopeTest"></class>
            <class name="com.paytm.promotionsAutomationSuite.orchard.PostCreateFatEnvelopeTest"></class>
            <class name="com.paytm.promotionsAutomationSuite.orchard.PostShareEnvelopeTest"></class>
            <class name="com.paytm.promotionsAutomationSuite.orchard.GetCheckInDetailsTest"></class>
            <class name="com.paytm.promotionsAutomationSuite.orchard.GetSpinDetailsTest"></class>
            <class name="com.paytm.promotionsAutomationSuite.orchard.UrlShortnerTestForDeepLink"></class>
<!--            <class name="com.paytm.promotionsAutomationSuite.orchard.CstApiValidation"></class>-->

        </classes>
    </test>
</suite>