<?xml version="1.0" encoding="UTF-8"?>
<!DOCTYPE suite SYSTEM "http://testng.org/testng-1.0.dtd">
<suite name="promoTask-regression" data-provider-thread-count="7">
    <parameter name="environment" value="staging"/>
    <listeners>
        <listener class-name="com.paytm.promotionsAutomationSuite.utils.PromotionsCustomReporter" />
    </listeners>
    <test name="sanityTest" parallel="methods" thread-count="8">
        <classes>
            <class name="com.paytm.promotionsAutomationSuite.promoTask.OrderProcessingFromGratification"></class>
            <class name="com.paytm.promotionsAutomationSuite.promoTask.ValidateTask"></class>

        </classes>

    </test>
</suite>