<?xml version="1.0" encoding="UTF-8"?>
<!DOCTYPE suite SYSTEM "http://testng.org/testng-1.0.dtd">
<suite name="paytmFirst-regression">
	<parameter name="environment" value="staging" />
	<listeners>
		<listener class-name="com.paytm.promotionsAutomationSuite.utils.PromotionsCustomReporter" />
		<listener class-name="com.paytm.promotionsAutomationSuite.utils.report.listerner.ExtentIReporterSuiteClassListenerAdapter" />
	</listeners>
	<test name="RegressionTest" parallel="none">
		<classes>
			<class name="com.paytm.promotionsAutomationSuite.paytmFirstApis.ValidateCreateFirstOffer"></class>
			<class name="com.paytm.promotionsAutomationSuite.paytmFirstApis.ValidateEditFirstOffers"></class>
			<class name="com.paytm.promotionsAutomationSuite.paytmFirstApis.ValidateFirstOfferDetails"></class>
			<class name="com.paytm.promotionsAutomationSuite.paytmFirstApis.ValidateCreateFirstPartner"></class>
			<class name="com.paytm.promotionsAutomationSuite.paytmFirstApis.ValidateEditFirstPartner"></class>
			<class name="com.paytm.promotionsAutomationSuite.paytmFirstApis.ValidateFirstPartnerDetails"></class>
			<class name="com.paytm.promotionsAutomationSuite.paytmFirstApis.ValidateCreateFirstPlan"></class>
			<class name="com.paytm.promotionsAutomationSuite.paytmFirstApis.ValidateEditFirstPlan"></class>
			<class name="com.paytm.promotionsAutomationSuite.paytmFirstApis.ValidateFirstPlanDetails"></class>
			<class name="com.paytm.promotionsAutomationSuite.paytmFirstApis.ValidateCreateOfferCategory"></class>
			<class name="com.paytm.promotionsAutomationSuite.paytmFirstApis.ValidateEditOfferCategory"></class>
			<class name="com.paytm.promotionsAutomationSuite.paytmFirstApis.ValidateOfferCategoryDetails"></class>
			<class name="com.paytm.promotionsAutomationSuite.paytmFirstApis.ValidateCustomerOrderDetails"></class>
			<class name="com.paytm.promotionsAutomationSuite.paytmFirstApis.ValidateFirstPlanOffersDetails"></class>
			<class name="com.paytm.promotionsAutomationSuite.paytmFirstApis.ValidateEditFirstPlanOffers"></class>
			<class name="com.paytm.promotionsAutomationSuite.paytmFirstApis.ValidateCreateGroups"></class>
			<class name="com.paytm.promotionsAutomationSuite.paytmFirstApis.ValidateUpdateGroup"></class>
			<class name="com.paytm.promotionsAutomationSuite.paytmFirstApis.ValidateGetGroup"></class>
			<class name="com.paytm.promotionsAutomationSuite.paytmFirstApis.ValidateDeleteGroup"></class>
			<class name="com.paytm.promotionsAutomationSuite.paytmFirstApis.ValidateOrderDetails"></class>
			<class name="com.paytm.promotionsAutomationSuite.paytmFirstApis.ValidateCustomerOrderDetails"></class>
			<class name="com.paytm.promotionsAutomationSuite.paytmFirstApis.ValidateGetSubsPlanMapping"></class>
			<class name="com.paytm.promotionsAutomationSuite.paytmFirstApis.ValidateCreateSubsPlanMapping"></class>
			<class name="com.paytm.promotionsAutomationSuite.paytmFirstApis.ValidateEditSubscriptionPlanMapping"></class>
			<class name="com.paytm.promotionsAutomationSuite.paytmFirstApis.ValidateUpdatePromoCodeExpiry"></class>
			<class name="com.paytm.promotionsAutomationSuite.paytmFirstApis.ValidateDeletePromoCode"></class>
			<class name="com.paytm.promotionsAutomationSuite.paytmFirstApis.ValidateAddUploadPromocode"></class>
			<class name="com.paytm.promotionsAutomationSuite.paytmFirstApis.ValidateListAndDetailPromoCode"></class>
			<class name="com.paytm.promotionsAutomationSuite.paytmFirstApis.ValidateListWhitelistingPanel"></class>
			<class name="com.paytm.promotionsAutomationSuite.paytmFirstApis.ValidateGetWhiteListedUsers"></class>
			<class name="com.paytm.promotionsAutomationSuite.paytmFirstApis.ValidateBulkUpdateWhitelistedUsers"></class>
			<class name="com.paytm.promotionsAutomationSuite.paytmFirstApis.ValidateWhitelistingSheetUploader"></class>
			<class name="com.paytm.promotionsAutomationSuite.paytmFirstApis.ValidateHealth"></class>
		</classes>
	</test>
</suite>