<?xml version="1.0" encoding="UTF-8"?>
<!DOCTYPE suite SYSTEM "http://testng.org/testng-1.0.dtd">
<suite name="paytmCricketLeague">
    <parameter name="environment" value="staging"/>
    <listeners>
        <listener class-name="com.paytm.promotionsAutomationSuite.utils.PromotionsCustomReporter"/>
    </listeners>
    <test name="sanityTest" parallel="methods" thread-count="3">
        <classes>
            <class name="com.paytm.promotionsAutomationSuite.superCashBack.PCLGames.PCLCreateGame"></class>
            <class name="com.paytm.promotionsAutomationSuite.superCashBack.PCLGames.PCLCurrency"></class>
            <class name="com.paytm.promotionsAutomationSuite.superCashBack.PCLGames.PCLEntireFlowTest"></class>
            <class name="com.paytm.promotionsAutomationSuite.superCashBack.PCLGames.PCLOfferTag"></class>
            <class name="com.paytm.promotionsAutomationSuite.superCashBack.PCLGames.PCLServing"></class>
            <class name="com.paytm.promotionsAutomationSuite.superCashBack.PCLGames.PCLStepUp"></class>

        </classes>

    </test>
</suite>