<?xml version="1.0" encoding="UTF-8"?>
<!DOCTYPE suite SYSTEM "http://testng.org/testng-1.0.dtd">
<suite name="promotions-promopctask-regression">
    <parameter name="environment" value="staging"/>
    <listeners>
        <listener class-name="com.paytm.promotionsAutomationSuite.utils.PromotionsCustomReporter" />
    </listeners>
    <test name="sanityTest" parallel="none">
        <classes>
            <class name="com.paytm.promotionsAutomationSuite.gratification.CrosspromoAndDealsGratification"></class>
            <class name="com.paytm.promotionsAutomationSuite.gratification.GoldbackGratification"></class>
        </classes>

    </test>
</suite>