<?xml version="1.0" encoding="UTF-8"?>
<!DOCTYPE suite SYSTEM "http://testng.org/testng-1.0.dtd">
<suite name="promoAdmin-PgmidUpload-regression">
    <parameter name="environment" value="dev1"/>
    <listeners>
        <listener class-name="com.paytm.promotionsAutomationSuite.utils.PromotionsCustomReporter" />
    </listeners>
    <test name="sanityTest" parallel="none">
        <classes>
            <class name="com.paytm.promotionsAutomationSuite.admin.BankOfferPgmidBulkUpload"></class>
            <class name="com.paytm.promotionsAutomationSuite.admin.EmiPgmidBulkUpload"></class>
        </classes>
    </test>
</suite>