<?xml version="1.0" encoding="UTF-8"?>
<!DOCTYPE suite SYSTEM "http://testng.org/testng-1.0.dtd">
<suite name="promoFirst-regression" allow-return-values="true">
    <parameter name="environment" value="staging"/>
    <listeners>
        <listener class-name="com.paytm.promotionsAutomationSuite.utils.PromotionsCustomReporter" />
    </listeners>
    <test name="regressionTest" parallel="none">
        <classes>
            <class name="com.paytm.promotionsAutomationSuite.prime.PrimePrimeVerifyTest"></class>
            <class name="com.paytm.promotionsAutomationSuite.prime.WhitelistingUserTest"></class>
            <class name="com.paytm.promotionsAutomationSuite.prime.PrimeV2OffersTest"></class>
            <class name="com.paytm.promotionsAutomationSuite.prime.ComparePlanTest"></class>
            <class name="com.paytm.promotionsAutomationSuite.prime.ComparePlanTest"></class>
            <class name="com.paytm.promotionsAutomationSuite.prime.PrimeValidation"></class>
            <class name="com.paytm.promotionsAutomationSuite.prime.PostCheckout"></class>
            <class name="com.paytm.promotionsAutomationSuite.prime.PostCheckoutWithSubs"></class>
            <class name="com.paytm.promotionsAutomationSuite.prime.ManualRenewal"></class>
            <class name="com.paytm.promotionsAutomationSuite.prime.ManualSubscription"></class>
            <class name="com.paytm.promotionsAutomationSuite.prime.PrimePaymentMethodChange"></class>
            <class name="com.paytm.promotionsAutomationSuite.prime.ManualRenewalWithSubscription"></class>
            <class name="com.paytm.promotionsAutomationSuite.prime.PrimeProfileApiTest"></class>
            <class name="com.paytm.promotionsAutomationSuite.prime.GetPlansTest"></class>
            <class name="com.paytm.promotionsAutomationSuite.prime.GetPlansForPromocodeTest"></class>
            <class name="com.paytm.promotionsAutomationSuite.prime.PrimeValidateTest"></class>
            <class name="com.paytm.promotionsAutomationSuite.prime.EventNotificationTest"></class>
            <class name="com.paytm.promotionsAutomationSuite.prime.NotifyFailureTest"></class>
            <class name="com.paytm.promotionsAutomationSuite.prime.PartnerOffersTest"></class>
            <class name="com.paytm.promotionsAutomationSuite.prime.Renew"></class>
            <class name="com.paytm.promotionsAutomationSuite.prime.CancelSubscription"></class>
            <class name="com.paytm.promotionsAutomationSuite.prime.HealthCheckTest"></class>
            <!--<class name="com.paytm.promotionsAutomationSuite.prime.Renew"></class>-->
        </classes>
    </test>
</suite>

