<?xml version="1.0" encoding="UTF-8"?>
<!DOCTYPE suite SYSTEM "http://testng.org/testng-1.0.dtd">
<suite name="promoapi-Regression" parallel="true" data-provider-thread-count="50">
    <parameter name="environment" value="staging"/>
    <listeners>
        <listener class-name="com.paytm.promotionsAutomationSuite.utils.PromotionsCustomReporter" />
    </listeners>
    <test name="sanityTest" parallel="none" thread-count="20">
        <classes>

            <class name="com.paytm.promotionsAutomationSuite.PromoApi.ScratchcardRedemptionDetailsGet"></class>
            <class name="com.paytm.promotionsAutomationSuite.PromoApi.ScratchcardSummaryGet"></class>
            <class name="com.paytm.promotionsAutomationSuite.PromoApi.V3PostPromocodeUsage"></class>
            <class name="com.paytm.promotionsAutomationSuite.PromoApi.V1PromoApiUsage"></class>
            <class name="com.paytm.promotionsAutomationSuite.PromoApi.ValidateFactaData"></class>
<!--            Commenting this due to fraud and retailer task,will uncomment once that is master merged-->
<!--            <class name="com.paytm.promotionsAutomationSuite.PromoApi.promoApiFacts"></class>-->

        </classes>
    </test>
</suite>