<?xml version="1.0" encoding="UTF-8"?>
<!DOCTYPE suite SYSTEM "http://testng.org/testng-1.0.dtd">
<suite name="promoTask-regression" parallel="tests" data-provider-thread-count="200">
    <parameter name="environment" value="staging"/>
    <listeners>
        <listener class-name="com.paytm.promotionsAutomationSuite.utils.PromotionsCustomReporter" />
    </listeners>
    <test name="sanityTest" parallel="tests" thread-count="200">
        <classes>
            <class name="com.paytm.promotionsAutomationSuite.promoOperations.SetTestEnvironment"></class>
            <class name="com.paytm.promotionsAutomationSuite.promoTaskUsingJava.VerifyGratificationFromRedemptionEngineService"></class>
            <class name="com.paytm.promotionsAutomationSuite.promoTaskUsingJava.VerifyGratificationOfUPIFromRedemptionEngine"></class>
            <class name="com.paytm.promotionsAutomationSuite.promoTaskUsingJava.VerifyGratificationOfGV"></class>
            <class name="com.paytm.promotionsAutomationSuite.promoTask.OrdersWithoutPostAction"></class>
            <class name="com.paytm.promotionsAutomationSuite.promoTask.OrderProcessingOfUpiFromGratificationSystem"></class>
            <class name="com.paytm.promotionsAutomationSuite.promoTask.OrderProcessingForCrossPromo"></class>
            <class name="com.paytm.promotionsAutomationSuite.promoTask.OrderProcessingForAddMoneyCases"></class>
            <class name="com.paytm.promotionsAutomationSuite.promoTaskUsingJava.Siteid32orderprocessing"></class>
            <class name="com.paytm.promotionsAutomationSuite.promoTaskUsingJava.UpiNoFallbackGratificationThroughJava"></class>
            <class name="com.paytm.promotionsAutomationSuite.promoTaskUsingJava.RedemptionEngineCornerCases"></class>
            <class name="com.paytm.promotionsAutomationSuite.promoTaskUsingJava.VerifyGratificationForMlv"></class>
            <class name="com.paytm.promotionsAutomationSuite.promoTaskUsingJava.VerifyGratificationForPaytmPoints"></class>
            <class name="com.paytm.promotionsAutomationSuite.promoTaskUsingJava.PromoPgOrderProcessingThroughGratification"></class>
            <class name="com.paytm.promotionsAutomationSuite.promoTaskUsingJava.NegativeCases"></class>
        </classes>
    </test>
</suite>