<?xml version="1.0" encoding="UTF-8"?>
<!DOCTYPE suite SYSTEM "http://testng.org/testng-1.0.dtd">
<suite name="promoSupercash-regression">
    <parameter name="environment" value="staging"/>
    <listeners>
<!--        <listener class-name="com.paytm.promotionsAutomationSuite.utils.PromotionsCustomReporter" />-->
<!--        <listener class-name="com.example.MyListener" />-->
        <listener class-name="com.paytm.promotionsAutomationSuite.utils.PromotionsCustomReporter" />
    </listeners>
    <test name="sanityTest" parallel="true" thread-count="5">
        <classes>
            <class name="com.paytm.promotionsAutomationSuite.promoOperations.SetTestEnvironment"></class>
            <class name="com.paytm.promotionsAutomationSuite.superCashBack.SuperCashGameCreation"></class>
            <class name="com.paytm.promotionsAutomationSuite.superCashBack.SuperCashGameCreationV2"></class>
            <class name="com.paytm.promotionsAutomationSuite.superCashBack.SuperCashV1APIs"></class>
            <class name="com.paytm.promotionsAutomationSuite.superCashBack.SuperCashV1PostAPIs"></class>
            <class name="com.paytm.promotionsAutomationSuite.superCashBack.SuperCashV2GetAPIsTestCases"></class>
            <class name="com.paytm.promotionsAutomationSuite.superCashBack.SuperCashV2PostAPIsTestCases"></class>
            <class name="com.paytm.promotionsAutomationSuite.superCashBack.SuperCashGameCreationV3"></class>
            <class name="com.paytm.promotionsAutomationSuite.superCashBack.SuperCashV3PostAPIsTestCases"></class>
            <class name="com.paytm.promotionsAutomationSuite.superCashBack.SuperCashV3GetAPIsTestCases"></class>
            <class name="com.paytm.promotionsAutomationSuite.superCashBack.SuperCashV3MerchantSegmentationThroughEngage"></class>
            <class name="com.paytm.promotionsAutomationSuite.jiraFixes.GlobalConditionsPriority"></class>
            <class name="com.paytm.promotionsAutomationSuite.supercashWorkflows.multistage.reject.SuperCashWorkFlowsDealOnFirstAndLastStage"></class>
            <class name="com.paytm.promotionsAutomationSuite.supercashWorkflows.multistage.reject.SuperCashWorkFlowsNonKYCFallbackGoldback"></class>
            <class name="com.paytm.promotionsAutomationSuite.supercashWorkflows.multistage.accept.SupercashWorkflowsAcceptAutoActivateCrosspromo"></class>
            <class name="com.paytm.promotionsAutomationSuite.supercashWorkflows.multistage.reject.SuperCashWorkFlowsV3GoldbackReject"></class>
            <class name="com.paytm.promotionsAutomationSuite.supercashWorkflows.nonmultistage.WorkFlowsNonMultistageDeals"></class>
            <class name="com.paytm.promotionsAutomationSuite.supercashWorkflows.multistage.accept.SupercashWorkflowsAcceptAutoActivateDeal"></class>
            <class name="com.paytm.promotionsAutomationSuite.gratification.CrosspromoAndDealsGratification"></class>
            <class name="com.paytm.promotionsAutomationSuite.supercashWorkflows.nonmultistage.WorkFlowsNonMultistageGoldback"></class>
            <class name ="com.paytm.promotionsAutomationSuite.supercashWorkflows.nonmultistage.WorkFlowsNonMultistageCrossPromo"></class>
            <class name="com.paytm.promotionsAutomationSuite.conditionsCoverage.SuperCashConditionsCheck"></class>
            <class name="com.paytm.promotionsAutomationSuite.supercashWorkflows.nonmultistage.WorkFlowsNonMultistageUPI"></class>
            <class name="com.paytm.promotionsAutomationSuite.jiraFixes.PercentageHandlingCasesSupercashback"></class>
        </classes>

    </test>
</suite>