<?xml version="1.0" encoding="UTF-8"?>
<!DOCTYPE suite SYSTEM "http://testng.org/testng-1.0.dtd">
<suite name="supercashScratchCard-regression" parallel="true" data-provider-thread-count="100">
    <parameter name="environment" value="dev1"/>
    <listeners>
        <listener class-name="com.paytm.promotionsAutomationSuite.utils.PromotionsCustomReporter" />
    </listeners>
    <test name="sanityTest" parallel="methods" thread-count="100">
        <classes>
            <class name="com.paytm.promotionsAutomationSuite.promoOperations.SetTestEnvironment"></class>
            <class name="com.paytm.promotionsAutomationSuite.superCashBack.scratchCard.ScratchCardInternal"></class>
            <class name="com.paytm.promotionsAutomationSuite.superCashBack.scratchCard.ScratchCardValidations"></class>
            <class name="com.paytm.promotionsAutomationSuite.superCashBack.scratchCard.ScratchCardServing"></class>
            <class name="com.paytm.promotionsAutomationSuite.superCashBack.spinTheWheel.SpinTheWheelFlow"></class>
            <class name="com.paytm.promotionsAutomationSuite.superCashBack.scratchCard.ScratchCardSharding"></class>
            <class name="com.paytm.promotionsAutomationSuite.superCashBack.scratchCard.ScratchCardServingDealVerification"></class>
        </classes>
    </test>
</suite>
