<?xml version="1.0" encoding="UTF-8"?>
<!DOCTYPE suite SYSTEM "http://testng.org/testng-1.0.dtd">
<suite name="sellerPanel-regression" parallel="true" data-provider-thread-count="50">
    <parameter name="environment" value="staging"/>
    <listeners>
        <listener class-name="com.paytm.promotionsAutomationSuite.utils.PromotionsCustomReporter" />
    </listeners>
    <test name="sanityTest" parallel="none" thread-count="20">
        <classes>

            <class name="com.paytm.promotionsAutomationSuite.promoOperations.SetTestEnvironment"></class>
            <class name="com.paytm.promotionsAutomationSuite.sellerPanel.VerifyCreationOfDifferentCampaigns"></class>
            <class name="com.paytm.promotionsAutomationSuite.sellerPanel.ValidateCSTPanel"></class>
            <class name="com.paytm.promotionsAutomationSuite.sellerPanel.ResellerCampaignCreation"></class>
            <class name="com.paytm.promotionsAutomationSuite.sellerPanel.ValidateCampaignCreationByExcel"></class>
            <class name="com.paytm.promotionsAutomationSuite.sellerPanel.ValidateCampaignDBandES"></class>
            <class name="com.paytm.promotionsAutomationSuite.promoOperations.AddBonusApiTest"></class>
            <class name="com.paytm.promotionsAutomationSuite.sellerPanel.CreateMapTest"></class>
            <class name="com.paytm.promotionsAutomationSuite.sellerPanel.FetchMapTest"></class>
            <class name="com.paytm.promotionsAutomationSuite.sellerPanel.RedemptionMapsTest"></class>
            <class name="com.paytm.promotionsAutomationSuite.sellerPanel.FetchRedemptionMapTest"></class>
            <class name="com.paytm.promotionsAutomationSuite.sellerPanel.EditRedemptionMapTest"></class>
            <class name="com.paytm.promotionsAutomationSuite.sellerPanel.BurnCaseVerification"></class>
            <class name="com.paytm.promotionsAutomationSuite.sellerPanel.BurnCaseVerificationforONUS"></class>
            <class name="com.paytm.promotionsAutomationSuite.sellerPanel.ValidateMandatoryConditionsForCampaign"></class>
            <class name="com.paytm.promotionsAutomationSuite.sellerPanel.CSTAPIVerification"></class>
            <class name="com.paytm.promotionsAutomationSuite.sellerPanel.ByCodeApiValidation"></class>

            <class name="com.paytm.promotionsAutomationSuite.admin.EmiTypeCampaignCreation"></class>
            <class name="com.paytm.promotionsAutomationSuite.admin.EMIPlansConditionsDeltaUploadNegativeCases"></class>
            <class name="com.paytm.promotionsAutomationSuite.admin.EmiPlansConditionsDeltaUpload"></class>
            <class name="com.paytm.promotionsAutomationSuite.admin.PgCampaignPromoMapUploadBin"></class>

            <class name="com.paytm.promotionsAutomationSuite.admin.GlobalCampaignCreation"></class>


        </classes>
    </test>
</suite>