<?xml version="1.0" encoding="UTF-8"?>
<!DOCTYPE suite SYSTEM "http://testng.org/testng-1.0.dtd">
<suite name="promoLookup-regression">
	<parameter name="environment" value="staging"/>
	<listeners>
		<listener class-name="com.paytm.promotionsAutomationSuite.utils.PromotionsCustomReporter" />
	</listeners>
	<test name="sanityTest" parallel="none">
		<classes>
			<class name="com.paytm.promotionsAutomationSuite.promoOperations.SetTestEnvironment"></class>
			<class name="com.paytm.promotionsAutomationSuite.promolookup.ListPromoSearchOffers"></class>
			<!--				<class name="com.paytm.promotionsAutomationSuite.promolookup.PromoGridTest"></class>-->
			<class name="com.paytm.promotionsAutomationSuite.promolookup.PromoGridBulkTest"></class>
			<class name="com.paytm.promotionsAutomationSuite.promolookup.PromoPdpTncTest"></class>
			<class name="com.paytm.promotionsAutomationSuite.promolookup.V1promosearch"></class>
			<class name="com.paytm.promotionsAutomationSuite.promolookup.MyVoucherFacetTest"></class>
			<class name="com.paytm.promotionsAutomationSuite.promolookup.MyVoucherListTest"></class>
			<class name="com.paytm.promotionsAutomationSuite.promolookup.MyVoucherDetailTest"></class>
			<class name="com.paytm.promotionsAutomationSuite.promolookup.V2promosearch"></class>
			<class name="com.paytm.promotionsAutomationSuite.promolookup.PromoGrid"></class>
			<class name="com.paytm.promotionsAutomationSuite.promolookup.V2PromoGrid"></class>
<!--deprecated api so commenting this<class name="com.paytm.promotionsAutomationSuite.promolookup.payment.PaymentOffersTest"></class>-->
			<class name="com.paytm.promotionsAutomationSuite.promolookup.payment.V2Paymentpromosearch"></class>
			<class name="com.paytm.promotionsAutomationSuite.promolookup.PromoBulkPDPV2Test"></class>
			<class name="com.paytm.promotionsAutomationSuite.promolookup.PromosearchTableVerification"></class>
			<class name="com.paytm.promotionsAutomationSuite.promolookup.dealVoucher.ValidFromUptoCasesInDealVoucher"></class>
			<class name="com.paytm.promotionsAutomationSuite.promolookup.PromoGridTest"></class>
<!--			<class name="com.paytm.promotionsAutomationSuite.promolookup.V2BulkPromosearch"></class>-->
			<class name="com.paytm.promotionsAutomationSuite.promolookup.TncTest"></class>
		</classes>
	</test>
</suite>