<?xml version="1.0" encoding="UTF-8"?>
<!DOCTYPE suite SYSTEM "http://testng.org/testng-1.0.dtd">
<suite name="urlShortner-regression">
    <parameter name="environment" value="staging"/>
    <listeners>
        <listener class-name="com.paytm.promotionsAutomationSuite.utils.PromotionsCustomReporter" />
    </listeners>
    <test name="sanityTest" parallel="methods" thread-count="1">
        <classes>
            <class name="com.paytm.promotionsAutomationSuite.urlShortner.UrlShortnerAuthTest"></class>
            <class name="com.paytm.promotionsAutomationSuite.urlShortner.UrlShortnerAuthTestWithJwtToken"></class>
            <class name="com.paytm.promotionsAutomationSuite.urlShortner.UrlShortnerTest"></class>
            <class name="com.paytm.promotionsAutomationSuite.urlShortner.UrlShortnerTestWithLargeRequest"></class>
        </classes>
    </test>
</suite>