<?xml version="1.0" encoding="UTF-8"?>
<!DOCTYPE suite SYSTEM "http://testng.org/testng-1.0.dtd">
<!--<suite name="promoTask-regression" >-->
<suite name="paymentValidate-regression" data-provider-thread-count="5">
    <parameter name="environment" value="staging"/>
    <listeners>
        <listener class-name="com.paytm.promotionsAutomationSuite.utils.PromotionsCustomReporter" />
    </listeners>
    <test name="sanityTest" parallel="none">
        <classes>
            <class name="com.paytm.promotionsAutomationSuite.promoOperations.SetTestEnvironment"></class>
            <class name="com.paytm.promotionsAutomationSuite.promovalidate.payment.V2Checkout"></class>
            <class name="com.paytm.promotionsAutomationSuite.promovalidate.payment.V2ApplyPromo"></class>
            <class name="com.paytm.promotionsAutomationSuite.promovalidate.payment.V2BulkApplyPromoApi"></class>
            <class name="com.paytm.promotionsAutomationSuite.promovalidate.payment.ValidateDB"></class>
            <class name="com.paytm.promotionsAutomationSuite.promovalidate.payment.V2DynamicConditions"></class>
            <class name="com.paytm.promotionsAutomationSuite.promovalidate.payment.HealthPingCheckup"></class>
            <class name="com.paytm.promotionsAutomationSuite.promovalidate.payment.PaymentPromoApiErrorCodes"></class>
            <class name="com.paytm.promotionsAutomationSuite.promovalidate.payment.PaymentPromoApiErrorCodes"></class>
            <class name="com.paytm.promotionsAutomationSuite.promovalidate.payment.CapRecalculationConditionEnum"></class>
            <class name="com.paytm.promotionsAutomationSuite.promovalidate.payment.v2TransactionAPI"></class>
            <class name="com.paytm.promotionsAutomationSuite.promovalidate.payment.v1PaymentAddBonusAPI"></class>
            <class name="com.paytm.promotionsAutomationSuite.promovalidate.payment.redemptionAddBonus.AddBonusUpdateAPITest"></class>
            <class name="com.paytm.promotionsAutomationSuite.promovalidate.payment.redemptionAddBonus.GetAPIAddBonusTEST"></class>
            <class name="com.paytm.promotionsAutomationSuite.promovalidate.payment.redemptionAddBonus.GetAPIAddBonusCountNoOfTerminatedRowsTEST"></class>
            <class name="com.paytm.promotionsAutomationSuite.promovalidate.payment.redemptionAddBonus.GetAPIAddBonusByBulUploadIdTEST"></class>
            <class name="com.paytm.promotionsAutomationSuite.promovalidate.payment.redemptionAddBonus.AddBonusUpdateRowStatusAPITest"></class>
            <class name="com.paytm.promotionsAutomationSuite.promovalidate.payment.redemption.GetAPITEST"></class>
            <class name="com.paytm.promotionsAutomationSuite.promovalidate.payment.redemption.GetBulkRedemptionAPI"></class>
            <class name="com.paytm.promotionsAutomationSuite.promovalidate.payment.redemption.GetByOrderIdClientIdAPI"></class>
            <class name="com.paytm.promotionsAutomationSuite.promovalidate.payment.redemption.UpdateAPITest"></class>
            <class name="com.paytm.promotionsAutomationSuite.promovalidate.payment.ReinstateAPI"></class>
            <class name="com.paytm.promotionsAutomationSuite.promovalidate.payment.PaymentCampaignCountTest"></class>
            <class name="com.paytm.promotionsAutomationSuite.promovalidate.payment.FactsApi"></class>
        </classes>
    </test>
</suite>