<?xml version="1.0" encoding="UTF-8"?>

<suite name="collectible-Regression" parallel="true" data-provider-thread-count="20">>
    <parameter name="environment" value="staging"/>
    <listeners>
        <listener class-name="com.paytm.promotionsAutomationSuite.utils.PromotionsCustomReporter" />
    </listeners>
    <test name="sanityTest" parallel="methods" thread-count="20">
        <classes>
            <class name="com.paytm.promotionsAutomationSuite.promoOperations.SetTestEnvironment"></class>
            <class name="com.paytm.promotionsAutomationSuite.superCashBack.Collectibles.ValidateCreditCollectibles"></class>
            <class name="com.paytm.promotionsAutomationSuite.superCashBack.Collectibles.ValidateGroupCollectibles"></class>
            <class name="com.paytm.promotionsAutomationSuite.superCashBack.Collectibles.ValidateUserCollectiblesTag"></class>
            <class name="com.paytm.promotionsAutomationSuite.superCashBack.Collectibles.ValidateCreateGame"></class>
            <class name="com.paytm.promotionsAutomationSuite.superCashBack.Collectibles.ValidateCreateGiftAndClaim"></class>
            <class name="com.paytm.promotionsAutomationSuite.superCashBack.Collectibles.ValidateLeaderBoard"></class>
            <class name="com.paytm.promotionsAutomationSuite.superCashBack.Collectibles.validateHeaderInfo"></class>
            <class name="com.paytm.promotionsAutomationSuite.superCashBack.Collectibles.ValidateUserCollectibles"></class>
            <class name="com.paytm.promotionsAutomationSuite.superCashBack.Collectibles.CollectiblePayeeValidation"></class>
            <class name="com.paytm.promotionsAutomationSuite.superCashBack.cst.Collectibles"></class>
            <class name="com.paytm.promotionsAutomationSuite.superCashBack.Referral.CreateAssociation"></class>
            <class name="com.paytm.promotionsAutomationSuite.superCashBack.Referral.GenerateLink"></class>
            <class name="com.paytm.promotionsAutomationSuite.superCashBack.Referral.CstReferralGroup"></class>
            <class name="com.paytm.promotionsAutomationSuite.superCashBack.Referral.HealthCheckupApi"></class>
            <class name="com.paytm.promotionsAutomationSuite.superCashBack.Referral.MultiRefereeSegmentPG"></class>
            <class name="com.paytm.promotionsAutomationSuite.superCashBack.Referral.MultiRefereeSegmentUPI"></class>
            <class name="com.paytm.promotionsAutomationSuite.superCashBack.Referral.SendFlagsForFilteringContacts"></class>
            <class name="com.paytm.promotionsAutomationSuite.superCashBack.Referral.ValidateReferralSupercashAPIs"></class>
            <class name="com.paytm.promotionsAutomationSuite.superCashBack.Referral.ValidateAssociation"></class>
            <class name="com.paytm.promotionsAutomationSuite.superCashBack.Collectibles.ValidateMatch"></class>
            <class name="com.paytm.promotionsAutomationSuite.superCashBack.Referral.InternalAssociationService"></class>

        </classes>
    </test>
</suite>