<?xml version="1.0" encoding="UTF-8"?>
<!DOCTYPE suite SYSTEM "http://testng.org/testng-1.0.dtd">
<suite name="promoSupercash-regression">
    <parameter name="environment" value="staging"/>
    <listeners>
        <listener class-name="com.paytm.promotionsAutomationSuite.utils.PromotionsCustomReporter" />
    </listeners>
    <test name="sanityTest" parallel="none">
        <classes>
            <class name="com.paytm.promotionsAutomationSuite.promoOperations.SetTestEnvironment"></class>
<!--            <class name="com.paytm.promotionsAutomationSuite.superCashBack.SuperCashGameCreationV3"></class>-->
<!--            <class name="com.paytm.promotionsAutomationSuite.superCashBack.SuperCashV3PostAPIsTestCases"></class>-->
<!--            <class name="com.paytm.promotionsAutomationSuite.superCashBack.SuperCashV3GetAPIsTestCases"></class>-->
            <class name="com.paytm.promotionsAutomationSuite.superCashBack.SuperCashV3MerchantSegmentationThroughEngage"></class>
            <class name="com.paytm.promotionsAutomationSuite.jiraFixes.GlobalConditionsPriority"></class>
            <class name="com.paytm.promotionsAutomationSuite.jiraFixes.PercentageHandlingCasesSupercashback"></class>
            <class name="com.paytm.promotionsAutomationSuite.superCashBack.RandomBonus"></class>
            <class name="com.paytm.promotionsAutomationSuite.jiraFixes.GlobalConditionsPriority"></class>
            <class name="com.paytm.promotionsAutomationSuite.conditionsCoverage.SuperCashConditionsCheck"></class>
            <class name="com.paytm.promotionsAutomationSuite.jiraFixes.PercentageHandlingCasesSupercashback"></class>
            <class name="com.paytm.promotionsAutomationSuite.superCashBack.RandomBonus"></class>
            <class name="com.paytm.promotionsAutomationSuite.superCashBack.CancellationInternal"></class>
            <class name="com.paytm.promotionsAutomationSuite.superCashBack.SupercashGameCreationDBVerification"></class>
            <class name="com.paytm.promotionsAutomationSuite.superCashBack.EDCTestCases"></class>
            <class name="com.paytm.promotionsAutomationSuite.superCashBack.nequal1.NequalOneCases"></class>
            <class name="com.paytm.promotionsAutomationSuite.superCashBack.spinTheWheel.SpinTheWheelFlow"></class>
            <class name="com.paytm.promotionsAutomationSuite.superCashBack.CashbackGV"></class>
            <class name="com.paytm.promotionsAutomationSuite.superCashBack.UPIEventGameCreate"></class>
            <class name="com.paytm.promotionsAutomationSuite.superCashBack.SupercashCoins"></class>
            <class name="com.paytm.promotionsAutomationSuite.superCashBack.Notification"></class>
            <class name="com.paytm.promotionsAutomationSuite.superCashBack.GlobalConditionsTest"></class>
            <class name="com.paytm.promotionsAutomationSuite.superCashBack.servingAPI.OfferTag"></class>
            <class name="com.paytm.promotionsAutomationSuite.superCashBack.GameExpiryDefault"></class>
            <class name="com.paytm.promotionsAutomationSuite.superCashBack.DynamicGameExpiry"></class>
            <class name="com.paytm.promotionsAutomationSuite.superCashBack.AppOpenTest"></class>
            <class name="com.paytm.promotionsAutomationSuite.superCashBack.servingAPI.NewOfferV4"></class>
            <class name="com.paytm.promotionsAutomationSuite.gratification.GetTImeToFlyValidationCassandra"></class>

            <class name="com.paytm.promotionsAutomationSuite.superCashBack.NoFallback"></class>
            <class name="com.paytm.promotionsAutomationSuite.superCashBack.MultipleLinking"></class>
            <class name="com.paytm.promotionsAutomationSuite.superCashBack.EarnedForOverrideValidation"></class>

        </classes>
    </test>
</suite>