<?xml version="1.0" encoding="UTF-8"?>
<!DOCTYPE suite SYSTEM "http://testng.org/testng-1.0.dtd">
<suite name="collectible-Regression"  >
    <parameter name="environment" value="staging"/>
    <listeners>
        <listener class-name="com.paytm.promotionsAutomationSuite.utils.PromotionsCustomReporter" />
    </listeners>
    <test name="sanityTest" parallel="none" >
        <classes>
            <class name="com.paytm.promotionsAutomationSuite.superCashBack.Referral.CreateAssociation"></class>
            <class name="com.paytm.promotionsAutomationSuite.superCashBack.Referral.GenerateLink"></class>
            <class name="com.paytm.promotionsAutomationSuite.superCashBack.Referral.CstReferralGroup"></class>
            <class name="com.paytm.promotionsAutomationSuite.superCashBack.Referral.HealthCheckupApi"></class>
            <class name="com.paytm.promotionsAutomationSuite.superCashBack.Referral.MultiRefereeSegmentPG"></class>
            <class name="com.paytm.promotionsAutomationSuite.superCashBack.Referral.MultiRefereeSegmentUPI"></class>
            <class name="com.paytm.promotionsAutomationSuite.superCashBack.Referral.SendFlagsForFilteringContacts"></class>
            <class name="com.paytm.promotionsAutomationSuite.superCashBack.Referral.ValidateReferralSupercashAPIs"></class>
            <class name="com.paytm.promotionsAutomationSuite.superCashBack.Referral.ValidateAssociation"></class>
            <class name="com.paytm.promotionsAutomationSuite.superCashBack.Referral.InternalAssociationService"></class>
            <class name="com.paytm.promotionsAutomationSuite.superCashBack.Referral.CreateAssociationReferral"></class>
            <class name="com.paytm.promotionsAutomationSuite.superCashBack.Referral.ReferrerAssociation"></class>
            <class name="com.paytm.promotionsAutomationSuite.superCashBack.Referral.RefereeAssociation"></class>
            <class name="com.paytm.promotionsAutomationSuite.superCashBack.MerchantReferralServing.VerifyMerchantReferralServing"></class>
            <class name="com.paytm.promotionsAutomationSuite.superCashBack.Referral.LinkValidity"></class>
            <class name="com.paytm.promotionsAutomationSuite.superCashBack.Referral.BulkLinkGeneration"></class>
            <class name="com.paytm.promotionsAutomationSuite.superCashBack.Referral.LinkAssociationUpdate"></class>
        </classes>
    </test>
</suite>