<?xml version="1.0" encoding="UTF-8"?>
<!DOCTYPE suite SYSTEM "http://testng.org/testng-1.0.dtd">
<suite name="mclm-regression">
    <parameter name="environment" value="staging"/>
    <listeners>
        <listener class-name="com.paytm.promotionsAutomationSuite.utils.PromotionsCustomReporter" />
    </listeners>
    <test name="sanityTest" parallel="none">
        <classes>
            <class name="com.paytm.promotionsAutomationSuite.promoOperations.SetTestEnvironment"></class>
            <class name="com.paytm.promotionsAutomationSuite.merchantClm.TransactionDetailsAPITest"></class>
            <class name="com.paytm.promotionsAutomationSuite.merchantClm.AllNewOffersTest"></class>
            <class name="com.paytm.promotionsAutomationSuite.merchantClm.OfferActivateAPITest"></class>
            <class name="com.paytm.promotionsAutomationSuite.merchantClm.MyOffersTest"></class>
            <class name="com.paytm.promotionsAutomationSuite.merchantClm.GameCreationTest"></class>
            <class name="com.paytm.promotionsAutomationSuite.merchantClm.CancelAPIWorkFlowTest"></class>
            <class name="com.paytm.promotionsAutomationSuite.merchantClm.jiraFixes.PRMSUCASH619Fix"></class>
            <class name="com.paytm.promotionsAutomationSuite.merchantClm.RandomBonusInternal"></class>
            <class name="com.paytm.promotionsAutomationSuite.merchantClm.RandomBonusServing"></class>
            <class name="com.paytm.promotionsAutomationSuite.merchantClm.WalletDealCrosspromoTest"></class>
            <class name="com.paytm.promotionsAutomationSuite.merchantClm.ServingWithCampaignVariations"></class>
            <class name="com.paytm.promotionsAutomationSuite.merchantClm.MyOffersTestV2"></class>
            <class name="com.paytm.promotionsAutomationSuite.merchantClm.MerchantCoins"></class>
            <class name="com.paytm.promotionsAutomationSuite.merchantClm.EDCGameCreation"></class>
            <class name="com.paytm.promotionsAutomationSuite.merchantClm.MultipleLinking"></class>
            <class name="com.paytm.promotionsAutomationSuite.superCashBack.CleverTap.CleverTapInternalNodeJSMerchant"></class>
        </classes>
    </test>
</suite>



