<?xml version="1.0" encoding="UTF-8"?>
<!DOCTYPE suite SYSTEM "http://testng.org/testng-1.0.dtd">
<suite name="promotions-regression">
  <parameter name="environment" value="staging"/>
	<listeners>
		<listener class-name="com.paytm.promotionsAutomationSuite.utils.PromotionsCustomReporter" />
	</listeners>
	<test name="sanityTest" parallel="none" thread-count="20">
		<classes>
		    <class name="com.paytm.promotionsAutomationSuite.promoOperations.SetTestEnvironment"></class>
			<class name="com.paytm.promotionsAutomationSuite.promoOperations.PromoApplyPCUCamapaignConditions"></class>
		 	<class name="com.paytm.promotionsAutomationSuite.promoOperations.V2PromoApplyForMovies"></class>
		 	<class name="com.paytm.promotionsAutomationSuite.promoOperations.V2PromoApplyForFlightTickets"></class>
		 	<class name="com.paytm.promotionsAutomationSuite.promoOperations.V3PromoApplyForBillPayments"></class>
			<class name="com.paytm.promotionsAutomationSuite.promoOperations.V2PromoApplyForRecharge"></class>
			<class name="com.paytm.promotionsAutomationSuite.promoOperations.V3PromoApplyForProduct"></class>
			<class name="com.paytm.promotionsAutomationSuite.promoOperations.V3PromoRemoveForProduct"></class>
			<class name="com.paytm.promotionsAutomationSuite.promoOperations.V2PromoApplyOrderElasticSearchConditions"></class>
			<class name="com.paytm.promotionsAutomationSuite.promoOperations.V4PromoApplyForProduct"></class>
			<class name="com.paytm.promotionsAutomationSuite.promoOperations.PromoApplyCampaignActionsTest"></class>
			<class name="com.paytm.promotionsAutomationSuite.newValidate.ValidateV3Cases"></class>
			<class name="com.paytm.promotionsAutomationSuite.OnUSValidateConditions.V4PromoApplyDynamicConditions"></class>
			<class name="com.paytm.promotionsAutomationSuite.OnUSValidateConditions.V4PromoApplyStaticConditions"></class>
			<class name="com.paytm.promotionsAutomationSuite.newValidate.MultipleRedemptionTestCases"></class>
			<class name="com.paytm.promotionsAutomationSuite.newValidate.codeCoverge.CornerCasesForCodeCovergae"></class>
			<class name="com.paytm.promotionsAutomationSuite.newValidate.codeCoverge.V2FetchPromo"></class>
			<class name="com.paytm.promotionsAutomationSuite.newValidate.VerifyCleverTapCases"></class>

		</classes>
	</test>
</suite>