<?xml version="1.0" encoding="UTF-8"?>
<!DOCTYPE suite SYSTEM "http://testng.org/testng-1.0.dtd">
<suite name="collectible-Regression"  >
    <parameter name="environment" value="staging"/>
    <listeners>
        <listener class-name="com.paytm.promotionsAutomationSuite.utils.PromotionsCustomReporter" />
    </listeners>
    <test name="sanityTest" parallel="none" >
        <classes>
            <class name="com.paytm.promotionsAutomationSuite.superCashBack.Collectibles.ValidateCreditCollectibles"></class>
            <class name="com.paytm.promotionsAutomationSuite.superCashBack.Collectibles.ValidateGroupCollectibles"></class>
            <class name="com.paytm.promotionsAutomationSuite.superCashBack.Collectibles.ValidateUserCollectiblesTag"></class>
            <class name="com.paytm.promotionsAutomationSuite.superCashBack.Collectibles.ValidateCreateGame"></class>
            <class name="com.paytm.promotionsAutomationSuite.superCashBack.Collectibles.ValidateCreateGiftAndClaim"></class>
            <class name="com.paytm.promotionsAutomationSuite.superCashBack.Collectibles.ValidateLeaderBoard"></class>
            <class name="com.paytm.promotionsAutomationSuite.superCashBack.Collectibles.validateHeaderInfo"></class>
            <class name="com.paytm.promotionsAutomationSuite.superCashBack.Collectibles.ValidateUserCollectibles"></class>
            <class name="com.paytm.promotionsAutomationSuite.superCashBack.Collectibles.CollectiblePayeeValidation"></class>
            <class name="com.paytm.promotionsAutomationSuite.superCashBack.cst.Collectibles"></class>
            <class name="com.paytm.promotionsAutomationSuite.superCashBack.Collectibles.ValidateMatch"></class>
        </classes>
    </test>
</suite>