<?xml version="1.0" encoding="UTF-8"?>
<!DOCTYPE suite SYSTEM "http://testng.org/testng-1.0.dtd">
<suite name="promoSupercash-regression">
	<parameter name="environment" value="staging"/>
	<listeners>
		<listener class-name="com.paytm.promotionsAutomationSuite.utils.PromotionsCustomReporter" />
	</listeners>
	<test name="sanityTest">
		<classes>
			<class name="com.paytm.promotionsAutomationSuite.promoOperations.SetTestEnvironment"></class>
<!--			<class name="com.paytm.promotionsAutomationSuite.superCashBack.SuperCashGameCreation"></class>-->
<!--			<class name="com.paytm.promotionsAutomationSuite.superCashBack.SuperCashGameCreationV2"></class>-->
<!--			<class name="com.paytm.promotionsAutomationSuite.superCashBack.SuperCashV1APIs"></class>-->
<!--			<class name="com.paytm.promotionsAutomationSuite.superCashBack.SuperCashV1PostAPIs"></class>-->
<!--			<class name="com.paytm.promotionsAutomationSuite.superCashBack.SuperCashGameCreationV3"></class>-->
<!--			<class name="com.paytm.promotionsAutomationSuite.superCashBack.SuperCashV3PostAPIsTestCases"></class>-->
<!--			<class name="com.paytm.promotionsAutomationSuite.superCashBack.SuperCashV3MerchantSegmentationThroughEngage"></class>-->
			<class name="com.paytm.promotionsAutomationSuite.jiraFixes.GlobalConditionsPriority"></class>
			<class name="com.paytm.promotionsAutomationSuite.jiraFixes.PercentageHandlingCasesSupercashback"></class>
			<class name="com.paytm.promotionsAutomationSuite.superCashBack.RandomBonus"></class>
			<class name="com.paytm.promotionsAutomationSuite.superCashBack.CancellationInternal"></class>
			<class name="com.paytm.promotionsAutomationSuite.superCashBack.SupercashGameCreationDBVerification"></class>
			<class name="com.paytm.promotionsAutomationSuite.superCashBack.EDCTestCases"></class>
			<class name="com.paytm.promotionsAutomationSuite.superCashBack.servingAPI.SupercashOptOutV3"></class>
			<class name="com.paytm.promotionsAutomationSuite.superCashBack.nequal1.NequalOneCases"></class>
			<class name="com.paytm.promotionsAutomationSuite.superCashBack.spinTheWheel.SpinTheWheelFlow"></class>
            <class name="com.paytm.promotionsAutomationSuite.superCashBack.CashbackGV"></class>
			<class name="com.paytm.promotionsAutomationSuite.superCashBack.UPIEventGameCreate"></class>
			<class name="com.paytm.promotionsAutomationSuite.superCashBack.SupercashCoins"></class>
			<class name="com.paytm.promotionsAutomationSuite.superCashBack.Notification"></class>
			<class name="com.paytm.promotionsAutomationSuite.superCashBack.GlobalConditionsTest"></class>
			<class name="com.paytm.promotionsAutomationSuite.superCashBack.servingAPI.OfferTag"></class>
			<class name="com.paytm.promotionsAutomationSuite.superCashBack.GameExpiryDefault"></class>
			<class name="com.paytm.promotionsAutomationSuite.superCashBack.DynamicGameExpiry"></class>
			<class name="com.paytm.promotionsAutomationSuite.superCashBack.AppOpenTest"></class>
			<class name="com.paytm.promotionsAutomationSuite.superCashBack.servingAPI.NewOfferV4"></class>
			<class name="com.paytm.promotionsAutomationSuite.superCashBack.NoFallback"></class>
			<class name="com.paytm.promotionsAutomationSuite.superCashBack.MultipleLinking"></class>
			<class name="com.paytm.promotionsAutomationSuite.superCashBack.EarnedForOverrideValidation"></class>
			<class name="com.paytm.promotionsAutomationSuite.superCashBack.AutomaticBIllPayment"></class>
			<class name="com.paytm.promotionsAutomationSuite.superCashBack.CleverTap.CleverTapInternalNodeJSUser"></class>
			<class name="com.paytm.promotionsAutomationSuite.supercashWorkflows.multistage.EDC.WorkflowEDC"></class>

		</classes>
	</test>
</suite>