<?xml version="1.0" encoding="UTF-8"?>
<!DOCTYPE suite SYSTEM "http://testng.org/testng-1.0.dtd">
<suite name="payment-offers-regression">
  <parameter name="environment" value="staging"/>
	<listeners>
		<listener class-name="com.paytm.promotionsAutomationSuite.utils.PromotionsCustomReporter" />
	</listeners>
	<test name="sanityTest" parallel="none">
		<classes>
			<class name="com.paytm.promotionsAutomationSuite.promoOperations.SetTestEnvironment"></class>
			<class name="com.paytm.promotionsAutomationSuite.promovalidate.payment.PaymentOffersApplyApiTest"></class>
			<!--<class name="com.paytm.promotionsAutomationSuite.promolookup.payment.PaymentOffersTest"></class> -->
		</classes>
	</test>
</suite>