<?xml version="1.0" encoding="UTF-8"?>
<!DOCTYPE suite SYSTEM "http://testng.org/testng-1.0.dtd">
<suite name="promotions-regression">
<parameter name="environment" value="dev1"/>
<listeners>
    <listener class-name="com.paytm.promotionsAutomationSuite.utils.PromotionsCustomReporter" />
</listeners>
<test name="sanityTest1" parallel="methods" thread-count="20">
    <classes>
        <class name="com.paytm.promotionsAutomationSuite.promoOperations.SetTestEnvironment"></class>
        <class name="com.paytm.promotionsAutomationSuite.OnUSValidateConditions.V4PromoApplyDynamicConditions"></class>
        <class name="com.paytm.promotionsAutomationSuite.OnUSValidateConditions.V4PromoApplyStaticConditions"></class>
    </classes>
</test>
</suite>
