<?xml version="1.0" encoding="UTF-8"?>
<!DOCTYPE suite SYSTEM "http://testng.org/testng-1.0.dtd">
<suite name="csf-regression" parallel="true" data-provider-thread-count="5" allow-return-values="true">
    <parameter name="environment" value="staging"/>
    <listeners>
        <listener class-name="com.paytm.promotionsAutomationSuite.utils.PromotionsCustomReporter" />
        <listener class-name="com.paytm.promotionsAutomationSuite.utils.report.listerner.ExtentIReporterSuiteClassListenerAdapter" />
    </listeners>
    <test name="sanityTest" parallel="classes" thread-count="3">
        <classes>
            <class name="com.paytm.promotionsAutomationSuite.promoOperations.SetTestEnvironment"></class>
            <class name="com.paytm.promotionsAutomationSuite.storeFrontApi.ValidateCreateItem"></class>
            <class name="com.paytm.promotionsAutomationSuite.storeFrontApi.ValidateCreateViewTest"></class>
            <class name="com.paytm.promotionsAutomationSuite.storeFrontApi.ValidateEditItem"></class>
            <class name="com.paytm.promotionsAutomationSuite.storeFrontApi.ValidateEditView"></class>
            <class name="com.paytm.promotionsAutomationSuite.storeFrontApi.ValidateUpdateBannerTest"></class>
            <class name="com.paytm.promotionsAutomationSuite.storeFrontApi.ValidateGetBannerTest"></class>
            <class name="com.paytm.promotionsAutomationSuite.storeFrontApi.ValidateDeleteBannerTest"></class>
            <class name="com.paytm.promotionsAutomationSuite.storeFrontApi.ValidateCreateExperimentTest"></class>
            <class name="com.paytm.promotionsAutomationSuite.storeFrontApi.ValidateGetExperimentTest"></class>
            <class name="com.paytm.promotionsAutomationSuite.storeFrontApi.ValidateUpdateExperimentTest"></class>
            <class name="com.paytm.promotionsAutomationSuite.storeFrontApi.ValidateDecoratorTest"></class>
            <class name="com.paytm.promotionsAutomationSuite.storeFrontApi.ValidatePriorityFallBackTest"></class>
            <class name="com.paytm.promotionsAutomationSuite.storeFrontApi.CreateDifferentViews"></class>
            <class name="com.paytm.promotionsAutomationSuite.storeFrontApi.ValidateCreateBannerPoolTest"></class>
            <class name="com.paytm.promotionsAutomationSuite.storeFrontApi.ValidateFlyoutTest"></class>
            <class name="com.paytm.promotionsAutomationSuite.storeFrontApi.ValidateUpdateDecoratorTest"></class>
			<class name="com.paytm.promotionsAutomationSuite.storeFrontApi.ValidateAdminTemplateTest"></class>
			<class name="com.paytm.promotionsAutomationSuite.storeFrontApi.ValidateCreateDecoratorTest"></class>
            <class name="com.paytm.promotionsAutomationSuite.storeFrontApi.CreateDifferentViewHandlers"></class>

        </classes>
    </test>
</suite>