<?xml version="1.0" encoding="UTF-8"?>
<!DOCTYPE suite SYSTEM "http://testng.org/testng-1.0.dtd">
<suite name="storeFrontConsumer-regression" parallel="none" data-provider-thread-count="50" allow-return-values="true">
    <parameter name="environment" value="staging"/>
    <listeners>
        <listener class-name="com.paytm.promotionsAutomationSuite.utils.PromotionsCustomReporter" />
    </listeners>
    <test name="sanityTest" parallel="none" thread-count="100">
        <classes>
            <!-- <class name="com.paytm.promotionsAutomationSuite.storefrontConsumerApi.ValidateFlyOutPage"></class> -->
            <class name="com.paytm.promotionsAutomationSuite.storefrontConsumerApi.ConsumerTest"></class>
        </classes>
    </test>
</suite>