<?xml version="1.0" encoding="UTF-8"?>
<!DOCTYPE suite SYSTEM "http://testng.org/testng-1.0.dtd">
<suite name="promoSupercash-regression">
    <parameter name="environment" value="staging"/>
    <listeners>
        <listener class-name="com.paytm.promotionsAutomationSuite.utils.PromotionsCustomReporter" />
    </listeners>
    <test name="sanityTest" parallel="none">
        <classes>
            <class name="com.paytm.promotionsAutomationSuite.promoOperations.SetTestEnvironment"></class>
            <class name="com.paytm.promotionsAutomationSuite.supercashWorkflows.multistage.reject.SuperCashWorkFlowsDealOnFirstAndLastStage"></class>
            <class name="com.paytm.promotionsAutomationSuite.supercashWorkflows.multistage.reject.SuperCashWorkFlowsNonKYCFallbackGoldback"></class>
            <class name="com.paytm.promotionsAutomationSuite.supercashWorkflows.multistage.accept.SupercashWorkflowsAcceptAutoActivateCrosspromo"></class>
            <class name="com.paytm.promotionsAutomationSuite.supercashWorkflows.multistage.reject.SuperCashWorkFlowsV3GoldbackReject"></class>
            <class name="com.paytm.promotionsAutomationSuite.supercashWorkflows.multistage.reject.SuperCashWorkFlowsV3CrosspromoReject"></class>
            <class name="com.paytm.promotionsAutomationSuite.supercashWorkflows.nonmultistage.WorkFlowsNonMultistageDeals"></class>
            <class name="com.paytm.promotionsAutomationSuite.supercashWorkflows.multistage.accept.SupercashWorkflowsAcceptAutoActivateDeal"></class>
            <class name="com.paytm.promotionsAutomationSuite.supercashWorkflows.nonmultistage.WorkFlowsNonMultistageGoldback"></class>
            <class name ="com.paytm.promotionsAutomationSuite.supercashWorkflows.nonmultistage.WorkFlowsNonMultistageCrossPromo"></class>
            <class name="com.paytm.promotionsAutomationSuite.supercashWorkflows.nonmultistage.WorkFlowsNonMultistageUPI"></class>
            <class name="com.paytm.promotionsAutomationSuite.supercashWorkflows.multistage.randombonus.RB1"></class>
            <class name="com.paytm.promotionsAutomationSuite.supercashWorkflows.multistage.randombonus.RB5"></class>
            <class name="com.paytm.promotionsAutomationSuite.supercashWorkflows.multistage.randombonus.RB8"></class>
            <class name="com.paytm.promotionsAutomationSuite.supercashWorkflows.multistage.randombonus.RB6"></class>
            <class name="com.paytm.promotionsAutomationSuite.supercashWorkflows.CancellationInServing"></class>
            <class name="com.paytm.promotionsAutomationSuite.supercashWorkflows.multistage.accept.EntireResponseVerification"></class>
            <class name="com.paytm.promotionsAutomationSuite.supercashWorkflows.multistage.reject.EntireResponseVerificationReject"></class>
            <class name="com.paytm.promotionsAutomationSuite.supercashWorkflows.nonmultistage.EntireResponseVerificationNM"></class>
            <class name="com.paytm.promotionsAutomationSuite.supercashWorkflows.multistage.EDC.WorkflowEDC"></class>
            <class name="com.paytm.promotionsAutomationSuite.superCashBack.servingAPI.SupercashOptOutV3"></class>
            <class name="com.paytm.promotionsAutomationSuite.superCashBack.NoFallback"></class>
        </classes>

    </test>
</suite>