<?xml version="1.0" encoding="UTF-8"?>
<!DOCTYPE suite SYSTEM "http://testng.org/testng-1.0.dtd">
<suite name="supercashJava-regression">
    <parameter name="environment" value="staging"/>
    <listeners>
        <listener class-name="com.paytm.promotionsAutomationSuite.utils.PromotionsCustomReporter" />
    </listeners>
    <test name="sanityTest" parallel="none">
        <classes>
            <class name="com.paytm.promotionsAutomationSuite.gratification.GetTImeToFlyValidationCassandra"></class>
            <class name="com.paytm.promotionsAutomationSuite.superCashBack.servingAPI.GetGameDetailsV4s2s"></class>
            <class name="com.paytm.promotionsAutomationSuite.gratification.ListAllEventSchema"></class>
            <class name="com.paytm.promotionsAutomationSuite.superCashBack.servingAPI.GetCampaignGameV4S2S"></class>
            <class name="com.paytm.promotionsAutomationSuite.superCashBack.luckydrawUser.LuckyDrawE2ECases"></class>
            <class name="com.paytm.promotionsAutomationSuite.superCashBack.Referral.SendFlagsForFilteringContacts"></class>
            <class name="com.paytm.promotionsAutomationSuite.superCashBack.HealthOfDifferentService"></class>
            <class name="com.paytm.promotionsAutomationSuite.superCashBack.CampaignConditionVerification"></class>
            <class name="com.paytm.promotionsAutomationSuite.superCashBack.servingAPI.SupercashOptOutV3"></class>
            <class name="com.paytm.promotionsAutomationSuite.superCashBack.servingAPI.OfferTag"></class>
            <class name="com.paytm.promotionsAutomationSuite.superCashBack.servingAPI.BulkOfferTags2s"></class>
            <class name="com.paytm.promotionsAutomationSuite.superCashBack.servingAPI.CampaignGameForTagS2S"></class>
            <class name="com.paytm.promotionsAutomationSuite.superCashBack.servingAPI.PostTxnV4S2S"></class>
            <class name="com.paytm.promotionsAutomationSuite.superCashBack.servingAPI.NewOfferV4"></class>
            <class name="com.paytm.promotionsAutomationSuite.supercashWorkflows.multistage.reject.SuperCashWorkFlowsV3CrosspromoReject"></class>
            <class name="com.paytm.promotionsAutomationSuite.supercashWorkflows.CancellationInServing"></class>
            <class name="com.paytm.promotionsAutomationSuite.supercashWorkflows.multistage.accept.EntireResponseVerification"></class>
            <class name="com.paytm.promotionsAutomationSuite.supercashWorkflows.multistage.reject.EntireResponseVerificationReject"></class>
            <class name="com.paytm.promotionsAutomationSuite.supercashWorkflows.nonmultistage.EntireResponseVerificationNM"></class>
            <class name="com.paytm.promotionsAutomationSuite.supercashWorkflows.multistage.randombonus.RB1"></class>
            <class name="com.paytm.promotionsAutomationSuite.supercashWorkflows.multistage.randombonus.RB5"></class>
            <class name="com.paytm.promotionsAutomationSuite.supercashWorkflows.multistage.randombonus.RB8"></class>
            <class name="com.paytm.promotionsAutomationSuite.supercashWorkflows.nonmultistage.WorkFlowsNonMultistageUPI"></class>
            <class name="com.paytm.promotionsAutomationSuite.supercashWorkflows.nonmultistage.WorkFlowsNonMultistageGoldback"></class>
            <class name="com.paytm.promotionsAutomationSuite.supercashWorkflows.nonmultistage.WorkFlowsNonMultistageCrossPromo"></class>
            <class name="com.paytm.promotionsAutomationSuite.supercashWorkflows.multistage.reject.SuperCashWorkFlowsDealOnFirstAndLastStage"></class>
            <class name="com.paytm.promotionsAutomationSuite.supercashWorkflows.multistage.reject.SuperCashWorkFlowsNonKYCFallbackGoldback"></class>
            <class name="com.paytm.promotionsAutomationSuite.supercashWorkflows.multistage.accept.SupercashWorkflowsAcceptAutoActivateCrosspromo"></class>
            <class name="com.paytm.promotionsAutomationSuite.supercashWorkflows.multistage.reject.SuperCashWorkFlowsV3GoldbackReject"></class>
            <class name="com.paytm.promotionsAutomationSuite.supercashWorkflows.nonmultistage.WorkFlowsNonMultistageDeals"></class>
            <class name="com.paytm.promotionsAutomationSuite.supercashWorkflows.multistage.accept.SupercashWorkflowsAcceptAutoActivateDeal"></class>
            <class name="com.paytm.promotionsAutomationSuite.supercashWorkflows.multistage.randombonus.RB6"></class>
            <class name="com.paytm.promotionsAutomationSuite.supercashWorkflows.multistage.PPBL.WorkflowPPBL"></class>
            <class name="com.paytm.promotionsAutomationSuite.superCashBack.CleverTap.CleverTapServingJavaUser"></class>
            <class name="com.paytm.promotionsAutomationSuite.superCashBack.servingAPI.PostTxnV6"></class>
            <class name="com.paytm.promotionsAutomationSuite.superCashBack.servingAPI.ServingLocalizationCheck"></class>
            <class name="com.paytm.promotionsAutomationSuite.superCashBack.AppOpenTest"></class>
            <class name="com.paytm.promotionsAutomationSuite.superCashBack.servingAPI.RedemptionExpiryServing"></class>
            <class name="com.paytm.promotionsAutomationSuite.superCashBack.servingAPI.RedemptionDetail"></class>
            <class name="com.paytm.promotionsAutomationSuite.superCashBack.Referral.CreateAssociation"></class>
            <class name="com.paytm.promotionsAutomationSuite.superCashBack.Referral.GenerateLink"></class>
            <class name="com.paytm.promotionsAutomationSuite.superCashBack.Referral.ValidateReferralSupercashAPIs"></class>
            <class name="com.paytm.promotionsAutomationSuite.superCashBack.Referral.ValidateAssociation"></class>
            <class name="com.paytm.promotionsAutomationSuite.superCashBack.MultipleGratification.MultipleGratificationScratchCard"></class>
            <class name="com.paytm.promotionsAutomationSuite.superCashBack.MultipleGratification.CashbackLandingPageAPI"></class>
            <class name="com.paytm.promotionsAutomationSuite.superCashBack.NoFallback"></class>
            <class name="com.paytm.promotionsAutomationSuite.superCashBack.scratchCard.ScratchCardServing"></class>
            <class name="com.paytm.promotionsAutomationSuite.superCashBack.Referral.MultiRefereeSegmentUPI"></class>
            <class name="com.paytm.promotionsAutomationSuite.superCashBack.SupercashJavaInternalServing"></class>
            <class name="com.paytm.promotionsAutomationSuite.superCashBack.servingAPI.CampaignGameV4"></class>
            <class name="com.paytm.promotionsAutomationSuite.superCashBack.SuperCashV2GetAPIsTestCases"></class>
            <class name="com.paytm.promotionsAutomationSuite.superCashBack.cst.CSTSupercashUser"></class>
            <class name="com.paytm.promotionsAutomationSuite.superCashBack.servingAPI.OrderDetailV4"></class>
            <class name="com.paytm.promotionsAutomationSuite.superCashBack.FlipTest"></class>
            <class name="com.paytm.promotionsAutomationSuite.superCashBack.SuperCashV2PostAPIsTestCases"></class>
            <class name="com.paytm.promotionsAutomationSuite.superCashBack.SuperCashV1APIs"></class>
            <class name="com.paytm.promotionsAutomationSuite.superCashBack.servingAPI.EventOffers2s"></class>
            <class name="com.paytm.promotionsAutomationSuite.superCashBack.adsDeal.AdsDeal"></class>
            <class name="com.paytm.promotionsAutomationSuite.superCashBack.Referral.CstReferralGroup"></class>
            <class name="com.paytm.promotionsAutomationSuite.superCashBack.Referral.MultiRefereeSegmentPG"></class>
            <class name="com.paytm.promotionsAutomationSuite.superCashBack.Validation.SupercashSelectOfferValidation"></class>
            <class name="com.paytm.promotionsAutomationSuite.superCashBack.Referral.ReferralAggregationV6"></class>
            <class name="com.paytm.promotionsAutomationSuite.superCashBack.Referral.ReferralInfoListingV6"></class>
            <class name="com.paytm.promotionsAutomationSuite.superCashBack.SupercashCheckinTest"></class>
            <class name="com.paytm.promotionsAutomationSuite.superCashBack.Orchard.OrchardGameTest"></class>
            <class name="com.paytm.promotionsAutomationSuite.superCashBack.Referral.LinkValidity"></class>
        </classes>

    </test>
</suite>