<?xml version="1.0" encoding="UTF-8"?>
<!DOCTYPE suite SYSTEM "http://testng.org/testng-1.0.dtd">
<!--<suite name="promoTask-regression" >-->
<suite name="promoTask-regression" parallel="tests" data-provider-thread-count="60">
    <parameter name="environment" value="staging"/>
    <listeners>
        <listener class-name="com.paytm.promotionsAutomationSuite.utils.PromotionsCustomReporter" />
        <listener class-name="com.paytm.promotionsAutomationSuite.utils.report.listerner.ExtentIReporterSuiteClassListenerAdapter" />
    </listeners>
    <test name="sanityTest" parallel="methods" thread-count="50">
        <classes>
            <class name="com.paytm.promotionsAutomationSuite.promoOperations.SetTestEnvironment"></class>
            <class name="com.paytm.promotionsAutomationSuite.promoTaskUsingJava.VerifyGratificationFromRedemptionEngineService"></class>
            <!--            <class name="com.paytm.promotionsAutomationSuite.promoTaskUsingJava.VerifyGratificationOfUPIFromRedemptionEngine"></class>-->
            <class name="com.paytm.promotionsAutomationSuite.promoTask.OrdersWithoutPostAction"></class>
            <class name="com.paytm.promotionsAutomationSuite.promoTask.OrderProcessingOfUpiFromGratificationSystem"></class>
            <class name="com.paytm.promotionsAutomationSuite.promoTask.OrderProcessingForCrossPromo"></class>
            <class name="com.paytm.promotionsAutomationSuite.promoTask.OrderProcessingForAddMoneyCases"></class>
            <!--            <class name="com.paytm.promotionsAutomationSuite.promoTask.OrderProcessingFromGratification"></class>-->
        </classes>
    </test>
</suite>