<?xml version="1.0" encoding="UTF-8"?>
<!DOCTYPE suite SYSTEM "http://testng.org/testng-1.0.dtd">
<suite name="promoTask-regression" parallel="true" data-provider-thread-count="2">
    <parameter name="environment" value="staging"/>
    <listeners>
        <listener class-name="com.paytm.promotionsAutomationSuite.utils.PromotionsCustomReporter" />
        <listener class-name="com.paytm.promotionsAutomationSuite.utils.report.listerner.ExtentIReporterSuiteClassListenerAdapter" />
    </listeners>
    <test name="sanityTest" parallel="true" thread-count="20">
        <classes>
            <class name="com.paytm.promotionsAutomationSuite.promoOperations.SetTestEnvironment"></class>
            <class name="com.paytm.promotionsAutomationSuite.promoTask.OrderProcessingOfUpiFromGratificationSystem"></class>
            <class name="com.paytm.promotionsAutomationSuite.promoTask.UpiNoFallBackGratification"></class>
            <class name="com.paytm.promotionsAutomationSuite.promoTaskUsingJava.UpiNoFallbackGratificationThroughJava"></class>
            <class name="com.paytm.promotionsAutomationSuite.promoTaskUsingJava.VerifyGratificationOfUPIFromRedemptionEngine"></class>
        </classes>
    </test>
</suite>