[
  {
    "case" : "Succefull txn",
    "status" : 202,
    "payload": {
      "created_time": 1632811821198,
      "txn_sources": "ONBOARDING_ENGINE",
      "gender": "Female",
      "ckyc_success_mode": "SEARCH_BY_PAN",
      "contact_number": "7773330159",
      "txn_id": "3e81795212313TEST1231312312311231234432313123112",
      "lender_name": "ABFL",
      "lead_created_date": 1632751891000,
      "event_type": "POSTPAID_ONBOARDING",
      "product_type": "POSTPAID",
      "stage": "LEAD_SUCCESSFULLY_CLOSED",
      "user_id": 1000861339
    }
  },
  {
    "case" : "Invalid txn source + Enum + mandatory field",
    "status" : 400,
    "payload" : {
      "created_time": 1632811821198,
      "txn_sources": "ONBOARDING_ENGINEXYZ",
      "gender": "Female",
      "ckyc_success_mode": "SEARCH_BY_PAN",
      "contact_number": "7773330159",
      "txn_id": "3e81795212313TEST1231312312311231234432313123112",
      "lender_name": "ABFL",
      "lead_created_date": 1632751891000,
      "event_type": "POSTPAID_ONBOARDING",
      "product_type": "POSTPAID",
      "stage": "LEAD_SUCCESSFULLY_CLOSED",
      "user_id": 1000861339
    }
  },
  {
    "case" : "NULL txn source + Enum + mandatory field",
    "status" : 400,
    "payload" : {
      "created_time": 1632811821198,
      "txn_sources": null,
      "gender": "Female",
      "ckyc_success_mode": "SEARCH_BY_PAN",
      "contact_number": "7773330159",
      "txn_id": "3e81795212313TEST1231312312311231234432313123112",
      "lender_name": "ABFL",
      "lead_created_date": 1632751891000,
      "event_type": "POSTPAID_ONBOARDING",
      "product_type": "POSTPAID",
      "stage": "LEAD_SUCCESSFULLY_CLOSED",
      "user_id": 1000861339
    }
  },
  {
    "case" : "missing txn source + Enum + mandatory field",
    "status" : 400,
    "payload" : {
      "created_time": 1632811821198,
      "gender": "Female",
      "ckyc_success_mode": "SEARCH_BY_PAN",
      "contact_number": "7773330159",
      "txn_id": "3e81795212313TEST1231312312311231234432313123112",
      "lender_name": "ABFL",
      "lead_created_date": 1632751891000,
      "event_type": "POSTPAID_ONBOARDING",
      "product_type": "POSTPAID",
      "stage": "LEAD_SUCCESSFULLY_CLOSED",
      "user_id": 1000861339
    }
  },
  {
    "case": "optional field with null value",
    "status": 202,
    "payload" : {
      "created_time": 1,
      "txn_sources": "ONBOARDING_ENGINE",
      "gender": null,
      "ckyc_success_mode": "SEARCH_BY_PAN",
      "contact_number": "7773330159",
      "txn_id": "3e81795212313TEST1231312312311231234432313123112",
      "lender_name": "ABFL",
      "lead_created_date": 1632751891000,
      "event_type": "POSTPAID_ONBOARDING",
      "product_type": "POSTPAID",
      "stage": "LEAD_SUCCESSFULLY_CLOSED",
      "user_id": 1000861339
    }
  },
  {
    "case" : "without multiple optional fields",
    "status" : 202,
    "payload" : {
      "created_time": 1,
      "txn_sources": "ONBOARDING_ENGINE",
      "txn_id": "3e81795212313TEST1231312312311231234432313123112",
      "event_type": "POSTPAID_ONBOARDING",
      "stage": "LEAD_SUCCESSFULLY_CLOSED",
      "user_id": 1000861339
    }
  },
  {
    "case" : "without mandatory field User ID",
    "status" : 400,
    "payload" : {
      "created_time": 1,
      "txn_sources": "ONBOARDING_ENGINE",
      "txn_id": "3e81795212313TEST1231312312311231234432313123112",
      "event_type": "POSTPAID_ONBOARDING",
      "stage": "LEAD_SUCCESSFULLY_CLOSED"
    }
  },
  {
    "case" : "Invalid enum field",
    "status" : 400,
    "payload" :{
      "created_time": 1,
      "txn_sources": "ONBOARDING_ENGINE",
      "txn_id": "3e81795212313TEST1231312312311231234432313123112",
      "event_type": "POSTPAID_ONBOARDING",
      "stage": "LEAD_SUCCESSFULLY_CLOSEDXYZ",
      "user_id": 1000861339
    }
  },
  {
    "case" : "invalid data type for txn sources",
    "status" : 500,
    "payload" : {
      "created_time": 1,
      "txn_sources": "ONBOARDING_ENGINE",
      "txn_id": 12313123131232123,
      "event_type": "POSTPAID_ONBOARDING",
      "stage": "LEAD_SUCCESSFULLY_CLOSED",
      "user_id": 1000861339
    }
  }
]