{
  "CampaignGames2sApiResponse": {"data":{"isSupercashGame":true,"supercashGame":{"offer_remaining_time":"20 days left to activate offer","game_completion_time":"2022-01-04T11:53:37.000Z","created_at":"2022-01-04T11:53:37.000Z","success_txn_count":1,"game_expiry":"2022-02-18T18:29:59.000Z","offer_id":61891,"game_status":"INPROGRESS","success_txn_text":"1 Offer Keywords h done","offer_progress_construct":"You are 1 payment away from earning \u20b916 goldback","offer_expiry":"2022-02-13T18:29:59.000Z","remaining_time":"25 days left to expire","stage":1,"updated_at":"2022-01-04T11:53:37.000Z","bonus_amount_earned":15,"initialized_offer_text":"Activate offer and accept 1 more transaction to earn upto \u20b931 ","stages":[{"stage":[0],"stage_gratification_text":"You will win \u20b915 bank account cashback","stage_total_txn_count":1,"stage_status":"COMPLETED","stage_screen_construct1":"1st payment","tasks":[{"cap_bonus_amount":15,"gratification_processed":false,"gratification_type_flat":"absolute","redemption_text":"Cashback will be settled within 24 hours in your bank account.","redemption_status":"REDEEM_REQUESTED","crosspromo_data":[],"frontend_redemption_type":"bank account cashback","bonus_amount_earned":15,"fulfillment_at":"2022-01-04 17:23:37","redemption_type_icon_url":"https://paytm.s3-ap-southeast-1.amazonaws.com/promo_seller_panel_uploads/production/Cashback.png","redemption_type":"merchantBankPayout","stage_redemption_type":"bank account cashback"}],"stage_success_txn_count":1},{"stage":[1],"stage_gratification_text":"You will win \u20b916 goldback","stage_total_txn_count":1,"stage_status":"NOT_STARTED","stage_screen_construct1":"2nd payment","tasks":[{"cap_bonus_amount":16,"gratification_processed":false,"gratification_type_flat":"absolute","crosspromo_data":[],"frontend_redemption_type":"goldback","bonus_amount_earned":0,"redemption_type_icon_url":"https://paytm.s3-ap-southeast-1.amazonaws.com/promo_seller_panel_uploads/production/Goldcoin.png","stage_redemption_type":"goldback"}],"stage_success_txn_count":0}],"txn_count_text":"1/2 Payment Received","campaign":{"short_description":"Short description on Merchant","background_image_url":"djbfsdjfs","auto_activate":true,"offer_keyword":"Offer Keywords h","tnc":"https://gateway.paytm.com/papi/v2/promocard/supercash/campaign/tnc/58130","isDeeplink":false,"description":"Activate offer 1st Text","promocode":"CLEVERTAP_MARCHANT_CAMP2","offer_icon_override_url":"Old Offer Icon Url","title":"Activate offer 2nd Text","off_us_transaction_text":"zomato","offer_text_override":"OfferName","cashback_process_delay_unit":"1","is_offus_transaction":false,"surprise_text":"Offer Detail to utilize withing 24 hours","valid_upto":"2024-03-31T11:31:00.000Z","cashback_process_delay":"0","offer_type_text":"","campaign":"CLEVERTAP_MARCHANT_CAMP2","id":58130,"new_offers_image_url":"http://NewOfferUrl","important_terms":"<p>Some Important terms<\/p>\n","tnc_url":"https://gateway.paytm.com/papi/v2/promocard/supercash/campaign/tnc/58130"},"total_txn_count":2,"max_cap_bonus_amount_game":31,"status":2},"campaign":null},"errors":[],"status":1},
  "CampaignGames2sApiDifferentMerchantID":{"data":{},"errors":[{"code":null,"errorCode":"SUCASH_4008","message":"You are not eligible for this campaign. Checkout other cashback offers for you.","title":"Campaign Eligibility","status":404}],"status":0},
  "GamesWithoutMerchantId": {"data":null,"errors":[{"code":null,"errorCode":"SUCASH_4013","message":"Validation failed","title":"Validation Error","status":400}],"status":0},
  "GameDetails2sApiResponse": {"data":{"offer_id":61891,"stage":1,"created_at":"2022-01-04T11:53:37.000Z","success_txn_count":2,"game_status":"COMPLETED","updated_at":"2022-07-25T08:45:29.000Z","total_txn_count":2,"campaign":{"id":58130,"offer_text_override":"OfferName","background_image_url":"djbfsdjfs","new_offers_image_url":"http://NewOfferUrl","offer_keyword":"Offer Keywords h","important_terms":"<p>Some Important terms</p>\n","surprise_text":"Offer Detail to utilize withing 24 hours","tnc":"https://gateway.paytm.com/papi/v2/promocard/supercash/campaign/tnc/58130","campaign":"CLEVERTAP_MARCHANT_CAMP2","isDeeplink":false,"valid_upto":"2024-03-31T11:31:00.000Z","short_description":"Short description on Merchant","auto_activate":true,"cashback_process_delay":"0","cashback_process_delay_unit":"1","description":"Activate offer 1st Text","is_offus_transaction":false,"off_us_transaction_text":"zomato","offer_icon_override_url":"Old Offer Icon Url","offer_type_text":"","promocode":"CLEVERTAP_MARCHANT_CAMP2","title":"Activate offer 2nd Text","tnc_url":"https://gateway.paytm.com/papi/v2/promocard/supercash/campaign/tnc/58130"},"stages":[{"stage":[0],"stage_total_txn_count":1,"stage_success_txn_count":1,"stage_status":"COMPLETED","tasks":[{"frontend_redemption_type":"bank account cashback","cap_bonus_amount":15,"bonus_amount_earned":15,"redemption_type_icon_url":"https://paytm.s3-ap-southeast-1.amazonaws.com/promo_seller_panel_uploads/production/Cashback.png","fulfillment_at":"2022-01-04 17:23:37","redemption_text":"Cashback will be settled within 24 hours in your bank account.","redemption_type":"merchantBankPayout","redemption_status":"REDEEM_REQUESTED","gratification_processed":false,"stage_redemption_type":"bank account cashback","gratification_type_flat":"absolute","crosspromo_data":[]}],"stage_gratification_text":"You will win ₹15 bank account cashback","stage_screen_construct1":"1st payment"},{"stage":[1],"stage_total_txn_count":1,"stage_success_txn_count":1,"stage_status":"COMPLETED","tasks":[{"frontend_redemption_type":"goldback","cap_bonus_amount":16,"bonus_amount_earned":16,"redemption_type_icon_url":"https://paytm.s3-ap-southeast-1.amazonaws.com/promo_seller_panel_uploads/production/Goldcoin.png","fulfillment_at":"2022-06-07 16:38:08","redemption_text":"Goldback will be credited within 24 hours in your Gold locker.","redemption_type":"goldback","redemption_status":"REDEEM_REQUESTED","gratification_processed":false,"stage_redemption_type":"goldback","gratification_type_flat":"absolute","crosspromo_data":[]}],"stage_gratification_text":"You will win ₹16 goldback","stage_screen_construct1":"2nd payment"}],"game_expiry":"2022-02-18T18:29:59.000Z","game_completion_time":"2022-07-25T08:45:29.000Z","max_cap_bonus_amount_game":31,"bonus_amount_earned":31,"status":3,"remaining_time":"0 seconds left to expire","offer_remaining_time":"0 seconds left to activate offer","txn_count_text":"2/2 Payment Received","success_txn_text":"2 Offer Keywords h done","game_gratification_message":"You have won multiple rewards","offer_expiry":"2022-02-13T18:29:59.000Z","initialized_offer_text":"Activate offer and accept 1 more transaction to earn upto ₹31 "}},
  "GameDetails2sApiWithDiffMerchantId": {"data":{},"errors":[{"code":null,"errorCode":"SUCASH_4023","message":"No valid game found","title":"Not Found","status":404}],"status":0},
  "SelectOfferApiWithExpiredCampaign": {"data":{},"errors":[{"code":null,"errorCode":"SUCASH_4008","message":"You are not eligible for this campaign. Checkout other cashback offers for you.","title":"Campaign Eligibility","status":404}],"status":0},
  "SelectOfferApiWrongCampaignId"   : {"data":null,"errors":[{"code":null,"errorCode":null,"message":"Something went wrong. Checkout other cashback offers for you.","title":"Something went wrong. Checkout other cashback offers for you.","status":500}],"status":0},
  "ReferralTagS2S": {"data":{"bonus_detail":[],"campaigns":[{"short_description":"Refer friends to Paytm Money Transfer and earn upto \u20b925 cashback on each successful referral","first_transaction_cta":null,"background_image_url":"https://paytm.s3-ap-southeast-1.amazonaws.com/promo_seller_panel_uploads/production/Referral%20bgd%20image%202.png","auto_activate":true,"isDeeplink":false,"collectibles":null,"offer_text_override":"Get \u20b91 cashback ! Garvit","surprise_text":"<p><span style=\"color: #FFA500;\">★<\/span><span style=\"color: #000000;\">Transfer money 1st time, Get \u20b91 cashback<p>","id":60541,"event":"ACCEPT_OFFER","surprise_text_title":"Offer Details","offer_keyword":"Transfer money","tnc":"https://gateway.paytm.com/papi/v2/promocard/supercash/campaign/tnc/60541","show_game_progress":true,"deeplink_url":null,"unlock_text":"Transfer money to unlock","valid_upto":"2022-11-30T05:48:00.000Z","journey_info":null,"referral_data":{"referral_campaign_group":null,"coms_info":null,"referral_deeplink":null,"phonebook_progress_screen_cta":null,"new_user_referral":false,"deeplink_text":"Hey, You can become a merchant on Paytm, start accepting Payments on All in One QR and get the amount directly in your bank account. Accept Payments from Wallet, UPI, Credit/Debit card, NetBanking. Use my referral code INVITE_CODE or click on my referral link below INVITE_LINK","referralImageUrl":"https://paytm.s3-ap-southeast-1.amazonaws.com/promo_seller_panel_uploads/production/Money_Transfer_Offer.png","deeplink_url":"test"},"progress_screen_cta":"Transfer Now","campaign":"TEST_REFERRAL0001","offer_image_url":"https://paytm.s3-ap-southeast-1.amazonaws.com/promo_seller_panel_uploads/production/Money_Transfer_Offer.png","new_offers_image_url":"https://paytm.s3-ap-southeast-1.amazonaws.com/promo_seller_panel_uploads/production/Money_Transfer_Offer.png","important_terms":"<p><span style=\"color: rgb(255, 165, 0);\">★<\/span><span style=\"color: rgb(0, 0, 0);\">This offer is applicable only when you Transfer money for \u20b91<\/span><\/p>\n\n<p><span style=\"color: rgb(255, 165, 0);\">★<\/span><span style=\"color: rgb(0, 0, 0);\">Offer can be availed 20 times during the campaign validity<\/span><\/p>\n\n<p> <\/p>\n","background_overlay":false,"offer_type_id":0,"total_txn_count":2,"campaign_detail_deeplink":"paytmmp://cash_wallet?featuretype=vip&screen=topoffer&campaignid=60541"}],"invite_text":"Share your invite","referral_links":{"TEST_REFERRAL0001":{"link":"Cpc1r7k","referralImageUrl":"https://paytm.s3-ap-southeast-1.amazonaws.com/promo_seller_panel_uploads/production/Money_Transfer_Offer.png","short_url":null}}},"errors":[],"status":1},
  "ReferralTagS2SWithoutMerchantId": {"data":null,"errors":[{"code":null,"errorCode":"SUCASH_4013","message":"Validation failed","title":"Validation Error","status":400}],"status":0},
  "ReferralTagS2SWithDifferentTag": {"data":{"bonus_detail":[],"campaigns":[],"invite_text":"Share your invite","referral_links":null},"errors":[],"status":1},
  "ReferralAssociationS2S": {"data":{"deeplink":"test","association_created":true},"errors":[],"status":1},
  "ReferralAssociationS2SWithoutLink": {"data":null,"errors":[{"code":null,"errorCode":"SUCASH_4013","message":"Validation failed","title":"Validation Error","status":400}],"status":0},
  "ReferralLinkValidityS2S": {"valid":true,"reason":null,"code":null,"expire_at":1643912999999,"user_data":null},
  "GameListS2SApi": {"data":{"has_expired_offers":true,"is_next":false,"supercash_list":[{"offer_remaining_time":"0 seconds left to activate offer","game_completion_time":"2019-09-26T05:23:32.000Z","game_gratification_message":"You have won multiple rewards","created_at":"2019-09-26T05:23:32.000Z","success_txn_count":1,"game_expiry":"2019-09-28T05:23:32.000Z","offer_id":15972,"game_status":"GAME_EXPIRED","success_txn_text":"1 Payment done","offer_expiry":"2019-09-26T05:24:32.000Z","remaining_time":"0 seconds left to expire","stage":1,"updated_at":"2019-09-26T05:23:32.000Z","bonus_amount_earned":0,"initialized_offer_text":"Activate offer and accept 2 more transaction to earn upto \u20b94000 ","stages":[{"stage":[0,1],"stage_gratification_text":"You will win upto \u20b94000 bank account cashback","stage_total_txn_count":3,"stage_status":"INPROGRESS","stage_screen_construct1":"1st - 3rd payment","tasks":[{"cap_bonus_amount":4000,"gratification_processed":false,"gratification_type_flat":"percentage","crosspromo_data":[],"frontend_redemption_type":"bank account cashback","bonus_amount_earned":0,"redemption_type_icon_url":"https://paytm.s3-ap-southeast-1.amazonaws.com/promo_seller_panel_uploads/production/Cashback.png","stage_redemption_type":"bank account cashback"}],"stage_success_txn_count":1}],"game_expiry_reason_text":"Your offer expired as you did not complete 2 out of 3 transactions.","txn_count_text":"1/3 Payment Received","campaign":{"short_description":"AUTO_CLM_AutoActiveFalse","background_image_url":"AUTO_CLM_AutoActiveFalse","auto_activate":false,"offer_keyword":"Payment","tnc":"https://gateway.paytm.com/papi/v2/promocard/supercash/campaign/tnc/29089","isDeeplink":true,"description":"AUTO_CLM_AutoActiveFalse","promocode":"AUTO_CLM_AUTOACTIVEFALSE","deeplink_url":"AUTO_CLM_AutoActiveFalse","offer_icon_override_url":"AUTO_CLM_AutoActiveFalse","title":"AUTO_CLM_AutoActiveFalse","off_us_transaction_text":"","offer_text_override":"AUTO_CLM_AutoActiveFalse","cashback_process_delay_unit":"1","is_offus_transaction":true,"surprise_text":"AUTO_CLM_AutoActiveFalse","valid_upto":"2022-01-01T05:52:00.000Z","cashback_process_delay":"5","offer_type_text":"","campaign":"AUTO_CLM_AUTOACTIVEFALSE","id":29089,"new_offers_image_url":"AUTO_CLM_AutoActiveFalse","important_terms":"<p>AUTO_CLM_AutoActiveFalse<\/p>\n","tnc_url":"https://gateway.paytm.com/papi/v2/promocard/supercash/campaign/tnc/29089"},"total_txn_count":3,"max_cap_bonus_amount_game":4000,"status":4},{"offer_remaining_time":"0 seconds left to activate offer","game_completion_time":"2019-08-07T10:56:53.000Z","game_gratification_message":"You have won multiple rewards","created_at":"2019-08-07T10:56:52.000Z","success_txn_count":3,"game_expiry":"2019-08-08T10:56:52.000Z","offer_id":10843,"game_status":"GAME_EXPIRED","success_txn_text":"3 AUTO_XTXNPERUSRDAY done","offer_expiry":"2019-08-07T11:01:52.000Z","remaining_time":"0 seconds left to expire","stage":1,"updated_at":"2019-08-07T10:56:53.000Z","bonus_amount_earned":0,"initialized_offer_text":"Activate offer and accept 3 more transaction to earn upto \u20b910000 ","stages":[{"stage":[0,1],"stage_gratification_text":"You will win upto \u20b910000 bank account cashback","stage_total_txn_count":4,"stage_status":"INPROGRESS","stage_screen_construct1":"1st - 4th payment","tasks":[{"cap_bonus_amount":10000,"gratification_processed":false,"gratification_type_flat":"percentage","crosspromo_data":[],"frontend_redemption_type":"bank account cashback","bonus_amount_earned":0,"redemption_type_icon_url":"https://paytm.s3-ap-southeast-1.amazonaws.com/promo_seller_panel_uploads/production/Cashback.png","stage_redemption_type":"bank account cashback"}],"stage_success_txn_count":3}],"game_expiry_reason_text":"Your offer expired as you did not complete 1 out of 4 transactions.","txn_count_text":"3/4 Payment Received","campaign":{"short_description":"AUTO_XTXNPERUSRDAY","background_image_url":"AUTO_XTXNPERUSRDAY","auto_activate":false,"offer_keyword":"AUTO_XTXNPERUSRDAY","tnc":"https://gateway.paytm.com/papi/v2/promocard/supercash/campaign/tnc/29147","isDeeplink":false,"description":"AUTO_XTXNPERUSRDAY","promocode":"AUTO_XTXNPERUSRDAY","offer_icon_override_url":"AUTO_XTXNPERUSRDAY","title":"AUTO_XTXNPERUSRDAY","off_us_transaction_text":"AUTO_XTXNPERUSRDAY","offer_text_override":"AUTO_XTXNPERUSRDAY","is_offus_transaction":false,"surprise_text":"AUTO_XTXNPERUSRDAY","valid_upto":"2024-10-19T08:43:35.000Z","offer_type_text":"","campaign":"AUTO_XTXNPERUSRDAY","id":29147,"new_offers_image_url":"AUTO_XTXNPERUSRDAY","important_terms":"<p>AUTO_XTXNPERUSRDAY<\/p>\n","tnc_url":"https://gateway.paytm.com/papi/v2/promocard/supercash/campaign/tnc/29147"},"total_txn_count":4,"max_cap_bonus_amount_game":10000,"status":4}]},"errors":[],"status":1}
}