{
  "txn_data": {
    "reqId": "GJHGS67600AAWD",
    "sourceSystemId": "RECHARGES",
    "customer_email": null,
    "phone": "8722125353",
    "user_id": 5555555555,
    "payeeName": null,
    "merchantName": null,
    "orderName": "Prathiba PS, Bengaluru - Delhi, 20 Jun 2018",
    "sku": "Indigo_Eco",
    "price": 2521,
    "product_id": 1200138677,
    "merchant_id": 898,
    "vertical_id": 66,
    "category_id": 69089,
    "created_time": "2021-05-05T15:11:48.000Z",
    "payments": [{
      "id": 4295084636,
      "order_id": 125765791010101,
      "pg_amount": 2741,
      "transaction_number": "20180515111212800110168835700025420",
      "kind": 1,
      "fulfillment_id": 0,
      "payment_method": "Paytm Cash",
      "status": 2,
      "payment_bank": "WALLET",
      "gateway": "WALLET",
      "provider": "paytmnew",
      "mid": "Rechar32004946353223",
      "pg_response_code": "01",
      "appkey": "web:2:1",
      "created_at": "2020-07-15T09:39:48.000Z",
      "updated_at": "2020-07-15T09:40:48.000Z"
    }],
    "transaction_response": null,
    "txnId": "12111111111111111111111112",
    "totalTxnAmount": 2741,
    "mid": "Rechar32004946353224",
    "order_id": "8134234234243"}
}