[
  {
    "TestCaseName": "Verify Short URL with valid parameters",
    "shortURL": "https://www.p.paytm.me/qw",
    "link":"nsNXfYn",
    "user": "240001",
    "error": "",
    "status": 1
  },
  {
    "TestCaseName": "Verify Short URL with invalid link",
    "shortURL": "https://www.p.paytm.me/qw",
    "link":"nsNXfYnwad",
    "user": "240001",
    "error": "REFER_4003",
    "status": 0
  },
  {
    "TestCaseName": "Verify Short URL with invalid domain in short URL",
    "shortURL": "https://www.p.awdfpaytm.me/qw",
    "link":"nsNXfYn",
    "user": "240001",
    "error": "REFER_4003",
    "status": 0
  },
  {
    "TestCaseName": "Verify Short URL with invalid URL",
    "shortURL": "p.paytm.me",
    "link":"nsNXfYn",
    "user": "240001",
    "error": "REFER_4003",
    "status": 0
  },
  {
    "TestCaseName": "Verify Short URL with invalid user",
    "shortURL": "https://www.p.paytm.me/qw",
    "link":"nsNXfYn",
    "user": "2412310",
    "error": "REFER_4003",
    "status": 0
  },
  {
    "TestCaseName": "Verify Short URL with case senitive URL",
    "shortURL": "https://www.P.PAYTM.ME/qw",
    "link":"nsNXfYn",
    "user": "240001",
    "error": "",
    "status": 1
  },
  {
    "TestCaseName": "Verify Short URL with secondary domain URL",
    "shortURL": "https://www.A.PAYTM.COM/qwwada",
    "link":"nsNXfYn",
    "user": "240001",
    "error": "",
    "status": 1
  },
  {
    "TestCaseName": "Verify Short URL with http protocol",
    "shortURL": "http://www.A.PAYTM.COM/qwwada",
    "link":"nsNXfYn",
    "user": "240001",
    "error": "",
    "status": 1
  },
  {
    "TestCaseName": "Verify Short URL with blank parameters",
    "shortURL": "",
    "link":"",
    "user": "",
    "error": "",
    "status": 400
  }
]