{
  "timeoutAt": "#$*.*",
  "campaignId": "#$*.*",
  "isDelete": null,
  "txnCount": 1,
  "totalTxnCount": 2,
  "fulfillmentAt": null,
  "expireAt": "#$*.*",
  "userId": "#$*.*",
  "version": 0,
  "acknowledgedAt": "#$*.*",
  "createdAt": "2021-11-25T15:38:08.000+0000",
  "gameExpired": false,
  "stage": 1,
  "successTransactionCount": 1,
  "offerExpired": false,
  "campaign": "AUTOMATIONOFFERTAG",
  "id": 1302689,
  "stagetxnCount": 2,
  "status": "INPROGRESS",
  "updatedAt": "2021-11-25T15:38:11.000+0000",
  "info": {
    "cb_earned_at": "2021-11-25T15:38:08.161Z",
    "keys": {

    },
    "globalGameExpiry": "2021-11-25T18:29:59.000+0000",
    "stageSummary": {
      "0": {
        "transactionCount": 1,
        "tasks": [
          {
            "redemption_status": 2,
            "fulfillment_at": "2021-11-25 21:23:08",
            "action_identifier": 0,
            "bonus_amount": 10,
            "redemption_type": "cashback"
          }
        ],
        "status": "COMPLETED"
      },
      "1": {
        "transactionCount": 2,
        "tasks": [

        ],
        "status": "INCOMPLETE"
      }
    },
    "offer_keys": {
      "AUTOMATIONOFFERTAG_1637909186_OFFERS": {

      }
    },
    "success_txn_count": 1,
    "transactions": [
      {
        "fulfillment_time": null,
        "collect_id": null,
        "payment_instrument": null,
        "created_at": "2021-11-25T15:38:07.000Z",
        "merchant_name": null,
        "vertical_id": null,
        "txn_amount": 2400,
        "merchant_id": "qexCmt729341830009191",
        "txn_source": "WALLET",
        "order_name": null,
        "txn_id": "1637918114",
        "stage": 0,
        "category_id": null,
        "txn_type": "automationofffertag",
        "txn_info": null,
        "payee_identifier": "qexCmt729341830009191",
        "payee_name": "Vineet Mittal",
        "payee_va": null,
        "order_id": "SM_FEAFFBA43D7F1F52",
        "cancelledDate": null,
        "status": null
      }
    ]
  }
}