{
  "USER_INDEX": {
    "testcaseName": "Verify data in oms pipeline for user_index ",
    "request": {
      "query": {
        "bool": {
          "filter": [
            {
              "term": {
                "id": 100071344790
              }
            }

          ]
        }
      }
    },
    "response": {
      "took": "#$*.*",
      "timed_out": false,
      "_shards": {
        "total": "#$*.*",
        "successful":"#$*.*",
        "skipped": 0,
        "failed": 0
      },
      "hits": {
        "total":"#$*.*",
        "max_score": 0.0,
        "hits": [
          {
            "_index": "mktorders_pcu_user_2019_11_01000",
            "_type": "orders",
            "_id": "100071344790",
            "_score": 0.0,
            "_routing": "1107216923",
            "_source": {
              "id": 100071344790,
              "user_id": 1107216923,
              "site_id": 1,
              "items": [
                {
                  "gratifications": [
                    {
                      "gratification_type": "pgdiscount",
                      "gratification_value ": 100000
                    }
                  ],
                  "total_gratification": 100000,
                  "product": {
                    "category_L1": 5028,
                    "discoverability": null,
                    "category_L2": 5029,
                    "category_L3": 9048,
                    "category_id": 9049,
                    "merchant_id": 600665,
                    "vertical_id": 2,
                    "brand_id": 439730,
                    "product_id": null,
                    "need_shipping": true
                  },
                  "price": 1000000,
                  "created_at": "2019-11-22T04:56:16.000Z",
                  "updated_at": "2019-11-22T04:56:16.000Z",
                  "campaign": "AUTO_UNIQUECARD",
                  "item_status": 1,
                  "item_id": 1349563910462,
                  "promocode": "AUTO_UNIQUECARD"
                }
              ],
              "channel": "WEB 2",
              "created_at": "2019-11-22T04:56:16.000Z",
              "updated_at": "2019-11-22T04:56:16.000Z",
              "status": 1,
              "payment_status": 1,
              "payment_intent": null,
              "order_info": "{\"s_id\":1,\"pg_cf\":0,\"user_flag\":513}",
              "client": "web",
              "index_created_at": "2019-11-22T10:26:20.405",
              "index_updated_at": "2019-11-22T10:26:20.405"
            }
          }
        ]
      }
    }
  }

}
