{
    "client": "USER",
    "partnerId": 1,
    "offer": "Test offer created by automation",
    "offerDescription": "Automation Test Description",
    "couponRequired": 0,
    "couponUsageCount": 2,
    "categoryId": 2,
    "groupId": "",
    "campaign": null,
    "benefitsValidity": "0",
    "status": 1,
    "expiryDate": "2022-12-02",
    "cycleStartDate": null,
    "cyclePeriod": "1",
    "totalCouponToIssue": 10,
    "couponAllowedDays": 10,
    "offerIconUrl": null,
    "offerDisplayContent": null,
    "benefitsOptin": "MERCHANTSUBSCRIPTION",
    "promocodeBoundingStatus": [],
    "planId": [
        4
    ],
    "attributes": {
        "isReferralOffer": "false",
        "offerDetailsText": null,
        "offerDetails": [],
        "tncText": null,
        "tncDetails": [],
        "deepLinkAndroid": null,
        "deepLinkIos": null,
        "overlayBtnText": null,
        "overlayTitle": null,
        "overlayDescription": null,
        "overlayNoteText": null,
        "backgroundImageUrl": null,
        "offerTag": null,
        "claimBtnText": null,
        "claimOfferText": null,
        "contentShowcase": [],
        "groupCompareText": null
    }
}