{
  "client": "MERCHANT",
  "planName": "Automation Merchant Testplan",
  "planAmount": 10,
  "planDescription": "Test plan for Merchant",
  "planLogo": "test.png",
  "planWelcomeText": null,
  "storefrontUrl": null,
  "planProductId": "1",
  "planValidity": 1,
  "sellable": 0,
  "status": 0,
  "paytmFirstSubsMandatory": 0,
  "planType": [
    1
  ],
  "planPriority": 1,
  "cartPlanId": null,
  "offerId": [
    233
  ],
  "info": {
    "merchantServiceDetails": {
      "planPrice": 10,
      "frequency": 1,
      "deductionStartDay": 1
    }
  }
}