{
    "client": "USER",
    "partnerId": 1,
    "offer": "10% off on first 5 orders",
    "offerDescription": "TestGroupFunctionality",
    "couponRequired": 1,
    "couponUsageCount": 0,
    "categoryId": 35,
    "groupId": null,
    "campaign": null,
    "benefitsValidity": 0,
    "status": 0,
    "activationDate": "2021-07-20",
    "expiryDate": "2023-07-20",
    "cycleStartDate": null,
    "cyclePeriod": null,
    "totalCouponToIssue": 0,
    "couponAllowedDays": 0,
    "offerIconUrl": null,
    "offerDisplayContent": null,
    "benefitsOptin": null,
    "promocodeBoundingStatus": [],
    "planId": [],
    "attributes": {
        "isReferralOffer": "false",
        "offerDetailsText": null,
        "offerDetails": [],
        "tncText": null,
        "tncDetails": [],
        "deepLinkAndroid": null,
        "deepLinkIos": null,
        "overlayBtnText": null,
        "overlayTitle": null,
        "overlayDescription": null,
        "overlayNoteText": null,
        "backgroundImageUrl": null,
        "offerTag": null,
        "claimBtnText": null,
        "claimOfferText": null,
        "contentShowcase": [],
        "groupCompareText": null
    }
}