{
  "single": {
    "user":{
      "id":"USERID"
    },
    "cart":{
      "items":{
        "101pid":{
          "price":"100",
          "product":{
            "id":101,
            "merchant_id":102,
            "brand_id":103,
            "category_ids":[
              "104"
            ]
          }
        }
      }
    },
    "clientDetails":{
      "channel":"CHANNEL"
    },
    "promocode": "CODE",
    "paymentDetails": {
      "paymentOptions": [
        {
          "transactionAmount": 100,
          "payMethod": "METHOD",
          "issuingBank": "BANK",
          "issuingNetworkCode": "NETWORK",
          "bin6": "BIN6",
          "bin8": "BIN8"
        }
      ],
      "totalTransactionAmount": 100
    }
  },
  "double": {
    "user":{
      "id":"USERID"
    },
    "cart":{
      "items":{
        "101pid":{
          "price":"100",
          "product":{
            "id":101,
            "merchant_id":102,
            "brand_id":103,
            "category_ids":[
              "104"
            ]
          }
        },
        "201pid":{
          "price":"100",
          "product":{
            "id":201,
            "merchant_id":202,
            "brand_id":203,
            "category_ids":[
              "204"
            ]
          }
        }
      }
    },
    "clientDetails":{
      "channel":"CHANNEL"
    },
    "promocode": "CODE",
    "paymentDetails": {
      "paymentOptions": [
        {
          "transactionAmount": 100,
          "payMethod": "METHOD",
          "issuingBank": "BANK",
          "issuingNetworkCode": "NETWORK",
          "bin6": "BIN6",
          "bin8": "BIN8"
        }
      ],
      "totalTransactionAmount": 100
    }
  },
  "notmappedPgMID": {
    "clientDetails": {
      "channel": "APP"
    },
    "promocode": "AUTO_PG_2",
    "paymentDetails": {
      "totalTransactionAmount": 10000,
      "paymentOptions": [
        {
          "bin6": "112233",
          "issuingBank": "SBI",
          "issuingNetworkCode": "MASTER",
          "payMethod": "CREDIT_CARD",
          "transactionAmount": 10000,
          "bin8": "11223344"
        }
      ]
    },
    "user": {
      "id": "SAMPLE_USERID"
    },
    "cart": {
      "items": {
        "224826564pid": {
          "product": {
            "id": 224826564,
            "merchant_id": 21321,
            "category_ids": [
              "401"
            ],
            "brand_id": 4556671
          },
          "price": "10000"
        }
      }
    }
  }
}




