{
  "user": {
    "id": "6622035780",
    "paytmUserId":479932
  },
  "cart": {
    "items": {
      "1224826563pid": {
        "originalPrice": "200000",
        "price": "200000",
        "product": {
          "id": 1224826563,
          "merchant_id": 30102,
          "vertical_id": 18,
          "brand_id": "",
          "category_ids": [
            ""
          ]
        }
      }
    }
  },
  "clientDetails": {
    "channel": "WEB"
  },
  "promocode":"PROMOCODE",
  "paymentDetails": {
    "paymentOptions": [
      {
        "originalTransactionAmount": 200000,
        "transactionAmount": 200000,
        "payMethod": "CREDIT_CARD",
        "issuingBank": "ICICI",
        "issuingNetworkCode": "VISA",
        "bin6": 458546,
        "bin8": "0",
        "cardIndexNo": "CARDINDEX1001",
        "cardHash": "string",
        "vpa": null,
        "tenure": -1
      }
    ],
    "totalTransactionAmount": 200000,
    "originalTotalTransactionAmount": 200000
  }
}