{
  "successResponse": {
    "status": 1,
    "data": {
      "gratificationDataSRO": {
        "id": 98180,
        "campaign": "R2TVUY_TESTG101",
        "siteId": 1,
        "userId": null,
        "orderId": "8033553",
        "orderItemId": "224826564pid",
        "amount": 500,
        "actionType": "applyPGDiscount",
        "redemptionType": "offus_discount",
        "subRedemptionType": "discount",
        "redemptionValue": null,
        "status": 1,
        "fulfillmentStatus": 0,
        "fulfillmentTime": "2021-12-09T11:53:48.000+0000",
        "flags": 0,
        "postActions": null,
        "promocode": "TESTG101",
        "retryCount": 0,
        "createdAt": "2021-12-09T11:53:49.000+0000",
        "updatedAt": "2021-12-09T11:53:48.000+0000",
        "client": "PG",
        "clientId": "TEST1234",
        "gratificationInfoSRO": {
          "wTxnId": null,
          "walletResponseStatus": null,
          "errorCode": null,
          "code": null,
          "oldRedemptionType": null,
          "newRedemptionType": null,
          "walletGuId": null,
          "fallbackRedemptionType": null,
          "statusCode": null,
          "creditStatusCode": null,
          "status": null,
          "fundOrderId": null,
          "referenceId": null,
          "extraInfo": null
        },
        "gratificationCustomTextSRO": {
          "fallbackRedemptionType": null,
          "fbToGBJobId": null,
          "fbToGBChatJobId": null,
          "fbToPGBJobId": null,
          "fbToPGBChatJobId": null,
          "fbToUPIJobId": null,
          "fbToUPIChatJobId": null,
          "fbToPUPIJobId": null,
          "fbToPUPIChatJobId": null,
          "fbToGvJobId": null,
          "fbToGvChatJobId": null,
          "fbToPGVJobId": null,
          "fbToPGVChatJobId": null,
          "fbToPpblJobId": null,
          "fbToPpblChatJobId": null,
          "merchantOrderId": null,
          "isUpiAccountLinked": null,
          "upiSmsDate": null,
          "upiSmsJobId": null,
          "upiLinkChatJobId": null,
          "expiryTimePeriod": null,
          "crossPromoData": null,
          "walletMID": null,
          "gratificationDelay": null,
          "giveSkuPAData": null,
          "merchantDisplayName": null,
          "merchantType": null,
          "upiAccountLinked": null
        },
        "createdBy": "SYSTEM",
        "updatedBy": "SYSTEM",
        "version": 0,
        "source": "ONLINE",
        "decimalAmount": 0.5
      }
    }
  },
  "failureResponse": {
    "status": 0,
    "error": {
      "code": "REDEMPTION_4001",
      "message": "Invalid redemption id in the request."
    },
    "data": null
  },
  "mandatoryParamMissing": {
    "status": 0,
    "error": {
      "code": "PROMO_APPLY_4001",
      "message": "Missing mandatory parameters.",
      "details": [
        {
          "message": "must not be blank",
          "target": "getGratificationData.id"
        }
      ]
    },
    "data": null
  },
  "successResponseAddBonus": {
    "status": 1,
    "error": null,
    "data": {
      "gratificationDataSRO": {
        "id": 40857,
        "campaign": "R36LQ3_PR13673",
        "siteId": 1,
        "userId": null,
        "orderId": "namita101",
        "orderItemId": "namita101",
        "amount": 1000,
        "actionType": "givePaytmOFFUSCash",
        "redemptionType": "offus_paytm_cashback",
        "subRedemptionType": "offus_paytm_cashback",
        "redemptionValue": null,
        "status": 0,
        "fulfillmentStatus": 0,
        "fulfillmentTime": "2021-01-08T08:34:29.000+0000",
        "flags": 0,
        "postActions": null,
        "promocode": "R36LQ3_PR13673",
        "retryCount": 0,
        "createdAt": "2021-01-08T08:34:29.000+0000",
        "updatedAt": "2021-01-08T08:34:29.000+0000",
        "client": "PG",
        "clientId": "SubNew86943636702082",
        "gratificationInfoSRO": {
          "wTxnId": null,
          "walletResponseStatus": null,
          "errorCode": null,
          "code": null,
          "oldRedemptionType": null,
          "newRedemptionType": null,
          "walletGuId": null,
          "fallbackRedemptionType": null,
          "statusCode": null,
          "creditStatusCode": null,
          "status": null,
          "fundOrderId": null,
          "referenceId": null
        },
        "gratificationCustomTextSRO": {
          "fallbackRedemptionType": null,
          "fbToGBJobId": null,
          "fbToGBChatJobId": null,
          "fbToPGBJobId": null,
          "fbToPGBChatJobId": null,
          "fbToUPIJobId": null,
          "fbToUPIChatJobId": null,
          "fbToPUPIJobId": null,
          "fbToPUPIChatJobId": null,
          "fbToGvJobId": null,
          "fbToGvChatJobId": null,
          "fbToPGVJobId": null,
          "fbToPGVChatJobId": null,
          "fbToPpblJobId": null,
          "fbToPpblChatJobId": null,
          "merchantOrderId": null,
          "isUpiAccountLinked": null,
          "upiSmsDate": null,
          "upiSmsJobId": null,
          "upiLinkChatJobId": null,
          "expiryTimePeriod": null,
          "crossPromoData": null,
          "walletMID": null,
          "gratificationDelay": null,
          "upiAccountLinked": null
        },
        "createdBy": "SYSTEM",
        "updatedBy": "SYSTEM",
        "version": 1,
        "source": "OFFLINE",
        "decimalAmount": 1
      }
    }
  },
  "failureResponseAddBonus": {
    "status": 0,
    "error": {
      "code": "REDEMPTION_4001",
      "message": "Invalid redemption id in the request."
    },
    "data": null
  },
  "mandatoryParamMissingAddBonus": {
    "status": 0,
    "error": {
      "code": "PROMO_APPLY_4001",
      "message": "Missing mandatory parameters.",
      "details": [
        {
          "message": "must not be blank",
          "target": "getGratificationData.id"
        }
      ]
    },
    "data": null
  },
  "failureResponseOrderIdClientIdInvalidToken": {
    "status": 0,
    "error": {
      "code": "REDEMPTION_4014",
      "message": "Jwt token is invalid due to exception."
    },
    "data": null
  },
  "failureResponseOrderIdClientIdInvalidParam": {
    "data": null,
    "error": {
      "code": "PROMO_APPLY_4002",
      "message": "Required String parameter 'orderId' is not present",
      "target": "orderId"
    },
    "status": 0
  },
  "mandatoryParamMissingOrderIdClientId": {
    "data": null,
    "error": {
      "code": "PROMO_APPLY_4001",
      "details": [
        {
          "code": "BAD_REQUEST",
          "message": "Missing request header 'X-TOKEN' for method parameter of type String",
          "target": "X-TOKEN"
        }
      ],
      "message": "Missing mandatory parameters."
    },
    "status": 0
  },
  "successUpdateResponse": {
    "Request": {
      "flags": 0,
      "fulfillmentStatus": 2,
      "fulfillmentTime": "2021-01-14T11:12:16.902Z",
      "gratificationCustomTextSRO": {
        "crossPromoData": "string",
        "expiryTimePeriod": 0,
        "fallbackRedemptionType": "string",
        "fbToGBChatJobId": "string",
        "fbToGBJobId": "string",
        "fbToGvChatJobId": "string",
        "fbToGvJobId": "string",
        "fbToPGBChatJobId": "string",
        "fbToPGBJobId": "string",
        "fbToPGVChatJobId": "string",
        "fbToPGVJobId": "string",
        "fbToPUPIChatJobId": "string",
        "fbToPUPIJobId": "string",
        "fbToPpblChatJobId": "string",
        "fbToPpblJobId": "string",
        "fbToUPIChatJobId": "string",
        "fbToUPIJobId": "string",
        "gratificationDelay": 0,
        "isUpiAccountLinked": true,
        "merchantOrderId": "string",
        "upiAccountLinked": true,
        "upiLinkChatJobId": "string",
        "upiSmsDate": 0,
        "upiSmsJobId": "string",
        "walletMID": "string"
      },
      "gratificationInfoSRO": {
        "code": "string",
        "creditStatusCode": "string",
        "errorCode": "string",
        "fallbackRedemptionType": "string",
        "fundOrderId": "string",
        "newRedemptionType": "string",
        "oldRedemptionType": "string",
        "referenceId": "string",
        "status": "string",
        "statusCode": "string",
        "wTxnId": "string",
        "walletGuId": "string",
        "walletResponseStatus": "string"
      },
      "redemptionType": "namita",
      "redemptionValue": "1234",
      "retryCount": 0,
      "status": 0,
      "updatedBy": "string"
    }
  },
  "failureUpdateResponseNoFieldToUpdate": {
    "Request": {},
    "Response": {
      "status": 0,
      "error": {
        "code": "PROMO_APPLY_4002",
        "message": "Required Integer parameter 'version' is not present",
        "target": "version"
      },
      "data": null
    }
  },
  "failureUpdateResponseInvalidId": {
    "Request": {
      "flags": 0,
      "fulfillmentStatus": 2,
      "fulfillmentTime": "2021-01-14T11:12:16.902Z",
      "gratificationCustomTextSRO": {
        "crossPromoData": "string",
        "expiryTimePeriod": 0,
        "fallbackRedemptionType": "string",
        "fbToGBChatJobId": "string",
        "fbToGBJobId": "string",
        "fbToGvChatJobId": "string",
        "fbToGvJobId": "string",
        "fbToPGBChatJobId": "string",
        "fbToPGBJobId": "string",
        "fbToPGVChatJobId": "string",
        "fbToPGVJobId": "string",
        "fbToPUPIChatJobId": "string",
        "fbToPUPIJobId": "string",
        "fbToPpblChatJobId": "string",
        "fbToPpblJobId": "string",
        "fbToUPIChatJobId": "string",
        "fbToUPIJobId": "string",
        "gratificationDelay": 0,
        "isUpiAccountLinked": true,
        "merchantOrderId": "string",
        "upiAccountLinked": true,
        "upiLinkChatJobId": "string",
        "upiSmsDate": 0,
        "upiSmsJobId": "string",
        "walletMID": "string"
      },
      "gratificationInfoSRO": {
        "code": "string",
        "creditStatusCode": "string",
        "errorCode": "string",
        "fallbackRedemptionType": "string",
        "fundOrderId": "string",
        "newRedemptionType": "string",
        "oldRedemptionType": "string",
        "referenceId": "string",
        "status": "string",
        "statusCode": "string",
        "wTxnId": "string",
        "walletGuId": "string",
        "walletResponseStatus": "string"
      },
      "redemptionType": "namita",
      "redemptionValue": "string",
      "retryCount": 0,
      "status": 0,
      "updatedBy": "string"
    },
    "Response": {
      "data": null,
      "error": {
        "code": "REDEMPTION_4002",
        "message": "Invalid redemption id in the request."
      },
      "status": 0
    }
  },
  "failureResponseAddBonusCountNoOfTerminatedRowsInvalidToken": {
    "status": 0,
    "error": {
      "code": "REDEMPTION_4014",
      "message": "Jwt token is invalid due to exception."
    },
    "data": null
  },
  "successUpdateAddBonusResponse": {
    "Request": {
      "flags": 0,
      "fulfillmentStatus": 0,
      "fulfillmentTime": "2021-01-14T11:13:17.744Z",
      "gratificationCustomTextSRO": {
        "crossPromoData": "string",
        "expiryTimePeriod": 0,
        "fallbackRedemptionType": "string",
        "fbToGBChatJobId": "string",
        "fbToGBJobId": "string",
        "fbToGvChatJobId": "string",
        "fbToGvJobId": "string",
        "fbToPGBChatJobId": "string",
        "fbToPGBJobId": "string",
        "fbToPGVChatJobId": "string",
        "fbToPGVJobId": "string",
        "fbToPUPIChatJobId": "string",
        "fbToPUPIJobId": "string",
        "fbToPpblChatJobId": "string",
        "fbToPpblJobId": "string",
        "fbToUPIChatJobId": "string",
        "fbToUPIJobId": "string",
        "gratificationDelay": 0,
        "isUpiAccountLinked": true,
        "merchantOrderId": "string",
        "upiAccountLinked": true,
        "upiLinkChatJobId": "string",
        "upiSmsDate": 0,
        "upiSmsJobId": "string",
        "walletMID": "string"
      },
      "gratificationInfoSRO": {
        "code": "string",
        "creditStatusCode": "string",
        "errorCode": "string",
        "fallbackRedemptionType": "string",
        "fundOrderId": "string",
        "newRedemptionType": "string",
        "oldRedemptionType": "string",
        "referenceId": "string",
        "status": "string",
        "statusCode": "string",
        "wTxnId": "string",
        "walletGuId": "string",
        "walletResponseStatus": "string"
      },
      "redemptionType": "string",
      "redemptionValue": "string",
      "retryCount": 0,
      "status": 0,
      "updatedBy": "string"
    }
  },
  "updaterowStatusMandatoryParamMissing": {
    "Request": {},
    "Response": {
      "status": 0,
      "error": {
        "code": "PROMO_APPLY_4001",
        "message": "Missing mandatory parameters.",
        "details": [
          {
            "code": "BAD_REQUEST",
            "message": "Missing request header 'X-TOKEN' for method parameter of type String",
            "target": "X-TOKEN"
          }
        ]
      },
      "data": null
    }
  },
  "updaterowStatusMandatoryInvalidJwtToken": {
    "Request": {},
    "Response": {
      "status": 0,
      "error": {
        "code": "REDEMPTION_4014",
        "message": "Jwt token is invalid due to exception."
      },
      "data": null
    }
  },
  "mandatoryParamIdMissingAddBonus": {
    "status": 0,
    "error": {
      "code": "500",
      "message": "Internal Server Error"
    }
  },
  "successResponseForGetBulkAPI": {
    "status": 1,
    "data": [
      {
        "id": 98180,
        "campaign": "R2TVUY_TESTG101",
        "siteId": 1,
        "userId": null,
        "orderId": "8033553",
        "orderItemId": "224826564pid",
        "amount": 500,
        "actionType": "applyPGDiscount",
        "redemptionType": "offus_discount",
        "subRedemptionType": "discount",
        "redemptionValue": null,
        "status": 1,
        "fulfillmentStatus": 0,
        "fulfillmentTime": "2021-12-09T11:53:48.000+0000",
        "flags": 0,
        "postActions": null,
        "promocode": "TESTG101",
        "retryCount": 0,
        "createdAt": "2021-12-09T11:53:49.000+0000",
        "updatedAt": "2021-12-09T11:53:48.000+0000",
        "client": "PG",
        "clientId": "TEST1234",
        "gratificationInfoSRO": {
          "wTxnId": null,
          "walletResponseStatus": null,
          "errorCode": null,
          "code": null,
          "oldRedemptionType": null,
          "newRedemptionType": null,
          "walletGuId": null,
          "fallbackRedemptionType": null,
          "statusCode": null,
          "creditStatusCode": null,
          "status": null,
          "fundOrderId": null,
          "referenceId": null,
          "extraInfo": null
        },
        "gratificationCustomTextSRO": {
          "fallbackRedemptionType": null,
          "fbToGBJobId": null,
          "fbToGBChatJobId": null,
          "fbToPGBJobId": null,
          "fbToPGBChatJobId": null,
          "fbToUPIJobId": null,
          "fbToUPIChatJobId": null,
          "fbToPUPIJobId": null,
          "fbToPUPIChatJobId": null,
          "fbToGvJobId": null,
          "fbToGvChatJobId": null,
          "fbToPGVJobId": null,
          "fbToPGVChatJobId": null,
          "fbToPpblJobId": null,
          "fbToPpblChatJobId": null,
          "merchantOrderId": null,
          "isUpiAccountLinked": null,
          "upiSmsDate": null,
          "upiSmsJobId": null,
          "upiLinkChatJobId": null,
          "expiryTimePeriod": null,
          "crossPromoData": null,
          "walletMID": null,
          "gratificationDelay": null,
          "giveSkuPAData": null,
          "merchantDisplayName": null,
          "merchantType": null,
          "upiAccountLinked": null
        },
        "createdBy": "SYSTEM",
        "updatedBy": "SYSTEM",
        "version": 0,
        "source": "ONLINE",
        "decimalAmount": 0.5
      },
      {
        "id": 98181,
        "campaign": "R2TVUY_TESTG101",
        "siteId": 1,
        "userId": null,
        "orderId": "8033553",
        "orderItemId": "224826563pid",
        "amount": 500,
        "actionType": "applyPGDiscount",
        "redemptionType": "offus_discount",
        "subRedemptionType": "discount",
        "redemptionValue": null,
        "status": 1,
        "fulfillmentStatus": 0,
        "fulfillmentTime": "2021-12-09T11:53:48.000+0000",
        "flags": 0,
        "postActions": null,
        "promocode": "TESTG101",
        "retryCount": 0,
        "createdAt": "2021-12-09T11:53:49.000+0000",
        "updatedAt": "2021-12-09T11:53:48.000+0000",
        "client": "PG",
        "clientId": "TEST1234",
        "gratificationInfoSRO": {
          "wTxnId": null,
          "walletResponseStatus": null,
          "errorCode": null,
          "code": null,
          "oldRedemptionType": null,
          "newRedemptionType": null,
          "walletGuId": null,
          "fallbackRedemptionType": null,
          "statusCode": null,
          "creditStatusCode": null,
          "status": null,
          "fundOrderId": null,
          "referenceId": null,
          "extraInfo": null
        },
        "gratificationCustomTextSRO": {
          "fallbackRedemptionType": null,
          "fbToGBJobId": null,
          "fbToGBChatJobId": null,
          "fbToPGBJobId": null,
          "fbToPGBChatJobId": null,
          "fbToUPIJobId": null,
          "fbToUPIChatJobId": null,
          "fbToPUPIJobId": null,
          "fbToPUPIChatJobId": null,
          "fbToGvJobId": null,
          "fbToGvChatJobId": null,
          "fbToPGVJobId": null,
          "fbToPGVChatJobId": null,
          "fbToPpblJobId": null,
          "fbToPpblChatJobId": null,
          "merchantOrderId": null,
          "isUpiAccountLinked": null,
          "upiSmsDate": null,
          "upiSmsJobId": null,
          "upiLinkChatJobId": null,
          "expiryTimePeriod": null,
          "crossPromoData": null,
          "walletMID": null,
          "gratificationDelay": null,
          "giveSkuPAData": null,
          "merchantDisplayName": null,
          "merchantType": null,
          "upiAccountLinked": null
        },
        "createdBy": "SYSTEM",
        "updatedBy": "SYSTEM",
        "version": 0,
        "source": "ONLINE",
        "decimalAmount": 0.5
      }
    ]
  },
  "InvalidInputFormatResponseForGetBulkAPI": {
    "status": 0,
    "error": {
      "code": "REDEMPTION_4021",
      "message": "Id {} is not a number in request"
    }
  },
  "largeInputSizeResponseForGetBulkAPI": {
    "status": 0,
    "error": {
      "code": "REDEMPTION_4020",
      "message": "Large number of ids in request"
    }
  },
  "updateForLowerVersion": {
    "Request": {
      "flags": 0,
      "fulfillmentStatus": 2,
      "fulfillmentTime": "2021-01-14T11:12:16.902Z",
      "gratificationCustomTextSRO": {
        "crossPromoData": "string",
        "expiryTimePeriod": 0,
        "fallbackRedemptionType": "string",
        "fbToGBChatJobId": "string",
        "fbToGBJobId": "string",
        "fbToGvChatJobId": "string",
        "fbToGvJobId": "string",
        "fbToPGBChatJobId": "string",
        "fbToPGBJobId": "string",
        "fbToPGVChatJobId": "string",
        "fbToPGVJobId": "string",
        "fbToPUPIChatJobId": "string",
        "fbToPUPIJobId": "string",
        "fbToPpblChatJobId": "string",
        "fbToPpblJobId": "string",
        "fbToUPIChatJobId": "string",
        "fbToUPIJobId": "string",
        "gratificationDelay": 0,
        "isUpiAccountLinked": true,
        "merchantOrderId": "string",
        "upiAccountLinked": true,
        "upiLinkChatJobId": "string",
        "upiSmsDate": 0,
        "upiSmsJobId": "string",
        "walletMID": "string"
      },
      "gratificationInfoSRO": {
        "code": "string",
        "creditStatusCode": "string",
        "errorCode": "string",
        "fallbackRedemptionType": "string",
        "fundOrderId": "string",
        "newRedemptionType": "string",
        "oldRedemptionType": "string",
        "referenceId": "string",
        "status": "string",
        "statusCode": "string",
        "wTxnId": "string",
        "walletGuId": "string",
        "walletResponseStatus": "string"
      },
      "redemptionType": "namita",
      "redemptionValue": "1234",
      "retryCount": 0,
      "status": 0,
      "updatedBy": "string"
    },
    "Response": {
      "status": 0,
      "error": {
        "code": "REDEMPTION_4003",
        "message": "Version mismatch in the request."
      }
    }
  },
  "failureResponseMaxOrderIdLimit": {
    "status": 0,
    "error": {
      "code": "REDEMPTION_4019",
      "message": "orderId count in request is greater than threshold."
    }
  },
  "failureResponseMissingJWTToken": {
    "status": 0,
    "error": {
      "code": "REDEMPTION_4015",
      "message": "JWT Token is missing or empty."
    }
  },
  "failureResponseExpiredJWTToken": {
    "status": 0,
    "error": {
      "code": "REDEMPTION_4013",
      "message": "Jwt token is expired."
    }
  },
  "positiveResponseValidOrderIdAndClientId": {
    "status": 1,
    "data": {
      "gratificationDataSROList": [
        {
          "id": 150091,
          "campaign": "6JAJ34_BNKMNMX14",
          "siteId": 1,
          "userId": null,
          "orderId": "2022081716073800002414005053",
          "orderItemId": "2022081716073800002414005053",
          "amount": 500000,
          "actionType": "applyPGDiscount",
          "redemptionType": "offus_discount",
          "subRedemptionType": "discount",
          "redemptionValue": null,
          "status": 1,
          "fulfillmentStatus": 0,
          "fulfillmentTime": "2022-08-17T10:38:14.000+0000",
          "flags": 0,
          "postActions": null,
          "promocode": "BNKMNMX14",
          "retryCount": 0,
          "createdAt": "2022-08-17T10:38:15.000+0000",
          "updatedAt": "2022-08-17T10:38:14.000+0000",
          "client": "EDC",
          "clientId": "DCxgHA97996791396143",
          "gratificationInfoSRO": {
            "wTxnId": null,
            "walletResponseStatus": null,
            "errorCode": null,
            "code": null,
            "oldRedemptionType": null,
            "newRedemptionType": null,
            "walletGuId": null,
            "fallbackRedemptionType": null,
            "statusCode": null,
            "creditStatusCode": null,
            "status": null,
            "fundOrderId": null,
            "referenceId": null,
            "extraInfo": null
          },
          "gratificationCustomTextSRO": {
            "fallbackRedemptionType": null,
            "fbToGBJobId": null,
            "fbToGBChatJobId": null,
            "fbToPGBJobId": null,
            "fbToPGBChatJobId": null,
            "fbToUPIJobId": null,
            "fbToUPIChatJobId": null,
            "fbToPUPIJobId": null,
            "fbToPUPIChatJobId": null,
            "fbToGvJobId": null,
            "fbToGvChatJobId": null,
            "fbToPGVJobId": null,
            "fbToPGVChatJobId": null,
            "fbToPpblJobId": null,
            "fbToPpblChatJobId": null,
            "merchantOrderId": null,
            "isUpiAccountLinked": null,
            "upiSmsDate": null,
            "upiSmsJobId": null,
            "upiLinkChatJobId": null,
            "expiryTimePeriod": null,
            "crossPromoData": null,
            "walletMID": null,
            "gratificationDelay": null,
            "giveSkuPAData": null,
            "merchantDisplayName": null,
            "merchantType": null,
            "upiAccountLinked": null
          },
          "createdBy": "SYSTEM",
          "updatedBy": "SYSTEM",
          "version": 0,
          "source": "ONLINE",
          "decimalAmount": 500.0
        }
      ]
    }
  },
  "positiveResponseMultipleValidOrderIdAndClientId": {
    "status": 1,
    "data": {
      "gratificationDataSROList": [
        {
          "id": 150092,
          "campaign": "47ZVWG_MINMAX82",
          "siteId": 1,
          "userId": "Auto43113112E142e2322131323E3",
          "orderId": "8482834515222384",
          "orderItemId": "1200142694pid",
          "amount": 1000,
          "actionType": "applyPGDiscount",
          "redemptionType": "offus_discount",
          "subRedemptionType": "discount",
          "redemptionValue": null,
          "status": 1,
          "fulfillmentStatus": 3,
          "fulfillmentTime": "2022-08-17T12:09:41.000+0000",
          "flags": 0,
          "postActions": null,
          "promocode": "MINMAX82",
          "retryCount": 0,
          "createdAt": "2022-08-17T12:09:43.000+0000",
          "updatedAt": "2022-08-17T12:09:45.000+0000",
          "client": "EDC",
          "clientId": "MINMAX81",
          "gratificationInfoSRO": {
            "wTxnId": null,
            "walletResponseStatus": null,
            "errorCode": null,
            "code": null,
            "oldRedemptionType": null,
            "newRedemptionType": null,
            "walletGuId": null,
            "fallbackRedemptionType": null,
            "statusCode": null,
            "creditStatusCode": null,
            "status": null,
            "fundOrderId": null,
            "referenceId": null,
            "extraInfo": null
          },
          "gratificationCustomTextSRO": {
            "fallbackRedemptionType": null,
            "fbToGBJobId": null,
            "fbToGBChatJobId": null,
            "fbToPGBJobId": null,
            "fbToPGBChatJobId": null,
            "fbToUPIJobId": null,
            "fbToUPIChatJobId": null,
            "fbToPUPIJobId": null,
            "fbToPUPIChatJobId": null,
            "fbToGvJobId": null,
            "fbToGvChatJobId": null,
            "fbToPGVJobId": null,
            "fbToPGVChatJobId": null,
            "fbToPpblJobId": null,
            "fbToPpblChatJobId": null,
            "merchantOrderId": null,
            "isUpiAccountLinked": null,
            "upiSmsDate": null,
            "upiSmsJobId": null,
            "upiLinkChatJobId": null,
            "expiryTimePeriod": null,
            "crossPromoData": null,
            "walletMID": null,
            "gratificationDelay": null,
            "giveSkuPAData": null,
            "merchantDisplayName": null,
            "merchantType": null,
            "upiAccountLinked": null
          },
          "createdBy": "SYSTEM",
          "updatedBy": "SYSTEM",
          "version": 1,
          "source": "ONLINE",
          "decimalAmount": 1.0
        },
        {
          "id": 150093,
          "campaign": "47ZVWG_MINMAX82",
          "siteId": 1,
          "userId": "Auto43113112E142e2322131323E3",
          "orderId": "8482834515222385",
          "orderItemId": "1200142694pid",
          "amount": 1000,
          "actionType": "applyPGDiscount",
          "redemptionType": "offus_discount",
          "subRedemptionType": "discount",
          "redemptionValue": null,
          "status": 1,
          "fulfillmentStatus": 0,
          "fulfillmentTime": "2022-08-17T12:14:11.000+0000",
          "flags": 0,
          "postActions": null,
          "promocode": "MINMAX82",
          "retryCount": 0,
          "createdAt": "2022-08-17T12:14:12.000+0000",
          "updatedAt": "2022-08-17T12:14:11.000+0000",
          "client": "EDC",
          "clientId": "MINMAX81",
          "gratificationInfoSRO": {
            "wTxnId": null,
            "walletResponseStatus": null,
            "errorCode": null,
            "code": null,
            "oldRedemptionType": null,
            "newRedemptionType": null,
            "walletGuId": null,
            "fallbackRedemptionType": null,
            "statusCode": null,
            "creditStatusCode": null,
            "status": null,
            "fundOrderId": null,
            "referenceId": null,
            "extraInfo": null
          },
          "gratificationCustomTextSRO": {
            "fallbackRedemptionType": null,
            "fbToGBJobId": null,
            "fbToGBChatJobId": null,
            "fbToPGBJobId": null,
            "fbToPGBChatJobId": null,
            "fbToUPIJobId": null,
            "fbToUPIChatJobId": null,
            "fbToPUPIJobId": null,
            "fbToPUPIChatJobId": null,
            "fbToGvJobId": null,
            "fbToGvChatJobId": null,
            "fbToPGVJobId": null,
            "fbToPGVChatJobId": null,
            "fbToPpblJobId": null,
            "fbToPpblChatJobId": null,
            "merchantOrderId": null,
            "isUpiAccountLinked": null,
            "upiSmsDate": null,
            "upiSmsJobId": null,
            "upiLinkChatJobId": null,
            "expiryTimePeriod": null,
            "crossPromoData": null,
            "walletMID": null,
            "gratificationDelay": null,
            "giveSkuPAData": null,
            "merchantDisplayName": null,
            "merchantType": null,
            "upiAccountLinked": null
          },
          "createdBy": "SYSTEM",
          "updatedBy": "SYSTEM",
          "version": 0,
          "source": "ONLINE",
          "decimalAmount": 1.0
        }
      ]
    }
  },
  "failureUpdateResponseVersionMismatch": {
    "Request": {
      "flags": 0,
      "fulfillmentStatus": 2,
      "fulfillmentTime": "2021-01-14T11:12:16.902Z",
      "gratificationCustomTextSRO": {
        "crossPromoData": "string",
        "expiryTimePeriod": 0,
        "fallbackRedemptionType": "string",
        "fbToGBChatJobId": "string",
        "fbToGBJobId": "string",
        "fbToGvChatJobId": "string",
        "fbToGvJobId": "string",
        "fbToPGBChatJobId": "string",
        "fbToPGBJobId": "string",
        "fbToPGVChatJobId": "string",
        "fbToPGVJobId": "string",
        "fbToPUPIChatJobId": "string",
        "fbToPUPIJobId": "string",
        "fbToPpblChatJobId": "string",
        "fbToPpblJobId": "string",
        "fbToUPIChatJobId": "string",
        "fbToUPIJobId": "string",
        "gratificationDelay": 0,
        "isUpiAccountLinked": true,
        "merchantOrderId": "string",
        "upiAccountLinked": true,
        "upiLinkChatJobId": "string",
        "upiSmsDate": 0,
        "upiSmsJobId": "string",
        "walletMID": "string"
      },
      "gratificationInfoSRO": {
        "code": "string",
        "creditStatusCode": "string",
        "errorCode": "string",
        "fallbackRedemptionType": "string",
        "fundOrderId": "string",
        "newRedemptionType": "string",
        "oldRedemptionType": "string",
        "referenceId": "string",
        "status": "string",
        "statusCode": "string",
        "wTxnId": "string",
        "walletGuId": "string",
        "walletResponseStatus": "string"
      },
      "redemptionType": "namita",
      "redemptionValue": "string",
      "retryCount": 0,
      "status": 0,
      "updatedBy": "string"
    },
    "Response": {
      "status": 0,
      "error": {
        "code": "REDEMPTION_4003",
        "message": "Version mismatch in the request."
      }
    }
  },
  "successResponseWithFailedStatus":  {
    "Request": {
      "rowStatus": "FAILED",
      "ids": [
        42026
      ]
    },
    "Response": {
      "status": 1,
      "data": {
        "updated": 1
      }
    }
  }
  }