{
  "Request_Response": [
    {
      "TestCaseName": "Verify promo apply failure for incorrect merchant id : CODE_400:",
      "Request": {
        "totalTransactionAmount": 123,
        "paymentOptions": [
          {
            "bin8": 38474638,
            "issuingBank": "HDFC",
            "issuingNetworkCode": "VISA",
            "cardIndexNo": "0",
            "bin6": 764638,
            "payMethod": "CREDIT_CARD",
            "vpa": "xyz",
            "transactionAmount": 1500000
          }
        ],
        "channel": "WEB",
        "promocode": "AUTOFFUS"
      },
      "Response": {
        "status": 1,
        "error": null,
        "data": {
          "status": 0,
          "promocode": null,
          "promotext": "The offer you are trying to redeem is not valid",
          "savings": null,
          "promoVisibility": false,
          "responseCode": null
        }
      }
    },
    {
      "TestCaseName": "Verify promo apply failure for incorrect bank name",
      "Request": {
        "totalTransactionAmount": 123,
        "paymentOptions": [
          {
            "bin8": 38474638,
            "issuingBank": "RBS",
            "issuingNetworkCode": "VISA",
            "cardIndexNo": "0",
            "bin6": 764638,
            "payMethod": "CREDIT_CARD",
            "vpa": "xyz",
            "transactionAmount": 1500000
          }
        ],
        "channel": "WEB",
        "promocode": "AUTOFFUS"
      },
      "Response": {
        "status": 1,
        "error": null,
        "data": {
          "status": 0,
          "promocode": "AUTOFFUS",
          "promotext": "Invalid Bank",
          "savings": null,
          "promoVisibility": true
        }
      }
    },
    {
      "TestCaseName": "Verify promo apply failure for incorrect network",
      "Request": {
        "totalTransactionAmount": 123,
        "paymentOptions": [
          {
            "bin8": 38474638,
            "issuingBank": "HDFC",
            "issuingNetworkCode": "MASTERCARD",
            "cardIndexNo": "0",
            "bin6": 764638,
            "payMethod": "CREDIT_CARD",
            "vpa": "xyz",
            "transactionAmount": 1500000
          }
        ],
        "channel": "WEB",
        "promocode": "AUTOFFUS"
      },
      "Response": {
        "status": 1,
        "error": null,
        "data": {
          "status": 0,
          "promocode": "AUTOFFUS",
          "promotext": "Invalid Payment Network",
          "savings": null,
          "promoVisibility": true
        }
      }
    },
    {
      "TestCaseName": "Verify promo apply failure for invalid payment method",
      "Request": {
        "totalTransactionAmount": 123,
        "paymentOptions": [
          {
            "bin8": 38474638,
            "issuingBank": "HDFC",
            "issuingNetworkCode": "AMEX",
            "cardIndexNo": "0",
            "bin6": 764638,
            "payMethod": "NET_BANKING",
            "vpa": "xyz",
            "transactionAmount": 1500000
          }
        ],
        "channel": "WEB",
        "promocode": "AUTOFFUS"
      },
      "Response": {
        "status": 1,
        "error": null,
        "data": {
          "status": 0,
          "promocode": "AUTOFFUS",
          "promotext": "Invalid Payment Method",
          "savings": null,
          "promoVisibility": true
        }
      }
    },
    {
      "TestCaseName": "Verify promo apply failure for invalid amount",
      "Request": {
        "totalTransactionAmount": 123,
        "paymentOptions": [
          {
            "bin8": 38474638,
            "issuingBank": "HDFC",
            "issuingNetworkCode": "VISA",
            "cardIndexNo": "0",
            "bin6": 764638,
            "payMethod": "CREDIT_CARD",
            "vpa": "xyz",
            "transactionAmount": 190000
          }
        ],
        "channel": "WEB",
        "promocode": "AUTOFFUS"
      },
      "Response": {
        "status": 1,
        "error": null,
        "data": {
          "status": 0,
          "promocode": "AUTOFFUS",
          "promotext": "Invalid Transaction Amount",
          "savings": null,
          "promoVisibility": true
        }
      }
    },
    {
      "TestCaseName": "Verify promo apply failure for invalid channel",
      "Request": {
        "totalTransactionAmount": 123,
        "paymentOptions": [
          {
            "bin8": 38474638,
            "issuingBank": "HDFC",
            "issuingNetworkCode": "VISA",
            "cardIndexNo": "0",
            "bin6": 764638,
            "payMethod": "CREDIT_CARD",
            "vpa": "xyz",
            "transactionAmount": 100000
          }
        ],
        "channel": "APP",
        "promocode": "AUTOFFUS"
      },
      "Response": {
        "status": 1,
        "error": null,
        "data": {
          "status": 0,
          "promocode": "AUTOFFUS",
          "promotext": "Invalid Pay Channel",
          "savings": null,
          "promoVisibility": true
        }
      }
    },
    {
      "TestCaseName": "Verify promo apply failure for disabled campaign",
      "Request": {
        "totalTransactionAmount": 500,
        "paymentOptions": [
          {
            "bin8": 38474638,
            "issuingBank": "HDFC",
            "issuingNetworkCode": "VISA",
            "cardIndexNo": "0",
            "bin6": 764638,
            "payMethod": "CREDIT_CARD",
            "vpa": "xyz",
            "transactionAmount": 1600000
          }
        ],
        "channel": "WEB",
        "promocode": "AUTOFFUSD"
      },
      "Response": {
        "status": 1,
        "error": null,
        "data": {
          "status": 1,
          "promocode": null,
          "promotext": "₹500.0 discount applied successfully.",
          "savings": null,
          "promoVisibility": false
        }
      }
    },
    {
      "TestCaseName": "Verify promo apply failure for invalid 6 bin number",
      "Request": {
        "totalTransactionAmount": 500,
        "paymentOptions": [
          {
            "bin8": 38474638,
            "issuingBank": "HDFC",
            "issuingNetworkCode": "VISA",
            "cardIndexNo": "0",
            "bin6": 764738,
            "payMethod": "CREDIT_CARD",
            "vpa": "xyz",
            "transactionAmount": 1100000
          }
        ],
        "channel": "WEB",
        "promocode": "AUTOFFUS"
      },
      "Response": {
        "status": 1,
        "error": null,
        "data": {
          "status": 0,
          "promocode": "AUTOFFUS",
          "promotext": "Invalid 6 Bin Number",
          "savings": null,
          "promoVisibility": true
        }
      }
    },
    {
      "TestCaseName": "Verify promo apply failure for blank pay_method:CODE_400",
      "Request": {
        "totalTransactionAmount": 500,
        "paymentOptions": [
          {
            "bin8": 38474638,
            "issuingBank": "HDFC",
            "issuingNetworkCode": "VISA",
            "cardIndexNo": "0",
            "bin6": 764638,
            "payMethod": "",
            "vpa": "xyz",
            "transactionAmount": 1500000
          }
        ],
        "channel": "WEB",
        "promocode": "AUTOFFUS"
      },
      "Response": {
        "status": 0,
        "error": {
          "code": "PROMO_APPLY_4001",
          "message": "Missing mandatory parameters.",
          "details": [
            {
              "code": "NotBlank",
              "message": "must not be blank",
              "target": "paymentOptions[0].payMethod"
            }
          ]
        },
        "data": null
      }
    },
    {
      "TestCaseName": "Verify promo apply failure for null pay_method:CODE_400",
      "Request": {
        "totalTransactionAmount": 500,
        "paymentOptions": [
          {
            "bin8": 38474638,
            "issuingBank": "HDFC",
            "issuingNetworkCode": "VISA",
            "cardIndexNo": "0",
            "bin6": 764638,
            "payMethod": null,
            "vpa": "xyz",
            "transactionAmount": 1500000
          }
        ],
        "channel": "WEB",
        "promocode": "AUTOFFUS"
      },
      "Response": {
        "status": 0,
        "error": {
          "code": "PROMO_APPLY_4001",
          "message": "Missing mandatory parameters."
        },
        "data": null
      }
    },
    {
      "TestCaseName": "Verify promo apply failure for missing pay_method:CODE_400",
      "Request": {
        "totalTransactionAmount": 500,
        "paymentOptions": [
          {
            "bin8": 38474638,
            "issuingBank": "HDFC",
            "issuingNetworkCode": "VISA",
            "cardIndexNo": "0",
            "bin6": 764638,
            "vpa": "xyz",
            "transactionAmount": 1500000
          }
        ],
        "channel": "WEB",
        "promocode": "AUTOFFUS"
      },
      "Response": {
        "status": 0,
        "error": {
          "code": "PROMO_APPLY_4001",
          "message": "Missing mandatory parameters."
        },
        "data": null
      }
    },
    {
      "TestCaseName": "Verify promo apply failure for missing cust_id:CUST_ID_MISSING,CODE_400",
      "Request": {
        "totalTransactionAmount": 500,
        "paymentOptions": [
          {
            "bin8": 38474638,
            "issuingBank": "HDFC",
            "issuingNetworkCode": "VISA",
            "cardIndexNo": "0",
            "bin6": 764638,
            "payMethod": "CREDIT_CARD",
            "vpa": "xyz",
            "transactionAmount": 1500000
          }
        ],
        "channel": "WEB",
        "promocode": "AUTOFFUS"
      },
      "Response": {
        "status": 0,
        "error": {
          "code": "PROMO_APPLY_4002",
          "message": "Required String parameter 'customer-id' is not present",
          "target": "customer-id"
        },
        "data": null
      }
    },
    {
      "TestCaseName": "Verify promo apply failure for missing merchant_id:MERCH_ID_MISSING,CODE_400",
      "Request": {
        "totalTransactionAmount": 500,
        "paymentOptions": [
          {
            "bin8": 38474638,
            "issuingBank": "HDFC",
            "issuingNetworkCode": "VISA",
            "cardIndexNo": "0",
            "bin6": 764638,
            "payMethod": "CREDIT_CARD",
            "vpa": "xyz",
            "transactionAmount": 1500000
          }
        ],
        "channel": "WEB",
        "promocode": "AUTOFFUS"
      },
      "Response": {
        "status": 0,
        "error": {
          "code": "PROMO_APPLY_4002",
          "message": "Required String parameter 'merchant-id' is not present",
          "target": "merchant-id"
        },
        "data": null
      }
    },
    {
      "TestCaseName": "Verify promo apply failure for incorrect bulk 6 bin",
      "Request": {
        "totalTransactionAmount": 200,
        "paymentOptions": [
          {
            "bin6": 418185,
            "issuingBank": "HDFC",
            "issuingNetworkCode": "VISA",
            "cardIndexNo": "abcdefghijklmnopqrstuvwxyzabcdefghijklmnopqrstuvwxyz123456",
            "payMethod": "ADVANCE_DEPOSIT_ACCOUNT",
            "vpa": "xyz",
            "transactionAmount": 120000,
            "bin8": 87654321
          }
        ],
        "channel": "APP",
        "promocode": "AUTOMATION_STATIC_01"
      },
      "Response": {
        "status": 1,
        "error": null,
        "data": {
          "status": 0,
          "promocode": "AUTOMATION_STATIC_01",
          "promotext": "invalid bulk pay bin 6 number",
          "savings": null,
          "promoVisibility": true
        }
      }
    },
    {
      "TestCaseName": "Verify promo apply failure for incorrect bulk 8 bin",
      "Request": {
        "totalTransactionAmount": 200,
        "paymentOptions": [
          {
            "bin6": 418185,
            "issuingBank": "HDFC",
            "issuingNetworkCode": "VISA",
            "cardIndexNo": "abcdefghijklmnopqrstuvwxyzabcdefghijklmnopqrstuvwxyz123456",
            "payMethod": "ADVANCE_DEPOSIT_ACCOUNT",
            "vpa": "xyz",
            "transactionAmount": 120000,
            "bin8": 25257690
          }
        ],
        "channel": "APP",
        "promocode": "AUTOMATION_STATIC_02"
      },
      "Response": {
        "status": 1,
        "error": null,
        "data": {
          "status": 0,
          "promocode": "AUTOMATION_STATIC_02",
          "promotext": "invalid bulk bin 8 number",
          "savings": null,
          "promoVisibility": true
        }
      }
    },
    {
      "TestCaseName": "Verify promo apply failure for bulk pgmid when pgmid not mapped: PGMIDNOTMAPPED",
      "Request": {
        "totalTransactionAmount": 123,
        "paymentOptions": [
          {
            "bin6": "112233",
            "issuingBank": "SBI",
            "issuingNetworkCode": "MASTER",
            "payMethod": "CREDIT_CARD",
            "transactionAmount": 10000,
            "bin8": "11223344"
          }
        ],
        "channel": "WEB",
        "promocode": "AUTO_PG_2"
      },
      "Response": {
        "status": 1,
        "error": null,
        "data": {
          "status": 0,
          "promocode": "AUTO_PG_2",
          "promotext": "invalid pgmid",
          "savings": null,
          "promoVisibility": true,
          "responseCode": null
        }
      }
    },
    {
      "TestCaseName": "Verify promo apply failure if edc promocode was applied: CODE_400",
      "Request": {
        "totalTransactionAmount": 123,
        "paymentOptions": [
          {
            "bin6": "112233",
            "issuingBank": "SBI",
            "issuingNetworkCode": "MASTER",
            "payMethod": "CREDIT_CARD",
            "transactionAmount": 10000,
            "bin8": "11223344"
          }
        ],
        "channel": "WEB",
        "promocode": "AUTO_EDC_2"
      },
      "Response": {
        "status": 1,
        "error": null,
        "data": {
          "status": 0,
          "promocode": null,
          "promotext": "The offer you are trying to redeem is not valid",
          "savings": null,
          "promoVisibility": false,
          "responseCode": null
        }
      }
    },{
      "TestCaseName": "Verify promo apply success bin8Hash : PGMIDANOTHER",
      "Request": {
        "channel": "APP",
        "promocode":"AUTOBIN8",
        "paymentOptions": [
          {
            "bin6": 0,
            "bin8Hash":"92e81e1a7f5c60a27814c0ff495c2c4369f32e55bea8b9c3298f781a7c82f99",
            "cardIndexNo": "CARDINDEX1001",
            "issuingBank": "HDFC",
            "issuingNetworkCode": "VISA",
            "payMethod": "CREDIT_CARD",
            "transactionAmount": 2000,
            "vpa": "xyz"
          }
        ],
        "totalTransactionAmount": 500
      },
      "Response": {
        "status": 1,
        "error": null,
        "data": {
          "status": 0,
          "promocode": "AUTOBIN8",
          "promotext": "not valid",
          "savings": null,
          "promoVisibility": true,
          "responseCode": null
        }
      }
    },
    {
      "TestCaseName": "Verify applypromo Failure for flipkart case when paytm user id is missing for balance pay mode",
      "Request": {
        "channel": "APP",
        "promocode":"AUTOFLIP1",
        "paymentOptions": [
          {
            "bin6": 0,
            "bin8Hash": null,
            "cardIndexNo": null,
            "issuingBank": null,
            "issuingNetworkCode": null,
            "payMethod": "BALANCE",
            "transactionAmount": 2500,
            "vpa": null
          }
        ],
        "totalTransactionAmount": 2500
      },
      "Response": {
        "status": 0,
        "error": {
          "code": "PROMO_APPLY_4024",
          "message": "This transaction cannot be carried out with wallet"
        },
        "data": null
      }
    },
    {
      "TestCaseName": "Verify applypromo Failure when promocode_associated_to_user condition configured and paytmUserId key not sent CODE_400",
      "Request": {
        "totalTransactionAmount": 123,
        "paymentOptions": [
          {
            "bin6": 764638,
            "issuingBank": "HDFC",
            "issuingNetworkCode": "VISA",
            "cardIndexNo": "0",
            "payMethod": "CREDIT_CARD",
            "vpa": "xyz",
            "transactionAmount": 100
          }
        ],
        "channel": "WEB"

      },
      "Response": {
        "status": 1,
        "error": null,
        "data": {
          "status": 0,
          "promocode": null,
          "promotext": "There is no valid offer for this payment instrument",
          "savings": null,
          "promoVisibility": false,
          "responseCode": null,
          "tncUrl": null
        }
      }
    },
    {
      "TestCaseName": "Verify applypromo Failure for paytm points CODE_400",
      "Request": {
        "totalTransactionAmount": 0,
        "paymentOptions": [
          {
            "bin6": 764638,
            "issuingBank": "HDFC",
            "issuingNetworkCode": "VISA",
            "cardIndexNo": "0",
            "payMethod": "CREDIT_CARD",
            "vpa": "xyz",
            "transactionAmount": 0
          }
        ],
        "channel": "WEB"

      },
      "Response": {
        "status": 1,
        "error": null,
        "data": {
          "status": 0,
          "promocode": null,
          "promotext": "There is no valid offer for this payment instrument",
          "savings": null,
          "promoVisibility": false,
          "responseCode": null,
          "tncUrl": null
        }
      }
    }
  ]
}