{
  "Request_Response": [
    {
      "TestCaseName": "verify api response for empty condition object CODE:400",
      "Request":{
        "condition_name": "string",
        "conditions": {},
        "limit": {
          "limit_duration": 0,
          "limit_duration_unit": "string"
        }
      },
      "Response":{
        "status": 0,
        "error": {
          "code": "400",
          "message": "empty conditions object"
        },
        "data": null
      }
    },
    {
      "TestCaseName": "verify api response success response",
      "Request":{
        "condition_name": "pay_usage_by_campaign_by_amount",
        "conditions": {
          "campaign_id": "29598",
          "valid_from": "2020-10-01T16:10:52.000Z"
        },
        "limit": {
          "limit_duration": 1,
          "limit_duration_unit": "MONTHS"
        }
      },
      "Response":{
        "aggregateLabel": "total_gratification_value",
        "aggregateCount": 0
      }
    }
]

}
}