{
  "Request_Response": [
    {
      "TestCaseName": "Verify promo apply success for pay_usage_by_campaign_by_user condition",
      "Request": {
        "totalTransactionAmount": 200,
        "paymentOptions": [
          {
            "bin8": 87654321,
            "issuingBank": "ICICI",
            "issuingNetworkCode": "VISA",
            "cardIndexNo": "abcdefghijklmnopqrstuvwxyzabcdefghijklmnopqrstuvwxyz123456",
            "bin6": 654321,
            "payMethod": "CREDIT_CARD",
            "vpa": "xyz",
            "transactionAmount": 90000
          }
        ],
        "channel": "APP",
        "promocode": "AUTOMATION_DYNAMIC_01"
      },
      "Response": {
        "status": 1,
        "error": null,
        "data": {
          "status": 1,
          "promocode": "AUTOMATION_DYNAMIC_01",
          "promotext": "₹135.0 cashback applied successfully.",
          "savings": null,
          "promoVisibility": false
        }
      }
    },
    {
      "TestCaseName": "Verify promo apply success for pay_usage_by_campaign_by_user_by_amount condition",
      "Request": {
        "totalTransactionAmount": 200,
        "paymentOptions": [
          {
            "bin8": 87654321,
            "issuingBank": "HDFC",
            "issuingNetworkCode": "VISA",
            "cardIndexNo": "abcdefghijklmnopqrstuvwxyzabcdefghijklmnopqrstuvwxyz123456",
            "bin6": 654321,
            "payMethod": "CREDIT_CARD",
            "vpa": "xyz",
            "transactionAmount": 90000
          }
        ],
        "channel": "APP",
        "promocode": "AUTOMATION_DYNAMIC_03"
      },
      "Response": {
        "status": 1,
        "error": null,
        "data": {
          "status": 1,
          "promocode": "AUTOMATION_DYNAMIC_03",
          "promotext": "₹270.0 cashback applied successfully.",
          "savings": [
            {
              "savings": 27000,
              "redemptionType": "cashback"
            }
          ],
          "promoVisibility": false,
          "responseCode": null
        }
      }
    },
    {
      "TestCaseName": "Verify promo apply success for pay_usage_by_campaign_by_user_by_amount condition(partial cashback)",
      "Request": {
        "totalTransactionAmount": 200,
        "paymentOptions": [
          {
            "bin8": 87654321,
            "issuingBank": "HDFC",
            "issuingNetworkCode": "VISA",
            "cardIndexNo": "abcdefghijklmnopqrstuvwxyzabcdefghijklmnopqrstuvwxyz123456",
            "bin6": 654321,
            "payMethod": "CREDIT_CARD",
            "vpa": "xyz",
            "transactionAmount": 120000
          }
        ],
        "channel": "APP",
        "promocode": "AUTOMATION_DYNAMIC_03"
      },
      "Response": {
        "status": 1,
        "error": null,
        "data": {
          "status": 1,
          "promocode": "AUTOMATION_DYNAMIC_03",
          "promotext": "₹300.0 cashback applied successfully.",
          "savings": [
            {
              "savings": 30000,
              "redemptionType": "cashback"
            }
          ],
          "promoVisibility": false,
          "responseCode": null
        }
      }
      },
    {
      "TestCaseName": "Verify promo apply success for pay_usage_by_campaign_by_card condition:RANDOMIZECARD",
      "Request": {
        "totalTransactionAmount": 200,
        "paymentOptions": [
          {
            "bin8": 87654321,
            "issuingBank": "HDFC",
            "issuingNetworkCode": "VISA",
            "cardIndexNo": "CARD_INDEX_PLACEHOLDER",
            "bin6": 654321,
            "payMethod": "DEBIT_CARD",
            "vpa": "xyz",
            "transactionAmount": 90000
          }
        ],
        "channel": "APP",
        "promocode": "AUTOMATION_DYNAMIC_04"
      },
      "Response": {
        "status": 1,
        "error": null,
        "data": {
          "status": 1,
          "promocode": "AUTOMATION_DYNAMIC_04",
          "promotext": "₹270.0 cashback applied successfully.",
          "savings": [
            {
              "savings": 27000,
              "redemptionType": "cashback"
            }
          ],
          "promoVisibility": false,
          "responseCode": null
        }
      }
    },
    {
      "TestCaseName": "Verify promo apply success for pay_usage_by_campaign condition:MARKFAILEDLATER",
      "Request": {
        "totalTransactionAmount": 200,
        "paymentOptions": [
          {
            "bin8": 87654321,
            "issuingBank": "HDFC",
            "issuingNetworkCode": "VISA",
            "cardIndexNo": "abcdefghijklmnopqrstuvwxyzabcdefghijklmnopqrstuvwxyz123456",
            "bin6": 654321,
            "payMethod": "DEBIT_CARD",
            "vpa": "xyz",
            "transactionAmount": 90000
          }
        ],
        "channel": "APP",
        "promocode": "AUTOMATION_DYNAMIC_05"
      },
      "Response": {
        "status": 1,
        "error": null,
        "data": {
          "status": 1,
          "promocode": "AUTOMATION_DYNAMIC_05",
          "promotext": "₹270.0 cashback applied successfully.",
          "savings": [
            {
              "savings": 27000,
              "redemptionType": "cashback"
            }
          ],
          "promoVisibility": false,
          "responseCode": null
        }
      }
    }
  ]
}