{
  "Request_Response": [
    {
      "TestCaseName": "Verify promo apply success",
      "Request": {
        "totalTransactionAmount": 123,
        "paymentOptions": [
          {
            "issuingBank": "HDFC",
            "issuingNetworkCode": "VISA",
            "cardIndexNo": "0",
            "bin6": 764638,
            "payMethod": "CREDIT_CARD",
            "vpa": "xyz",
            "transactionAmount": 10000
          }
        ],
        "channel": "WEB",
        "promocode": "AUTOFFUS"
      },
      "Response": {
        "status": 1,
        "error": null,
        "data": {
          "status": 1,
          "promocode": "AUTOFFUS",
          "promotext": "₹50.0 discount applied successfully.",
          "savings": [
            {
              "savings": 5000,
              "redemptionType": "discount"
            }
          ],
          "promoVisibility": false
        }
      }
    },
    {
      "TestCaseName": "Verify promo apply success for bin 6 condition",
      "Request": {
        "totalTransactionAmount": 200,
        "paymentOptions": [
          {
            "bin6": 458185,
            "issuingBank": "HDFC",
            "issuingNetworkCode": "VISA",
            "cardIndexNo": "abcdefghijklmnopqrstuvwxyzabcdefghijklmnopqrstuvwxyz123456",
            "payMethod": "ADVANCE_DEPOSIT_ACCOUNT",
            "vpa": "xyz",
            "transactionAmount": 120000,
            "bin8": 87654321
          }
        ],
        "channel": "APP",
        "promocode": "AUTOMATION_STATIC_01"
      },
      "Response": {
        "status": 1,
        "error": null,
        "data": {
          "status": 1,
          "promocode": "AUTOMATION_STATIC_01",
          "promotext": "₹180.0 cashback applied successfully.",
          "savings": [
            {
              "savings": 18000,
              "redemptionType": "cashback"
            }
          ],
          "promoVisibility": false,
          "responseCode": null
        }
      }
    },
    {
      "TestCaseName": "Verify promo apply success for bulk bin 8 number",
      "Request": {
        "totalTransactionAmount": 200,
        "paymentOptions": [
          {
            "bin6": 418185,
            "issuingBank": "HDFC",
            "issuingNetworkCode": "VISA",
            "cardIndexNo": "abcdefghijklmnopqrstuvwxyzabcdefghijklmnopqrstuvwxyz123456",
            "payMethod": "ADVANCE_DEPOSIT_ACCOUNT",
            "vpa": "xyz",
            "transactionAmount": 120000,
            "bin8": 22257690
          }
        ],
        "channel": "APP",
        "promocode": "AUTOMATION_STATIC_02"
      },
      "Response": {
        "status": 1,
        "error": null,
        "data": {
          "status": 1,
          "promocode": "AUTOMATION_STATIC_02",
          "promotext": "₹180.0 cashback applied successfully.",
          "savings": [
            {
              "savings": 18000,
              "redemptionType": "cashback"
            }
          ],
          "promoVisibility": false
        }
      }
    },
    {
      "TestCaseName": "Verify promo apply success when different merchant have same promocode name : SAME_PROMOCODE ANOTHERPGMID",
      "Request": {
        "totalTransactionAmount": 200,
        "paymentOptions": [
          {
            "bin6": 418185,
            "issuingBank": "SBI",
            "issuingNetworkCode": "VISA",
            "cardIndexNo": "abcdefghijklmnopqrstuvwxyzabcdefghijklmnopqrstuvwxyz123456",
            "payMethod": "CREDIT_CARD",
            "vpa": "xyz",
            "transactionAmount": 120000,
            "bin8": 22257690
          }
        ],
        "channel": "APP",
        "promocode": "AUTODIY"
      },
      "Response": {
        "status": 1,
        "error": null,
        "data": {
          "status": 1,
          "promocode": "AUTODIY",
          "promotext": "₹500.0 discount applied successfully.",
          "savings": [
            {
              "savings": 50000,
              "redemptionType": "discount"
            }
          ],
          "promoVisibility": false,
          "responseCode": null
        }
      }
    },
    {
      "TestCaseName": "Verify promo apply success for bulk pgmid mapped",
      "Request": {
        "totalTransactionAmount": 123,
        "paymentOptions":[
          {
            "bin6": "112233",
            "issuingBank": "SBI",
            "issuingNetworkCode": "MASTER",
            "payMethod": "CREDIT_CARD",
            "transactionAmount": 10000,
            "bin8": "11223344"
          }
        ],
        "channel": "WEB",
        "promocode": "AUTO_PG_2"
      },
      "Response": {
        "status": 1,
        "error": null,
        "data": {
          "status": 1,
          "promocode": "AUTO_PG_2",
          "promotext": "₹100.0 cashback applied successfully.",
          "savings": [
            {
              "savings": 10000,
              "redemptionType": "cashback"
            }
          ],
          "promoVisibility": false,
          "responseCode": null
        }
      }
    },
    {
      "TestCaseName": "Verify promo apply success for bulk pgmid mapped: ANOTHERPGMID (paytm103000077124813)",
      "Request": {
        "totalTransactionAmount": 123,
        "paymentOptions":[
          {
            "bin6": "112233",
            "issuingBank": "SBI",
            "issuingNetworkCode": "MASTER",
            "payMethod": "CREDIT_CARD",
            "transactionAmount": 10000,
            "bin8": "11223344"
          }
        ],
        "channel": "WEB",
        "promocode": "AUTO_PG_2"
      },
      "Response": {
        "status": 1,
        "error": null,
        "data": {
          "status": 1,
          "promocode": "AUTO_PG_2",
          "promotext": "₹100.0 cashback applied successfully.",
          "savings": [
            {
              "savings": 10000,
              "redemptionType": "cashback"
            }
          ],
          "promoVisibility": false,
          "responseCode": null
        }
      }
    },{
      "TestCaseName": "Verify promo apply success bin8Hash : PGMIDANOTHER",
      "Request": {
        "channel": "APP",
        "promocode":"AUTOBIN8",
        "paymentOptions": [
          {
            "bin6": 0,
            "bin8Hash":"92e81e1a7f5c60a27814c0ff495c2c4369f32e55bea8b9c3298f781a7c82f991",
            "cardIndexNo": "CARDINDEX1001",
            "issuingBank": "HDFC",
            "issuingNetworkCode": "VISA",
            "payMethod": "CREDIT_CARD",
            "transactionAmount": 2000,
            "vpa": "xyz"
          }
        ],
        "totalTransactionAmount": 500
      },
      "Response": {
        "status": 1,
        "error": null,
        "data": {
          "status": 1,
          "promocode": "AUTOBIN8",
          "promotext": "₹20.0 cashback applied successfully.",
          "savings": [
            {
              "savings": 2000,
              "redemptionType": "cashback"
            }
          ],
          "promoVisibility": false,
          "responseCode": null
        }
      }
    },
    {
      "TestCaseName": "Verify promo apply success for Flipkart case where pay mode is Balance : FLIPKART",
      "Request": {
        "channel": "APP",
        "promocode":"AUTOFLIP1",
        "paymentOptions": [
          {
            "bin6": 0,
            "bin8Hash": null,
            "cardIndexNo": null,
            "issuingBank": null,
            "issuingNetworkCode": null,
            "payMethod": "BALANCE",
            "transactionAmount": 2500,
            "vpa": null
          }
        ],
        "totalTransactionAmount": 2500
      },
      "Response": {
        "status": 1,
        "error": null,
        "data": {
          "status": 1,
          "promocode": "AUTOFLIP1",
          "promotext": "₹10.0 paytm cashback applied successfully.",
          "savings": [
            {
              "savings": 1000,
              "redemptionType": "paytm_cashback"
            }
          ],
          "promoVisibility": false,
          "responseCode": null
        }
      }
    },
    {
      "TestCaseName": "PAYTM_POINTS Verify promo apply success for paytm points for 1 paise",
      "Request": {
        "channel": "WEB",
        "totalTransactionAmount": 1,
        "promocode": "AUTOPGPOINTS",
        "paymentOptions": [
          {
            "transactionAmount": 1,
            "payMethod": "CREDIT_CARD",
            "issuingBank": "HDFC",
            "issuingNetworkCode": "VISA",
            "bin6": null,
            "bin8": null,
            "bin8Hash": null,
            "cardIndexNo": null,
            "vpa": "null"
          }
        ]
      },
      "Response": {
        "status": 1,
        "error": null,
        "data": {
          "status": 1,
          "promocode": "AUTOPGPOINTS",
          "promotext": "0 paytm points applied successfully.",
          "savings": [
            {
              "savings": 0,
              "redemptionType": "offus_pfp"
            }
          ],
          "promoVisibility": false,
          "responseCode": null,
          "tncUrl": "https://staging.paytm.com/papi/v1/promosearch/tnc?id=57004"
        }
      }
    },
    {
      "TestCaseName": "PAYTM_POINTS Verify promo apply success for paytm points for 10 paise",
      "Request": {
        "channel": "WEB",
        "totalTransactionAmount": 10,
        "promocode": "AUTOPGPOINTS",
        "paymentOptions": [
          {
            "transactionAmount": 10,
            "payMethod": "CREDIT_CARD",
            "issuingBank": "HDFC",
            "issuingNetworkCode": "VISA",
            "bin6": null,
            "bin8": null,
            "bin8Hash": null,
            "cardIndexNo": null,
            "vpa": "null"
          }
        ]
      },
      "Response": {
        "status": 1,
        "error": null,
        "data": {
          "status": 1,
          "promocode": "AUTOPGPOINTS",
          "promotext": "1 paytm points applied successfully.",
          "savings": [
            {
              "savings": 10,
              "redemptionType": "offus_pfp"
            }
          ],
          "promoVisibility": false,
          "responseCode": null,
          "tncUrl": "https://staging.paytm.com/papi/v1/promosearch/tnc?id=57004"
        }
      }
    },
    {
      "TestCaseName": "PAYTM_POINTS Verify promo apply success for paytm points for 0-10 range",
      "Request": {
        "channel": "WEB",
        "totalTransactionAmount": 100,
        "promocode": "AUTOPGPOINTS",
        "paymentOptions": [
          {
            "transactionAmount": 100,
            "payMethod": "CREDIT_CARD",
            "issuingBank": "HDFC",
            "issuingNetworkCode": "VISA",
            "bin6": null,
            "bin8": null,
            "bin8Hash": null,
            "cardIndexNo": null,
            "vpa": "null"
          }
        ]
      },
      "Response": {
        "status": 1,
        "error": null,
        "data": {
          "status": 1,
          "promocode": "AUTOPGPOINTS",
          "promotext": "5 paytm points applied successfully.",
          "savings": [
            {
              "savings": 50,
              "redemptionType": "offus_pfp"
            }
          ],
          "promoVisibility": false,
          "responseCode": null,
          "tncUrl": "https://staging.paytm.com/papi/v1/promosearch/tnc?id=57004"
        }
      }
    },
    {
      "TestCaseName": "PAYTM_POINTS Verify promo apply success for paytm points for 10-20 range",
      "Request": {
        "channel": "WEB",
        "totalTransactionAmount": 1000,
        "promocode": "AUTOPGPOINTS",
        "paymentOptions": [
          {
            "transactionAmount": 1000,
            "payMethod": "CREDIT_CARD",
            "issuingBank": "HDFC",
            "issuingNetworkCode": "VISA",
            "bin6": null,
            "bin8": null,
            "bin8Hash": null,
            "cardIndexNo": null,
            "vpa": "null"
          }
        ]
      },
      "Response": {
        "status": 1,
        "error": null,
        "data": {
          "status": 1,
          "promocode": "AUTOPGPOINTS",
          "promotext": "20 paytm points applied successfully.",
          "savings": [
            {
              "savings": 200,
              "redemptionType": "offus_pfp"
            }
          ],
          "promoVisibility": false,
          "responseCode": null,
          "tncUrl": "https://staging.paytm.com/papi/v1/promosearch/tnc?id=57004"
        }
      }
    },
    {
      "TestCaseName": "PAYTM_POINTS Verify promo apply success for paytm points for 20 and above range",
      "Request": {
        "channel": "WEB",
        "totalTransactionAmount": 2000,
        "promocode": "AUTOPGPOINTS",
        "paymentOptions": [
          {
            "transactionAmount": 2000,
            "payMethod": "CREDIT_CARD",
            "issuingBank": "HDFC",
            "issuingNetworkCode": "VISA",
            "bin6": null,
            "bin8": null,
            "bin8Hash": null,
            "cardIndexNo": null,
            "vpa": "null"
          }
        ]
      },
      "Response": {
        "status": 1,
        "error": null,
        "data": {
          "status": 1,
          "promocode": "AUTOPGPOINTS",
          "promotext": "30 paytm points applied successfully.",
          "savings": [
            {
              "savings": 300,
              "redemptionType": "offus_pfp"
            }
          ],
          "promoVisibility": false,
          "responseCode": null,
          "tncUrl": "https://staging.paytm.com/papi/v1/promosearch/tnc?id=57004"
        }
      }
    }

  ]
}