{
  "Request_Response": [
    {
      "TestCaseName": "Verify promo apply failure for pay_usage_by_campaign_by_user condition",
      "Request": {
        "totalTransactionAmount": 200,
        "paymentOptions": [
          {
            "bin8": 87654321,
            "issuingBank": "ICICI",
            "issuingNetworkCode": "VISA",
            "cardIndexNo": "abcdefghijklmnopqrstuvwxyzabcdefghijklmnopqrstuvwxyz123456",
            "bin6": 654321,
            "payMethod": "CREDIT_CARD",
            "vpa": "xyz",
            "transactionAmount": 90000
          }
        ],
        "channel": "APP",
        "promocode": "AUTOMATION_DYNAMIC_01"
      },
      "Response": {
        "status": 1,
        "error": null,
        "data": {
          "status": 0,
          "promocode": "AUTOMATION_DYNAMIC_01",
          "promotext": "campaign usage exceeded",
          "savings": null,
          "promoVisibility": true
        }
      }
    },
    {
      "TestCaseName": "Verify promo apply success for pay_usage_by_campaign_by_user_by_amount condition",
      "Request": {
        "totalTransactionAmount": 200,
        "paymentOptions": [
          {
            "bin8": 87654321,
            "issuingBank": "HDFC",
            "issuingNetworkCode": "VISA",
            "cardIndexNo": "abcdefghijklmnopqrstuvwxyzabcdefghijklmnopqrstuvwxyz123456",
            "bin6": 654321,
            "payMethod": "DEBIT_CARD",
            "vpa": "xyz",
            "transactionAmount": 90000
          }
        ],
        "channel": "APP",
        "promocode": "AUTOMATION_DYNAMIC_03"
      },
      "Response": {
        "status": 1,
        "error": null,
        "data": {
          "status": 1,
          "promocode": "AUTOMATION_DYNAMIC_03",
          "promotext": "₹30.0 cashback applied successfully.",
          "savings": [
            {
              "savings": 3000,
              "redemptionType": "cashback"
            }
          ],
          "promoVisibility": false
        }
      }
    },
    {
      "TestCaseName": "Verify promo apply failure for pay_usage_by_campaign_by_user_by_amount condition(partial cashback)",
      "Request": {
        "totalTransactionAmount": 200,
        "paymentOptions": [
          {
            "bin8": 87654321,
            "issuingBank": "HDFC",
            "issuingNetworkCode": "VISA",
            "cardIndexNo": "abcdefghijklmnopqrstuvwxyzabcdefghijklmnopqrstuvwxyz123456",
            "bin6": 654321,
            "payMethod": "DEBIT_CARD",
            "vpa": "xyz",
            "transactionAmount": 120000
          }
        ],
        "channel": "APP",
        "promocode": "AUTOMATION_DYNAMIC_03"
      },
      "Response": {
        "status": 1,
        "error": null,
        "data": {
          "status": 0,
          "promocode": "AUTOMATION_DYNAMIC_03",
          "promotext": "amount exceeded",
          "savings": null,
          "promoVisibility": true
        }
      }
    },

    {
      "TestCaseName": "Verify promo apply failure for pay_usage_by_campaign_by_card:RANDOMIZECARD",
      "Request": {
        "totalTransactionAmount": 200,
        "paymentOptions": [
          {
            "bin8": 87654321,
            "issuingBank": "HDFC",
            "issuingNetworkCode": "VISA",
            "cardIndexNo": "CARD_INDEX_PLACEHOLDER",
            "bin6": 654321,
            "payMethod": "DEBIT_CARD",
            "vpa": "xyz",
            "transactionAmount": 120000
          }
        ],
        "channel": "APP",
        "promocode": "AUTOMATION_DYNAMIC_04"
      },
      "Response": {
        "status": 1,
        "error": null,
        "data": {
          "status": 0,
          "promocode": "AUTOMATION_DYNAMIC_04",
          "promotext": "card usage exceeded",
          "savings": null,
          "promoVisibility": true
        }
      }
    },
    {
      "TestCaseName": "Verify promo apply failure for pay_usage_by_campaign",
      "Request": {
        "totalTransactionAmount": 200,
        "paymentOptions": [
          {
            "bin8": 87654321,
            "issuingBank": "HDFC",
            "issuingNetworkCode": "VISA",
            "cardIndexNo": "abcdefghijklmnopqrstuvwxyzabcdefghijklmnopqrstuvwxyz123456",
            "bin6": 654321,
            "payMethod": "DEBIT_CARD",
            "vpa": "xyz",
            "transactionAmount": 120000
          }
        ],
        "channel": "APP",
        "promocode": "AUTOMATION_DYNAMIC_05"
      },
      "Response": {
        "status": 1,
        "error": null,
        "data": {
          "status": 0,
          "promocode": "AUTOMATION_DYNAMIC_05",
          "promotext": "campaign usage exceeded",
          "savings": null,
          "promoVisibility": true
        }
      }
    }
  ]
}