{
  "Request_Response": [
    {
      "TestCaseName": "verify api response for empty condition object CODE:400",
      "Request":{
        "bulk_facts": [
          {
            "campaign_id": 0,
            "fact": {
              "condition_name": "string",
              "conditions": {},
              "limit": {
                "limit_duration": 0,
                "limit_duration_unit": "string"
              }
            }
          }
        ]
      },
      "Response":{
        "status": 0,
        "error": {
          "code": "400",
          "message": "empty conditions object"
        },
        "data": null
      }
    },
    {
      "TestCaseName": "verify api response for empty bulk_facts CODE:400",
      "Request":{
        "bulk_facts": [
        ]
      },
      "Response":{
        "status": 0,
        "error": {
          "code": "400",
          "message": "bulk fact request object is null or empty"
        },
        "data": null
      }
    },
    {
      "TestCaseName": "verify api response for empty facts CODE:400",
      "Request":{
        "bulk_facts": [
          {
            "campaign_id": 0
          }
        ]
      },
      "Response":{
        "status": 0,
        "error": {
          "code": "400",
          "message": "fact request object is null"
        },
        "data": null
      }
    },
    {
      "TestCaseName": "verify api response if campaign_id not send in the request param",
      "Request":{
        "bulk_facts": [
          {
            "fact": {
              "condition_name": "string",
              "conditions": {},
              "limit": {
                "limit_duration": 0,
                "limit_duration_unit": "string"
              }
            }
          }
        ]
      },
      "Response":{
        "status": 0,
        "error": {
          "code": "400",
          "message": "campaign id is null"
        },
        "data": null
      }
    },
    {
      "TestCaseName": "verify api response for invalid time unit CODE:400",
      "Request":{
        "bulk_facts": [
          {
            "campaign_id": 29598,
            "fact": {
              "condition_name": "pay_usage_by_campaign_by_amount",
              "conditions": {
                "campaign_id": "29598",
                "valid_from": "2020-10-01T16:10:52.000Z"
              },
              "limit": {
                "limit_duration": 1,
                "limit_duration_unit": "WEEK"
              }
            }
          }
        ]
      },
      "Response":{
        "status": 0,
        "error": {
          "code": "400",
          "message": "invalid limit duration unit"
        },
        "data": null
      }
    },
    {
      "TestCaseName": "verify api response for success case",
      "Request":{
        "bulk_facts": [
          {
            "campaign_id": 29598,
            "fact": {
              "condition_name": "pay_usage_by_campaign_by_amount",
              "conditions": {
                "campaign_id": "29598",
                "valid_from": "2020-10-01T16:10:52.000Z"
              },
              "limit": {
                "limit_duration": 1,
                "limit_duration_unit": "MONTHS"
              }
            }
          }
        ]
      },
      "Response":{
        "bulkFactResponses": [
          {
            "campaignId": 29598,
            "aggregateCount": 0,
            "duration_meta": {
              "limit_duration": 1,
              "limit_duration_unit": "MONTHS"
            }
          }
        ]
      }
    }
]

}
}