{
  "PromoReinstateForDuplicateOrderId": {
    "orderId": 611664165701,
    "reinstateRefId": "664868879",
    "autoOfferRevoke": true,
    "items": [
      {
        "orderItemId": "1200142694pid",
        "revokeAmount": 9000
      }
    ]
  },
  "PromoReinstateForInvalidRevokeAmountDatatype": {
    "orderId": 611664165701,
    "reinstateRefId": "664868879",
    "autoOfferRevoke": true,
    "items": [
      {
        "orderItemId": "1200142694pid",
        "revokeAmount": "9000abc"
      }
    ]
  },
  "PromoReinstateForOfferRevokeNotPresent": {
    "orderId": 61166416570154,
    "reinstateRefId": "664868879",
    "autoOfferRevoke": false,
    "items": [
      {
        "orderItemId": "1200142694pid",
        "revokeAmount": 9000
      }
    ]
  }
}