{
    "BRAND_DAY_CASE":{
      "TestCaseName": "Verify THAT BRAND CAN BE USED ONLY ONCE IN A DAY ",
      "Request": {
        "clientDetails": {
        "channel": "APP"
        },
        "promocode": "VELOTEST1",
        "paymentDetails": {
        "totalTransactionAmount": 100000, 
        "originalTotalTransactionAmount": 100000,
        "paymentOptions": [
            {
                "bin6": "123456",
                "issuingBank": "ICICI",
                "issuingNetworkCode": "AMEX",
                "payMethod": "CREDIT_CARD",
                "transactionAmount": 100000,
                 "originalTransactionAmount": 100000,
                "cardHash": "string",
                "bin8": "12345644"
            }
          ]
        } ,
        "user": {
        "id": "100000023967",
        "paytmUserId":1212323
        },
        "cart": {
        "items": {
            "224826564pid": {
                "product": {
                    "id": 452,
                    "merchant_id": 221321,
                    "category_ids": [
                        "520"
                    ],
                    "brand_id": 433434
                },
                "price": "100000",
                 "originalPrice": 100000,
            }
        }
        }
      },
      "Response": {
        "status": 1,
        "data": {
        "status": 1,
        "promoVisibility": false,
        "promotext": "₹90.0 cashback applied successfully.",
        "promoResponse": {
            "VELOTEST1": {
                "items": {
                    "224826564pid": {
                        "usage_data": [
                            {
                                "siteId": "1",
                                "userId": "100000023967",
                                "promocodeId": "301637798",
                                "promocode": "VELOTEST1",
                                "campaign": "KFAYW3_VELOTEST1",
                                "campaignId": 1018797,
                                "fulfillmentTime": "Thu Jul 07 15:28:54 IST 2022",
                                "fulfillmentStatus": 0,
                                "redemptionType": "cashback",
                                "status": "1",
                                "fraud1": null,
                                "createdAt": "Thu Jul 07 15:28:54 IST 2022",
                                "flags": 0,
                                "promoGratificationData": {
                                    "actionType": "givePGCashback",
                                    "subRedemptionType": "cashback"
                                },
                                "amount": 9000,
                                "custom_text": null
                            }
                        ]
                    }
                },
                "gratification": [
                    {
                        "type": "percentage",
                        "value": 90.0,
                        "cap": 90.0,
                        "redemption_type": "cashback"
                    }
                ],
                "offerMeta": {
                    "offerDescription": "TESTJHDS2 is test campaign created for tesiing",
                    "isProductOffer": {
                        "224826564pid": true
                    },
                    "tncUrl": "https://staging.paytm.com/papi/v1/promosearch/tnc?id=1018797",
                    "applicableTenures": []
                },
                "bankOfferContriInfo": {"bank":9.0,"brand":9.0,"merchant":0.0,"platform":0.0}
            }
        },
        "verificationCode": "-1758103829",
        "prePromoText": "Offer available.",
        "payText": "Effective price after cashback %s",
        "effectivePromoDeduction": 0,
        "effectivePromoSaving": 9000,
        "promocode": "VELOTEST1",
        "savings": [
            {
                "savings": 9000,
                "redemptionType": "cashback"
            }
        ],
        "tncUrl": "https://staging.paytm.com/papi/v1/promosearch/tnc?id=1018797"
        },
        "traceId": "c-10985779704477806d5bd9fa1-7a39-46b5-9b55-a56e3242c379",
        "requestTime": "2022-07-07T09:58:52.597Z[GMT]"
      }
    },
    "MERCHANT_DAY_CASE":{
      "TestCaseName": "Verify THAT MERCHANT CAN BE USED ONLY ONCE IN A DAY ",
      "Request": {
        "clientDetails": {
        "channel": "APP"
        },
        "promocode": "VELOTEST2",
        "paymentDetails": {
        "totalTransactionAmount": 100000,
         "originalTotalTransactionAmount": 100000,
        "paymentOptions": [
            {
                "bin6": "123456",
                "issuingBank": "ICICI",
                "issuingNetworkCode": "AMEX",
                "payMethod": "CREDIT_CARD",
                "transactionAmount": 100000,
                 "originalTransactionAmount": 100000,
                "cardHash": "string",
                "bin8": "12345644"
            }
        ]
        },
        "user": {
        "id": "100000023967",
        "paytmUserId":1212323
        },
        "cart": {
        "items": {
            "224826564pid": {
                "product": {
                    "id": 452,
                    "merchant_id": 221321
                },
                "price": "100000",
                 "originalPrice": 100000,
            }
        }
        }
      },
      "Response": {
        "status": 1,
        "data": {
        "status": 1,
        "promoVisibility": false,
        "promotext": "₹90.0 cashback applied successfully.",
        "promoResponse": {
            "VELOTEST2": {
                "items": {
                    "224826564pid": {
                        "usage_data": [
                            {
                                "siteId": "1",
                                "userId": "100000023967",
                                "promocodeId": "301637800",
                                "promocode": "VELOTEST2",
                                "campaign": "7KU9MZ_VELOTEST2",
                                "campaignId": 1018799,
                                "fulfillmentTime": "Thu Jul 07 15:37:23 IST 2022",
                                "fulfillmentStatus": 0,
                                "redemptionType": "cashback",
                                "status": "1",
                                "fraud1": null,
                                "createdAt": "Thu Jul 07 15:37:23 IST 2022",
                                "flags": 0,
                                "promoGratificationData": {
                                    "actionType": "givePGCashback",
                                    "subRedemptionType": "cashback"
                                },
                                "amount": 9000,
                                "custom_text": null
                            }
                        ]
                    }
                },
                "gratification": [
                    {
                        "type": "percentage",
                        "value": 90.0,
                        "cap": 90.0,
                        "redemption_type": "cashback"
                    }
                ],
                "offerMeta": {
                    "offerDescription": "TESTJHDS2 is test campaign created for tesiing",
                    "isProductOffer": {
                        "224826564pid": false
                    },
                    "tncUrl": "https://staging.paytm.com/papi/v1/promosearch/tnc?id=1018799",
                    "applicableTenures": []
                },
                "bankOfferContriInfo": {}
            }
        },
        "verificationCode": "-1758074037",
        "prePromoText": "Offer available.",
        "payText": "Effective price after cashback %s",
        "effectivePromoDeduction": 0,
        "effectivePromoSaving": 9000,
        "promocode": "VELOTEST2",
        "savings": [
            {
                "savings": 9000,
                "redemptionType": "cashback"
            }
        ],
        "tncUrl": "https://staging.paytm.com/papi/v1/promosearch/tnc?id=1018799"
        },
        "traceId": "c-1098628916503936595b7fa31-6efa-47d5-85a7-9c81d4761d98",
        "requestTime": "2022-07-07T10:07:22.058Z[GMT]"
      }
     },
      "ISSUER_DAY_CASE":{
      "TestCaseName": "Verify THAT ISSUER CAN BE USED ONLY ONCE IN A DAY ",
      "Request": {
        "clientDetails": {
        "channel": "APP"
        },
        "promocode": "VELOTEST3",
        "paymentDetails": {
        "totalTransactionAmount": 100000,
        "originalTotalTransactionAmount": 100000,
        "paymentOptions": [
            {
                "bin6": "123456",
                "issuingBank": "ICICI",
                "issuingNetworkCode": "AMEX",
                "payMethod": "CREDIT_CARD",
                "transactionAmount": 100000,
                "originalTransactionAmount": 100000,
                "cardHash": "string",
                "bin8": "12345644"
            }
        ]
        },
        "user": {
          "id": "100000023967",
          "paytmUserId":1212323
        },
        "cart": {
          "items": {
            "224826564pid": {
                "product": {
                    "id": 452,
                    "merchant_id": 221321
                },
                "price": "100000",
                 "originalPrice": "100000"
            }
          }
        } 
      },
      "Response": {
        "status": 1,
        "data": {
        "status": 1,
        "promoVisibility": false,
        "promotext": "₹80.0 discount applied successfully.",
        "promoResponse": {
            "VELOTEST3": {
                "items": {
                    "224826564pid": {
                        "usage_data": [
                            {
                                "siteId": "1",
                                "userId": "100000023967",
                                "promocodeId": "301637799",
                                "promocode": "VELOTEST3",
                                "campaign": "VYW3EJ_VELOTEST3",
                                "campaignId": 1018798,
                                "fulfillmentTime": "Thu Jul 07 15:39:08 IST 2022",
                                "fulfillmentStatus": 0,
                                "redemptionType": "discount",
                                "status": "1",
                                "fraud1": null,
                                "createdAt": "Thu Jul 07 15:39:08 IST 2022",
                                "flags": 0,
                                "promoGratificationData": {
                                    "actionType": "applyPGDiscount",
                                    "subRedemptionType": "discount"
                                },
                                "amount": 8000,
                                "custom_text": null
                            }
                        ]
                    }
                },
                "gratification": [
                    {
                        "type": "percentage",
                        "value": 85.0,
                        "cap": 80.0,
                        "redemption_type": "discount"
                    }
                ],
                "offerMeta": {
                    "offerDescription": "TESTJHDS2 is test campaign created for tesiing",
                    "isProductOffer": {
                        "224826564pid": false
                    },
                    "tncUrl": "https://staging.paytm.com/papi/v1/promosearch/tnc?id=1018798",
                    "applicableTenures": []
                },
                "bankOfferContriInfo": {}
            }
        },
        "verificationCode": "-1721558596",
        "prePromoText": "Offer available.",
        "effectivePromoDeduction": 8000,
        "effectivePromoSaving": 8000,
        "promocode": "VELOTEST3",
        "savings": [
            {
                "savings": 8000,
                "redemptionType": "discount"
            }
        ],
        "tncUrl": "https://staging.paytm.com/papi/v1/promosearch/tnc?id=1018798"
        },
        "traceId": "c-10986393724914260f2dd4e2e-c837-422c-b5b5-653e10046c46",
        "requestTime": "2022-07-07T10:09:06.618Z[GMT]"
        }
    },
    "BRAND_MONTH_CASE":{
      "TestCaseName": "Verify THAT BRAND CAN BE USED ONLY ONCE IN A MONTH ",
      "Request": {
            "user": {
              "id": "VELOTESTEDC1",
                "paytmUserId": "VELOTESTEDC1"
            },
            "cart": {
                "items": {
                "1200142694pid": {
                    "price": 100040,
                     "originalPrice": 100040,
                    "product": {
                    "id": 45,
                    "merchant_id": 6002665,
                    "vertical_id": 308202,
                    "brand_id": 433434,
                    "category_ids": [
                        "520"
                    ]
                }
              }
            }
                },
            "clientDetails": {
            "channel": "APP"
            },
            "promocode": "VELOMONTH",
            "paymentDetails": {
            "paymentOptions": [
            {
                "transactionAmount": 100040,
                 "originalTransactionAmount": 100040,
                "payMethod": "CREDIT_CARD",
                "issuingBank": "ICICI",
                "issuingNetworkCode": "VISA",
                "bin6": 608032,
                "bin8": 0
            }
            ],
            "totalTransactionAmount": 7000,
             "originalTotalTransactionAmount": 7000,
            }
            },
      "Response": {
            "status": 1,
             "data": {
                 "status": 1,
             "promoVisibility": false,
             "promotext": "₹85.0 discount applied successfully.",
             "promoResponse": {
            "VELOMONTH": {
                "items": {
                    "1200142694pid": {
                        "usage_data": [
                            {
                                "siteId": "1",
                                "userId": "VELOTESTEDC1",
                                "promocodeId": "301638388",
                                "promocode": "VELOMONTH",
                                "campaign": "6LCKD4_VELOMONTH",
                                "campaignId": 1019168,
                                "fulfillmentTime": "Thu Jul 14 14:55:45 IST 2022",
                                "fulfillmentStatus": 0,
                                "redemptionType": "discount",
                                "status": "1",
                                "fraud1": null,
                                "createdAt": "Thu Jul 14 14:55:45 IST 2022",
                                "flags": 0,
                                "promoGratificationData": {
                                    "actionType": "applyPGDiscount",
                                    "subRedemptionType": "discount"
                                },
                                "amount": 8500,
                                "custom_text": null
                            }
                        ]
                    }
                },
                "gratification": [
                    {
                        "type": "percentage",
                        "value": 85.0,
                        "cap": 85.0,
                        "redemption_type": "discount"
                    }
                ],
                "offerMeta": {
                    "offerDescription": "TESTJHDS2 is test campaign created for tesiing",
                    "isProductOffer": {
                        "1200142694pid": true
                    },
                    "tncUrl": "https://staging.paytm.com/papi/v1/promosearch/tnc?id=1019168",
                    "applicableTenures": []
                },
                "bankOfferContriInfo": {"bank":8.5,"brand":8.5,"merchant":0.0,"platform":0.0}
            }
            },
            "verificationCode": "-1731792199",
             "prePromoText": "Offer available.",
            "effectivePromoDeduction": 8500,
             "effectivePromoSaving": 8500,
            "promocode": "VELOMONTH",
            "savings": [
            {
                "savings": 8500,
                "redemptionType": "discount"
            }
            ],
            "tncUrl": "https://staging.paytm.com/papi/v1/promosearch/tnc?id=1019168"
            },
            "traceId": "c-11588592062428532e64cc36f-0433-4413-a6e3-c24cf3636c7c",
            "requestTime": "2022-07-14T09:25:44.955Z[GMT]"
        }
    },
    "ISSUER_WEEK_CASE":{
      "TestCaseName": "Verify THAT ISSUER CAN BE USED ONLY ONCE IN A WEEK ",
      "Request": {
            "user": {
              "id": "VELODURATION",
                "paytmUserId": "VELODURATION"
            },
            "cart": {
                "items": {
                "1200142694pid": {
                    "price": 100040,
                     "originalPrice": 100040,
                    "product": {
                    "id": 45,
                    "merchant_id": 6002665,
                    "vertical_id": 308202,
                    "brand_id": 433434,
                    "category_ids": [
                        "520"
                    ]
                }
              }
            }
                },
            "clientDetails": {
            "channel": "APP"
            },
            "promocode": "VELOWEEK",
            "paymentDetails": {
            "paymentOptions": [
            {
                "transactionAmount": 100040,
                  "originalTransactionAmount": 100040,
                "payMethod": "CREDIT_CARD",
                "issuingBank": "ICICI",
                "issuingNetworkCode": "VISA",
                "bin6": 608032,
                "bin8": 0
            }
            ],
            "totalTransactionAmount": 7000,
             "originalTotalTransactionAmount": 7000,
            }
            },
      "Response": {
            "status": 1,
            "data": {
            "status": 1,
            "promoVisibility": false,
            "promotext": "₹85.0 discount applied successfully.",
            "promoResponse": {
            "VELOWEEK": {
                "items": {
                    "1200142694pid": {
                        "usage_data": [
                            {
                                "siteId": "1",
                                "userId": "VELODURATION",
                                "promocodeId": "301638391",
                                "promocode": "VELOWEEK",
                                "campaign": "XMWTA6_VELOWEEK",
                                "campaignId": 1019171,
                                "fulfillmentTime": "Thu Jul 14 15:09:08 IST 2022",
                                "fulfillmentStatus": 0,
                                "redemptionType": "discount",
                                "status": "1",
                                "fraud1": null,
                                "createdAt": "Thu Jul 14 15:09:08 IST 2022",
                                "flags": 0,
                                "promoGratificationData": {
                                    "actionType": "applyPGDiscount",
                                    "subRedemptionType": "discount"
                                },
                                "amount": 8500,
                                "custom_text": null
                            }
                        ]
                    }
                },
                "gratification": [
                    {
                        "type": "percentage",
                        "value": 86.0,
                        "cap": 85.0,
                        "redemption_type": "discount"
                    }
                ],
                "offerMeta": {
                    "offerDescription": "TESTJHDS2 is test campaign created for tesiing",
                    "isProductOffer": {
                        "1200142694pid": false
                    },
                    "tncUrl": "https://staging.paytm.com/papi/v1/promosearch/tnc?id=1019171",
                    "applicableTenures": []
                },
                "bankOfferContriInfo": {}
            }
            },
            "verificationCode": "-946874546",
            "prePromoText": "Offer available.",
            "effectivePromoDeduction": 8500,
            "effectivePromoSaving": 8500,
            "promocode": "VELOWEEK",
            "savings": [
            {
                "savings": 8500,
                "redemptionType": "discount"
            }
            ],
            "tncUrl": "https://staging.paytm.com/papi/v1/promosearch/tnc?id=1019171"
            },
            "traceId": "c-11589394082880479b3b4a89f-8e8d-4819-8874-a8b70634d2d3",
            "requestTime": "2022-07-14T09:39:06.976Z[GMT]"
            }
    },
    "USERDAY_CASE_FAILED_WITH_GLOBALRULE_FAILED":{
      "TestCaseName": "Verify THAT USER CAN BE USED ONLY ONCE IN A day but global rule is also breached ",
      "Request": {
            "user": {
              "id": 567613,
                "paytmUserId": "VELOTESTEDC1"
            },
            "cart": {
                "items": {
                "1200142694pid": {
                    "price": 100040,
                      "originalPrice": 100040,
                    "product": {
                    "id": 45,
                    "merchant_id": 6002665,
                    "vertical_id": 308202,
                    "brand_id": 433434,
                    "category_ids": [
                        "520"
                    ]
                }
              }
            }
                },
            "clientDetails": {
            "channel": "APP"
            },
            "promocode": "VELODAY",
            "paymentDetails": {
            "paymentOptions": [
            {
                "transactionAmount": 100040,
                  "originalTransactionAmount": 100040,
                "payMethod": "CREDIT_CARD",
                "issuingBank": "ICICI",
                "issuingNetworkCode": "VISA",
                "bin6": 608032,
                "bin8": 0
            }
            ],
            "totalTransactionAmount": 7000,
              "originalTotalTransactionAmount": 7000
            }
            },
      "Response": {
            "status": 1,
            "data": {
            "status": 1,
            "promoVisibility": false,
            "promotext": "₹85.0 discount applied successfully.",
             "promoResponse": {
                "VELODAY": {
                "items": {
                    "1200142694pid": {
                        "usage_data": [
                            {
                                "siteId": "1",
                                "userId": "#$*.*",
                                "promocodeId": "301638389",
                                "promocode": "VELODAY",
                                "campaign": "4GLYCD_VELODAY",
                                "campaignId": 1019169,
                                "fulfillmentTime": "Thu Jul 14 15:13:54 IST 2022",
                                "fulfillmentStatus": 0,
                                "redemptionType": "discount",
                                "status": "1",
                                "fraud1": null,
                                "createdAt": "Thu Jul 14 15:13:54 IST 2022",
                                "flags": 0,
                                "promoGratificationData": {
                                    "actionType": "applyPGDiscount",
                                    "subRedemptionType": "discount"
                                },
                                "amount": 8500,
                                "custom_text": null
                            }
                        ]
                    }
                },
                "gratification": [
                    {
                        "type": "percentage",
                        "value": 86.0,
                        "cap": 85.0,
                        "redemption_type": "discount"
                    }
                ],
                "offerMeta": {
                    "offerDescription": "TESTJHDS2 is test campaign created for tesiing",
                    "isProductOffer": {
                        "1200142694pid": false
                    },
                    "tncUrl": "https://staging.paytm.com/papi/v1/promosearch/tnc?id=1019169",
                    "applicableTenures": []
                },
                "bankOfferContriInfo": {}
            }
            },
            "prePromoText": "Offer available.",
            "effectivePromoDeduction": 8500,
            "effectivePromoSaving": 8500,
            "promocode": "VELODAY",
            "savings": [
            {
                "savings": 8500,
                "redemptionType": "discount"
            }
            ],
            "tncUrl": "https://staging.paytm.com/papi/v1/promosearch/tnc?id=1019169"
            },
            "traceId": "c-1158968106079613889b80048-b344-4689-9de5-bc910fa7f763",
            "requestTime": "2022-07-14T09:43:53.953Z[GMT]"
        }
    },
    "PAYTMUSERDAY_CASE_FAILED_WITH_GLOBALRULE_FAILED":{
      "TestCaseName": "Verify THAT paytmuser CAN BE USED ONLY ONCE IN A WEEK but global rule is also breached ",
      "Request": {
            "user": {
              "id": 567613
            },
            "cart": {
                "items": {
                "1200142694pid": {
                    "price": 100040,
                    "originalPrice": 100040,
                    "product": {
                    "id": 45,
                    "merchant_id": 6002665,
                    "vertical_id": 308202,
                    "brand_id": 433434,
                    "category_ids": [
                        "520"
                    ]
                }
              }
            }
                },
            "clientDetails": {
            "channel": "APP"
            },
            "promocode": "VELODAY1",
            "paymentDetails": {
            "paymentOptions": [
            {
                "transactionAmount": 100040,
                 "originalTransactionAmount": 100040,
                "payMethod": "CREDIT_CARD",
                "issuingBank": "ICICI",
                "issuingNetworkCode": "VISA",
                "bin6": 608032,
                "bin8": 0
            }
            ],
            "totalTransactionAmount": 7000,
             "originalTotalTransactionAmount": 100040,
            }
            },
      "Response": {
            "status": 1,
             "data": {
            "status": 1,
            "promoVisibility": false,
            "promotext": "₹85.0 discount applied successfully.",
            "promoResponse": {
            "VELODAY1": {
                "items": {
                    "1200142694pid": {
                        "usage_data": [
                            {
                                "siteId": "1",
                                "userId": "#$*.*",
                                "promocodeId": "301638390",
                                "promocode": "VELODAY1",
                                "campaign": "V4ZMRY_VELODAY1",
                                "campaignId": 1019170,
                                "fulfillmentTime": "Thu Jul 14 15:24:52 IST 2022",
                                "fulfillmentStatus": 0,
                                "redemptionType": "discount",
                                "status": "1",
                                "fraud1": null,
                                "createdAt": "Thu Jul 14 15:24:52 IST 2022",
                                "flags": 0,
                                "promoGratificationData": {
                                    "actionType": "applyPGDiscount",
                                    "subRedemptionType": "discount"
                                },
                                "amount": 8500,
                                "custom_text": null
                            }
                        ]
                    }
                },
                "gratification": [
                    {
                        "type": "percentage",
                        "value": 86.0,
                        "cap": 85.0,
                        "redemption_type": "discount"
                    }
                ],
                "offerMeta": {
                    "offerDescription": "TESTJHDS2 is test campaign created for tesiing",
                    "isProductOffer": {
                        "1200142694pid": false
                    },
                    "tncUrl": "https://staging.paytm.com/papi/v1/promosearch/tnc?id=1019170",
                    "applicableTenures": []
                },
                "bankOfferContriInfo":{"bank":0.0,"brand":0.0,"merchant":0.0,"platform":0.0}
            }
                },
            "prePromoText": "Offer available.",
            "effectivePromoDeduction": 8500,
            "effectivePromoSaving": 8500,
            "promocode": "VELODAY1",
            "savings": [
            {
                "savings": 8500,
                "redemptionType": "discount"
            }
            ],
            "tncUrl": "https://staging.paytm.com/papi/v1/promosearch/tnc?id=1019170"
            },
            "traceId": "c-11590339437935935316d1f72-bdb6-43f2-a962-2a01187c89bf",
            "requestTime": "2022-07-14T09:54:52.331Z[GMT]"
        }
    },
    "CLIENT_ORDER_CREATED_AT_FAILURE_CASE":{
      "TestCaseName": "Verify CLIENT ORDER CREATED AT FAILURE CASE ",
      "Request": {
                    "clientDetails": {
                        "channel": "APP"
                    },
                    "promocode": "VELOTEST1",
                    "validationCode": "-1758103829",
                    "paymentDetails": {
                        "totalTransactionAmount": 100000,
                        "originalTotalTransactionAmount": 100000,
                        "paymentOptions": [
                            {
                                "bin6": "123456",
                                "issuingBank": "ICICI",
                                "issuingNetworkCode": "AMEX",
                                "cardHash": "string",
                                "cardIndexNo": "53G553VE8YL4M72THCCSOVJYNE41HXBBYOFGAV9KNH3A2ACZCJ1EV18EQHYJO4Z69WCRLOLXOW0CJUFNYFEJF2MWHWSJWBPUXP7W",
                                "payMethod": "CREDIT_CARD",
                                "transactionAmount": 100000,
                                 "originalTransactionAmount": 100000,
                                "bin8": "12345644"
                            }
                        ]
                    },
                    "user": {
                        "id": "100000023967",
                        "paytmUserId": 1212323
                    },
                    "cart": {
                        "items": {
                            "224826564pid": {
                                "product": {
                                    "id": 452,
                                    "merchant_id": 221321,
                                    "category_ids": [
                                        "520"
                                    ],
                                    "brand_id": 433434
                                },
                                "price": "100000",
                                 "originalPrice": 100000,
                            }
                        }
                    }
                },
      "Response": {
            "status": 0,
            "error": {
                "code": "PROMO_APPLY_4036",
                "message": "clientOrderCreatedAt either null or is more than configured threshold"
            },
            "traceId": "c-1168339590501699161d9724b-7d6b-4b56-b7be-b7c06eb2a4db",
            "requestTime": "2022-07-15T11:45:48.798Z[GMT]"
                  }
    }

}