{
"PaymentItemStatusFailure": {
    "TestCaseName": "Verify promo apply failure cases for transaction api so that in db item and order usage data is set to 0 ",
    "Request": {
        "user": {
        "id": 567613,
        "paytmUserId": 47392923239
        },
        "cart": {
        "items": {
            "1224826563pid": {
                "price": "8000",
                "originalPrice": "8000",
                "product": {
                    "id": 1224826563,
                    "merchant_id": 30102,
                    "vertical_id": 18,
                    "brand_id": "",
                    "category_ids": [
                        ""
                    ]
                }
            }
        }
        },
        "clientDetails": {
        "channel": "APP"
        },
        "promocode": "TESTDEBUG191",
        "paymentDetails": {
        "totalTransactionAmount": 100000,
        "originalTotalTransactionAmount": "100000",
        "paymentOptions": [
        {
                "bin6": "123456",
                "issuingBank": "ICICI",
                "issuingNetworkCode": "AMEX",
                "payMethod": "CREDIT_CARD",
                "transactionAmount": 100000,
                "originalTransactionAmount": "100000",
                "cardIndexNo": "CARDINDE6647638",
                "cardHash": "string",
                "bin8": "12345644",
                "tenure": "3"
            }
        ]
     }
    },
    "Response": {
        "status": 1,
        "data": {
        "status": 1,
        "promoVisibility": false,
        "promotext": "₹29.0 cashback applied successfully.",
        "promoResponse": {
            "TESTDEBUG191": {
                "items": {
                    "1224826563pid": {
                        "usage_data": [
                            {
                                "siteId": "1",
                                "userId": "#$*.*",
                                "promocodeId": "301619767",
                                "promocode": "TESTDEBUG191",
                                "campaign": "VDLUCG_TESTDEBUG191",
                                "campaignId": 1003907,
                                "fulfillmentTime": "Tue Apr 26 14:56:57 IST 2022",
                                "fulfillmentStatus": 0,
                                "redemptionType": "cashback",
                                "status": "1",
                                "fraud1": null,
                                "createdAt": "Tue Apr 26 14:56:57 IST 2022",
                                "flags": 0,
                                "promoGratificationData": {
                                    "actionType": "givePGCashback",
                                    "subRedemptionType": "cashback"
                                },
                                "amount": 2900,
                                "custom_text": null
                            }
                        ]
                    }
                },
                "gratification": [
                    {
                        "type": "percentage",
                        "value": 22.0,
                        "cap": 29.0,
                        "redemption_type": "cashback"
                    }
                ],
                "offerMeta": {
                    "offerDescription": "test12322",
                    "isProductOffer": {
                        "1224826563pid": false
                    },
                    "tncUrl": "https://staging.paytm.com/papi/v1/promosearch/tnc?id=1003907",
                    "applicableTenures": []
                },
                "bankOfferContriInfo": {}
            }
        },
        "prePromoText": "Offer available.",
        "payText": "Effective price after cashback %s",
        "effectivePromoDeduction": 0,
        "effectivePromoSaving": 2900,
        "promocode": "TESTDEBUG191",
        "savings": [
            {
                "savings": 2900,
                "redemptionType": "cashback"
            }
        ],
        "tncUrl": "https://staging.paytm.com/papi/v1/promosearch/tnc?id=1003907"
        },
        "traceId": "c-476306386726461123e574ef-d46f-4b90-8ecc-4f80893a4f65",
        "requestTime": "2022-04-26T09:26:56.76Z[GMT]"
    }
},
"VerifyWeekandMonthCase": {
    "TestCaseName": "Verify that one user can be used one month only or card can be applied once in a Week only ",
    "Request": { 
        "user": {
        "id": 567613,
        "paytmUserId": 47392923240
        },
        "cart": {
            "items": {
                "1224826563pid": {
                    "price": "8000",
                    "originalPrice": "100000",
                "product": {
                    "id": 1224826563,
                    "merchant_id": 30102,
                    "vertical_id": 18,
                    "brand_id": "",
                    "category_ids": [
                        ""
                    ]
                }
            }
        }
        },
        "clientDetails": {
        "channel": "APP"
        },
        "promocode": "TESTDEBUG192",
        "paymentDetails": {
        "totalTransactionAmount": 100000,
        "originalTotalTransactionAmount": "100000",
        "paymentOptions": [
            {
                "bin6": "123456",
                "issuingBank": "ICICI",
                "issuingNetworkCode": "AMEX",
                "payMethod": "CREDIT_CARD",
                "transactionAmount": 100000,
                "originalTransactionAmount": "100000",
                "cardHash": "string",
                "bin8": "12345644",
                "tenure": "3"
            }
         ]
        }
    },
    "Response": {
        "status": 1,
        "data": {
        "status": 1,
        "promoVisibility": false,
        "promotext": "₹1.0 cashback applied successfully.",
        "promoResponse": {
            "TESTDEBUG192": {
                "items": {
                    "1224826563pid": {
                        "usage_data": [
                            {
                                "siteId": "1",
                                "userId": "#$*.*",
                                "promocodeId": "301620128",
                                "promocode": "TESTDEBUG192",
                                "campaign": "6EGK36_TESTDEBUG192",
                                "campaignId": 1004013,
                                "fulfillmentTime": "Wed Apr 27 17:59:45 IST 2022",
                                "fulfillmentStatus": 0,
                                "redemptionType": "cashback",
                                "status": "1",
                                "fraud1": null,
                                "createdAt": "Wed Apr 27 17:59:45 IST 2022",
                                "flags": 0,
                                "promoGratificationData": {
                                    "actionType": "givePGCashback",
                                    "subRedemptionType": "cashback"
                                },
                                "amount": 100,
                                "custom_text": null
                            }
                        ]
                    }
                },
                "gratification": [
                    {
                        "type": "percentage",
                        "value": 1.0,
                        "cap": 1.0,
                        "redemption_type": "cashback"
                    }
                ],
                "offerMeta": {
                    "offerDescription": "test12322",
                    "isProductOffer": {
                        "1224826563pid": false
                    },
                    "tncUrl": "https://staging.paytm.com/papi/v1/promosearch/tnc?id=1004013",
                    "applicableTenures": []
                },
                "bankOfferContriInfo": {}
            }
        },
        "prePromoText": "Offer available.",
        "payText": "Effective price after cashback %s",
        "effectivePromoDeduction": 0,
        "effectivePromoSaving": 100,
        "promocode": "TESTDEBUG192",
        "savings": [
            {
                "savings": 100,
                "redemptionType": "cashback"
            }
        ],
        "tncUrl": "https://staging.paytm.com/papi/v1/promosearch/tnc?id=1004013"
         },
        "traceId": "c-486043182311120109b538c8-a3b5-43d2-a10e-bec49ab5f37b",
        "requestTime": "2022-04-27T12:29:44.716Z[GMT]"
}
},
"VerifyWeekandMonthCaseUserFailure": {
    "TestCaseName": "Verify the failure cases in which one user can be apply once month only ",
    "Request": { 
        "user": {
        "id": 567613,
        "paytmUserId": 47392923240
        },
        "cart": {
            "items": {
                "1224826563pid": {
                    "price": "8000",
                    "originalPrice": "100000",
                "product": {
                    "id": 1224826563,
                    "merchant_id": 30102,
                    "vertical_id": 18,
                    "brand_id": "",
                    "category_ids": [
                        ""
                    ]
                }
            }
        }
        },
        "clientDetails": {
        "channel": "APP"
        },
        "promocode": "TESTDEBUG192",
        "paymentDetails": {
        "totalTransactionAmount": 100000,
        "originalTotalTransactionAmount": "100000",
        "paymentOptions": [
            {
                "bin6": "123456",
                "issuingBank": "ICICI",
                "issuingNetworkCode": "AMEX",
                "payMethod": "CREDIT_CARD",
                "transactionAmount": 100000,
                "originalTransactionAmount": "100000",
                "cardHash": "string",
                "bin8": "12345644",
                "tenure": "3"
            }
         ]
        }
    },
    "Response": {
    "status": 1,
    "data": {
        "status": 0,
        "promoVisibility": true,
        "promotext": "one user can use campaign 1 per month"
    },
    "traceId": "c-4859676960406305f7bd651a-5256-4fc4-85f4-f6d34d3a0bf7",
    "requestTime": "2022-04-27T12:17:09.853Z[GMT]"
}
},
"VerifyWeekandMonthCaseCardFailure": {
    "TestCaseName": "Verify the failure case in which one card can be applied once a Week ",
    "Request": { 
        "user": {
        "id": 567613,
        "paytmUserId": 47392923240
        },
        "cart": {
            "items": {
                "1224826563pid": {
                    "price": "8000",
                    "originalPrice": "100000",
                "product": {
                    "id": 1224826563,
                    "merchant_id": 30102,
                    "vertical_id": 18,
                    "brand_id": "",
                    "category_ids": [
                        ""
                    ]
                }
            }
        }
        },
        "clientDetails": {
        "channel": "APP"
        },
        "promocode": "TESTDEBUG192",
        "paymentDetails": {
        "totalTransactionAmount": 100000,
        "originalTotalTransactionAmount": "100000",
        "paymentOptions": [
            {
                "bin6": "123456",
                "issuingBank": "ICICI",
                "issuingNetworkCode": "AMEX",
                "payMethod": "CREDIT_CARD",
                "transactionAmount": 100000,
                "originalTransactionAmount": "100000",
                "cardHash": "string",
                "bin8": "12345644",
                "tenure": "3"
            }
         ]
        }
    },
    "Response": {
        "status": 1,
        "data": {
        "status": 0,
        "promoVisibility": true,
        "promotext": "card can be used only once a week "
        },
        "traceId": "c-48596078542602281fef706a-0a22-46dc-9f1b-64b53bce4919",
        "requestTime": "2022-04-27T12:16:00.747Z[GMT]"
    }
},
"VerifyPaytmUserAmountPermonth": {
    "TestCaseName": "Verify that per month paytm user can only get 10 rupee gratification",
    "Request": { 
        "user": {
        "id": 567613
        },
        "cart": {
        "items": {
            "1224826563pid": {
                "price": "8000",
                "originalPrice": "100000",
                "product": {
                    "id": 1224826563,
                    "merchant_id": 30102,
                    "vertical_id": 18,
                    "brand_id": "",
                    "category_ids": [
                        ""
                    ]
                }
            }
        }
        },
        "clientDetails": {
        "channel": "APP"
        },
        "promocode": "TESTDEBUG194",
        "paymentDetails": {
        "totalTransactionAmount": 100000,
        "originalTotalTransactionAmount": "100000",
        "paymentOptions": [
            {
                "bin6": "123456",
                "issuingBank": "ICICI",
                "issuingNetworkCode": "AMEX",
                "payMethod": "CREDIT_CARD",
                "transactionAmount": 100000,
                "originalTransactionAmount": "100000",
                "cardHash": "string",
                "bin8": "12345644",
                "tenure": "3"
            }
        ]
     }
    },
    "Response": {
        "status": 1,
        "data": {
        "status": 1,
        "promoVisibility": false,
        "promotext": "₹10.0 cashback applied successfully.",
        "promoResponse": {
            "TESTDEBUG194": {
                "items": {
                    "1224826563pid": {
                        "usage_data": [
                            {
                                "siteId": "1",
                                "userId": "#$*.*",
                                "promocodeId": "301620376",
                                "promocode": "TESTDEBUG194",
                                "campaign": "J6PTG9_TESTDEBUG194",
                                "campaignId": 1004257,
                                "fulfillmentTime": "Thu Apr 28 13:11:29 IST 2022",
                                "fulfillmentStatus": 0,
                                "redemptionType": "cashback",
                                "status": "1",
                                "fraud1": null,
                                "createdAt": "Thu Apr 28 13:11:29 IST 2022",
                                "flags": 0,
                                "promoGratificationData": {
                                    "actionType": "givePGCashback",
                                    "subRedemptionType": "cashback"
                                },
                                "amount": 1000,
                                "custom_text": null
                            }
                        ]
                    }
                },
                "gratification": [
                    {
                        "type": "absolute",
                        "value": 10.0,
                        "cap": 10.0,
                        "redemption_type": "cashback"
                    }
                ],
                "offerMeta": {
                    "offerDescription": "test12322",
                    "isProductOffer": {
                        "1224826563pid": false
                    },
                    "tncUrl": "https://staging.paytm.com/papi/v1/promosearch/tnc?id=1004257",
                    "applicableTenures": []
                },
                "bankOfferContriInfo": {}
            }
            },
            "prePromoText": "Offer available.",
            "payText": "Effective price after cashback %s",
            "effectivePromoDeduction": 0,
            "effectivePromoSaving": 1000,
            "promocode": "TESTDEBUG194",
            "savings": [
            {
                "savings": 1000,
                "redemptionType": "cashback"
            }
            ],
         "tncUrl": "https://staging.paytm.com/papi/v1/promosearch/tnc?id=1004257"
        },
        "traceId": "c-492953621177920088c49b61-e3be-4d05-aec6-7a5abc8578b0",
        "requestTime": "2022-04-28T07:41:29.104Z[GMT]"
    }
},
"VerifyPaytmUserAmountPermonthFailure": {
    "TestCaseName": "Verify failure cases that per month paytm user cannot get more that 10 rupee gratification",
    "Request": { 
        "user": {
        "id": 567613
        },
        "cart": {
        "items": {
            "1224826563pid": {
                "price": "8000",
                "originalPrice": "100000",
                "product": {
                    "id": 1224826563,
                    "merchant_id": 30102,
                    "vertical_id": 18,
                    "brand_id": "",
                    "category_ids": [
                        ""
                    ]
                }
            }
        }
        },
        "clientDetails": {
        "channel": "APP"
        },
        "promocode": "TESTDEBUG194",
        "paymentDetails": {
        "totalTransactionAmount": 100000,
        "originalTotalTransactionAmount": "100000",
        "paymentOptions": [
            {
                "bin6": "123456",
                "issuingBank": "ICICI",
                "issuingNetworkCode": "AMEX",
                "payMethod": "CREDIT_CARD",
                "transactionAmount": 100000,
                "originalTransactionAmount": "100000",
                "cardHash": "string",
                "bin8": "12345644",
                "tenure": "3"
            }
        ]
     }
    },
    "Response": {
        "status": 1,
        "data": {
        "status": 0,
        "promoVisibility": true,
        "promotext": "paytm user per month amount is increased"
        },
        "traceId": "c-4929784553827280705589ce-3f82-47a2-8ac3-e4e51049f833",
        "requestTime": "2022-04-28T07:45:37.447Z[GMT]"
}
},
"VerifyPaytmUserAmountPerweek": {
    "TestCaseName": "Verify case that per week paytm user can get 10 rupee gratification only",
    "Request": { 
        "user": {
        "id": 567613
        },
        "cart": {
        "items": {
            "1224826563pid": {
                "price": "8000",
                "originalPrice": "100000",
                "product": {
                    "id": 1224826563,
                    "merchant_id": 30102,
                    "vertical_id": 18,
                    "brand_id": "",
                    "category_ids": [
                        ""
                    ]
                }
            }
        }
        },
        "clientDetails": {
        "channel": "APP"
        },
        "promocode": "TESTDEBUG195",
        "paymentDetails": {
        "totalTransactionAmount": 100000,
        "originalTotalTransactionAmount": "100000",
        "paymentOptions": [
            {
                "bin6": "123456",
                "issuingBank": "ICICI",
                "issuingNetworkCode": "AMEX",
                "payMethod": "CREDIT_CARD",
                "transactionAmount": 100000,
                "originalTransactionAmount": "100000",
                "cardHash": "string",
                "bin8": "12345644",
                "tenure": "3"
            }
        ]
     }
    },
    "Response": {
        "status": 1,
        "data": {
        "status": 1,
        "promoVisibility": false,
        "promotext": "₹10.0 cashback applied successfully.",
        "promoResponse": {
            "TESTDEBUG195": {
                "items": {
                    "1224826563pid": {
                        "usage_data": [
                            {
                                "siteId": "1",
                                "userId": "#$*.*",
                                "promocodeId": "301620378",
                                "promocode": "TESTDEBUG195",
                                "campaign": "NQXKVX_TESTDEBUG195",
                                "campaignId": 1004259,
                                "fulfillmentTime": "Thu Apr 28 13:16:51 IST 2022",
                                "fulfillmentStatus": 0,
                                "redemptionType": "cashback",
                                "status": "1",
                                "fraud1": null,
                                "createdAt": "Thu Apr 28 13:16:51 IST 2022",
                                "flags": 0,
                                "promoGratificationData": {
                                    "actionType": "givePGCashback",
                                    "subRedemptionType": "cashback"
                                },
                                "amount": 1000,
                                "custom_text": null
                            }
                        ]
                    }
                },
                "gratification": [
                    {
                        "type": "absolute",
                        "value": 11.0,
                        "cap": 11.0,
                        "redemption_type": "cashback"
                    }
                ],
                "offerMeta": {
                    "offerDescription": "test12322",
                    "isProductOffer": {
                        "1224826563pid": false
                    },
                    "tncUrl": "https://staging.paytm.com/papi/v1/promosearch/tnc?id=1004259",
                    "applicableTenures": []
                },
                "bankOfferContriInfo": {}
            }
        },
        
        "prePromoText": "Offer available.",
        "payText": "Effective price after cashback %s",
        "effectivePromoDeduction": 0,
        "effectivePromoSaving": 1000,
        "promocode": "TESTDEBUG195",
        "savings": [
            {
                "savings": 1000,
                "redemptionType": "cashback"
            }
        ],
        "tncUrl": "https://staging.paytm.com/papi/v1/promosearch/tnc?id=1004259"
        },
        "traceId": "c-49298578739900931de7b43f-d9ab-42cb-8e70-9cfce147551e",
         "requestTime": "2022-04-28T07:46:50.767Z[GMT]"
}
},
"VerifyPaytmUserAmountPerweekFailure": {
    "TestCaseName": "Verify failure cases that per week paytm user cannot get more that 10 rupee gratification",
    "Request": { 
        "user": {
        "id": 567613
        },
        "cart": {
        "items": {
            "1224826563pid": {
                "price": "8000",
                "originalPrice": "100000",
                "product": {
                    "id": 1224826563,
                    "merchant_id": 30102,
                    "vertical_id": 18,
                    "brand_id": "",
                    "category_ids": [
                        ""
                    ]
                }
            }
        }
        },
        "clientDetails": {
        "channel": "APP"
        },
        "promocode": "TESTDEBUG195",
        "paymentDetails": {
        "totalTransactionAmount": 100000,
        "originalTotalTransactionAmount": "100000",
        "paymentOptions": [
            {
                "bin6": "123456",
                "issuingBank": "ICICI",
                "issuingNetworkCode": "AMEX",
                "payMethod": "CREDIT_CARD",
                "transactionAmount": 100000,
                "originalTransactionAmount": "100000",
                "cardHash": "string",
                "bin8": "12345644",
                "tenure": "3"
            }
        ]
     }
    },
    "Response": {
        "status": 1,
        "data": {
        "status": 0,
        "promoVisibility": true,
        "promotext": "paytm user amount condition breached in a week "
        },
        "traceId": "c-493009563788872282827c5e-3b18-4dff-9683-92931481272e",
        "requestTime": "2022-04-28T07:50:48.531Z[GMT]"
    }
}
}




