{
  "Request_Response": [
    {
      "TestCaseName": "Verify promo apply failure for pay_usage_by_campaign_by_user condition RANDOMIZEDUSER",
      "Request": {
        "clientDetails": {
          "channel": "APP"
        },
        "promocode": "AUTESUSER",
        "paymentDetails": {
          "totalTransactionAmount": 10000,
          "originalTotalTransactionAmount": 10000,
          "paymentOptions": [
            {
              "bin6": "112233",
              "issuingBank": "IDBI",
              "issuingNetworkCode": "MASTER",
              "payMethod": "ADVANCE_DEPOSIT_ACCOUNT",
              "transactionAmount": 10000,
               "originalTransactionAmount": 10000,
              "bin8": "11223344"
            }
          ]
        },
        "user": {
          "id": "1000000234"
        },
        "cart": {
          "items": {
            "224826564pid": {
              "product": {
                "id": 224826564,
                "merchant_id": 21321,
                "category_ids": [
                  "401"
                ],
                "brand_id": 4556671
              },
              "price": "10000",
               "originalPrice": 10000,
            }
          }
        }
      },
      "Response": {
        "status": 1,
        "error": null,
        "data": {
          "status": 0,
          "promoVisibility": true,
          "responseCode": null,
          "promotext": "unique user",
          "promoResponse": null
        }
      }
    },
    {
      "TestCaseName": "Verify promo apply failure for pay_usage_by_campaign_by_user_by_amount condition FULLCASGBACK",
      "Request": {
        "clientDetails": {
          "channel": "APP"
        },
        "promocode": "AUTESUSERAMT",
        "paymentDetails": {
          "totalTransactionAmount": 10000,
           "originalTotalTransactionAmount": 10000,
          "paymentOptions": [
            {
              "bin6": "112233",
              "issuingBank": "IDBI",
              "issuingNetworkCode": "MASTER",
              "payMethod": "ADVANCE_DEPOSIT_ACCOUNT",
              "transactionAmount": 10000,
               "originalTransactionAmount": 10000,
              "bin8": "11223344"
            }
          ]
        },
        "user": {
          "id": 3063251
        },
        "cart": {
          "items": {
            "224826565pid": {
              "product": {
                "id": 224826565,
                "merchant_id": 21321,
                "category_ids": [
                  "401"
                ],
                "brand_id": 4556671
              },
              "price": "10000",
               "originalPrice": 10000,
            }

          }
        }
      },
      "Response": {
        "status": 1,
        "error": null,
        "data": {
          "status": 0,
          "promoVisibility": true,
          "responseCode": null,
          "promotext": "user can avail 50rs only",
          "promoResponse": null
        }
      }
    },
    {
      "TestCaseName": "Verify promo apply failure for pay_usage_by_campaign_by_card condition : RANDOMIZECARD",
      "Request": {
        "clientDetails": {
          "channel": "APP"
        },
        "promocode": "AUTESCARD",
        "paymentDetails": {
          "totalTransactionAmount": 10000,
           "originalTotalTransactionAmount": 10000,
          "paymentOptions": [
            {
              "bin6": "112233",
              "issuingBank": "IDBI",
              "issuingNetworkCode": "MASTER",
              "cardIndexNo": "IPYAMCSQZ4ZGUFPEPEASAKWMH20OYN0XFAT3YG8MK89GGOZROY0VUGPHPF304R0X",
              "payMethod": "DEBIT_CARD",
              "transactionAmount": 10000,
               "originalTransactionAmount": 10000,
              "bin8": "11223344"
            }
          ]
        },
        "user": {
          "id": 2030483
        },
        "cart": {
          "items": {
            "224826565pid": {
              "product": {
                "id": 224826565,
                "merchant_id": 21321,
                "category_ids": [
                  "401"
                ],
                "brand_id": 4556671
              },
              "price": "10000",
               "originalPrice": 10000,
            }

          }
        }
      },
      "Response": {
        "status": 1,
        "error": null,
        "data": {
          "status": 0,
          "promoVisibility": true,
          "responseCode": null,
          "promotext": "unique card",
          "promoResponse": null
        }
      }
    },
    {
      "TestCaseName": "Verify promo apply failure for pay_usage_by_campaign_by_card_by_amount condition :RANDOMIZECARD CARDFULLCASHBACK",
      "Request": {
        "clientDetails": {
          "channel": "APP"
        },
        "promocode": "AUTESCARDAMT",
        "paymentDetails": {
          "totalTransactionAmount": 10000,
           "originalTotalTransactionAmount": 10000,
          "paymentOptions": [
            {
              "bin6": "112233",
              "issuingBank": "IDBI",
              "issuingNetworkCode": "MASTER",
              "cardIndexNo": "K1PWCX8RY0XR8YVOEYRSIXIBGUTSFWFI4GPVAREQ31RGSOFIR6DSVHTGGU8J9KIS",
              "payMethod": "DEBIT_CARD",
              "transactionAmount": 10000,
               "originalTransactionAmount": 10000,
              "bin8": "11223344"
            }
          ]
        },
        "user": {
          "id": 2785642
        },
        "cart": {
          "items": {
            "224826565pid": {
              "product": {
                "id": 224826565,
                "merchant_id": 21321,
                "category_ids": [
                  "401"
                ],
                "brand_id": 4556671
              },
              "price": "10000",
               "originalPrice": 10000,
            }
          }
        }
      },
      "Response": {
        "status": 1,
        "error": null,
        "data": {
          "status": 0,
          "promoVisibility": true,
          "responseCode": null,
          "promotext": "Maximum one card can avail 50rs benifit",
          "promoResponse": null
        }
      }
    }
  ]
}