name,operator
user_id,present
promocode_usage_amount_order,lessThan
promocode_usage_count_by_fraud_by_day_by_web,lessThan
is_verified_mobile,equals
promocode_usage_count_by_fraud_by_app_by_valid_from,lessThan
category_ids,intersection
promocode_usage_count_by_campaign,lessThan
promocode_usage_count,lessThan
amount,greaterThanEqual
qty,lessThanEqual
category_sum,greaterThanEqual
category_count,lessThanEqual
promocode_usage_count_by_orders_by_valid_from,lessThan
product_ids,intersection
category_ids,complement
promocode_usage_count_by_fraud_by_app,lessThan
is_verified_mobile,equalTo
meta_data_ticketCount,greaterThanEqual
promocode_usage_count_by_orders_by_valid_from_by_site_ids,lessThan
promocode_usage_count_order,lessThan
age,greaterThanEqual
price,greaterThan
meta_data_singleTicketPrice,greaterThanEqual
promocode_usage_count_by_orders_by_month,lessThan
meta_data_cinemaId,isOneOf
meta_data_ticketCount,lessThanEqual
promocode_usage_count_by_fraud_by_web_by_valid_from,lessThan
transactionCount,equalTo
promocode_usage_count_by_campaigns,lessThan
cart_selling_price_total,greaterThanEqual
merchant_ids,intersection
promocode_unique_by_code_campaign,lessThan
meta_data_entityId,isOneOf
price,greaterThanEqual
meta_data_movie,isOneOf
successful_order_count_by_categories,lessThanEqual
meta_data_number_of_passengers,lessThanEqual
vertical_ids,intersection
meta_data_booking_type,equalTo
offers_per_user,lessThanEqual
category_count,greaterThanEqual
promocode_associated_to_user,equals
meta_data_total_order_fare,greaterThanEqual
freebie_list,equals
applicable_for_user,equals
product_ids,complement
platform,isOneOf
applicable_for_user,equalTo
promocode_unique_by_code_campaign_order,lessThan
promocode_usage_count_by_orders,lessThan
merchant_ids,complement
promocode_usage_count_by_fraud_by_web,lessThan
PG_transactionType,isOneOf
promocode_usage_count_by_fraud_by_app_by_valid_from,lessThanEqual
promocode_usage_count_by_campaigns,greaterThanEqual
promocode_usage_count_by_fraud_by_day_by_web,lessThanEqual
meta_data_singleTicketPrice,lessThanEqual
WALLET_transactionType,isOneOf
meta_data_cinemaId,notOneOf
selling_price_per_item,greaterThanEqual
user_id,equalTo
WALLET_payeeId,isOneOf
PG_merchantIds,isOneOf
promocode_usage_count_by_recharge_campaign_valid_from,lessThan
user_lastName,present
promocode_usage_count_by_orders_by_day,lessThan
user_firstName,present
meta_data_number_of_passengers,greaterThanEqual
x_transaction_day,lessThanEqual
meta_data_booking_type,equals
brand_ids,complement
category_sum,lessThanEqual
category_count,lessThan
qty,lessThan
promocode_usage_count_by_day,lessThan
PG_bulk_merchant_ids,equals
has_successful_payment,equals
applicable_for_phone,equalTo
promocode_usage_count_by_campaigns,lessThanEqual
user_id,isOneOf
applicable_for_phone,equals
PG_transAmount,greaterThanEqual
WALLET_bulk_payee_id,equals
promocode_global_usage_count_per_interval,lessThan
promocode_usage_count_by_orders_by_week,lessThan
user_id,equals
PG_paytmMerchantId,isOneOf
transactionCount,equals
promocode_usage_count_by_recharge_campaign_by_valid_from,lessThan
meta_data_destination,isOneOf
meta_data_travelName,isOneOf
promocode_associated_to_user,equalTo
meta_data_trip_type,equals
meta_data_source,isOneOf
has_successful_order,equals
promocode_usage_count_by_month,lessThan
promocode_usage_count_by_orders_by_site_ids,lessThan
meta_data_passengerCount,greaterThanEqual
promocode_usage_amount_order,lessThanEqual
vertical_ids,complement
brand_ids,intersection
meta_data_showTime,dateLessThan
promocode_usage_count_by_campaign,lessThanEqual
success_order_count_by_recharge_number,lessThanEqual
has_successful_busticket,equalTo
UPI_transactionType,isOneOf
promocode_usage_count_by_fraud_by_day_by_app,lessThan
has_successful_busticket,equals
has_successful_vertical_order,equals
meta_data_trip_type,equalTo
promocode_usage_count_by_fraud_by_month_by_app,lessThan
promocode_usage_count_by_recharge_campaign_by_month,lessThan
promocode_usage_count_by_recharge_campaign_month,lessThan
UPI_amount,greaterThanEqual
selling_price_per_item,greaterThan
UPI_payee_va,isOneOf
amount,lessThanEqual
promocode_usage_count_by_fraud_by_month_by_web,lessThan
limit_to_first_user,equalTo
qty,equals
x_transaction_week,lessThanEqual
limit_to_first_user,equals
promocode_usage_count_by_campaign_by_month,lessThan
promocode_usage_count_by_fraud_by_app,lessThanEqual
user_mobile_equals_recharge_number,equals
user_mobile_equals_recharge_number,equalTo
meta_data_booking_type,notEquals
meta_data_showTime,dateGreaterThanEqual
promocode_usage_count_by_orders,lessThanEqual
promocode_usage_count_by_recharge_campaign,lessThan
promocode_usage_count_by_valid_from,lessThan
unique_merchant_id_count,lessThanEqual
PG_mode,isOneOf
PG_requestType,equals
promocode_usage_count_by_device_imei,lessThanEqual
WALLET_requestType,isOneOf
WALLET_TransactionTypeNumeric,equals
has_successful_order,equalTo
meta_data_day,isOneOf
meta_data_travel_date,dateGreaterThanEqual
PG_bulk_merchant_ids,equalTo
is_overlapping_campaign,equalTo
meta_data_travel_date,isOneOf
promocode_usage_count_by_orders_by_valid_from_by_site_ids,lessThanEqual
x_transaction_month,lessThanEqual
category_ids,present
meta_data_is_round_trip,equals
meta_data_service_operator,isOneOf
meta_data_service_operator,notOneOf
meta_data_travel_date,dateLessThan
payment_method,isOneOf
PG_paytmMerchantId_bulk_upload,equals
promocode_global_usage_count_per_interval,lessThanEqual
cartTotal,greaterThanEqual
merchant_ids,isOneOf
offers_per_user_per_month,lessThanEqual
phonenumber,equals
promocode_usage_count_by_campaign_by_day,lessThan
promocode_usage_count_by_device_imei,lessThan
promocode_usage_count_by_meta_campaign,lessThan
promocode_usage_count_by_week,lessThan
vertical_ids,isOneOf
WALLET_payeeId,greaterThan
amount,equals
amount,greaterThan
category_sum,greaterThan
getStartOrderIdFilter,present
has_successful_payment_es,equals
has_successful_vertical_order,equalTo
meta_data_booking_type,notEqualTo
meta_data_is_round_trip,equalTo
meta_data_item_type,isOneOf
meta_data_movieCode,isOneOf
meta_data_passengerCount,lessThanEqual
meta_data_seatType,notOneOf
meta_data_time,lessThanEqual
meta_data_travel_date,dateLessThanEqual
offers_per_merchant,lessThanEqual
promocode_usage_amount,lessThan
promocode_usage_count,lessThanEqual
promocode_usage_count_by_orders_by_site_ids,lessThanEqual
promocode_usage_count_by_recharge_campaign_by_day,lessThan
promocode_usage_count_by_recharge_campaign_valid_from,lessThanEqual
qty,greaterThanEqual
successful_order_count_by_categories,greaterThanEqual
unique_order_by_physical_merchant,lessThanEqual
user_id,notOneOf
WALLET_paytmMerchantId,isOneOf
x_transaction_per_user,lessThanEqual
age,lessThanEqual
amount,isOneOf
applicable_for_phone,notEqualTo
applicable_for_user,greaterThanEqual
category_sum,present
check_due_date_range,dateNotInRange
count,intersection
has_successful_busticket,lessThanEqual
is_verified_email,equals
meta_data_destination_country,isOneOf
meta_data_endTime,dateLessThan
meta_data_number_of_passengers,equals
meta_data_seatType,equals
meta_data_service_operator,equals
meta_data_showTime,dateLessThanEqual
meta_data_singleTicketPrice,present
meta_data_startTime,dateGreaterThanEqual
meta_data_total_foodvalue,greaterThanEqual
meta_data_total_foodvalue,isOneOf
meta_data_total_order_fare,greaterThan
meta_data_totalChargedPrice,greaterThanEqual
meta_data_totalticketprice,greaterThanEqual
offers_per_user,lessThan
PG_merchantIds,intersection
PG_payMethods,isOneOf
PG_transactionType,equalTo
PG_transAmount,greaterThan
PG_transAmount,lessThanEqual
primary_category_id,lessThan
product_ids,present
promocode_associated_to_merchant,equalTo
promocode_associated_to_user,greaterThan
promocode_usage_amount_order,greaterThan
promocode_usage_count_by_campaign,greaterThanEqual
promocode_usage_count_by_fraud_by_app_by_valid_from,greaterThan
promocode_usage_count_by_fraud_by_day,lessThan
promocode_usage_count_by_fraud_by_web_by_valid_from,lessThanEqual
promocode_usage_count_by_orders_by_month,greaterThan
promocode_usage_count_order,greaterThan
selling_price_per_item,lessThanEqual
successful_order_count_by_categories,lessThan
user_id,notEquals
WALLET_orderAmount,greaterThanEqual
WALLET_payerId,isOneOf
