{
  "OfferExpiryCancellationTransaction": {
    "txn_id": "#$*.*",
    "order_id": "SM_FEAFFBA43D7F1F52",
    "txn_source": "WALLET",
    "txn_type": "Automation_Cancel_Int2",
    "created_at": "#$*.*",
    "txn_amount": 2400,
    "payee_name": "Vineet Mittal",
    "stage": 0,
    "status": "CANCELLED",
    "cancelledDate": "#$*.*",
    "fulfillment_time": null
  },
  "NoDelayTransactionStage0": {
    "txn_id": "#$*.*",
    "order_id": "SM_FEAFFBA43D7F1F52",
    "txn_source": "WALLET",
    "txn_type": "Automation_Cancel_Int2",
    "created_at": "#$*.*",
    "txn_amount": 2400,
    "payee_name": "Vineet Mittal",
    "merchant_id": "#$*.*",
    "stage": 0
  },
  "CancelInProgressStageNoDelay": {
    "txn_id": "#$*.*",
    "order_id": "SM_FEAFFBA43D7F1F52",
    "txn_source": "WALLET",
    "txn_type": "Automation_Cancel_Int2",
    "created_at": "#$*.*",
    "txn_amount": 550,
    "payee_name": "Vineet Mittal",
    "merchant_id": "#$*.*",
    "stage": 2,
    "status": "CANCELLED",
    "cancelledDate": "#$*.*",
    "fulfillment_time": null
  },
  "CancelStageShiftingDelay1Txn": {
    "0Txn": {
      "txn_id": "#$*.*",
      "order_id": "SM_FEAFFBA43D7F1F52",
      "txn_source": "WALLET",
      "txn_type": "Automation_Cancel_Int3",
      "created_at": "#$*.*",
      "txn_amount": 1000,
      "payee_name": "Vineet Mittal",
      "stage": 0,
      "status": "CANCELLED",
      "cancelledDate": "#$*.*",
      "fulfillment_time": null
    },
    "1Txn": {
      "txn_id": "#$*.*",
      "order_id": "SM_FEAFFBA43D7F1F52",
      "txn_source": "WALLET",
      "txn_type": "Automation_Cancel_Int3",
      "created_at": "2018-07-05T09:57:58.000Z",
      "txn_amount": 800,
      "payee_name": "Vineet Mittal",
      "stage": 0
    },
    "2Txn": {
      "txn_id": "#$*.*",
      "order_id": "SM_FEAFFBA43D7F1F52",
      "txn_source": "WALLET",
      "txn_type": "Automation_Cancel_Int3",
      "created_at": "2018-07-05T09:57:58.000Z",
      "txn_amount": 600,
      "payee_name": "Vineet Mittal",
      "stage": 1
    },
    "3Txn": {
      "txn_id": "#$*.*",
      "order_id": "SM_FEAFFBA43D7F1F52",
      "txn_source": "WALLET",
      "txn_type": "Automation_Cancel_Int3",
      "created_at": "2018-07-05T09:57:58.000Z",
      "txn_amount": 550,
      "payee_name": "Vineet Mittal",
      "stage": 1
    },
    "4Txn": {
      "txn_id": "#$*.*",
      "order_id": "SM_FEAFFBA43D7F1F52",
      "txn_source": "WALLET",
      "txn_type": "Automation_Cancel_Int3",
      "created_at": "2018-07-05T09:57:58.000Z",
      "txn_amount": 500,
      "payee_name": "Vineet Mittal",
      "stage": 2
    }
  },
  "CancelStageShiftingDelay2Txn": {
    "0Txn": {
      "txn_id": "#$*.*",
      "order_id": "SM_FEAFFBA43D7F1F52",
      "txn_source": "WALLET",
      "txn_type": "Automation_Cancel_Int3",
      "created_at": "#$*.*",
      "txn_amount": 1000,
      "payee_name": "Vineet Mittal",
      "stage": 0,
      "status": "CANCELLED",
      "cancelledDate": "#$*.*",
      "fulfillment_time": null
    },
    "1Txn": {
      "txn_id": "#$*.*",
      "order_id": "SM_FEAFFBA43D7F1F52",
      "txn_source": "WALLET",
      "txn_type": "Automation_Cancel_Int3",
      "created_at": "2018-07-05T09:57:58.000Z",
      "txn_amount": 800,
      "payee_name": "Vineet Mittal",
      "stage": 0,
      "status": "CANCELLED",
      "cancelledDate": "#$*.*",
      "fulfillment_time": null
    },
    "2Txn": {
      "txn_id": "#$*.*",
      "order_id": "SM_FEAFFBA43D7F1F52",
      "txn_source": "WALLET",
      "txn_type": "Automation_Cancel_Int3",
      "created_at": "2018-07-05T09:57:58.000Z",
      "txn_amount": 600,
      "payee_name": "Vineet Mittal",
      "stage": 0
    },
    "3Txn": {
      "txn_id": "#$*.*",
      "order_id": "SM_FEAFFBA43D7F1F52",
      "txn_source": "WALLET",
      "txn_type": "Automation_Cancel_Int3",
      "created_at": "2018-07-05T09:57:58.000Z",
      "txn_amount": 550,
      "payee_name": "Vineet Mittal",
      "stage": 1
    },
    "4Txn": {
      "txn_id": "#$*.*",
      "order_id": "SM_FEAFFBA43D7F1F52",
      "txn_source": "WALLET",
      "txn_type": "Automation_Cancel_Int3",
      "created_at": "2018-07-05T09:57:58.000Z",
      "txn_amount": 500,
      "payee_name": "Vineet Mittal",
      "stage": 1
    }
  },
  "CancelStageShiftingDelay3Txn": {
    "0Txn": {
      "txn_id": "#$*.*",
      "order_id": "SM_FEAFFBA43D7F1F52",
      "txn_source": "WALLET",
      "txn_type": "Automation_Cancel_Int3",
      "created_at": "#$*.*",
      "txn_amount": 1000,
      "payee_name": "Vineet Mittal",
      "stage": 0,
      "status": "CANCELLED",
      "cancelledDate": "#$*.*",
      "fulfillment_time": null
    },
    "1Txn": {
      "txn_id": "#$*.*",
      "order_id": "SM_FEAFFBA43D7F1F52",
      "txn_source": "WALLET",
      "txn_type": "Automation_Cancel_Int3",
      "created_at": "2018-07-05T09:57:58.000Z",
      "txn_amount": 800,
      "payee_name": "Vineet Mittal",
      "stage": 0,
      "status": "CANCELLED",
      "cancelledDate": "#$*.*",
      "fulfillment_time": null
    },
    "2Txn": {
      "txn_id": "#$*.*",
      "order_id": "SM_FEAFFBA43D7F1F52",
      "txn_source": "WALLET",
      "txn_type": "Automation_Cancel_Int3",
      "created_at": "2018-07-05T09:57:58.000Z",
      "txn_amount": 600,
      "payee_name": "Vineet Mittal",
      "stage": 0,
      "status": "CANCELLED",
      "cancelledDate": "#$*.*",
      "fulfillment_time": null
    },
    "3Txn": {
      "txn_id": "#$*.*",
      "order_id": "SM_FEAFFBA43D7F1F52",
      "txn_source": "WALLET",
      "txn_type": "Automation_Cancel_Int3",
      "created_at": "2018-07-05T09:57:58.000Z",
      "txn_amount": 550,
      "payee_name": "Vineet Mittal",
      "stage": 0
    },
    "4Txn": {
      "txn_id": "#$*.*",
      "order_id": "SM_FEAFFBA43D7F1F52",
      "txn_source": "WALLET",
      "txn_type": "Automation_Cancel_Int3",
      "created_at": "2018-07-05T09:57:58.000Z",
      "txn_amount": 500,
      "payee_name": "Vineet Mittal",
      "stage": 1
    }
  },
  "CancelStageShiftingDelay4Txn": {
    "0Txn": {
      "txn_id": "#$*.*",
      "order_id": "SM_FEAFFBA43D7F1F52",
      "txn_source": "WALLET",
      "txn_type": "Automation_Cancel_Int3",
      "created_at": "#$*.*",
      "txn_amount": 1000,
      "payee_name": "Vineet Mittal",
      "stage": 0,
      "status": "CANCELLED",
      "cancelledDate": "#$*.*",
      "fulfillment_time": null
    },
    "1Txn": {
      "txn_id": "#$*.*",
      "order_id": "SM_FEAFFBA43D7F1F52",
      "txn_source": "WALLET",
      "txn_type": "Automation_Cancel_Int3",
      "created_at": "2018-07-05T09:57:58.000Z",
      "txn_amount": 800,
      "payee_name": "Vineet Mittal",
      "stage": 0,
      "status": "CANCELLED",
      "cancelledDate": "#$*.*",
      "fulfillment_time": null
    },
    "2Txn": {
      "txn_id": "#$*.*",
      "order_id": "SM_FEAFFBA43D7F1F52",
      "txn_source": "WALLET",
      "txn_type": "Automation_Cancel_Int3",
      "created_at": "2018-07-05T09:57:58.000Z",
      "txn_amount": 600,
      "payee_name": "Vineet Mittal",
      "stage": 0,
      "status": "CANCELLED",
      "cancelledDate": "#$*.*",
      "fulfillment_time": null
    },
    "3Txn": {
      "txn_id": "#$*.*",
      "order_id": "SM_FEAFFBA43D7F1F52",
      "txn_source": "WALLET",
      "txn_type": "Automation_Cancel_Int3",
      "created_at": "2018-07-05T09:57:58.000Z",
      "txn_amount": 550,
      "payee_name": "Vineet Mittal",
      "stage": 0,
      "status": "CANCELLED",
      "cancelledDate": "#$*.*",
      "fulfillment_time": null
    },
    "4Txn": {
      "txn_id": "#$*.*",
      "order_id": "SM_FEAFFBA43D7F1F52",
      "txn_source": "WALLET",
      "txn_type": "Automation_Cancel_Int3",
      "created_at": "2018-07-05T09:57:58.000Z",
      "txn_amount": 500,
      "payee_name": "Vineet Mittal",
      "stage": 0
    }
  },
  "CancelStageShiftingDelay5Txn": {
    "0Txn": {
      "txn_id": "#$*.*",
      "order_id": "SM_FEAFFBA43D7F1F52",
      "txn_source": "WALLET",
      "txn_type": "Automation_Cancel_Int3",
      "created_at": "#$*.*",
      "txn_amount": 1000,
      "payee_name": "Vineet Mittal",
      "stage": 0,
      "status": "CANCELLED",
      "cancelledDate": "#$*.*",
      "fulfillment_time": null
    },
    "1Txn": {
      "txn_id": "#$*.*",
      "order_id": "SM_FEAFFBA43D7F1F52",
      "txn_source": "WALLET",
      "txn_type": "Automation_Cancel_Int3",
      "created_at": "2018-07-05T09:57:58.000Z",
      "txn_amount": 800,
      "payee_name": "Vineet Mittal",
      "stage": 0,
      "status": "CANCELLED",
      "cancelledDate": "#$*.*",
      "fulfillment_time": null
    },
    "2Txn": {
      "txn_id": "#$*.*",
      "order_id": "SM_FEAFFBA43D7F1F52",
      "txn_source": "WALLET",
      "txn_type": "Automation_Cancel_Int3",
      "created_at": "2018-07-05T09:57:58.000Z",
      "txn_amount": 600,
      "payee_name": "Vineet Mittal",
      "stage": 0,
      "status": "CANCELLED",
      "cancelledDate": "#$*.*",
      "fulfillment_time": null
    },
    "3Txn": {
      "txn_id": "#$*.*",
      "order_id": "SM_FEAFFBA43D7F1F52",
      "txn_source": "WALLET",
      "txn_type": "Automation_Cancel_Int3",
      "created_at": "2018-07-05T09:57:58.000Z",
      "txn_amount": 550,
      "payee_name": "Vineet Mittal",
      "stage": 0,
      "status": "CANCELLED",
      "cancelledDate": "#$*.*",
      "fulfillment_time": null
    },
    "4Txn": {
      "txn_id": "#$*.*",
      "order_id": "SM_FEAFFBA43D7F1F52",
      "txn_source": "WALLET",
      "txn_type": "Automation_Cancel_Int3",
      "created_at": "2018-07-05T09:57:58.000Z",
      "txn_amount": 500,
      "payee_name": "Vineet Mittal",
      "stage": 0,
      "status": "CANCELLED",
      "cancelledDate": "#$*.*",
      "fulfillment_time": null
    }
  },
  "Cancel1TxnExpectedData": {
    "stage0BonusAmount": "80",
    "stageTxnCount": "2",
    "txnCount": "1",
    "stage": "2",
    "stage2Status": "INCOMPLETE",
    "supercashTaskStatus": "0"
  },
  "OutOfOrderCancellation":{
    "AutoActivateFalse": {
    "txn_id": "#$*.*",
    "payee_identifier": "#$*.*",
    "stage": 0,
    "txn_type": "Automation_Cancel_Int3",
    "payee_name": "Vineet Mittal",
    "created_at": "2018-07-05T09:57:58.000Z",
    "txn_amount": 1000,
    "txn_source": "WALLET",
    "order_id": "SM_FEAFFBA43D7F1F52",
    "cancelledDate": "#$*.*",
    "status": "CANCELLED"
  },
    "AutoActivateTrue": {
      "txn_id": "#$*.*",
      "stage": 0,
      "txn_type": "AUTOMATION_CANCEL_AUTO",
      "payee_name": "Vineet Mittal",
      "created_at": "2018-07-05T09:57:58.000Z",
      "txn_amount": 1000,
      "txn_source": "WALLET",
      "order_id": "SM_FEAFFBA43D7F1F52",
      "cancelledDate": "#$*.*",
      "status": "CANCELLED"
    }
  },
  "PartialCancellation":{
    "Percentage":{
      "txn_id": "#$*.*",
      "stage": 0,
      "txn_type": "AUTOMATION_CANCEL_PARTIAL1",
      "payee_name": "Vineet Mittal",
      "created_at": "2018-07-05T09:57:58.000Z",
      "txn_amount": 700,
      "txn_source": "WALLET",
      "order_id": "SM_FEAFFBA43D7F1F52"
    },
    "Percentage1":{
      "txn_id": "#$*.*",
      "stage": 0,
      "txn_type": "AUTOMATION_CANCEL_PARTIAL1",
      "payee_name": "Vineet Mittal",
      "created_at": "2018-07-05T09:57:58.000Z",
      "txn_amount": 700,
      "txn_source": "WALLET",
      "order_id": "SM_FEAFFBA43D7F1F52"
    },
    "Percentage2":{
      "txn_id": "#$*.*",
      "stage": 1,
      "txn_type": "AUTOMATION_CANCEL_PARTIAL1",
      "payee_name": "Vineet Mittal",
      "created_at": "2018-07-05T09:57:58.000Z",
      "txn_amount": 700,
      "txn_source": "WALLET",
      "order_id": "SM_FEAFFBA43D7F1F52"
    },
    "Absolute": {
      "txn_id": "#$*.*",
      "stage": 0,
      "txn_type": "AUTOMATION_CANCEL_AUTO",
      "payee_name": "Vineet Mittal",
      "created_at": "2018-07-05T09:57:58.000Z",
      "txn_amount": 1000,
      "txn_source": "WALLET",
      "order_id": "SM_FEAFFBA43D7F1F52",
      "cancelledDate": "#$*.*",
      "status": "CANCELLED"
    }
  }
}