{
  "GameCreation": {
    "txn_data": {
      "sourceSystemId": "WALLET",
      "transactionId": "19558800560",
      "reqId": "76DC1EAF5C1EBD8DA7866BF66A69A1300D5862767630C0D2A2FF080BDB6738AB",
      "tag": "supercash",
      "type": "build",
      "order_id": "SM_FEAFFBA43D7F1F52",
      "payeeId": "296698255",
      "payeeName": "Vineet Mittal",
      "merchantName": null,
      "orderName": null,
      "payerId": "5555555555",
      "transactionType": "Automation2",
      "requestType": null,
      "createdTime": "2020-07-07 15:27:58",
      "orderAmount": "2400.0",
      "status": "SUCCESS",
      "custMobileNum": "8960752004",
      "custEmailAddress": null
    }
  },
  "Amount0": {
    "txn_data": {
      "sourceSystemId": "WALLET",
      "transactionId": "19558800560",
      "reqId": "76DC1EAF5C1EBD8DA7866BF66A69A1300D5862767630C0D2A2FF080BDB6738AB",
      "tag": "supercash",
      "type": "build",
      "order_id": "SM_FEAFFBA43D7F1F52",
      "payeeId": "296698255",
      "payeeName": "Vineet Mittal",
      "merchantName": null,
      "orderName": null,
      "payerId": "5555555555",
      "transactionType": "Automation2",
      "requestType": null,
      "createdTime": "2021-08-03 20:58:58",
      "orderAmount": "1000.0",
      "status": "SUCCESS",
      "custMobileNum": "8960752004",
      "custEmailAddress": null
    }
  },
  "Amount1": {
    "txn_data": {
      "sourceSystemId": "WALLET",
      "transactionId": "19558800560",
      "reqId": "76DC1EAF5C1EBD8DA7866BF66A69A1300D5862767630C0D2A2FF080BDB6738AB",
      "tag": "supercash",
      "type": "build",
      "order_id": "SM_FEAFFBA43D7F1F52",
      "payeeId": "296698255",
      "payeeName": "Vineet Mittal",
      "merchantName": null,
      "orderName": null,
      "payerId": "5555555555",
      "transactionType": "Automation2",
      "requestType": null,
      "createdTime": "2020-07-07 15:27:58",
      "orderAmount": "800.0",
      "status": "SUCCESS",
      "custMobileNum": "8960752004",
      "custEmailAddress": null
    }
  },
  "Amount2": {
    "txn_data": {
      "sourceSystemId": "WALLET",
      "transactionId": "19558800560",
      "reqId": "76DC1EAF5C1EBD8DA7866BF66A69A1300D5862767630C0D2A2FF080BDB6738AB",
      "tag": "supercash",
      "type": "build",
      "order_id": "SM_FEAFFBA43D7F1F52",
      "payeeId": "296698255",
      "payeeName": "Vineet Mittal",
      "merchantName": null,
      "orderName": null,
      "payerId": "5555555555",
      "transactionType": "Automation2",
      "requestType": null,
      "createdTime": "2020-07-07 15:27:58",
      "orderAmount": "600.0",
      "status": "SUCCESS",
      "custMobileNum": "8960752004",
      "custEmailAddress": null
    }
  },
  "Amount3": {
    "txn_data": {
      "sourceSystemId": "WALLET",
      "transactionId": "19558800560",
      "reqId": "76DC1EAF5C1EBD8DA7866BF66A69A1300D5862767630C0D2A2FF080BDB6738AB",
      "tag": "supercash",
      "type": "build",
      "order_id": "SM_FEAFFBA43D7F1F52",
      "payeeId": "296698255",
      "payeeName": "Vineet Mittal",
      "merchantName": null,
      "orderName": null,
      "payerId": "5555555555",
      "transactionType": "Automation2",
      "requestType": null,
      "createdTime": "2020-07-07 15:27:58",
      "orderAmount": "550.0",
      "status": "SUCCESS",
      "custMobileNum": "8960752004",
      "custEmailAddress": null
    }
  },
  "Amount4": {
    "txn_data": {
      "sourceSystemId": "WALLET",
      "transactionId": "19558800560",
      "reqId": "76DC1EAF5C1EBD8DA7866BF66A69A1300D5862767630C0D2A2FF080BDB6738AB",
      "tag": "supercash",
      "type": "build",
      "order_id": "SM_FEAFFBA43D7F1F52",
      "payeeId": "296698255",
      "payeeName": "Vineet Mittal",
      "merchantName": null,
      "orderName": null,
      "payerId": "5555555555",
      "transactionType": "Automation2",
      "requestType": null,
      "createdTime": "2020-07-07 15:27:58",
      "orderAmount": "500.0",
      "status": "SUCCESS",
      "custMobileNum": "8960752004",
      "custEmailAddress": null
    }
  }
}
