[
      {
        "TestCaseName": "KYCUserCashbackProvidedToUser",
        "code": "AUTTASKCASHBACK",
        "promo_id": "301291530",
        "flag":"cashback",
        "user": "KYC"
      },
      {
        "TestCaseName": "NonKycUserFallbackGoldbackProvidedToUser",
        "code": "AUTTASKCASHBACK",
        "promo_id": "301291530",
        "flag":"goldback",
        "user": "non-KYC"
      },
      {
        "TestCaseName": "MinKYCUserCashbackProvidedToUser",
        "code": "AUTTASKCASHBACK",
        "promo_id": "301291530",
        "flag":"cashback",
        "user": "min-KYC without wallet breech"
      },
  {
    "TestCaseName": "MinKycBreechUserFallbackGoldbackProvidedToUser",
    "code": "AUTTASKCASHBACK",
    "promo_id": "301291530",
    "flag":"goldback",
    "user": "min-KYC with wallet breech"
  },
      {
        "TestCaseName": "NonKycUpiLinkedFallbackUPIProvidedToUser",
        "code": "AUTTASKCASHBACKUPI",
        "promo_id": "301293111",
        "flag":"upi",
        "user": "UPI and bank account linked"
      },
      {
        "TestCaseName": "NonKycNoUpiLinkedFallbackUPIProvidedToUser",
        "code": "AUTTASKCASHBACKUPI",
        "promo_id": "301293111",
        "flag":"upi",
        "user": "upi non linked"
      }
]