{
    "txn_data": {
      "sourceSystemId": "WALLET",
      "walletPaytmMerchantId": "878723",
      "transactionId": "3736111",
      "reqId": "CD1BB95121DCB2FDB33902C7B395B1BC5AC62513ED69E43451303C69",
      "tag": "supercash",
      "type": "build",
      "order_id": "12163001130720181451189",
      "payeeId": "9090",
      "payeeName": "Gaurav",
      "merchantName": null,
      "orderName": null,
      "payerId": "71",
      "transactionType": "Automation_CLM_Random3",
      "requestType": "recent",
      "txnTypeWallet": "69",
      "createdTime": "2022-01-20 19:21:21",
      "orderAmount": "600",
      "status": "SUCCESS",
      "custMobileNum": "8450909977",
      "custEmailAddress": "aniket.ani90@gmail.com"
    }
}
