{
  "CLMRB1": {
    "stage0": {
      "0": "merchantBankPayout",
      "0amount": "90",
      "1": "merchantBankPayout",
      "1amount": "100"
    },
    "stage1": {
      "0": "merchantBankPayout",
      "0amount": "200",
      "1": "merchantBankPayout",
      "1amount": "0"
    },
    "stage2": {
      "0": "merchantBankPayout",
      "0amount": "500",
      "1": "merchantBankPayout",
      "1amount": "700",
      "2": "merchantBankPayout",
      "2amount": "600"
    }
  },
  "CLMRB2": {
    "stage0": {
      "0": "merchantBankPayout",
      "0amount": "90",
      "1": "merchantBankPayout",
      "1amount": "100"
    },
    "stage1": {
      "0": "merchantBankPayout",
      "0amount": "60"
    },
    "stage2": {
      "0": "merchantBankPayout",
      "0amount": "500",
      "1": "merchantBankPayout",
      "1amount": "700",
      "2": "merchantBankPayout",
      "2amount": "600"
    }
  }
}