{
  "createEventPayload": {
    "created_time": 1650642609000,
    "txn_sources": "ONBOARDING_ENGINE",
    "txn_id": "3e817952123123443223223133123112",
    "lender_name": "CITI_BANK",
    "lead_created_date": 1650642609000,
    "event_type": "PERSONAL_LOAN_DISTRIBUTION_ONBOARDING",
    "product_type": "PL_DISTRIBUTION",
    "stage": "LOAN_DISBURSED",
    "user_id": 2696312
  },
  "eventOfferPayload": {
    "eventType": "AD_CLICK",
    "eventId": "563bff7ece98dcbef1106210501",
    "sourceSystem": "SUPERCASH",
    "eventValue": "HOTSTAR"
  }
}