[
  {
    "testCaseName": "EcoSystem Offers inclue flashSale, multipromo internal and external promocodes , sweepstakes offers and corresponding sorting logic",
    "expectedResponse": {
      "codes": [
        {
          "code": "Auto_FlashSale",
          "codeStatus": 0,
          "redemptionType": "Cashback",
          "offerText": "Auto_FlashSale",
          "savings": 300,
          "terms": "Auto_FlashSale",
          "termsUrl": "https://paytm.com/papi/v1/promosearch/Auto_FlashSale/2/tnc",
          "priority": 0,
          "isBetterOfferAvailableOnMall": false,
          "betterOfferText": "",
          "displayTags": [],
          "appOnly": false,
          "totalSaving": 600,
          "offer": {
            "title": "Paytm Cashback Offers worth ₹600",
            "text": "Offers worth ₹600",
            "selectedText": "You will get offers worth ₹600",
            "icon": "https://assetscdn1.paytm.com/images/promo-engine/prod/CashBack.png",
            "pdpIcon": "https://assetscdn1.paytm.com/images/promo-engine/prod/CashBack.png"
          },
          "gratifications": [
            {
              "icon": "https://assetscdn1.paytm.com/images/promo-engine/prod/CashBack.png",
              "title": "Paytm Cash",
              "text": "worth ₹300",
              "saving": 300
            },
            {
              "icon": "https://assetscdn1.paytm.com/images/promo-engine/prod/MovieOffer.png",
              "title": "Movie Tickets ",
              "text": "worth ₹300",
              "saving": 300
            }
          ],
          "isFlashCode": true,
          "visible_from": "#$*.*",
          "visible_upto": "#$*.*",
          "valid_from": "#$*.*",
          "effective_price": 2700,
          "valid_upto": "#$*.*",
          "site_id": "2",
          "promo_text": "You will receive ₹300cashback in your bank account linked with Paytm, your Effective price is ₹2700",
          "terms_title": "Terms & Conditions",
          "banner": {}
        },
        {
          "code": "AUTO_ECOSYSTEMLOOKUParent",
          "codeStatus": 0,
          "redemptionType": "Cashback",
          "offerText": "AUTO_ECOSYSTEMLOOKUPParent",
          "savings": 600,
          "terms": "AUTO_ECOSYSTEMLOOKUPParent",
          "termsUrl": "https://paytm.com/papi/v1/promosearch/AUTO_ECOSYSTEMLOOKUParent/2/tnc",
          "priority": 0,
          "isBetterOfferAvailableOnMall": false,
          "betterOfferText": "",
          "displayTags": [],
          "appOnly": false,
          "totalSaving": 900,
          "offer": {
            "title": "Paytm Cashback Offers worth ₹900",
            "text": "Offers worth ₹900",
            "selectedText": "You will get offers worth ₹900",
            "icon": "https://assetscdn1.paytm.com/images/promo-engine/prod/CashBack.png",
            "pdpIcon": "https://assetscdn1.paytm.com/images/promo-engine/prod/CashBack.png"
          },
          "gratifications": [
            {
              "icon": "https://assetscdn1.paytm.com/images/promo-engine/prod/CashBack.png",
              "title": "Paytm Cash",
              "text": "worth ₹600",
              "saving": 600
            },
            {
              "icon": "https://assetscdn1.paytm.com/images/promo-engine/prod/MovieOffer.png",
              "title": "Movie Tickets ",
              "text": "worth ₹300",
              "saving": 300
            }
          ],
          "isFlashCode": false,
          "visible_from": "#$*.*",
          "visible_upto": "#$*.*",
          "valid_from": "#$*.*",
          "effective_price": 2400,
          "valid_upto": "#$*.*",
          "site_id": "2",
          "promo_text": "You will receive ₹600cashback in your bank account linked with Paytm, your Effective price is ₹2400",
          "terms_title": "Terms & Conditions",
          "banner": {}
        },
        {
          "code": "AUTOUNIQUEEXT1",
          "codeStatus": 0,
          "redemptionType": "Discount",
          "offerText": "Auto_EcoSystemLookupChild",
          "savings": 600,
          "terms": "Auto_EcoSystemLookupChild",
          "termsUrl": "https://paytm.com/papi/v1/promosearch/AUTOUNIQUEEXT1/2/tnc",
          "priority": 0,
          "isBetterOfferAvailableOnMall": false,
          "betterOfferText": "",
          "displayTags": [],
          "appOnly": false,
          "totalSaving": 600,
          "offer": {
            "title": "Paytm Discount worth ₹600",
            "text": "Paytm Discount of ₹600",
            "selectedText": "You will get Paytm Discount worth ₹600",
            "icon": "https://assetscdn1.paytm.com/images/promo-engine/prod/Discount.png",
            "pdpIcon": "https://assetscdn1.paytm.com/images/promo-engine/prod/CashBack.png"
          },
          "gratifications": [
            {
              "icon": "https://assetscdn1.paytm.com/images/promo-engine/prod/Discount.png",
              "title": "Paytm Discount",
              "text": "worth ₹600",
              "saving": 600
            }
          ],
          "isFlashCode": false,
          "visible_from": "#$*.*",
          "visible_upto": "#$*.*",
          "valid_from": "#$*.*",
          "effective_price": 2400,
          "valid_upto": "#$*.*",
          "site_id": "2",
          "promo_text": "With Discount of ₹600,your Effective price is ₹2400",
          "terms_title": "Terms & Conditions",
          "banner": {}
        },
        {
          "code": "AUTOHWLQRVLEYVUR",
          "codeStatus": 0,
          "redemptionType": "Cashback",
          "offerText": "AUTO_ECOINTLOOKUPARENT",
          "savings": 300,
          "terms": "AUTO_ECOINTLOOKUPARENT",
          "termsUrl": "https://paytm.com/papi/v1/promosearch/AUTOHWLQRVLEYVUR/2/tnc",
          "priority": 0,
          "isBetterOfferAvailableOnMall": false,
          "betterOfferText": "",
          "displayTags": [],
          "appOnly": false,
          "totalSaving": 300,
          "offer": {
            "title": "Paytm Cash worth ₹300",
            "text": "Paytm Cash of ₹300",
            "selectedText": "You will get Paytm Cash worth ₹300",
            "icon": "https://assetscdn1.paytm.com/images/promo-engine/prod/CashBack.png",
            "pdpIcon": "https://assetscdn1.paytm.com/images/promo-engine/prod/CashBack.png"
          },
          "gratifications": [
            {
              "icon": "https://assetscdn1.paytm.com/images/promo-engine/prod/CashBack.png",
              "title": "Paytm Cash",
              "text": "worth ₹300",
              "saving": 300
            }
          ],
          "isFlashCode": false,
          "visible_from": "#$*.*",
          "visible_upto": "#$*.*",
          "valid_from": "#$*.*",
          "effective_price": 2700,
          "valid_upto": "#$*.*",
          "site_id": "2",
          "promo_text": "You will receive ₹300cashback in your bank account linked with Paytm, your Effective price is ₹2700",
          "terms_title": "Terms & Conditions",
          "banner": {}
        },
        {
          "code": "AUTO_ECOSWEEPSTAKE",
          "codeStatus": 0,
          "redemptionType": "Discount",
          "offerText": "AUTO_ECOSWEEPSTAKE",
          "savings": 100,
          "terms": "AUTO_ECOSWEEPSTAKE",
          "termsUrl": "https://paytm.com/papi/v1/promosearch/AUTO_ECOSWEEPSTAKE/2/tnc",
          "priority": 0,
          "isBetterOfferAvailableOnMall": false,
          "betterOfferText": "",
          "displayTags": [],
          "appOnly": false,
          "totalSaving": 100,
          "offer": {
            "title": "overrideText worth ₹100",
            "text": "overrideText of ₹100",
            "selectedText": "overrideText worth ₹100",
            "icon": "https://assetscdn1.paytm.com/images/promo-engine/prod/Sweepstake.png",
            "pdpIcon": "https://assetscdn1.paytm.com/images/promo-engine/prod/CashBack.png"
          },
          "gratifications": [
            {
              "icon": "https://assetscdn1.paytm.com/images/promo-engine/prod/Sweepstake.png",
              "title": "overrideText",
              "text": "worth ₹100",
              "saving": 100
            }
          ],
          "isFlashCode": false,
          "visible_from": "#$*.*",
          "visible_upto": "#$*.*",
          "valid_from": "#$*.*",
          "effective_price": 2900,
          "valid_upto": "#$*.*",
          "site_id": "2",
          "promo_text": "With Discount of ₹100,your Effective price is ₹2900",
          "terms_title": "Terms & Conditions",
          "banner": {}
        }
      ]
    }
  }
]