{
  "scUnscratchedForPostTxn": {
    "status": 1,
    "errors": [],
    "data": {
      "id": 2343947,
      "info": {
        "transactions": [
          {
            "txn_id": "1653601070CAMPAIGN1653566803",
            "txn_source": "WALLET",
            "stage": 0,
            "status": "SUCCESS",
            "order_id": "SM_FEAFFBA43D7F1F52",
            "created_at": "2022-05-26T07:12:23.000Z",
            "txn_amount": "2400",
            "progress_screen_construct": "1st Payment",
            "stage_object": {
              "surprise_stage": false,
              "stage_txn_count": 1,
              "gratification_objects": [
                {
                  "scratchCardData": {
                    "id": 56822785700,
                    "scratched": false,
                    "randomBucketName": null,
                    "displayType": "SCRATCH_CARD",
                    "unlockText": null,
                    "unlockTime": null,
                    "luckyDraw": false,
                    "maxBonusAmount": null,
                    "bonusAmount": 100,
                    "status": "UNSCRATCHED",
                    "expiryText": null,
                    "randomBucketMap": null
                  },
                  "bucketName": null,
                  "supercashGameData": null,
                  "redemption_type": "cashback",
                  "frontend_redemption_type": "cashback",
                  "cashback_text": "You will get a scratch card worth upto ₹100",
                  "redemption_status": "REDEEM_REQUESTED",
                  "redemption_text": "Cashback will be credited within 48 hours to your Paytm Wallet. If any transaction is cancelled, you need to complete the offer before offer expiry to be eligible for cashback.",
                  "earned_text": "You won a scratch card",
                  "bonus_amount": 0,
                  "deal_data": null,
                  "crosspromo_data": null,
                  "redemption_type_icon": "https://paytm.s3-ap-southeast-1.amazonaws.com/promo_seller_panel_uploads/production/Cashback.png",
                  "collectible_data": null,
                  "redemption_cta_text": null,
                  "redemption_cta_deeplink": null,
                  "winnning_title": "Congratulations!",
                  "progress_text": "You Won"
                }
              ],
              "stage_success_txn_count": 1,
              "stage_progress_construct": "You won a scratch card",
              "stage_status": "COMPLETED"
            }
          }
        ],
        "offer_expiry_reason": "",
        "game_expiry_reason": "Your offer expired as you did not activate the offer.",
        "campaign": {
          "id": 1010217,
          "event": "ACCEPT_OFFER",
          "stageObjectMap": {
            "0": {
              "gratifications": [
                {}
              ]
            }
          },
          "deeplink_url": "paytmmp://mobile_prepaid?url=https://catalog.paytm.com/v1/mobile/mobile-prepaid/17",
          "offer_text_override": "Get upto ₹100 cashback",
          "background_image_url": "bgurl",
          "new_offers_image_url": "https://s3-ap-southeast-1.amazonaws.com/assets.paytm.com/promotion/Rituraj/PNG+images/Mobile+Prepaid+Recharge+Offer.png",
          "offer_keyword": "Recharge your mobile",
          "progress_screen_cta": "Recharge Now",
          "important_terms": "<p><span style=\"color: #FFA500;\">★</span><span style=\"color: #000000;\">This offer is applicable only when you Recharge your mobile for more than ₹10<p><span style=\"color: #FFA500;\">★</span><span style=\"color: #000000;\">Offer can be availed 99999999 times during the campaign validity<p>",
          "surprise_text": "<p><span style=\"color: #FFA500;\">★</span><span style=\"color: #000000;\">Recharge your mobile 1st time, Get upto ₹100 cashback<p>",
          "tnc": "https://gateway.paytm.com/papi/v2/promocard/supercash/campaign/tnc/1010217",
          "campaign": "SCRATCHCARDACTIONGAMELINK01_01",
          "isDeeplink": true,
          "valid_upto": "2023-05-23T06:58:00.000Z",
          "short_description": "Recharge your mobile 1 time for more than ₹10 within 30 minutes",
          "offer_image_url": "https://s3-ap-southeast-1.amazonaws.com/assets.paytm.com/promotion/Rituraj/PNG+images/Mobile+Prepaid+Recharge+Offer.png",
          "auto_activate": true,
          "show_game_progress": true,
          "offer_type_id": 1,
          "background_overlay": false,
          "first_transaction_cta": "Do your first recharge",
          "surprise_text_title": "Offer Details",
          "unlock_text": "Recharge your mobile to unlock",
          "total_txn_count": 1,
          "collectibles": null,
          "campaign_detail_deeplink": "paytmmp://cash_wallet?featuretype=vip&screen=topoffer&campaignid=1010217",
          "journey_info": {
            "ctaText": null,
            "ctaDeeplink": null
          }
        }
      },
      "updated_at": "2022-05-26T07:12:25.000Z",
      "success_txn_count": 1,
      "total_txn_count": 1,
      "status": "COMPLETED",
      "offer_expiry": "2022-05-26T07:32:24.000Z",
      "game_expiry": "2022-05-26T07:42:24.000Z",
      "Claim_CTA": null,
      "opt_out_time": "",
      "server_timestamp": "2022-05-26T07:12:32.431Z",
      "offer_status_info": "Offer completed on 26 May 22, 12:42 PM",
      "current_stage": 0,
      "txn_linked": {
        "id": "1653601070CAMPAIGN1653566803",
        "stage": 0
      },
      "unlock_text": "Recharge your mobile to unlock",
      "offer_end_time": "2022-05-26T07:12:23.000Z"
    }
  },
  "scUnscratchedDataForGetDetailByOrderId": {
    "status": 1,
    "errors": [],
    "data": {
      "transactions": {
        "1653601070CAMPAIGN1653566803": {
          "txn_id": "1653601070CAMPAIGN1653566803",
          "txn_source": "WALLET",
          "stage": 0,
          "status": "SUCCESS",
          "order_id": "SM_FEAFFBA43D7F1F52",
          "created_at": "2022-05-26T07:12:23.000Z",
          "txn_amount": "2400",
          "progress_screen_construct": "1st Payment",
          "stage_objects": [
            {
              "scratchCardData": null,
              "redemption_type": "cashback",
              "frontend_redemption_type": "cashback",
              "stage_status": "COMPLETED",
              "stage_txn_count": 1,
              "cashback_text": "You will get a scratch card worth upto ₹100",
              "redemption_status": "REDEEM_REQUESTED",
              "redemption_text": "Cashback will be credited within 48 hours to your Paytm Wallet. If any transaction is cancelled, you need to complete the offer before offer expiry to be eligible for cashback.",
              "earned_text": "You won a scratch card",
              "surprise_stage": false,
              "bonus_amount": 0,
              "deal_data": null,
              "crosspromo_data": null,
              "redemption_type_icon": "https://paytm.s3-ap-southeast-1.amazonaws.com/promo_seller_panel_uploads/production/Cashback.png",
              "redemption_display_type": "SCRATCH_CARD",
              "is_scratched": false,
              "fulfillment_at": "2022-05-26T10:12:23.000+0000"
            }
          ]
        }
      },
      "winningText": "Congratulations!#You won"
    }
  },
  "scScratchedForPostTxn": {
    "status": 1,
    "errors": [],
    "data": {
      "id": 2343965,
      "info": {
        "transactions": [
          {
            "txn_id": "1653593140CAMPAIGN1653575594",
            "txn_source": "WALLET",
            "stage": 0,
            "status": "SUCCESS",
            "order_id": "SM_FEAFFBA43D7F1F52",
            "created_at": "2022-05-26T09:12:27.000Z",
            "txn_amount": "2400",
            "progress_screen_construct": "1st Payment",
            "stage_object": {
              "surprise_stage": false,
              "stage_txn_count": 1,
              "gratification_objects": [
                {
                  "scratchCardData": {
                    "id": 56822885599,
                    "scratched": true,
                    "randomBucketName": null,
                    "displayType": "SCRATCH_CARD",
                    "unlockText": null,
                    "unlockTime": null,
                    "luckyDraw": false,
                    "maxBonusAmount": null,
                    "bonusAmount": 100,
                    "status": "SCRATCHED",
                    "expiryText": null,
                    "randomBucketMap": null
                  },
                  "bucketName": null,
                  "supercashGameData": null,
                  "redemption_type": "cashback",
                  "frontend_redemption_type": "cashback",
                  "cashback_text": "You will get a scratch card worth upto ₹100",
                  "redemption_status": "REDEEM_REQUESTED",
                  "redemption_text": "Cashback will be credited within 48 hours to your Paytm Wallet. If any transaction is cancelled, you need to complete the offer before offer expiry to be eligible for cashback.",
                  "earned_text": "You won ₹100 cashback",
                  "bonus_amount": 100,
                  "deal_data": null,
                  "crosspromo_data": null,
                  "redemption_type_icon": "https://paytm.s3-ap-southeast-1.amazonaws.com/promo_seller_panel_uploads/production/Cashback.png",
                  "collectible_data": null,
                  "redemption_cta_text": null,
                  "redemption_cta_deeplink": null,
                  "winnning_title": "Congratulations!",
                  "progress_text": "You Won"
                }
              ],
              "stage_success_txn_count": 1,
              "stage_progress_construct": "You won ₹100 cashback",
              "stage_status": "COMPLETED"
            }
          }
        ],
        "offer_expiry_reason": "",
        "game_expiry_reason": "Your offer expired as you did not activate the offer.",
        "campaign": {
          "id": 1010217,
          "event": "ACCEPT_OFFER",
          "stageObjectMap": {
            "0": {
              "gratifications": [
                {}
              ]
            }
          },
          "deeplink_url": "paytmmp://mobile_prepaid?url=https://catalog.paytm.com/v1/mobile/mobile-prepaid/17",
          "offer_text_override": "Get upto ₹100 cashback",
          "background_image_url": "bgurl",
          "new_offers_image_url": "https://s3-ap-southeast-1.amazonaws.com/assets.paytm.com/promotion/Rituraj/PNG+images/Mobile+Prepaid+Recharge+Offer.png",
          "offer_keyword": "Recharge your mobile",
          "progress_screen_cta": "Recharge Now",
          "important_terms": "<p><span style=\"color: #FFA500;\">★</span><span style=\"color: #000000;\">This offer is applicable only when you Recharge your mobile for more than ₹10<p><span style=\"color: #FFA500;\">★</span><span style=\"color: #000000;\">Offer can be availed 99999999 times during the campaign validity<p>",
          "surprise_text": "<p><span style=\"color: #FFA500;\">★</span><span style=\"color: #000000;\">Recharge your mobile 1st time, Get upto ₹100 cashback<p>",
          "tnc": "https://gateway.paytm.com/papi/v2/promocard/supercash/campaign/tnc/1010217",
          "campaign": "SCRATCHCARDACTIONGAMELINK01_01",
          "isDeeplink": true,
          "valid_upto": "2023-05-23T06:58:00.000Z",
          "short_description": "Recharge your mobile 1 time for more than ₹10 within 30 minutes",
          "offer_image_url": "https://s3-ap-southeast-1.amazonaws.com/assets.paytm.com/promotion/Rituraj/PNG+images/Mobile+Prepaid+Recharge+Offer.png",
          "auto_activate": true,
          "show_game_progress": true,
          "offer_type_id": 1,
          "background_overlay": false,
          "first_transaction_cta": "Do your first recharge",
          "surprise_text_title": "Offer Details",
          "unlock_text": "Recharge your mobile to unlock",
          "total_txn_count": 1,
          "collectibles": null,
          "campaign_detail_deeplink": "paytmmp://cash_wallet?featuretype=vip&screen=topoffer&campaignid=1010217",
          "journey_info": {
            "ctaText": null,
            "ctaDeeplink": null
          }
        }
      },
      "updated_at": "2022-05-26T09:17:32.000Z",
      "success_txn_count": 1,
      "total_txn_count": 1,
      "status": "COMPLETED",
      "offer_expiry": "2022-05-26T09:32:29.000Z",
      "game_expiry": "2022-05-26T09:42:29.000Z",
      "Claim_CTA": null,
      "opt_out_time": "",
      "server_timestamp": "2022-05-26T09:17:49.980Z",
      "offer_status_info": "Offer completed on 26 May 22, 02:42 PM",
      "current_stage": 0,
      "txn_linked": {
        "id": "1653593140CAMPAIGN1653575594",
        "stage": 0
      },
      "unlock_text": "Recharge your mobile to unlock",
      "offer_end_time": "2022-05-26T09:12:27.000Z"
    }
  },
  "scscratchedDataForGetDetailByOrderId": {
    "status": 1,
    "errors": [],
    "data": {
      "transactions": {
        "1653593140CAMPAIGN1653575594": {
          "txn_id": "1653593140CAMPAIGN1653575594",
          "txn_source": "WALLET",
          "stage": 0,
          "status": "SUCCESS",
          "order_id": "SM_FEAFFBA43D7F1F52",
          "created_at": "2022-05-26T09:12:27.000Z",
          "txn_amount": "2400",
          "progress_screen_construct": "1st Payment",
          "stage_objects": [
            {
              "scratchCardData": null,
              "redemption_type": "cashback",
              "frontend_redemption_type": "cashback",
              "stage_status": "COMPLETED",
              "stage_txn_count": 1,
              "cashback_text": "You will get a scratch card worth upto ₹100",
              "redemption_status": "REDEEM_REQUESTED",
              "redemption_text": "Cashback will be credited within 48 hours to your Paytm Wallet. If any transaction is cancelled, you need to complete the offer before offer expiry to be eligible for cashback.",
              "earned_text": "You won ₹100 cashback",
              "surprise_stage": false,
              "bonus_amount": 100,
              "deal_data": null,
              "crosspromo_data": null,
              "redemption_type_icon": "https://paytm.s3-ap-southeast-1.amazonaws.com/promo_seller_panel_uploads/production/Cashback.png",
              "redemption_display_type": "SCRATCH_CARD",
              "is_scratched": true,
              "fulfillment_at": "2022-05-26T12:12:28.000+0000"
            }
          ]
        }
      },
      "winningText": "Congratulations!#You won"
    }
  }
}