{
  "ScratchCard": {
  "status": 1,
  "errors": [],
  "data": {
    "response": {
      "5638f61f-4bc4-43e2-9724-51bd233697f1": {
        "type": "PFG_BONUS",
        "redemptionText": null,
        "redemptionCtaText": "Use Now",
        "redemptionCtaDeeplink": "paytmmp://external?url=https://firstgames.onelink.me/UAob/20ff7c83",
        "redemptionMaxAmount": null,
        "offerName": "Recharging your mobile on Aug 24, 2021",
        "frontendRedemptionType": null
      },
      "af6d15e3-374b-40e8-af95-a1f7df280648": {
        "type": "DEAL",
        "redemptionText": null,
        "redemptionCtaText": null,
        "redemptionCtaDeeplink": null,
        "redemptionMaxAmount": null,
        "offerName": "Recharging your mobile on Aug 24, 2021",
        "frontendRedemptionType": "Paytm discount coupon",
        "dealId": "1200145332",
        "dealText": "deal test",
        "dealUsageText": "deal usage",
        "codeType": "1",
        "dealTerms": "",
        "dealRedemptionTerms": "",
        "bgImageUrl": null,
        "amount": 20,
        "dealIcon": "https://assetscdn1.paytm.com/images/catalog/brand/Paytm.jpg",
        "dealBrand": "Paytm",
        "dealValue": "20",
        "tncText": "<br><br>Test"
      },
      "60508163-7e9e-4782-a7af-23369c14c5c7": {
        "type": "UPI",
        "redemptionText": "Link your bank account on or before Feb 20, 2022 to receive cashback in bank a/c",
        "redemptionCtaText": "Link Now",
        "redemptionCtaDeeplink": "paytmmp://upi_landing",
        "redemptionMaxAmount": null,
        "offerName": "Recharging your mobile on Aug 24, 2021",
        "frontendRedemptionType": null
      },
      "4369023b-2359-43c3-be3a-e48e1aff0034": {
        "type": "COLLECTIBLE",
        "redemptionText": "IPL 2020",
        "redemptionCtaText": null,
        "redemptionCtaDeeplink": null,
        "redemptionMaxAmount": null,
        "offerName": "Recharging your mobile on Aug 24, 2021",
        "frontendRedemptionType": null,
        "groupAttributeDTO": {
          "maxPlayerPerTeam": 11,
          "attributesMap": null,
          "offerTag": "PCL",
          "collectibleOfferTag": "PCL1",
          "gratificationGroup": null,
          "redemptionCtaText": "You will win more players",
          "redemptionCtaTextKey": "61_redemption_cta_text"
        },
        "collectibleDisplayType": "CARD",
        "winningText": "You won"
      },
      "7c1e6cbc-a469-4f6f-a4f9-0e1c6fcc0c48": {
        "type": "CASHBACK",
        "redemptionText": null,
        "redemptionCtaText": null,
        "redemptionCtaDeeplink": null,
        "redemptionMaxAmount": null,
        "offerName": "Recharging your mobile on Aug 24, 2021",
        "frontendRedemptionType": null
      },
      "43e1430c-d808-4c8f-90e1-3bf4b71f40b2": {
        "type": "COINS",
        "redemptionText": null,
        "redemptionCtaText": null,
        "redemptionCtaDeeplink": null,
        "redemptionMaxAmount": null,
        "offerName": "Recharging your mobile on Aug 24, 2021",
        "frontendRedemptionType": null
      },
      "304526cb-5170-4f4d-a94d-af4343736185": {
        "type": "CASHBACK",
        "redemptionText": null,
        "redemptionCtaText": null,
        "redemptionCtaDeeplink": null,
        "redemptionMaxAmount": null,
        "offerName": "Recharging your mobile on Aug 24, 2021",
        "frontendRedemptionType": null
      },
      "0733fd80-fdc3-432a-8e7d-ffa1c7f34c01": {
        "type": "CROSS_PROMO",
        "redemptionText": null,
        "redemptionCtaText": "Click here",
        "redemptionCtaDeeplink": "Link",
        "redemptionMaxAmount": null,
        "offerName": "Recharging your mobile on Aug 24, 2021",
        "frontendRedemptionType": null,
        "crossPromoText": "You have won a Movies voucher worth ₹20",
        "crossPromoUsageText": "Usage",
        "termsConditions": "TC",
        "siteId": "2"
      },
      "aa7f86fe-e086-4b95-82bc-1f9183af69e6": {
        "type": "GOLDBACK",
        "redemptionText": null,
        "redemptionCtaText": null,
        "redemptionCtaDeeplink": null,
        "redemptionMaxAmount": null,
        "offerName": "Recharging your mobile on Aug 24, 2021",
        "frontendRedemptionType": null
      },
      "f414253f-c0f1-403d-bdc8-5bf9c1902aea": {
        "type": "COINS",
        "redemptionText": null,
        "redemptionCtaText": null,
        "redemptionCtaDeeplink": null,
        "redemptionMaxAmount": null,
        "offerName": "Recharging your mobile on Aug 24, 2021",
        "frontendRedemptionType": null
      },
      "29d34889-4f10-49cf-85b6-373ece5f7571": {
        "type": "PPBL",
        "redemptionText": null,
        "redemptionCtaText": null,
        "redemptionCtaDeeplink": null,
        "redemptionMaxAmount": null,
        "offerName": "Recharging your mobile on Aug 24, 2021",
        "frontendRedemptionType": null
      }
    }
  }
},
  "StageShit": {
    "status": 1,
    "errors": [],
    "data": {
      "response": {
        "ff75cf0d-c972-4ad2-9bfa-1217b00c4dd0": {
          "type": "CASHBACK",
          "redemptionText": null,
          "redemptionCtaText": null,
          "redemptionCtaDeeplink": null,
          "redemptionMaxAmount": null,
          "offerName": "Recharging your mobile on Aug 26, 2021",
          "frontendRedemptionType": null
        }
      }
    }
  },
  "luckyDraw": {
    "status": 1,
    "errors": [],
    "data": {
      "response": {
        "dcf464a6-e667-4eca-90f1-07a559d01a02": {
          "type": "CASHBACK",
          "redemptionText": null,
          "redemptionCtaText": null,
          "redemptionCtaDeeplink": null,
          "redemptionMaxAmount": 34,
          "offerName": "Recharging your mobile on Aug 26, 2021",
          "frontendRedemptionType": null
        }
      }
    }
  },
  "AssuredCard": {
    "status": 1,
    "errors": [],
    "data": {
      "response": {
        "5638f61f-4bc4-43e2-9724-51bd233697f1": {
          "type": "PFG_BONUS",
          "redemptionText": null,
          "redemptionCtaText": "Use Now",
          "redemptionCtaDeeplink": "paytmmp://external?url=https://firstgames.onelink.me/UAob/20ff7c83",
          "redemptionMaxAmount": null,
          "offerName": "Recharging your mobile on Aug 24, 2021",
          "frontendRedemptionType": null
        },
        "af6d15e3-374b-40e8-af95-a1f7df280648": {
          "type": "DEAL",
          "redemptionText": null,
          "redemptionCtaText": null,
          "redemptionCtaDeeplink": null,
          "redemptionMaxAmount": null,
          "offerName": "Recharging your mobile on Aug 24, 2021",
          "frontendRedemptionType": "Paytm discount coupon",
          "dealId": "1200145332",
          "dealText": "deal test",
          "dealUsageText": "deal usage",
          "codeType": "1",
          "dealTerms": "",
          "dealRedemptionTerms": "",
          "bgImageUrl": null,
          "amount": 20,
          "dealIcon": "https://assetscdn1.paytm.com/images/catalog/brand/Paytm.jpg",
          "dealBrand": "Paytm",
          "dealValue": "20",
          "tncText": "<br><br>Test"
        },
        "60508163-7e9e-4782-a7af-23369c14c5c7": {
          "type": "UPI",
          "redemptionText": "Link your bank account on or before Feb 20, 2022 to receive cashback in bank a/c",
          "redemptionCtaText": "Link Now",
          "redemptionCtaDeeplink": "paytmmp://upi_landing",
          "redemptionMaxAmount": null,
          "offerName": "Recharging your mobile on Aug 24, 2021",
          "frontendRedemptionType": null
        },
        "4369023b-2359-43c3-be3a-e48e1aff0034": {
          "type": "COLLECTIBLE",
          "redemptionText": "IPL 2020",
          "redemptionCtaText": null,
          "redemptionCtaDeeplink": null,
          "redemptionMaxAmount": null,
          "offerName": "Recharging your mobile on Aug 24, 2021",
          "frontendRedemptionType": null,
          "groupAttributeDTO": {
            "maxPlayerPerTeam": 11,
            "attributesMap": null,
            "offerTag": "PCL",
            "collectibleOfferTag": "PCL1",
            "gratificationGroup": null,
            "redemptionCtaText": "You will win more players",
            "redemptionCtaTextKey": "61_redemption_cta_text"
          },
          "collectibleDisplayType": "CARD",
          "winningText": "You won"
        },
        "7c1e6cbc-a469-4f6f-a4f9-0e1c6fcc0c48": {
          "type": "CASHBACK",
          "redemptionText": null,
          "redemptionCtaText": null,
          "redemptionCtaDeeplink": null,
          "redemptionMaxAmount": null,
          "offerName": "Recharging your mobile on Aug 24, 2021",
          "frontendRedemptionType": null
        },
        "43e1430c-d808-4c8f-90e1-3bf4b71f40b2": {
          "type": "COINS",
          "redemptionText": null,
          "redemptionCtaText": null,
          "redemptionCtaDeeplink": null,
          "redemptionMaxAmount": null,
          "offerName": "Recharging your mobile on Aug 24, 2021",
          "frontendRedemptionType": null
        },
        "304526cb-5170-4f4d-a94d-af4343736185": {
          "type": "CASHBACK",
          "redemptionText": null,
          "redemptionCtaText": null,
          "redemptionCtaDeeplink": null,
          "redemptionMaxAmount": null,
          "offerName": "Recharging your mobile on Aug 24, 2021",
          "frontendRedemptionType": null
        },
        "0733fd80-fdc3-432a-8e7d-ffa1c7f34c01": {
          "type": "CROSS_PROMO",
          "redemptionText": null,
          "redemptionCtaText": "Click here",
          "redemptionCtaDeeplink": "Link",
          "redemptionMaxAmount": null,
          "offerName": "Recharging your mobile on Aug 24, 2021",
          "frontendRedemptionType": null,
          "crossPromoText": "You have won a Movies voucher worth ₹20",
          "crossPromoUsageText": "Usage",
          "termsConditions": "TC",
          "siteId": "2"
        },
        "aa7f86fe-e086-4b95-82bc-1f9183af69e6": {
          "type": "GOLDBACK",
          "redemptionText": null,
          "redemptionCtaText": null,
          "redemptionCtaDeeplink": null,
          "redemptionMaxAmount": null,
          "offerName": "Recharging your mobile on Aug 24, 2021",
          "frontendRedemptionType": null
        },
        "f414253f-c0f1-403d-bdc8-5bf9c1902aea": {
          "type": "COINS",
          "redemptionText": null,
          "redemptionCtaText": null,
          "redemptionCtaDeeplink": null,
          "redemptionMaxAmount": null,
          "offerName": "Recharging your mobile on Aug 24, 2021",
          "frontendRedemptionType": null
        },
        "29d34889-4f10-49cf-85b6-373ece5f7571": {
          "type": "PPBL",
          "redemptionText": null,
          "redemptionCtaText": null,
          "redemptionCtaDeeplink": null,
          "redemptionMaxAmount": null,
          "offerName": "Recharging your mobile on Aug 24, 2021",
          "frontendRedemptionType": null
        }
      }
    }
  },
  "NoGratification": {
    "status": 0,
    "errors": [
      {
        "status": 400,
        "code": null,
        "message": "GratificationId is missing in request",
        "title": "Bad Request",
        "errorCode": "SUCASH_4039"
      }
    ],
    "data": null
  },
  "Locale_Oriya": {
    "status": 1,
    "errors": [],
    "data": {
      "response": {
        "cb2b955c-887b-429c-8ff2-e1403e127f08": {
          "type": "DEAL",
          "redemptionText": null,
          "redemptionCtaText": null,
          "redemptionCtaDeeplink": null,
          "redemptionMaxAmount": null,
          "offerName": "Oriya{ Recharging your mobile on Aug 26, 2021 }",
          "frontendRedemptionType": "Oriya{ Paytm discount coupon }",
          "dealId": "1200145332",
          "dealText": "Oriya{ deal text1 }",
          "dealUsageText": "Oriya{ usage text }",
          "codeType": "1",
          "dealTerms": "",
          "dealRedemptionTerms": "",
          "bgImageUrl": null,
          "amount": 20,
          "dealIcon": "https://assetscdn1.paytm.com/images/catalog/brand/Paytm.jpg",
          "dealBrand": "Paytm",
          "dealValue": "20",
          "tncText": "<br><br>Test"
        },
        "3829dc7d-1514-44e7-b370-e9dec8ab0af7": {
          "type": "COINS",
          "redemptionText": null,
          "redemptionCtaText": null,
          "redemptionCtaDeeplink": null,
          "redemptionMaxAmount": null,
          "offerName": "Oriya{ Recharging your mobile on Aug 26, 2021 }",
          "frontendRedemptionType": null
        },
        "61255583-cdc9-4670-803e-e8470591f6e7": {
          "type": "CASHBACK",
          "redemptionText": null,
          "redemptionCtaText": null,
          "redemptionCtaDeeplink": null,
          "redemptionMaxAmount": null,
          "offerName": "Oriya{ Recharging your mobile on Aug 26, 2021 }",
          "frontendRedemptionType": null
        },
        "4b89323e-34d9-4293-bdfd-94ab626c52cd": {
          "type": "GOLDBACK",
          "redemptionText": null,
          "redemptionCtaText": null,
          "redemptionCtaDeeplink": null,
          "redemptionMaxAmount": null,
          "offerName": "Oriya{ Recharging your mobile on Aug 26, 2021 }",
          "frontendRedemptionType": null
        },
        "4c31924a-fb17-4190-9c80-f5c5e1d7c0db": {
          "type": "PFG_BONUS",
          "redemptionText": null,
          "redemptionCtaText": "Oriya{ Use Now }",
          "redemptionCtaDeeplink": "paytmmp://external?url=https://firstgames.onelink.me/UAob/20ff7c83",
          "redemptionMaxAmount": null,
          "offerName": "Oriya{ Recharging your mobile on Aug 26, 2021 }",
          "frontendRedemptionType": null
        },
        "066f3e38-11e5-4732-b0b4-f23c09288edd": {
          "type": "COLLECTIBLE",
          "redemptionText": "Oriya{ IPL 2020 }",
          "redemptionCtaText": null,
          "redemptionCtaDeeplink": null,
          "redemptionMaxAmount": null,
          "offerName": "Oriya{ Recharging your mobile on Aug 26, 2021 }",
          "frontendRedemptionType": null,
          "groupAttributeDTO": {
            "maxPlayerPerTeam": 11,
            "attributesMap": null,
            "offerTag": "PCL",
            "collectibleOfferTag": "PCL1",
            "gratificationGroup": null,
            "redemptionCtaText": "You will win more players",
            "redemptionCtaTextKey": "61_redemption_cta_text"
          },
          "collectibleDisplayType": "CARD",
          "winningText": "Oriya{ You won }"
        },
        "abdc1449-2398-4573-b125-46c8172c057e": {
          "type": "COINS",
          "redemptionText": null,
          "redemptionCtaText": null,
          "redemptionCtaDeeplink": null,
          "redemptionMaxAmount": null,
          "offerName": "Oriya{ Recharging your mobile on Aug 26, 2021 }",
          "frontendRedemptionType": null
        },
        "1c9c152b-b12a-4540-a29f-2b727d1e255a": {
          "type": "CASHBACK",
          "redemptionText": null,
          "redemptionCtaText": null,
          "redemptionCtaDeeplink": null,
          "redemptionMaxAmount": null,
          "offerName": "Oriya{ Recharging your mobile on Aug 26, 2021 }",
          "frontendRedemptionType": null
        },
        "0f44683b-32e8-4b0c-bd13-60e28b48b66a": {
          "type": "CROSS_PROMO",
          "redemptionText": null,
          "redemptionCtaText": "Oriya{ Click here }",
          "redemptionCtaDeeplink": "Link",
          "redemptionMaxAmount": null,
          "offerName": "Oriya{ Recharging your mobile on Aug 26, 2021 }",
          "frontendRedemptionType": null,
          "crossPromoText": "Oriya{ You have won a Movies voucher worth ₹20 }",
          "crossPromoUsageText": "Oriya{ Usage }",
          "termsConditions": "Oriya{ TC }",
          "siteId": "2"
        },
        "e549b509-9df2-4d8f-807f-b0efa0cbdf44": {
          "type": "PPBL",
          "redemptionText": null,
          "redemptionCtaText": null,
          "redemptionCtaDeeplink": null,
          "redemptionMaxAmount": null,
          "offerName": "Oriya{ Recharging your mobile on Aug 26, 2021 }",
          "frontendRedemptionType": null
        },
        "71045a75-ec41-4715-a6c0-e1e405b343cc": {
          "type": "UPI",
          "redemptionText": null,
          "redemptionCtaText": null,
          "redemptionCtaDeeplink": null,
          "redemptionMaxAmount": null,
          "offerName": "Oriya{ Recharging your mobile on Aug 26, 2021 }",
          "frontendRedemptionType": null
        }
      }
    }
  }

}