{
  "eventPaylaodForSC": {
    "created_time": 1642094275000,
    "txn_sources": "ONBOARDING_ENGINE",
    "business_unit": "XYZ",
    "txn_id": "3e3817q9052122313252364442124311239291837",
    "event_type": "PERSONAL_LOAN_ONBOARDING",
    "event_source": "PPBL",
    "stage": "LEAD_SUCCESSFULLY_CLOSED",
    "product_type": "PERSONAL LOAN",
    "product_variant": "TOPUP",
    "lender_name": "HERO",
    "loan_amount_number": 100,
    "roi": 342423423,
    "ckyc_success_mode": "OFFLINE_AADHAAR",
    "user_id": 269633861,
    "scheme_code": "MASTER",
    "created_at": 1642094275000,
    "device_id": "adawdwa-awdadaw-dawad",
    "account_type": "ISA",
    "amount": 190
  },
  "eventPayloadForMultiStage": {
    "created_time": 1642094275000,
    "txn_sources": "ONBOARDING_ENGINE",
    "business_unit": "XYZ",
    "txn_id": "3e3817q9052122313252364442124311239291837",
    "event_type": "PERSONAL_LOAN_ONBOARDING",
    "event_source": "PPBL",
    "stage": "LEAD_SUCCESSFULLY_CLOSED",
    "product_type": "PERSONAL LOAN",
    "product_variant": "TOPUP",
    "lender_name": "HERO",
    "loan_amount_number": 100,
    "roi": 342423423,
    "ckyc_success_mode": "OFFLINE_AADHAAR",
    "user_id": 269633862,
    "scheme_code": "MASTER",
    "created_at": 1642094275000,
    "device_id": "adawdwa-awdadaw-dawad",
    "account_type": "ISA",
    "amount": 190
  }
}