{
  "cashbackLandingForLockedCard": {
    "lockedCardData": {
      "frontendRedemptionType": null,
      "redemptionCtaDeeplink": null,
      "referenceId": "52807cb7-6c7d-4ca5-93c8-161675951bde",
      "flipCtaText": null,
      "sourceMetaData": {
        "txnInfo": null,
        "offerName": "Recharging your mobile on Aug 18, 2022",
        "stage": 0,
        "offerDescription": "Recharge your mobile 1 time for  within 15 days",
        "deeplink": "paytmmp://cash_wallet?featuretype=vip&screen=offerdetails&gameid=2962696&stage=0",
        "txnSource": "APP",
        "offerId": 2962696,
        "type": "Supercash",
        "actionIdentifier": 0,
        "offerIconUrl": "https://s3-ap-southeast-1.amazonaws.com/assets.paytm.com/promotion/Rituraj/PNG+images/Mobile+Prepaid+Recharge+Offer.png",
        "txnId": "uid_1660824937_day_1660761000_value_PRMSUCASH_4983_LOCKED_CARD"
      },
      "winningText": "Yay! You've won a ScratchCard",
      "redemptionMetaData": null,
      "unlockText": "Available to open on 18 Aug 2022 11:43 PM",
      "expiryText": null,
      "redemptionText": null,
      "earnedText": null,
      "id": 56838286125,
      "iconUrl": "https://paytm.s3-ap-southeast-1.amazonaws.com/promo_seller_panel_uploads/production/scratchcardicon4.png",
      "winningTitle": null,
      "noneRedemption": false,
      "initializationText": null,
      "redemptionMaxAmount": null,
      "redemptionType": null,
      "cardHeadline": "Yay! You've won a ScratchCard",
      "expireAt": 1663439399000,
      "flipText": null,
      "displayType": "scratch_card",
      "earnedForText": "For Recharging your mobile on Aug 18, 2022",
      "statusText": null,
      "assured": false,
      "subRedemptionType": null,
      "unlocksAt": 1660813998000,
      "redemptionCtaText": null,
      "luckyDraw": false,
      "status": "LOCKED",
      "extraInfo": null
    },
    "backgroundImage": "https://assetscdn1.paytm.com/images/promo-engine/prod/sc_locked_theme1.png",
    "type": "LOCKED_CARD",
    "message": "Available to open on 18 Aug 2022 11:43 PM"
  },
  "supercashCSTForLockedCard": {
    "txn_processed": true,
    "transaction_id": "uid_1660824937_day_1660761000_value_PRMSUCASH_4983_LOCKED_CARD",
    "txn_link_status": "linked",
    "is_cancelled": false,
    "linked_game": {
      "offer_name": "Get ₹100 cashback",
      "game_id": 2962696,
      "game_status": "COMPLETED",
      "total_bonus_earned": 0,
      "total_amount": 0,
      "total_transaction": 1,
      "consumer_transaction": 1,
      "offer_icon": "https://s3-ap-southeast-1.amazonaws.com/assets.paytm.com/promotion/Rituraj/PNG+images/Mobile+Prepaid+Recharge+Offer.png",
      "image_url": "https://s3-ap-southeast-1.amazonaws.com/assets.paytm.com/promotion/Rituraj/PNG+images/Mobile+Prepaid+Recharge+Offer.png",
      "offer_description": "Recharge your mobile 1 time for  within 15 days",
      "offer_deeplink": "paytmmp://mobile_prepaid?url=https://catalog.paytm.com/v1/mobile/mobile-prepaid/17",
      "stage_objects": [
        {
          "stage": 0,
          "redemption_status": 2,
          "redemption_text": "Cashback will be credited within 24 hours to your Paytm Wallet.",
          "redemption_type": "cashback",
          "amount": 0,
          "scratchcard_data": {
            "scratchcard_id": 56838286125,
            "scratchcard_status": "LOCKED",
            "scratchcard_expiry_text": null,
            "unlock_text": "Available to open on 18 Aug 2022 11:43 PM"
          }
        }
      ]
    },
    "failed_campaigns": []
  },
  "getCardListByUserForLockedCard": {
    "code": 200,
    "data": {
      "scratchCardList": [
        {
          "gratificationGroup": "none",
          "frontendRedemptionType": null,
          "backgroundImage": "https://assetscdn1.paytm.com/images/promo-engine/prod/sc_locked_theme1.png",
          "cashbackDestinationIconUrl": null,
          "redemptionCtaDeeplink": null,
          "referenceId": "52807cb7-6c7d-4ca5-93c8-161675951bde",
          "createdAt": 1660810398000,
          "flipCtaText": null,
          "sourceMetaData": {
            "txnInfo": null,
            "offerName": "Recharging your mobile on Aug 18, 2022",
            "stage": 0,
            "offerDescription": "Recharge your mobile 1 time for  within 15 days",
            "deeplink": "paytmmp://cash_wallet?featuretype=vip&screen=offerdetails&gameid=2962696&stage=0",
            "txnSource": "APP",
            "offerId": "2962696",
            "shard_cr": true,
            "type": "Supercash",
            "actionIdentifier": 0,
            "offerIconUrl": "https://s3-ap-southeast-1.amazonaws.com/assets.paytm.com/promotion/Rituraj/PNG+images/Mobile+Prepaid+Recharge+Offer.png",
            "txnId": "uid_1660824937_day_1660761000_value_PRMSUCASH_4983_LOCKED_CARD"
          },
          "winningText": "Yay! You've won a ScratchCard",
          "redemptionMetaData": null,
          "unlockText": "Available to open on 18 Aug 2022 11:43 PM",
          "expiryText": null,
          "redemptionText": null,
          "earnedText": null,
          "id": 56838286125,
          "iconUrl": "https://paytm.s3-ap-southeast-1.amazonaws.com/promo_seller_panel_uploads/production/scratchcardicon4.png",
          "winningTitle": null,
          "noneRedemption": false,
          "initializationText": null,
          "redemptionMaxAmount": null,
          "redemptionType": null,
          "cardHeadline": "Yay! You've won a ScratchCard",
          "expireAt": 1663439399000,
          "flipText": null,
          "displayType": "scratch_card",
          "earnedForText": "For Recharging your mobile on Aug 18, 2022",
          "statusText": null,
          "assured": false,
          "subRedemptionType": null,
          "unlocksAt": 1660813998000,
          "redemptionCtaText": null,
          "luckyDraw": false,
          "status": "LOCKED",
          "extraInfo": null
        }
      ],
      "beforeTime": 1660810398000,
      "excludedIds": [
        56838286125
      ],
      "gratificationSummary": [],
      "isNext": true
    },
    "status": 1
  },
  "getCardListByIdForLockedCard": {
    "code": 200,
    "data": {
      "scratchCardList": [
        {
          "gratificationGroup": "none",
          "frontendRedemptionType": null,
          "backgroundImage": "https://assetscdn1.paytm.com/images/promo-engine/prod/sc_locked_theme1.png",
          "cashbackDestinationIconUrl": null,
          "redemptionCtaDeeplink": null,
          "referenceId": "52807cb7-6c7d-4ca5-93c8-161675951bde",
          "createdAt": 1660810398000,
          "flipCtaText": null,
          "sourceMetaData": {
            "txnInfo": null,
            "offerName": "Recharging your mobile on Aug 18, 2022",
            "stage": 0,
            "offerDescription": "Recharge your mobile 1 time for  within 15 days",
            "deeplink": "paytmmp://cash_wallet?featuretype=vip&screen=offerdetails&gameid=2962696&stage=0",
            "txnSource": "APP",
            "offerId": "2962696",
            "shard_cr": true,
            "type": "Supercash",
            "actionIdentifier": 0,
            "offerIconUrl": "https://s3-ap-southeast-1.amazonaws.com/assets.paytm.com/promotion/Rituraj/PNG+images/Mobile+Prepaid+Recharge+Offer.png",
            "txnId": "uid_1660824937_day_1660761000_value_PRMSUCASH_4983_LOCKED_CARD"
          },
          "winningText": "Yay! You've won a ScratchCard",
          "redemptionMetaData": null,
          "unlockText": "Available to open on 18 Aug 2022 11:43 PM",
          "expiryText": null,
          "redemptionText": null,
          "earnedText": null,
          "id": 56838286125,
          "iconUrl": "https://paytm.s3-ap-southeast-1.amazonaws.com/promo_seller_panel_uploads/production/scratchcardicon4.png",
          "winningTitle": null,
          "noneRedemption": false,
          "initializationText": null,
          "redemptionMaxAmount": null,
          "redemptionType": null,
          "cardHeadline": "Yay! You've won a ScratchCard",
          "expireAt": 1663439399000,
          "flipText": null,
          "displayType": "scratch_card",
          "earnedForText": "For Recharging your mobile on Aug 18, 2022",
          "statusText": null,
          "assured": false,
          "subRedemptionType": null,
          "unlocksAt": 1660813998000,
          "redemptionCtaText": null,
          "luckyDraw": false,
          "status": "LOCKED",
          "extraInfo": null
        }
      ]
    },
    "status": 1
  },
  "getDetailByOrderIdForLockedCard": {
    "data": {
      "winningText": "Congratulations!#You won",
      "transactions": {
        "uid_1660824937_day_1660761000_value_PRMSUCASH_4983_LOCKED_CARD": {
          "txn_id": "uid_1660824937_day_1660761000_value_PRMSUCASH_4983_LOCKED_CARD",
          "stage_objects": [
            {
              "earned_text": "You won a scratch card",
              "fulfillment_at": "2022-08-18T08:13:17.000+0000",
              "bonus_amount": 0,
              "stage_status": "COMPLETED",
              "is_scratched": false,
              "cashback_text": "You will get a scratch card worth \u20b9100",
              "stage_txn_count": 1,
              "redemption_text": "Cashback will be credited within 24 hours to your Paytm Wallet.",
              "redemption_status": "REDEEM_REQUESTED",
              "redemption_type_icon": "https://paytm.s3-ap-southeast-1.amazonaws.com/promo_seller_panel_uploads/production/Cashback.png",
              "crosspromo_data": null,
              "frontend_redemption_type": "cashback",
              "redemption_display_type": "SCRATCH_CARD",
              "redemption_type": "cashback",
              "scratchCardData": null,
              "surprise_stage": false,
              "deal_data": null
            }
          ],
          "progress_screen_construct": "1st Payment",
          "stage": 0,
          "created_at": "2022-08-18T08:13:17.608Z",
          "txn_source": "APP",
          "status": "SUCCESS"
        }
      }
    },
    "errors": [],
    "status": 1
  },

  "cashbackLandingForScratchCardBeforeScratched": {
    "frontendRedemptionType": "Cashback",
    "redemptionCtaDeeplink": null,
    "referenceId": "e6e21f94-0c39-49a5-8747-f142a4582751",
    "flipCtaText": null,
    "sourceMetaData": {
      "txnInfo": null,
      "offerName": "Recharging your mobile on Aug 18, 2022",
      "stage": 0,
      "offerDescription": "Recharge your mobile 1 time for  within 15 days",
      "deeplink": "paytmmp://cash_wallet?featuretype=vip&screen=offerdetails&gameid=2964957&stage=0",
      "txnSource": "APP",
      "offerId": 2964957,
      "type": "Supercash",
      "actionIdentifier": 0,
      "offerIconUrl": "https://s3-ap-southeast-1.amazonaws.com/assets.paytm.com/promotion/Rituraj/PNG+images/Mobile+Prepaid+Recharge+Offer.png",
      "txnId": "uid_1660832483_day_1660761000_value_PRMSUCASH_4983"
    },
    "winningText": "You won",
    "redemptionMetaData": {
      "amount": 100,
      "redemptionType": "CASHBACK",
      "redemptionIconUrl": "https://paytm.s3-ap-southeast-1.amazonaws.com/promo_seller_panel_uploads/production/Cashback.png",
      "redemptionDelay": null,
      "unlockKey": null,
      "isLuckyDraw": false,
      "flip": false,
      "redeemedTime": null
    },
    "unlockText": null,
    "expiryText": "Valid till 17 Sep 2022 23:59:59",
    "redemptionText": null,
    "earnedText": null,
    "id": 56838286769,
    "iconUrl": "https://paytm.s3-ap-southeast-1.amazonaws.com/promo_seller_panel_uploads/production/scratchcardicon6.png",
    "winningTitle": "Congratulations!",
    "noneRedemption": false,
    "initializationText": "Scratch Card will be activated shortly",
    "redemptionMaxAmount": null,
    "redemptionType": "CASHBACK",
    "cardHeadline": "Yay! You've won a ScratchCard",
    "expireAt": 1663439399000,
    "flipText": null,
    "displayType": "scratch_card",
    "earnedForText": "For Recharging your mobile on Aug 18, 2022",
    "statusText": "",
    "assured": false,
    "subRedemptionType": null,
    "unlocksAt": null,
    "redemptionCtaText": null,
    "luckyDraw": false,
    "status": "UNSCRATCHED",
    "extraInfo": null
  },
  "supercashCSTForScratchCardBeforeScratched": {
    "txn_processed": true,
    "transaction_id": "uid_1660838239_day_1660761000_value_PRMSUCASH_4983",
    "txn_link_status": "linked",
    "is_cancelled": false,
    "linked_game": {
      "offer_name": "Get ₹100 cashback",
      "game_id": 2964955,
      "game_status": "COMPLETED",
      "total_bonus_earned": 0,
      "total_amount": 0,
      "total_transaction": 1,
      "consumer_transaction": 1,
      "offer_icon": "https://s3-ap-southeast-1.amazonaws.com/assets.paytm.com/promotion/Rituraj/PNG+images/Mobile+Prepaid+Recharge+Offer.png",
      "image_url": "https://s3-ap-southeast-1.amazonaws.com/assets.paytm.com/promotion/Rituraj/PNG+images/Mobile+Prepaid+Recharge+Offer.png",
      "offer_description": "Recharge your mobile 1 time for  within 15 days",
      "offer_deeplink": "paytmmp://mobile_prepaid?url=https://catalog.paytm.com/v1/mobile/mobile-prepaid/17",
      "stage_objects": [
        {
          "stage": 0,
          "redemption_status": 2,
          "redemption_text": "Cashback will be credited within 24 hours to your Paytm Wallet.",
          "redemption_type": "cashback",
          "amount": 0,
          "scratchcard_data": {
            "scratchcard_id": 56838286767,
            "scratchcard_status": "UNSCRATCHED",
            "scratchcard_expiry_text": "Valid till 17 Sep 2022 23:59:59",
            "unlock_text": null
          }
        }
      ]
    },
    "failed_campaigns": []
  },
  "getCardListByUserForScratchCardBeforeScratched": {
    "code": 200,
    "data": {
      "scratchCardList": [
        {
          "gratificationGroup": "none",
          "frontendRedemptionType": "Cashback",
          "backgroundImage": "https://assetscdn1.paytm.com/images/promo-engine/prod/sc_theme4.png",
          "cashbackDestinationIconUrl": "https://paytm.s3-ap-southeast-1.amazonaws.com/promo_seller_panel_uploads/production/Paytm_Wallet.png",
          "redemptionCtaDeeplink": null,
          "referenceId": "60118613-b765-421b-9a25-5fe580ee3fea",
          "createdAt": 1660818043000,
          "flipCtaText": null,
          "sourceMetaData": {
            "txnInfo": null,
            "offerName": "Recharging your mobile on Aug 18, 2022",
            "stage": 0,
            "offerDescription": "Recharge your mobile 1 time for  within 15 days",
            "deeplink": "paytmmp://cash_wallet?featuretype=vip&screen=offerdetails&gameid=2964955&stage=0",
            "txnSource": "APP",
            "offerId": "2964955",
            "shard_cr": true,
            "type": "Supercash",
            "actionIdentifier": 0,
            "offerIconUrl": "https://s3-ap-southeast-1.amazonaws.com/assets.paytm.com/promotion/Rituraj/PNG+images/Mobile+Prepaid+Recharge+Offer.png",
            "txnId": "uid_1660838239_day_1660761000_value_PRMSUCASH_4983"
          },
          "winningText": "You won",
          "redemptionMetaData": {
            "amount": 100,
            "redemptionType": "CASHBACK",
            "redemptionIconUrl": "https://paytm.s3-ap-southeast-1.amazonaws.com/promo_seller_panel_uploads/production/Cashback.png",
            "redemptionDelay": null,
            "unlockKey": null,
            "isLuckyDraw": false,
            "flip": false,
            "redeemedTime": null
          },
          "unlockText": null,
          "expiryText": "Valid till 17 Sep 2022 23:59:59",
          "redemptionText": null,
          "earnedText": null,
          "id": 56838286767,
          "iconUrl": "https://paytm.s3-ap-southeast-1.amazonaws.com/promo_seller_panel_uploads/production/scratchcardicon4.png",
          "winningTitle": "Congratulations!",
          "noneRedemption": false,
          "initializationText": "Scratch Card will be activated shortly",
          "redemptionMaxAmount": null,
          "redemptionType": "CASHBACK",
          "cardHeadline": "Yay! You've won a ScratchCard",
          "expireAt": 1663439399000,
          "flipText": null,
          "displayType": "scratch_card",
          "earnedForText": "For Recharging your mobile on Aug 18, 2022",
          "statusText": "",
          "assured": false,
          "subRedemptionType": null,
          "unlocksAt": null,
          "redemptionCtaText": null,
          "luckyDraw": false,
          "status": "UNSCRATCHED",
          "extraInfo": null
        }
      ],
      "beforeTime": 1660818043000,
      "excludedIds": [
        56838286767
      ],
      "gratificationSummary": [],
      "isNext": true
    },
    "status": 1
  },
  "getCardListByIdForScratchCardBeforeScratched": {
    "code": 200,
    "data": {
      "scratchCardList": [
        {
          "gratificationGroup": "none",
          "frontendRedemptionType": "Cashback",
          "backgroundImage": "https://assetscdn1.paytm.com/images/promo-engine/prod/sc_theme4.png",
          "cashbackDestinationIconUrl": "https://paytm.s3-ap-southeast-1.amazonaws.com/promo_seller_panel_uploads/production/Paytm_Wallet.png",
          "redemptionCtaDeeplink": null,
          "referenceId": "60118613-b765-421b-9a25-5fe580ee3fea",
          "createdAt": 1660818043000,
          "flipCtaText": null,
          "sourceMetaData": {
            "txnInfo": null,
            "offerName": "Recharging your mobile on Aug 18, 2022",
            "stage": 0,
            "offerDescription": "Recharge your mobile 1 time for  within 15 days",
            "deeplink": "paytmmp://cash_wallet?featuretype=vip&screen=offerdetails&gameid=2964955&stage=0",
            "txnSource": "APP",
            "offerId": "2964955",
            "shard_cr": true,
            "type": "Supercash",
            "actionIdentifier": 0,
            "offerIconUrl": "https://s3-ap-southeast-1.amazonaws.com/assets.paytm.com/promotion/Rituraj/PNG+images/Mobile+Prepaid+Recharge+Offer.png",
            "txnId": "uid_1660838239_day_1660761000_value_PRMSUCASH_4983"
          },
          "winningText": "You won",
          "redemptionMetaData": {
            "amount": 100,
            "redemptionType": "CASHBACK",
            "redemptionIconUrl": "https://paytm.s3-ap-southeast-1.amazonaws.com/promo_seller_panel_uploads/production/Cashback.png",
            "redemptionDelay": null,
            "unlockKey": null,
            "isLuckyDraw": false,
            "flip": false,
            "redeemedTime": null
          },
          "unlockText": null,
          "expiryText": "Valid till 17 Sep 2022 23:59:59",
          "redemptionText": null,
          "earnedText": null,
          "id": 56838286767,
          "iconUrl": "https://paytm.s3-ap-southeast-1.amazonaws.com/promo_seller_panel_uploads/production/scratchcardicon4.png",
          "winningTitle": "Congratulations!",
          "noneRedemption": false,
          "initializationText": "Scratch Card will be activated shortly",
          "redemptionMaxAmount": null,
          "redemptionType": "CASHBACK",
          "cardHeadline": "Yay! You've won a ScratchCard",
          "expireAt": 1663439399000,
          "flipText": null,
          "displayType": "scratch_card",
          "earnedForText": "For Recharging your mobile on Aug 18, 2022",
          "statusText": "",
          "assured": false,
          "subRedemptionType": null,
          "unlocksAt": null,
          "redemptionCtaText": null,
          "luckyDraw": false,
          "status": "UNSCRATCHED",
          "extraInfo": null
        }
      ]
    },
    "status": 1
  },
  "getDetailByOrderIdForScratchCardBeforeScratched": {
    "data": {
      "winningText": "Congratulations!#You won",
      "transactions": {
        "uid_1660838239_day_1660761000_value_PRMSUCASH_4983": {
          "txn_id": "uid_1660838239_day_1660761000_value_PRMSUCASH_4983",
          "stage_objects": [
            {
              "earned_text": "You won a scratch card",
              "fulfillment_at": "2022-08-18T10:20:43.000+0000",
              "bonus_amount": 0,
              "stage_status": "COMPLETED",
              "is_scratched": false,
              "cashback_text": "You will get a scratch card worth \u20b9100",
              "stage_txn_count": 1,
              "redemption_text": "Cashback will be credited within 24 hours to your Paytm Wallet.",
              "redemption_status": "REDEEM_REQUESTED",
              "redemption_type_icon": "https://paytm.s3-ap-southeast-1.amazonaws.com/promo_seller_panel_uploads/production/Cashback.png",
              "crosspromo_data": null,
              "frontend_redemption_type": "cashback",
              "redemption_display_type": "SCRATCH_CARD",
              "redemption_type": "cashback",
              "scratchCardData": null,
              "surprise_stage": false,
              "deal_data": null
            }
          ],
          "progress_screen_construct": "1st Payment",
          "stage": 0,
          "created_at": "2022-08-18T10:20:43.093Z",
          "txn_source": "APP",
          "status": "SUCCESS"
        }
      }
    },
    "errors": [],
    "status": 1
  },

  "supercashCSTForScratchCardAfterScratched": {
    "txn_processed": true,
    "transaction_id": "uid_1660865185_day_1660761000_value_PRMSUCASH_4983",
    "txn_link_status": "linked",
    "is_cancelled": false,
    "linked_game": {
      "offer_name": "Get ₹100 cashback",
      "game_id": 2964967,
      "game_status": "COMPLETED",
      "total_bonus_earned": 100,
      "total_amount": 0,
      "total_transaction": 1,
      "consumer_transaction": 1,
      "offer_icon": "https://s3-ap-southeast-1.amazonaws.com/assets.paytm.com/promotion/Rituraj/PNG+images/Mobile+Prepaid+Recharge+Offer.png",
      "image_url": "https://s3-ap-southeast-1.amazonaws.com/assets.paytm.com/promotion/Rituraj/PNG+images/Mobile+Prepaid+Recharge+Offer.png",
      "offer_description": "Recharge your mobile 1 time for  within 15 days",
      "offer_deeplink": "paytmmp://mobile_prepaid?url=https://catalog.paytm.com/v1/mobile/mobile-prepaid/17",
      "stage_objects": [
        {
          "stage": 0,
          "redemption_status": 2,
          "redemption_text": "Cashback will be credited within 24 hours to your Paytm Wallet.",
          "redemption_type": "cashback",
          "amount": 100,
          "scratchcard_data": {
            "scratchcard_id": 56838286780,
            "scratchcard_status": "SCRATCHED",
            "scratchcard_expiry_text": null,
            "unlock_text": null
          }
        }
      ]
    },
    "failed_campaigns": []
  },
  "getCardListByUserForScratchCardAfterScratched": {
    "code": 200,
    "data": {
      "scratchCardList": [
        {
          "gratificationGroup": "none",
          "frontendRedemptionType": "Cashback",
          "backgroundImage": "https://assetscdn1.paytm.com/images/promo-engine/prod/sc_theme5.png",
          "cashbackDestinationIconUrl": "https://paytm.s3-ap-southeast-1.amazonaws.com/promo_seller_panel_uploads/production/Paytm_Wallet.png",
          "redemptionCtaDeeplink": null,
          "referenceId": "2ab9e9fe-e928-42dd-9185-e8d8b8bec50d",
          "createdAt": 1660820043000,
          "flipCtaText": null,
          "sourceMetaData": {
            "txnInfo": null,
            "offerName": "Recharging your mobile on Aug 18, 2022",
            "stage": 0,
            "offerDescription": "Recharge your mobile 1 time for  within 15 days",
            "deeplink": "paytmmp://cash_wallet?featuretype=vip&screen=offerdetails&gameid=2964967&stage=0",
            "txnSource": "APP",
            "offerId": "2964967",
            "shard_cr": true,
            "type": "Supercash",
            "actionIdentifier": 0,
            "offerIconUrl": "https://s3-ap-southeast-1.amazonaws.com/assets.paytm.com/promotion/Rituraj/PNG+images/Mobile+Prepaid+Recharge+Offer.png",
            "txnId": "uid_1660865185_day_1660761000_value_PRMSUCASH_4983"
          },
          "winningText": "You won",
          "redemptionMetaData": {
            "amount": 100,
            "redemptionType": "CASHBACK",
            "redemptionIconUrl": "https://paytm.s3-ap-southeast-1.amazonaws.com/promo_seller_panel_uploads/production/Cashback.png",
            "redemptionDelay": null,
            "unlockKey": null,
            "isLuckyDraw": false,
            "flip": false,
            "redeemedTime": null
          },
          "unlockText": null,
          "expiryText": "Valid till 17 Sep 2022 23:59:59",
          "redemptionText": "Cashback will be credited within 24 hours",
          "earnedText": "\u20b9100 Cashback",
          "id": 56838286780,
          "iconUrl": "https://paytm.s3-ap-southeast-1.amazonaws.com/promo_seller_panel_uploads/production/scratchcardicon5.png",
          "winningTitle": "Congratulations!",
          "noneRedemption": false,
          "initializationText": null,
          "redemptionMaxAmount": null,
          "redemptionType": "CASHBACK",
          "cardHeadline": "Yay! You've won a ScratchCard",
          "expireAt": 1663439399000,
          "flipText": null,
          "displayType": "scratch_card",
          "earnedForText": "For Recharging your mobile on Aug 18, 2022",
          "statusText": "",
          "assured": false,
          "subRedemptionType": null,
          "unlocksAt": null,
          "redemptionCtaText": null,
          "luckyDraw": false,
          "status": "SCRATCHED",
          "extraInfo": null
        }
      ],
      "beforeTime": 1660820043000,
      "excludedIds": [
        56838286780
      ],
      "gratificationSummary": [],
      "isNext": true
    },
    "status": 1
  },
  "getCardListByIdForScratchCardAfterScratched": {
    "code": 200,
    "data": {
      "scratchCardList": [
        {
          "gratificationGroup": "none",
          "frontendRedemptionType": "Cashback",
          "backgroundImage": "https://assetscdn1.paytm.com/images/promo-engine/prod/sc_theme5.png",
          "cashbackDestinationIconUrl": "https://paytm.s3-ap-southeast-1.amazonaws.com/promo_seller_panel_uploads/production/Paytm_Wallet.png",
          "redemptionCtaDeeplink": null,
          "referenceId": "2ab9e9fe-e928-42dd-9185-e8d8b8bec50d",
          "createdAt": 1660820043000,
          "flipCtaText": null,
          "sourceMetaData": {
            "txnInfo": null,
            "offerName": "Recharging your mobile on Aug 18, 2022",
            "stage": 0,
            "offerDescription": "Recharge your mobile 1 time for  within 15 days",
            "deeplink": "paytmmp://cash_wallet?featuretype=vip&screen=offerdetails&gameid=2964967&stage=0",
            "txnSource": "APP",
            "offerId": "2964967",
            "shard_cr": true,
            "type": "Supercash",
            "actionIdentifier": 0,
            "offerIconUrl": "https://s3-ap-southeast-1.amazonaws.com/assets.paytm.com/promotion/Rituraj/PNG+images/Mobile+Prepaid+Recharge+Offer.png",
            "txnId": "uid_1660865185_day_1660761000_value_PRMSUCASH_4983"
          },
          "winningText": "You won",
          "redemptionMetaData": {
            "amount": 100,
            "redemptionType": "CASHBACK",
            "redemptionIconUrl": "https://paytm.s3-ap-southeast-1.amazonaws.com/promo_seller_panel_uploads/production/Cashback.png",
            "redemptionDelay": null,
            "unlockKey": null,
            "isLuckyDraw": false,
            "flip": false,
            "redeemedTime": null
          },
          "unlockText": null,
          "expiryText": "Valid till 17 Sep 2022 23:59:59",
          "redemptionText": "Cashback will be credited within 24 hours",
          "earnedText": "\u20b9100 Cashback",
          "id": 56838286780,
          "iconUrl": "https://paytm.s3-ap-southeast-1.amazonaws.com/promo_seller_panel_uploads/production/scratchcardicon5.png",
          "winningTitle": "Congratulations!",
          "noneRedemption": false,
          "initializationText": null,
          "redemptionMaxAmount": null,
          "redemptionType": "CASHBACK",
          "cardHeadline": "Yay! You've won a ScratchCard",
          "expireAt": 1663439399000,
          "flipText": null,
          "displayType": "scratch_card",
          "earnedForText": "For Recharging your mobile on Aug 18, 2022",
          "statusText": "",
          "assured": false,
          "subRedemptionType": null,
          "unlocksAt": null,
          "redemptionCtaText": null,
          "luckyDraw": false,
          "status": "SCRATCHED",
          "extraInfo": null
        }
      ]
    },
    "status": 1
  },
  "getDetailByOrderIdForScratchCardAfterScratched": {
    "data": {
      "winningText": "Congratulations!#You won",
      "transactions": {
        "uid_1660865185_day_1660761000_value_PRMSUCASH_4983": {
          "txn_id": "uid_1660865185_day_1660761000_value_PRMSUCASH_4983",
          "stage_objects": [
            {
              "earned_text": "You won \u20b9100 cashback",
              "fulfillment_at": "2022-08-18T10:54:03.000+0000",
              "bonus_amount": 100,
              "stage_status": "COMPLETED",
              "is_scratched": true,
              "cashback_text": "You will get a scratch card worth \u20b9100",
              "stage_txn_count": 1,
              "redemption_text": "Cashback will be credited within 24 hours to your Paytm Wallet.",
              "redemption_status": "REDEEM_REQUESTED",
              "redemption_type_icon": "https://paytm.s3-ap-southeast-1.amazonaws.com/promo_seller_panel_uploads/production/Cashback.png",
              "crosspromo_data": null,
              "frontend_redemption_type": "cashback",
              "redemption_display_type": "SCRATCH_CARD",
              "redemption_type": "cashback",
              "scratchCardData": null,
              "surprise_stage": false,
              "deal_data": null
            }
          ],
          "progress_screen_construct": "1st Payment",
          "stage": 0,
          "created_at": "2022-08-18T10:54:02.843Z",
          "txn_source": "APP",
          "status": "SUCCESS"
        }
      }
    },
    "errors": [],
    "status": 1
  },

  "supercashCSTForScratchCardAfterRedeemed": {
    "txn_processed": true,
    "transaction_id": "uid_1660906451_day_1660847400_value_PRMSUCASH_4983",
    "txn_link_status": "linked",
    "is_cancelled": false,
    "linked_game": {
      "offer_name": "Get ₹100 cashback",
      "game_id": 2977783,
      "game_status": "COMPLETED",
      "total_bonus_earned": 100,
      "total_amount": 0,
      "total_transaction": 1,
      "consumer_transaction": 1,
      "offer_icon": "https://s3-ap-southeast-1.amazonaws.com/assets.paytm.com/promotion/Rituraj/PNG+images/Mobile+Prepaid+Recharge+Offer.png",
      "image_url": "https://s3-ap-southeast-1.amazonaws.com/assets.paytm.com/promotion/Rituraj/PNG+images/Mobile+Prepaid+Recharge+Offer.png",
      "offer_description": "Recharge your mobile 1 time for  within 15 days",
      "offer_deeplink": "paytmmp://mobile_prepaid?url=https://catalog.paytm.com/v1/mobile/mobile-prepaid/17",
      "stage_objects": [
        {
          "stage": 0,
          "redemption_status": 3,
          "redemption_text": "Cashback has been credited to your Paytm Wallet on 19th Aug 2022 11:15 AM",
          "redemption_type": "cashback",
          "amount": 100,
          "scratchcard_data": {
            "scratchcard_id": 56838488652,
            "scratchcard_status": "SCRATCHED",
            "scratchcard_expiry_text": null,
            "unlock_text": null
          }
        }
      ]
    },
    "failed_campaigns": []
  },
  "getCardListByUserForScratchCardAfterRedeemed": {
    "code": 200,
    "data": {
      "scratchCardList": [
        {
          "gratificationGroup": "none",
          "frontendRedemptionType": "Cashback",
          "backgroundImage": "https://assetscdn1.paytm.com/images/promo-engine/prod/sc_theme1.png",
          "cashbackDestinationIconUrl": "https://paytm.s3-ap-southeast-1.amazonaws.com/promo_seller_panel_uploads/production/Paytm_Wallet.png",
          "redemptionCtaDeeplink": null,
          "referenceId": "7864acaf-5a88-465a-a5fa-a5732c7c0ea5",
          "createdAt": 1660887929000,
          "flipCtaText": null,
          "sourceMetaData": {
            "txnInfo": null,
            "offerName": "Recharging your mobile on Aug 19, 2022",
            "stage": 0,
            "offerDescription": "Recharge your mobile 1 time for  within 15 days",
            "deeplink": "paytmmp://cash_wallet?featuretype=vip&screen=offerdetails&gameid=2977783&stage=0",
            "txnSource": "APP",
            "offerId": "2977783",
            "shard_cr": true,
            "type": "Supercash",
            "actionIdentifier": 0,
            "offerIconUrl": "https://s3-ap-southeast-1.amazonaws.com/assets.paytm.com/promotion/Rituraj/PNG+images/Mobile+Prepaid+Recharge+Offer.png",
            "txnId": "uid_1660906451_day_1660847400_value_PRMSUCASH_4983"
          },
          "winningText": "You won",
          "redemptionMetaData": {
            "amount": 100,
            "redemptionType": "CASHBACK",
            "redemptionIconUrl": "https://paytm.s3-ap-southeast-1.amazonaws.com/promo_seller_panel_uploads/production/Cashback.png",
            "redemptionDelay": null,
            "unlockKey": null,
            "isLuckyDraw": false,
            "flip": false,
            "redeemedTime": null
          },
          "unlockText": null,
          "expiryText": "Valid till 18 Sep 2022 23:59:59",
          "redemptionText": "Cashback will be credited within 24 hours",
          "earnedText": "\u20b9100 Cashback",
          "id": 56838488652,
          "iconUrl": "https://paytm.s3-ap-southeast-1.amazonaws.com/promo_seller_panel_uploads/production/scratchcardicon1.png",
          "winningTitle": "Congratulations!",
          "noneRedemption": false,
          "initializationText": null,
          "redemptionMaxAmount": null,
          "redemptionType": "CASHBACK",
          "cardHeadline": "Yay! You've won a ScratchCard",
          "expireAt": 1663525799000,
          "flipText": null,
          "displayType": "scratch_card",
          "earnedForText": "For Recharging your mobile on Aug 19, 2022",
          "statusText": "",
          "assured": false,
          "subRedemptionType": null,
          "unlocksAt": null,
          "redemptionCtaText": null,
          "luckyDraw": false,
          "status": "SCRATCHED",
          "extraInfo": null
        }
      ],
      "beforeTime": 1660887929000,
      "excludedIds": [
        56838488652
      ],
      "gratificationSummary": [],
      "isNext": true
    },
    "status": 1
  },
  "getCardListByIdForScratchCardAfterRedeemed": {
    "code": 200,
    "data": {
      "scratchCardList": [
        {
          "gratificationGroup": "none",
          "frontendRedemptionType": "Cashback",
          "backgroundImage": "https://assetscdn1.paytm.com/images/promo-engine/prod/sc_theme1.png",
          "cashbackDestinationIconUrl": "https://paytm.s3-ap-southeast-1.amazonaws.com/promo_seller_panel_uploads/production/Paytm_Wallet.png",
          "redemptionCtaDeeplink": null,
          "referenceId": "7864acaf-5a88-465a-a5fa-a5732c7c0ea5",
          "createdAt": 1660887929000,
          "flipCtaText": null,
          "sourceMetaData": {
            "txnInfo": null,
            "offerName": "Recharging your mobile on Aug 19, 2022",
            "stage": 0,
            "offerDescription": "Recharge your mobile 1 time for  within 15 days",
            "deeplink": "paytmmp://cash_wallet?featuretype=vip&screen=offerdetails&gameid=2977783&stage=0",
            "txnSource": "APP",
            "offerId": "2977783",
            "shard_cr": true,
            "type": "Supercash",
            "actionIdentifier": 0,
            "offerIconUrl": "https://s3-ap-southeast-1.amazonaws.com/assets.paytm.com/promotion/Rituraj/PNG+images/Mobile+Prepaid+Recharge+Offer.png",
            "txnId": "uid_1660906451_day_1660847400_value_PRMSUCASH_4983"
          },
          "winningText": "You won",
          "redemptionMetaData": {
            "amount": 100,
            "redemptionType": "CASHBACK",
            "redemptionIconUrl": "https://paytm.s3-ap-southeast-1.amazonaws.com/promo_seller_panel_uploads/production/Cashback.png",
            "redemptionDelay": null,
            "unlockKey": null,
            "isLuckyDraw": false,
            "flip": false,
            "redeemedTime": 1660887955404
          },
          "unlockText": null,
          "expiryText": "Valid till 18 Sep 2022 23:59:59",
          "redemptionText": "Cashback has been credited to your Paytm Wallet on Aug 19, 2022",
          "earnedText": "\u20b9100 Cashback",
          "id": 56838488652,
          "iconUrl": "https://paytm.s3-ap-southeast-1.amazonaws.com/promo_seller_panel_uploads/production/scratchcardicon1.png",
          "winningTitle": "Congratulations!",
          "noneRedemption": false,
          "initializationText": null,
          "redemptionMaxAmount": null,
          "redemptionType": "CASHBACK",
          "cardHeadline": "Yay! You've won a ScratchCard",
          "expireAt": 1663525799000,
          "flipText": null,
          "displayType": "scratch_card",
          "earnedForText": "For Recharging your mobile on Aug 19, 2022",
          "statusText": "",
          "assured": false,
          "subRedemptionType": null,
          "unlocksAt": null,
          "redemptionCtaText": null,
          "luckyDraw": false,
          "status": "REDEEMED",
          "extraInfo": null
        }
      ]
    },
    "status": 1
  },
  "getDetailByOrderIdForScratchCardAfterRedeemed": {
    "data": {
      "winningText": "Congratulations!#You won",
      "transactions": {
        "uid_1660906451_day_1660847400_value_PRMSUCASH_4983": {
          "txn_id": "uid_1660906451_day_1660847400_value_PRMSUCASH_4983",
          "stage_objects": [
            {
              "earned_text": "You won \u20b9100 cashback",
              "fulfillment_at": "2022-08-19T05:45:55.000+0000",
              "bonus_amount": 100,
              "stage_status": "COMPLETED",
              "is_scratched": true,
              "cashback_text": "You will get a scratch card worth \u20b9100",
              "stage_txn_count": 1,
              "redemption_text": "Cashback has been credited to your Paytm Wallet on 19th Aug 2022 11:15 AM",
              "redemption_status": "REDEEMED",
              "redemption_type_icon": "https://paytm.s3-ap-southeast-1.amazonaws.com/promo_seller_panel_uploads/production/Cashback.png",
              "crosspromo_data": null,
              "frontend_redemption_type": "cashback",
              "redemption_display_type": "SCRATCH_CARD",
              "redemption_type": "cashback",
              "scratchCardData": null,
              "surprise_stage": false,
              "deal_data": null
            }
          ],
          "progress_screen_construct": "1st Payment",
          "stage": 0,
          "created_at": "2022-08-19T05:45:28.706Z",
          "txn_source": "APP",
          "status": "SUCCESS"
        }
      }
    },
    "errors": [],
    "status": 1
  }
}
