{"CashBackLanding":{
  "data": {
    "data": [
      {
        "unscratchedCardData": {
          "frontendRedemptionType": "Cashback",
          "redemptionCtaDeeplink": null,
          "referenceId": "a2d7915d-ea55-4ed6-b151-2b638a6184cd",
          "flipCtaText": null,
          "sourceMetaData": {
            "txnInfo": null,
            "offerName": "Recharging your mobile on Feb 01, 2022",
            "stage": 0,
            "offerDescription": "Recharge your mobile 1 time for more than ₹1 before 27-08-2021, 23:00:00",
            "deeplink": "paytmmp://cash_wallet?featuretype=vip&screen=offerdetails&gameid=2152345&stage=0",
            "txnSource": "WALLET",
            "offerId": 2152345,
            "type": "Supercash",
            "actionIdentifier": 0,
            "offerIconUrl": "https://s3-ap-southeast-1.amazonaws.com/assets.paytm.com/promotion/Rituraj/PNG+images/Mobile+Prepaid+Recharge+Offer.png",
            "txnId": "1635509662MULTICAMPAIGN"
          },
          "winningText": "You won",
          "redemptionMetaData": {
            "amount": 50,
            "redemptionType": "CASHBACK",
            "redemptionIconUrl": "https://paytm.s3-ap-southeast-1.amazonaws.com/promo_seller_panel_uploads/production/Cashback.png",
            "redemptionDelay": null,
            "unlockKey": "LUCKY_LUCKYDRAW5882_0_0",
            "isLuckyDraw": true,
            "flip": false,
            "redeemedTime": null
          },
          "unlockText": null,
          "expiryText": "Valid till 02 Mar 2022 23:59:59",
          "redemptionText": null,
          "earnedText": null,
          "id": 56815345997,
          "iconUrl": "https://paytm.s3-ap-southeast-1.amazonaws.com/promo_seller_panel_uploads/production/scratchcardicon6.png",
          "winningTitle": "Congratulations!",
          "noneRedemption": false,
          "initializationText": "Scratch Card will be activated shortly",
          "redemptionMaxAmount": 50,
          "redemptionType": "CASHBACK",
          "cardHeadline": "Yay! You've won a ScratchCard of up to",
          "expireAt": 1646245799000,
          "flipText": null,
          "displayType": "scratch_card",
          "earnedForText": "For Recharging your mobile on Feb 01, 2022",
          "statusText": "",
          "assured": false,
          "subRedemptionType": null,
          "unlocksAt": 1643615100000,
          "redemptionCtaText": null,
          "luckyDraw": true,
          "status": "UNSCRATCHED",
          "extraInfo": null
        },
        "backgroundImage": "https://assetscdn1.paytm.com/images/promo-engine/prod/sc_theme6.png",
        "type": "UNSCRATCHED_CARD",
        "message": "Valid till 02 Mar 2022 23:59:59"
      },
      {
        "newOfferData": {
          "short_description": "Recharge your mobile 1 time for ₹1000 within a day",
          "first_transaction_cta": "Do your first recharge",
          "background_image_url": "sda",
          "auto_activate": true,
          "isDeeplink": true,
          "stageObjectMap": {
            "0": {
              "gratifications": [
                {}
              ]
            }
          },
          "collectibles": null,
          "offer_text_override": "Get ₹10 cashback",
          "surprise_text": "<p><span style=\"color: #FFA500;\">★</span><span style=\"color: #000000;\">Recharge your mobile 1st time, Get ₹10 cashback<p>",
          "id": 89569,
          "event": "ACCEPT_OFFER",
          "surprise_text_title": "Offer Details",
          "offer_keyword": "Recharge your mobile",
          "tnc": "https://gateway.paytm.com/papi/v2/promocard/supercash/campaign/tnc/89569",
          "show_game_progress": true,
          "deeplink_url": "paytmmp://mobile_prepaid?url=https://catalog.paytm.com/v1/mobile/mobile-prepaid/17",
          "unlock_text": "Recharge your mobile to unlock",
          "valid_upto": "2022-03-31T14:31:00.000Z",
          "journey_info": {
            "ctaText": null,
            "ctaDeeplink": null
          },
          "progress_screen_cta": "Recharge Now",
          "campaign": "TEST_PPBL_NEFT001",
          "offer_image_url": "https://s3-ap-southeast-1.amazonaws.com/assets.paytm.com/promotion/Rituraj/PNG+images/Mobile+Prepaid+Recharge+Offer.png",
          "new_offers_image_url": "https://s3-ap-southeast-1.amazonaws.com/assets.paytm.com/promotion/Rituraj/PNG+images/Mobile+Prepaid+Recharge+Offer.png",
          "important_terms": "<p><span style=\"color: #FFA500;\">★</span><span style=\"color: #000000;\">This offer is applicable only when you Recharge your mobile for ₹1000<p><span style=\"color: #FFA500;\">★</span><span style=\"color: #000000;\">Offer can be availed 1000 times during the campaign validity<p>",
          "background_overlay": false,
          "offer_type_id": 1,
          "total_txn_count": 1,
          "campaign_detail_deeplink": "paytmmp://cash_wallet?featuretype=vip&screen=topoffer&campaignid=89569"
        },
        "backgroundImage": "https://assetscdn1.paytm.com/images/promo-engine/prod/sc_theme2.png",
        "type": "NEW_OFFER",
        "message": "Recharge your mobile to unlock"
      },
      {
        "newOfferData": {
          "short_description": "Recharge your mobile 1 time for ₹6 within a day",
          "first_transaction_cta": "Do your first recharge",
          "background_image_url": "sda",
          "auto_activate": true,
          "isDeeplink": true,
          "stageObjectMap": {
            "0": {
              "gratifications": [
                {
                  "randomBucketMap": {
                    "B2_0_0": {
                      "frontendRedemptionTypeIconUrl": "https://paytm.s3-ap-southeast-1.amazonaws.com/promo_seller_panel_uploads/production/Cashback.png",
                      "amount": 10,
                      "frontendRedemptionType": "cashback"
                    },
                    "B1_0_0": {
                      "frontendRedemptionTypeIconUrl": "https://paytm.s3-ap-southeast-1.amazonaws.com/promo_seller_panel_uploads/production/Cashback.png",
                      "amount": 20,
                      "frontendRedemptionType": "cashback"
                    }
                  }
                }
              ]
            }
          },
          "collectibles": null,
          "offer_text_override": "Get upto ₹20 cashback",
          "surprise_text": "<p><span style=\"color: #FFA500;\">★</span><span style=\"color: #000000;\">Recharge your mobile 1st time, Get cashback worth ₹10 to ₹20<p>",
          "id": 90321,
          "event": "ACCEPT_OFFER",
          "surprise_text_title": "Offer Details",
          "offer_keyword": "Recharge your mobile",
          "tnc": "https://gateway.paytm.com/papi/v2/promocard/supercash/campaign/tnc/90321",
          "show_game_progress": true,
          "deeplink_url": "paytmmp://mobile_prepaid?url=https://catalog.paytm.com/v1/mobile/mobile-prepaid/17",
          "unlock_text": "Recharge your mobile to unlock",
          "valid_upto": "2022-02-28T05:49:00.000Z",
          "journey_info": {
            "ctaText": null,
            "ctaDeeplink": null
          },
          "progress_screen_cta": "Recharge Now",
          "campaign": "TEST_PPBL_REDEMPTION002",
          "offer_image_url": "https://s3-ap-southeast-1.amazonaws.com/assets.paytm.com/promotion/Rituraj/PNG+images/Mobile+Prepaid+Recharge+Offer.png",
          "new_offers_image_url": "https://s3-ap-southeast-1.amazonaws.com/assets.paytm.com/promotion/Rituraj/PNG+images/Mobile+Prepaid+Recharge+Offer.png",
          "important_terms": "<p><span style=\"color: #FFA500;\">★</span><span style=\"color: #000000;\">This offer is applicable only when you Recharge your mobile for ₹6<p><span style=\"color: #FFA500;\">★</span><span style=\"color: #000000;\">Offer can be availed 1000 times during the campaign validity<p>",
          "background_overlay": false,
          "offer_type_id": 1,
          "total_txn_count": 1,
          "campaign_detail_deeplink": "paytmmp://cash_wallet?featuretype=vip&screen=topoffer&campaignid=90321"
        },
        "backgroundImage": "https://assetscdn1.paytm.com/images/promo-engine/prod/sc_theme4.png",
        "type": "NEW_OFFER",
        "message": "Recharge your mobile to unlock"
      },
      {
        "newOfferData": {
          "short_description": "Recharge your mobile 1 time for more than ₹10 within a day",
          "first_transaction_cta": "Do your first recharge",
          "background_image_url": "sda",
          "auto_activate": true,
          "isDeeplink": true,
          "stageObjectMap": {
            "0": {
              "gratifications": [
                {}
              ]
            }
          },
          "collectibles": null,
          "offer_text_override": "Get ₹10 cashback",
          "surprise_text": "<p><span style=\"color: #FFA500;\">★</span><span style=\"color: #000000;\">Recharge your mobile 1st time, Get ₹10 cashback<p>",
          "id": 92447,
          "event": "ACCEPT_OFFER",
          "surprise_text_title": "Offer Details",
          "offer_keyword": "Recharge your mobile",
          "tnc": "https://gateway.paytm.com/papi/v2/promocard/supercash/campaign/tnc/92447",
          "show_game_progress": true,
          "deeplink_url": "paytmmp://mobile_prepaid?url=https://catalog.paytm.com/v1/mobile/mobile-prepaid/17",
          "unlock_text": "Recharge your mobile to unlock",
          "valid_upto": "2022-02-28T05:17:00.000Z",
          "journey_info": {
            "ctaText": null,
            "ctaDeeplink": null
          },
          "progress_screen_cta": "Recharge Now",
          "campaign": "TEST_PPBLSC_REDEMPTION001",
          "offer_image_url": "https://s3-ap-southeast-1.amazonaws.com/assets.paytm.com/promotion/Rituraj/PNG+images/Mobile+Prepaid+Recharge+Offer.png",
          "new_offers_image_url": "https://s3-ap-southeast-1.amazonaws.com/assets.paytm.com/promotion/Rituraj/PNG+images/Mobile+Prepaid+Recharge+Offer.png",
          "important_terms": "<p><span style=\"color: #FFA500;\">★</span><span style=\"color: #000000;\">This offer is applicable only when you Recharge your mobile for more than ₹10<p><span style=\"color: #FFA500;\">★</span><span style=\"color: #000000;\">Offer can be availed 1000 times during the campaign validity<p>",
          "background_overlay": false,
          "offer_type_id": 1,
          "total_txn_count": 1,
          "campaign_detail_deeplink": "paytmmp://cash_wallet?featuretype=vip&screen=topoffer&campaignid=92447"
        },
        "backgroundImage": "https://assetscdn1.paytm.com/images/promo-engine/prod/sc_theme6.png",
        "type": "NEW_OFFER",
        "message": "Recharge your mobile to unlock"
      },
      {
        "newOfferData": {
          "short_description": "Recharge your mobile 1 time for more than ₹10 within a day",
          "first_transaction_cta": "Do your first recharge",
          "background_image_url": "sda",
          "auto_activate": true,
          "isDeeplink": true,
          "stageObjectMap": {
            "0": {
              "gratifications": [
                {
                  "randomBucketMap": {
                    "B2_0_0": {
                      "frontendRedemptionTypeIconUrl": "https://paytm.s3-ap-southeast-1.amazonaws.com/promo_seller_panel_uploads/production/Cashback.png",
                      "amount": 30,
                      "frontendRedemptionType": "cashback"
                    },
                    "B1_0_0": {
                      "frontendRedemptionTypeIconUrl": "https://paytm.s3-ap-southeast-1.amazonaws.com/promo_seller_panel_uploads/production/Cashback.png",
                      "amount": 20,
                      "frontendRedemptionType": "cashback"
                    }
                  }
                }
              ]
            }
          },
          "collectibles": null,
          "offer_text_override": "Get upto ₹30 cashback",
          "surprise_text": "<p><span style=\"color: #FFA500;\">★</span><span style=\"color: #000000;\">Recharge your mobile 1st time, Get cashback worth ₹20 to ₹30<p>",
          "id": 92448,
          "event": "ACCEPT_OFFER",
          "surprise_text_title": "Offer Details",
          "offer_keyword": "Recharge your mobile",
          "tnc": "https://gateway.paytm.com/papi/v2/promocard/supercash/campaign/tnc/92448",
          "show_game_progress": true,
          "deeplink_url": "paytmmp://mobile_prepaid?url=https://catalog.paytm.com/v1/mobile/mobile-prepaid/17",
          "unlock_text": "Recharge your mobile to unlock",
          "valid_upto": "2022-03-31T05:20:00.000Z",
          "journey_info": {
            "ctaText": null,
            "ctaDeeplink": null
          },
          "progress_screen_cta": "Recharge Now",
          "campaign": "TEST_PPBLSC_REDEMPTION002",
          "offer_image_url": "https://s3-ap-southeast-1.amazonaws.com/assets.paytm.com/promotion/Rituraj/PNG+images/Mobile+Prepaid+Recharge+Offer.png",
          "new_offers_image_url": "https://s3-ap-southeast-1.amazonaws.com/assets.paytm.com/promotion/Rituraj/PNG+images/Mobile+Prepaid+Recharge+Offer.png",
          "important_terms": "<p><span style=\"color: #FFA500;\">★</span><span style=\"color: #000000;\">This offer is applicable only when you Recharge your mobile for more than ₹10<p><span style=\"color: #FFA500;\">★</span><span style=\"color: #000000;\">Offer can be availed 1000 times during the campaign validity<p>",
          "background_overlay": false,
          "offer_type_id": 1,
          "total_txn_count": 1,
          "campaign_detail_deeplink": "paytmmp://cash_wallet?featuretype=vip&screen=topoffer&campaignid=92448"
        },
        "backgroundImage": "https://assetscdn1.paytm.com/images/promo-engine/prod/sc_theme1.png",
        "type": "NEW_OFFER",
        "message": "Recharge your mobile to unlock"
      },
      {
        "newOfferData": {
          "short_description": "Recharge your mobile 1 time for more than ₹10 within a day",
          "first_transaction_cta": "Do your first recharge",
          "background_image_url": "sda",
          "auto_activate": true,
          "isDeeplink": true,
          "stageObjectMap": {
            "0": {
              "gratifications": [
                {}
              ]
            }
          },
          "collectibles": null,
          "offer_text_override": "Get upto ₹10 cashback",
          "surprise_text": "<p><span style=\"color: #FFA500;\">★</span><span style=\"color: #000000;\">Recharge your mobile 1st time, Get upto ₹10 cashback<p>",
          "id": 92449,
          "event": "ACCEPT_OFFER",
          "surprise_text_title": "Offer Details",
          "offer_keyword": "Recharge your mobile",
          "tnc": "https://gateway.paytm.com/papi/v2/promocard/supercash/campaign/tnc/92449",
          "show_game_progress": true,
          "deeplink_url": "paytmmp://mobile_prepaid?url=https://catalog.paytm.com/v1/mobile/mobile-prepaid/17",
          "unlock_text": "Recharge your mobile to unlock",
          "valid_upto": "2022-02-28T05:22:00.000Z",
          "journey_info": {
            "ctaText": null,
            "ctaDeeplink": null
          },
          "progress_screen_cta": "Recharge Now",
          "campaign": "TEST_PPBLSC_REDEMPTION003",
          "offer_image_url": "https://s3-ap-southeast-1.amazonaws.com/assets.paytm.com/promotion/Rituraj/PNG+images/Mobile+Prepaid+Recharge+Offer.png",
          "new_offers_image_url": "https://s3-ap-southeast-1.amazonaws.com/assets.paytm.com/promotion/Rituraj/PNG+images/Mobile+Prepaid+Recharge+Offer.png",
          "important_terms": "<p><span style=\"color: #FFA500;\">★</span><span style=\"color: #000000;\">This offer is applicable only when you Recharge your mobile for more than ₹10<p><span style=\"color: #FFA500;\">★</span><span style=\"color: #000000;\">Offer can be availed 1000 times during the campaign validity<p>",
          "background_overlay": false,
          "offer_type_id": 1,
          "total_txn_count": 1,
          "campaign_detail_deeplink": "paytmmp://cash_wallet?featuretype=vip&screen=topoffer&campaignid=92449"
        },
        "backgroundImage": "https://assetscdn1.paytm.com/images/promo-engine/prod/sc_theme2.png",
        "type": "NEW_OFFER",
        "message": "Recharge your mobile to unlock"
      },
      {
        "newOfferData": {
          "short_description": "Recharge your mobile 5 times for ₹1 or more within a day",
          "first_transaction_cta": "Do your first recharge",
          "background_image_url": "BG URL",
          "auto_activate": true,
          "isDeeplink": true,
          "stageObjectMap": {
            "0": {
              "gratifications": [
                {}
              ]
            },
            "1": {
              "gratifications": [
                {}
              ]
            },
            "2": {
              "gratifications": [
                {}
              ]
            },
            "3": {
              "gratifications": [
                {}
              ]
            },
            "4": {
              "gratifications": [
                {}
              ]
            }
          },
          "collectibles": null,
          "offer_text_override": "Get upto ₹500 cashback",
          "surprise_text": "<p><span style=\"color: #FFA500;\">★</span><span style=\"color: #000000;\">Recharge your mobile 1st time, Get upto ₹100 cashback<p><span style=\"color: #FFA500;\">★</span><span style=\"color: #000000;\">Recharge your mobile 2nd time, Get upto ₹100 cashback<p><span style=\"color: #FFA500;\">★</span><span style=\"color: #000000;\">Recharge your mobile 3rd time, Get upto ₹100 goldback<p><span style=\"color: #FFA500;\">★</span><span style=\"color: #000000;\">Recharge your mobile 4th time, Get upto ₹100 cashback<p><span style=\"color: #FFA500;\">★</span><span style=\"color: #000000;\">Recharge your mobile 5th time, Get upto ₹100 Paytm First Points<p>",
          "id": 70780,
          "event": "ACCEPT_OFFER",
          "surprise_text_title": "Offer Details",
          "offer_keyword": "Recharge your mobile",
          "tnc": "https://gateway.paytm.com/papi/v2/promocard/supercash/campaign/tnc/70780",
          "show_game_progress": true,
          "deeplink_url": "paytmmp://mobile_prepaid?url=https://catalog.paytm.com/v1/mobile/mobile-prepaid/17",
          "unlock_text": "Recharge your mobile to unlock",
          "valid_upto": "2022-03-31T15:54:00.000Z",
          "journey_info": {
            "ctaText": null,
            "ctaDeeplink": null
          },
          "progress_screen_cta": "Recharge Now",
          "campaign": "SC_AGGRIGATN_CB_POINT_ASU_ABS",
          "offer_image_url": "https://s3-ap-southeast-1.amazonaws.com/assets.paytm.com/promotion/Rituraj/PNG+images/Mobile+Prepaid+Recharge+Offer.png",
          "new_offers_image_url": "https://s3-ap-southeast-1.amazonaws.com/assets.paytm.com/promotion/Rituraj/PNG+images/Mobile+Prepaid+Recharge+Offer.png",
          "important_terms": "<p><span style=\"color: #FFA500;\">★</span><span style=\"color: #000000;\">This offer is applicable only when you Recharge your mobile for ₹1 or more<p><span style=\"color: #FFA500;\">★</span><span style=\"color: #000000;\">Offer can be availed 100 times during the campaign validity<p>",
          "background_overlay": false,
          "offer_type_id": 1,
          "total_txn_count": 5,
          "campaign_detail_deeplink": "paytmmp://cash_wallet?featuretype=vip&screen=topoffer&campaignid=70780"
        },
        "backgroundImage": "https://assetscdn1.paytm.com/images/promo-engine/prod/sc_theme5.png",
        "type": "NEW_OFFER",
        "message": "Recharge your mobile to unlock"
      },
      {
        "newOfferData": {
          "short_description": "Recharge your mobile 1 time for ₹1 or more within 10 minutes",
          "first_transaction_cta": "Do your first recharge",
          "background_image_url": "BG URL",
          "auto_activate": true,
          "isDeeplink": true,
          "stageObjectMap": {
            "0": {
              "gratifications": [
                {
                  "randomBucketMap": {
                    "B5_0_0": {
                      "frontendRedemptionTypeIconUrl": "https://paytm.s3-ap-southeast-1.amazonaws.com/promo_seller_panel_uploads/production/Offus_online_Offer.png",
                      "amount": 0,
                      "frontendRedemptionType": "new offer"
                    },
                    "B3_0_0": {
                      "frontendRedemptionTypeIconUrl": "https://paytm.s3-ap-southeast-1.amazonaws.com/promo_seller_panel_uploads/production/Cashback.png",
                      "amount": 12,
                      "frontendRedemptionType": "cashback"
                    },
                    "B4_0_0": {
                      "frontendRedemptionTypeIconUrl": "https://assetscdn1.paytm.com/images/catalog/view_item/854901/1626162244532.png",
                      "amount": 14,
                      "frontendRedemptionType": "Cashback Points"
                    },
                    "B2_0_0": {
                      "frontendRedemptionTypeIconUrl": "sadas",
                      "amount": 100,
                      "frontendRedemptionType": "RECHARGES voucher"
                    },
                    "B1_0_0": {
                      "frontendRedemptionTypeIconUrl": "https://paytm.s3-ap-southeast-1.amazonaws.com/promo_seller_panel_uploads/production/Cashback.png",
                      "amount": 10,
                      "frontendRedemptionType": "cashback"
                    }
                  }
                }
              ]
            }
          },
          "collectibles": null,
          "offer_text_override": "Get upto ₹100 cashback",
          "surprise_text": "<p><span style=\"color: #FFA500;\">★</span><span style=\"color: #000000;\">Recharge your mobile 1st time, Get anything upto ₹100<p>",
          "id": 99759,
          "event": "ACCEPT_OFFER",
          "surprise_text_title": "Offer Details",
          "offer_keyword": "Recharge your mobile",
          "tnc": "https://gateway.paytm.com/papi/v2/promocard/supercash/campaign/tnc/99759",
          "show_game_progress": true,
          "deeplink_url": "paytmmp://mobile_prepaid?url=https://catalog.paytm.com/v1/mobile/mobile-prepaid/17",
          "unlock_text": "Recharge your mobile to unlock",
          "valid_upto": "2022-03-31T09:55:00.000Z",
          "journey_info": {
            "ctaText": null,
            "ctaDeeplink": null
          },
          "progress_screen_cta": "Recharge Now",
          "campaign": "WALLET_PT_WRITE_IN_SHARD",
          "offer_image_url": "https://s3-ap-southeast-1.amazonaws.com/assets.paytm.com/promotion/Rituraj/PNG+images/Mobile+Prepaid+Recharge+Offer.png",
          "new_offers_image_url": "https://s3-ap-southeast-1.amazonaws.com/assets.paytm.com/promotion/Rituraj/PNG+images/Mobile+Prepaid+Recharge+Offer.png",
          "important_terms": "<p><span style=\"color: #FFA500;\">★</span><span style=\"color: #000000;\">This offer is applicable only when you Recharge your mobile for ₹1 or more<p><span style=\"color: #FFA500;\">★</span><span style=\"color: #000000;\">Offer can be availed 1 time during the campaign validity<p>",
          "background_overlay": false,
          "offer_type_id": 1,
          "total_txn_count": 1,
          "campaign_detail_deeplink": "paytmmp://cash_wallet?featuretype=vip&screen=topoffer&campaignid=99759"
        },
        "backgroundImage": "https://assetscdn1.paytm.com/images/promo-engine/prod/sc_theme4.png",
        "type": "NEW_OFFER",
        "message": "Recharge your mobile to unlock"
      },
      {
        "newOfferData": {
          "short_description": "Recharge your mobile 1 time for ₹1 or more within 10 minutes",
          "first_transaction_cta": "Do your first recharge",
          "background_image_url": "BG URL",
          "auto_activate": true,
          "isDeeplink": true,
          "stageObjectMap": {
            "0": {
              "gratifications": [
                {},
                {},
                {}
              ]
            }
          },
          "collectibles": null,
          "offer_text_override": "Get ₹31 cashback",
          "surprise_text": "<p><span style=\"color: #FFA500;\">★</span><span style=\"color: #000000;\">Recharge your mobile 1st time, Get ₹1 cashback<p>",
          "id": 101787,
          "event": "ACCEPT_OFFER",
          "surprise_text_title": "Offer Details",
          "offer_keyword": "Recharge your mobile",
          "tnc": "https://gateway.paytm.com/papi/v2/promocard/supercash/campaign/tnc/101787",
          "show_game_progress": true,
          "deeplink_url": "paytmmp://mobile_prepaid?url=https://catalog.paytm.com/v1/mobile/mobile-prepaid/17",
          "unlock_text": "Recharge your mobile to unlock",
          "valid_upto": "2022-02-28T06:21:00.000Z",
          "journey_info": {
            "ctaText": null,
            "ctaDeeplink": null
          },
          "progress_screen_cta": "Recharge Now",
          "campaign": "WALLET_PT_WRITE_IN_SHARD_MUL",
          "offer_image_url": "https://s3-ap-southeast-1.amazonaws.com/assets.paytm.com/promotion/Rituraj/PNG+images/Mobile+Prepaid+Recharge+Offer.png",
          "new_offers_image_url": "https://s3-ap-southeast-1.amazonaws.com/assets.paytm.com/promotion/Rituraj/PNG+images/Mobile+Prepaid+Recharge+Offer.png",
          "important_terms": "<p><span style=\"color: #FFA500;\">★</span><span style=\"color: #000000;\">This offer is applicable only when you Recharge your mobile for ₹1 or more<p><span style=\"color: #FFA500;\">★</span><span style=\"color: #000000;\">Offer can be availed 1000 times during the campaign validity<p>",
          "background_overlay": false,
          "offer_type_id": 1,
          "total_txn_count": 1,
          "campaign_detail_deeplink": "paytmmp://cash_wallet?featuretype=vip&screen=topoffer&campaignid=101787"
        },
        "backgroundImage": "https://assetscdn1.paytm.com/images/promo-engine/prod/sc_theme4.png",
        "type": "NEW_OFFER",
        "message": "Recharge your mobile to unlock"
      },
      {
        "newOfferData": {
          "short_description": "Recharge your mobile 1 time for ₹1 or more within 10 minutes",
          "first_transaction_cta": "Do your first recharge",
          "background_image_url": "BG URL",
          "auto_activate": true,
          "isDeeplink": true,
          "stageObjectMap": {
            "0": {
              "gratifications": [
                {
                  "randomBucketMap": {
                    "B5_0_0": {
                      "frontendRedemptionTypeIconUrl": "https://paytm.s3-ap-southeast-1.amazonaws.com/promo_seller_panel_uploads/production/Offus_online_Offer.png",
                      "amount": 0,
                      "frontendRedemptionType": "new offer"
                    },
                    "B3_0_0": {
                      "frontendRedemptionTypeIconUrl": "https://paytm.s3-ap-southeast-1.amazonaws.com/promo_seller_panel_uploads/production/Cashback.png",
                      "amount": 12,
                      "frontendRedemptionType": "cashback"
                    },
                    "B4_0_0": {
                      "frontendRedemptionTypeIconUrl": "https://assetscdn1.paytm.com/images/catalog/view_item/854901/1626162244532.png",
                      "amount": 14,
                      "frontendRedemptionType": "Cashback Points"
                    },
                    "B2_0_0": {
                      "frontendRedemptionTypeIconUrl": "sadas",
                      "amount": 100,
                      "frontendRedemptionType": "RECHARGES voucher"
                    },
                    "B1_0_0": {
                      "frontendRedemptionTypeIconUrl": "https://paytm.s3-ap-southeast-1.amazonaws.com/promo_seller_panel_uploads/production/Cashback.png",
                      "amount": 10,
                      "frontendRedemptionType": "cashback"
                    }
                  }
                }
              ]
            }
          },
          "collectibles": null,
          "offer_text_override": "Get upto ₹100 cashback",
          "surprise_text": "<p><span style=\"color: #FFA500;\">★</span><span style=\"color: #000000;\">Recharge your mobile 1st time, Get anything upto ₹100<p>",
          "id": 101965,
          "event": "ACCEPT_OFFER",
          "surprise_text_title": "Offer Details",
          "offer_keyword": "Recharge your mobile",
          "tnc": "https://gateway.paytm.com/papi/v2/promocard/supercash/campaign/tnc/101965",
          "show_game_progress": true,
          "deeplink_url": "paytmmp://mobile_prepaid?url=https://catalog.paytm.com/v1/mobile/mobile-prepaid/17",
          "unlock_text": "Recharge your mobile to unlock",
          "valid_upto": "2022-02-28T03:42:00.000Z",
          "journey_info": {
            "ctaText": null,
            "ctaDeeplink": null
          },
          "progress_screen_cta": "Recharge Now",
          "campaign": "WALLET_CONDITION_TESTING",
          "offer_image_url": "https://s3-ap-southeast-1.amazonaws.com/assets.paytm.com/promotion/Rituraj/PNG+images/Mobile+Prepaid+Recharge+Offer.png",
          "new_offers_image_url": "https://s3-ap-southeast-1.amazonaws.com/assets.paytm.com/promotion/Rituraj/PNG+images/Mobile+Prepaid+Recharge+Offer.png",
          "important_terms": "<p><span style=\"color: #FFA500;\">★</span><span style=\"color: #000000;\">This offer is applicable only when you Recharge your mobile for ₹1 or more<p><span style=\"color: #FFA500;\">★</span><span style=\"color: #000000;\">1 transaction per day will be counted in the offer<p>",
          "background_overlay": false,
          "offer_type_id": 1,
          "total_txn_count": 1,
          "campaign_detail_deeplink": "paytmmp://cash_wallet?featuretype=vip&screen=topoffer&campaignid=101965"
        },
        "backgroundImage": "https://assetscdn1.paytm.com/images/promo-engine/prod/sc_theme2.png",
        "type": "NEW_OFFER",
        "message": "Recharge your mobile to unlock"
      }
    ],
    "beforeTime": null,
    "excludedIds": [
      101965
    ],
    "remainingTypes": [
      "NEW_OFFER"
    ]
  },
  "errors": [],
  "status": 1
},
  "getCardListByUser" : {
    "code": 200,
    "data": {
      "scratchCardList": [
        {
          "gratificationGroup": "none",
          "frontendRedemptionType": "Cashback",
          "backgroundImage": "#$*.*",
          "cashbackDestinationIconUrl": "#$*.*",
          "redemptionCtaDeeplink": null,
          "referenceId": "45852c9c-951c-48f9-913c-2a89222d061c",
          "createdAt": 1643777532000,
          "flipCtaText": null,
          "sourceMetaData": {
            "txnInfo": null,
            "offerName": "Recharging your mobile on Feb 02, 2022",
            "stage": 0,
            "offerDescription": "#$*.*",
            "deeplink": "paytmmp://cash_wallet?featuretype=vip&screen=offerdetails&gameid=2153047&stage=0",
            "txnSource": "WALLET",
            "offerId": "2153047",
            "shard_cr": true,
            "type": "Supercash",
            "actionIdentifier": 0,
            "offerIconUrl": "#$*.*",
            "txnId": "1635509662MULTICAMPAIGN"
          },
          "winningText": "You won",
          "redemptionMetaData": {
            "amount": 50,
            "redemptionType": "CASHBACK",
            "redemptionIconUrl": "#$*.*",
            "redemptionDelay": null,
            "unlockKey": "LUCKY_LUCKYDRAW5882_0_0",
            "isLuckyDraw": true,
            "flip": false,
            "redeemedTime": null
          },
          "unlockText": null,
          "expiryText": "#$*.*",
          "redemptionText": null,
          "earnedText": null,
          "id": 56815347335,
          "iconUrl": "#$*.*",
          "winningTitle": "Congratulations!",
          "noneRedemption": false,
          "initializationText": "Scratch Card will be activated shortly",
          "redemptionMaxAmount": 50,
          "redemptionType": "CASHBACK",
          "cardHeadline": "Yay! You've won a ScratchCard of up to",
          "expireAt": 1646332199000,
          "flipText": null,
          "displayType": "scratch_card",
          "earnedForText": "#$*.*",
          "statusText": "",
          "assured": false,
          "subRedemptionType": null,
          "unlocksAt": 1643701500000,
          "redemptionCtaText": null,
          "luckyDraw": true,
          "status": "UNSCRATCHED",
          "extraInfo": null
        }
      ],
      "beforeTime": 1643777532000,
      "excludedIds": [
        56815347335
      ],
      "gratificationSummary": [],
      "isNext": true
    },
    "status": 1
  }
}