{
  "txn_data": {
    "sourceSystemId": "PGP",
    "reqId": "A108E5991811819DC1CCCEF17A20CE01E4F0647AC2AB7D7973343806E881618B1",
    "txnId": "1111122222",
    "transactionType": "Automation2",
    "tag": "supercash",
    "type": "build",
    "isEdcRequest": false,
    "userId": "471024472343",
    "merchantId": "216820000277765905036",
    "order_id": "1083035092",
    "merchantName": "Toll Fastag",
    "paytmMerchantId": "PATGRA58063485516359",
    "merchantTransId": "1083035090",
    "createdTime": "2022-07-01T10:57:12+05:30",
    "totalTxnAmount": 500.00,
    "currency": "INR",
    "status": "SUCCESS",
    "extendInfo": {
      "totalTxnAmount": 10.0,
      "PAYTM_USER_ID": "343242223",
      "merchantName": "Toll Fastag",
      "mode": "JWT",
      "mccCode": "Retail",
      "productCode": "51051000100000000001",
      "fastagUniqueId": "007001_0010032203101654413783_30.0_34161FA820328E40080B1E60_220310165442_A",
      "payerSsoId": "175994319",
      "looperExtendInfo": {
        "callbackUrl": "rmi://10.188.105.171:13385/looperCallback",
        "localCacheKey": "CHECK_PAYMENT_STATUS_a88d00f087c149a3bc611484e686e4fc05171apsouth1computeinternal"
      },
      "merchantTransId": "1083035090",
      "paytmMerchantId": "PATGRA58063485516359",
      "comment": "td:2022-03-10|tt:165442|vn:RJ02CC9171|vc:VC4|vt:F|vd:Car/Jeep/Van|I:34161FA820328E40080B1E60|id:0010032203101654413783|s:Success|tn:Manesar Toll Plaza|tid:007001|ttp:National|ta:30.0|d:null|rd:2022-03-10|rt:165426|tdtl:This is debit adjustment raised against FASTag toll transaction 0010032203101654413783 at Manesar on 10-03-2022 16:54:26 against vehicle RJ02CC9171|pn:Manesar|tp:db_adj|rtt:1654",
      "currentDateTime": "2022-04-14T10:57:12+05:30",
      "userMobile": "9876554368",
      "walletTransactionDetails": {
        "PAYTM_WALLET": "20"
      }
    },
    "PG_onus_payment": true,
    "userEmail": "null",
    "userMobile": "9876554368",
    "payOptions": [
      {
        "payMethod": "PAYTM_DIGITAL_CREDIT",
        "payAmount": {
          "value": "2100",
          "currency": "INR"
        }
      }
    ]
  }
}