{
  "Scratchcard": [
    {
      "id": 2088811,
      "info": {
        "transactions": [
          {
            "txn_id": "PERSONAL_LOAN_ONBOARDING3e3817q190212433we22133339291837",
            "txn_source": "ONBOARDING_ENGINE",
            "stage": 0,
            "status": "SUCCESS",
            "created_at": "2022-01-13T17:17:55.000Z",
            "txn_amount": "0",
            "progress_screen_construct": "1st Payment",
            "stage_object": {
              "surprise_stage": false,
              "stage_txn_count": 1,
              "gratification_objects": [
                {
                  "scratchCardData": {
                    "id": 56815236331,
                    "scratched": false,
                    "randomBucketName": null,
                    "displayType": "SCRATCH_CARD",
                    "unlockText": null,
                    "unlockTime": null,
                    "luckyDraw": false,
                    "maxBonusAmount": null,
                    "bonusAmount": 90,
                    "status": "UNSCRATCHED",
                    "randomBucketMap": null
                  },
                  "bucketName": null,
                  "supercashGameData": null,
                  "redemption_type": "cashback",
                  "frontend_redemption_type": "cashback",
                  "cashback_text": "You will get a scratch card worth ₹90",
                  "redemption_status": "REDEEM_REQUESTED",
                  "redemption_text": "Cashback will be credited within 24 hours to your Paytm Wallet.",
                  "earned_text": "You won a scratch card",
                  "bonus_amount": 0,
                  "deal_data": null,
                  "crosspromo_data": null,
                  "redemption_type_icon": "https://paytm.s3-ap-southeast-1.amazonaws.com/promo_seller_panel_uploads/production/Cashback.png",
                  "collectible_data": null,
                  "redemption_cta_text": null,
                  "redemption_cta_deeplink": null,
                  "winnning_title": "Congratulations!",
                  "progress_text": "You Won"
                }
              ],
              "stage_success_txn_count": 1,
              "stage_progress_construct": "You won a scratch card",
              "stage_status": "COMPLETED"
            }
          }
        ],
        "offer_expiry_reason": "",
        "game_expiry_reason": "Your offer expired as you did not activate the offer.",
        "campaign": {
          "id": 105722,
          "event": "ACCEPT_OFFER",
          "deeplink_url": "paytmmp://cash_wallet?featuretype=money_transfer",
          "offer_text_override": "Get ₹90 cashback",
          "background_image_url": "https://seller-staging.paytm.com/promo/promocode",
          "new_offers_image_url": "https://paytm.s3-ap-southeast-1.amazonaws.com/promo_seller_panel_uploads/production/Money_Transfer_Offer.png",
          "offer_keyword": "Transfer money",
          "progress_screen_cta": "Transfer Now",
          "important_terms": "<p><span style=\"color: #FFA500;\">★</span><span style=\"color: #000000;\">Offer can be availed 999999 times during the campaign validity<p>",
          "surprise_text": "<p><span style=\"color: #FFA500;\">★</span><span style=\"color: #000000;\">Transfer money 1st time, Get ₹90 cashback<p>",
          "tnc": "https://gateway.paytm.com/papi/v2/promocard/supercash/campaign/tnc/105722",
          "campaign": "PRMSUCASH_4366_2",
          "isDeeplink": true,
          "valid_upto": "2022-12-31T11:53:00.000Z",
          "short_description": "Transfer money 1 time for  within 100 days",
          "offer_image_url": "https://paytm.s3-ap-southeast-1.amazonaws.com/promo_seller_panel_uploads/production/Money_Transfer_Offer.png",
          "auto_activate": true,
          "show_game_progress": true,
          "offer_type_id": 8,
          "background_overlay": false,
          "first_transaction_cta": "Make your first money transfer ",
          "surprise_text_title": "Offer Details",
          "unlock_text": null,
          "total_txn_count": null,
          "collectibles": null,
          "campaign_detail_deeplink": null,
          "journey_info": null
        }
      },
      "updated_at": "2022-01-18T06:54:04.000Z",
      "success_txn_count": 1,
      "total_txn_count": 1,
      "status": "COMPLETED",
      "offer_expiry": "2022-04-28T18:29:59.000Z",
      "game_expiry": "2022-04-28T18:29:59.000Z",
      "Claim_CTA": null,
      "opt_out_time": "",
      "server_timestamp": "2022-01-18T06:54:04.511Z",
      "offer_status_info": "Offer completed on 13 Jan 22, 10:47 PM",
      "current_stage": 0,
      "txn_linked": null,
      "unlock_text": "Transfer money to unlock",
      "offer_end_time": "2022-01-13T17:17:55.000Z"
    }
  ],
  "Stage0": [
    {
      "id": 2089058,
      "info": {
        "transactions": [
          {
            "txn_id": "PERSONAL_LOAN_ONBOARDING3e3817q19222012438112123e221133339291837",
            "txn_source": "ONBOARDING_ENGINE",
            "stage": 0,
            "status": "SUCCESS",
            "created_at": "2022-01-13T17:17:55.000Z",
            "txn_amount": "0",
            "progress_screen_construct": "1st Payment",
            "stage_object": {
              "surprise_stage": false,
              "stage_txn_count": 1,
              "gratification_objects": [
                {
                  "scratchCardData": {
                    "id": 56815236550,
                    "scratched": false,
                    "randomBucketName": null,
                    "displayType": "SCRATCH_CARD",
                    "unlockText": null,
                    "unlockTime": null,
                    "luckyDraw": false,
                    "maxBonusAmount": null,
                    "bonusAmount": 90,
                    "status": "UNSCRATCHED",
                    "randomBucketMap": null
                  },
                  "bucketName": null,
                  "supercashGameData": null,
                  "redemption_type": "cashback",
                  "frontend_redemption_type": "cashback",
                  "cashback_text": "You will get a scratch card worth ₹90",
                  "redemption_status": "REDEEM_REQUESTED",
                  "redemption_text": "Cashback will be credited within 24 hours to your Paytm Wallet.",
                  "earned_text": "You won a scratch card",
                  "bonus_amount": 0,
                  "deal_data": null,
                  "crosspromo_data": null,
                  "redemption_type_icon": "https://paytm.s3-ap-southeast-1.amazonaws.com/promo_seller_panel_uploads/production/Cashback.png",
                  "collectible_data": null,
                  "redemption_cta_text": null,
                  "redemption_cta_deeplink": null,
                  "winnning_title": "Congratulations!",
                  "progress_text": "You Won"
                }
              ],
              "stage_success_txn_count": 1,
              "stage_progress_construct": "You won a scratch card",
              "stage_status": "COMPLETED"
            }
          },
          {
            "txn_id": "",
            "txn_source": "",
            "stage": 1,
            "status": "",
            "order_id": "",
            "created_at": "",
            "progress_screen_construct": "2nd Payment",
            "stage_object": {
              "surprise_stage": false,
              "stage_txn_count": 1,
              "gratification_objects": [
                {
                  "scratchCardData": null,
                  "bucketName": null,
                  "supercashGameData": null,
                  "redemption_type": "deal",
                  "frontend_redemption_type": "Paytm discount coupon",
                  "cashback_text": "You will get ₹20 Paytm discount coupon",
                  "redemption_status": null,
                  "redemption_text": "",
                  "earned_text": "",
                  "bonus_amount": 0,
                  "deal_data": null,
                  "crosspromo_data": null,
                  "redemption_type_icon": "https://assetscdn1.paytm.com/images/catalog/product/D/DE/DEATEST-PRODUCTGIFT59610767E5D09A/1639379260319_0.jpeg",
                  "collectible_data": null,
                  "redemption_cta_text": null,
                  "redemption_cta_deeplink": null,
                  "winnning_title": "",
                  "progress_text": "You have made a progress"
                }
              ],
              "stage_success_txn_count": 0,
              "stage_progress_construct": "Transfer money to get ₹20 Paytm discount coupon",
              "stage_status": "INCOMPLETE"
            }
          },
          {
            "txn_id": "",
            "txn_source": "",
            "stage": 2,
            "status": "",
            "order_id": "",
            "created_at": "",
            "progress_screen_construct": "3rd Payment",
            "stage_object": {
              "surprise_stage": false,
              "stage_txn_count": 1,
              "gratification_objects": [
                {
                  "scratchCardData": null,
                  "bucketName": null,
                  "supercashGameData": null,
                  "redemption_type": "crosspromo",
                  "frontend_redemption_type": "5 voucher",
                  "cashback_text": "You will get ₹90 5 voucher",
                  "redemption_status": null,
                  "redemption_text": "",
                  "earned_text": "",
                  "bonus_amount": 0,
                  "deal_data": null,
                  "crosspromo_data": null,
                  "redemption_type_icon": "testq",
                  "collectible_data": null,
                  "redemption_cta_text": null,
                  "redemption_cta_deeplink": null,
                  "winnning_title": "",
                  "progress_text": "You have made a progress"
                }
              ],
              "stage_success_txn_count": 0,
              "stage_progress_construct": "Transfer money to get ₹90 5 voucher",
              "stage_status": "INCOMPLETE"
            }
          },
          {
            "txn_id": "",
            "txn_source": "",
            "stage": 3,
            "status": "",
            "order_id": "",
            "created_at": "",
            "progress_screen_construct": "4th Payment",
            "stage_object": {
              "surprise_stage": true,
              "stage_txn_count": 1,
              "gratification_objects": [
                {
                  "scratchCardData": null,
                  "bucketName": null,
                  "supercashGameData": null,
                  "redemption_type": "random_bonus",
                  "frontend_redemption_type": "surprise bonus",
                  "cashback_text": "You will get rewards worth upto ₹100",
                  "redemption_status": null,
                  "redemption_text": "",
                  "earned_text": "",
                  "bonus_amount": 0,
                  "deal_data": null,
                  "crosspromo_data": null,
                  "redemption_type_icon": "https://paytm.s3-ap-southeast-1.amazonaws.com/promo_seller_panel_uploads/production/Cashback.png",
                  "collectible_data": null,
                  "redemption_cta_text": null,
                  "redemption_cta_deeplink": null,
                  "winnning_title": "",
                  "progress_text": "You have made a progress"
                }
              ],
              "stage_success_txn_count": 0,
              "stage_progress_construct": "Transfer money to get a surprise bonus worth upto ₹100",
              "stage_status": "INCOMPLETE"
            }
          }
        ],
        "offer_expiry_reason": "",
        "game_expiry_reason": "Your offer expired as you did not complete 3 out of 4 transactions.",
        "campaign": {
          "id": 106065,
          "event": "ACCEPT_OFFER",
          "deeplink_url": "paytmmp://cash_wallet?featuretype=money_transfer",
          "offer_text_override": "Get upto ₹300 cashback",
          "background_image_url": "https://seller-staging.paytm.com/promo/promocode",
          "new_offers_image_url": "https://paytm.s3-ap-southeast-1.amazonaws.com/promo_seller_panel_uploads/production/Money_Transfer_Offer.png",
          "offer_keyword": "Transfer money",
          "progress_screen_cta": "Transfer Now",
          "important_terms": "<p><span style=\"color: #FFA500;\">★</span><span style=\"color: #000000;\">Offer can be availed 999999 times during the campaign validity<p>",
          "surprise_text": "<p><span style=\"color: #FFA500;\">★</span><span style=\"color: #000000;\">Transfer money 1st time, Get ₹90 cashback<p><span style=\"color: #FFA500;\">★</span><span style=\"color: #000000;\">Transfer money 2nd time, Get upto ₹20 Paytm discount coupon<p><span style=\"color: #FFA500;\">★</span><span style=\"color: #000000;\">Transfer money 3rd time, Get ₹90 5 voucher<p><span style=\"color: #FFA500;\">★</span><span style=\"color: #000000;\">Transfer money 4th time, Get anything worth ₹20 to ₹100<p>",
          "tnc": "https://gateway.paytm.com/papi/v2/promocard/supercash/campaign/tnc/106065",
          "campaign": "PRMSUCASH_4366_3",
          "isDeeplink": true,
          "valid_upto": "2022-11-30T06:22:00.000Z",
          "short_description": "Transfer money 4 times for  within 100 days",
          "offer_image_url": "https://paytm.s3-ap-southeast-1.amazonaws.com/promo_seller_panel_uploads/production/Money_Transfer_Offer.png",
          "auto_activate": true,
          "show_game_progress": true,
          "offer_type_id": 8,
          "background_overlay": false,
          "first_transaction_cta": "Make your first money transfer ",
          "surprise_text_title": "Offer Details",
          "unlock_text": null,
          "total_txn_count": null,
          "collectibles": null,
          "campaign_detail_deeplink": null,
          "journey_info": null
        }
      },
      "updated_at": "2022-01-18T12:29:07.000Z",
      "success_txn_count": 1,
      "total_txn_count": 4,
      "status": "INPROGRESS",
      "offer_expiry": "2022-04-28T18:29:59.000Z",
      "game_expiry": "2022-04-28T18:29:59.000Z",
      "Claim_CTA": null,
      "opt_out_time": "",
      "server_timestamp": "2022-01-18T12:29:07.966Z",
      "offer_status_info": "",
      "current_stage": 1,
      "txn_linked": null,
      "unlock_text": "Transfer money to unlock",
      "offer_end_time": ""
    }
  ],
  "Stage1": [
    {
      "id": 2089058,
      "info": {
        "transactions": [
          {
            "txn_id": "PERSONAL_LOAN_ONBOARDING3e3817q19222012438112123e221133339291837",
            "txn_source": "ONBOARDING_ENGINE",
            "stage": 0,
            "status": "SUCCESS",
            "created_at": "2022-01-13T17:17:55.000Z",
            "txn_amount": "0",
            "progress_screen_construct": "1st Payment",
            "stage_object": {
              "surprise_stage": false,
              "stage_txn_count": 1,
              "gratification_objects": [
                {
                  "scratchCardData": {
                    "id": 56815236550,
                    "scratched": false,
                    "randomBucketName": null,
                    "displayType": "SCRATCH_CARD",
                    "unlockText": null,
                    "unlockTime": null,
                    "luckyDraw": false,
                    "maxBonusAmount": null,
                    "bonusAmount": 90,
                    "status": "UNSCRATCHED",
                    "randomBucketMap": null
                  },
                  "bucketName": null,
                  "supercashGameData": null,
                  "redemption_type": "cashback",
                  "frontend_redemption_type": "cashback",
                  "cashback_text": "You will get a scratch card worth ₹90",
                  "redemption_status": "REDEEM_REQUESTED",
                  "redemption_text": "Cashback will be credited within 24 hours to your Paytm Wallet.",
                  "earned_text": "You won a scratch card",
                  "bonus_amount": 0,
                  "deal_data": null,
                  "crosspromo_data": null,
                  "redemption_type_icon": "https://paytm.s3-ap-southeast-1.amazonaws.com/promo_seller_panel_uploads/production/Cashback.png",
                  "collectible_data": null,
                  "redemption_cta_text": null,
                  "redemption_cta_deeplink": null,
                  "winnning_title": "Congratulations!",
                  "progress_text": "You Won"
                }
              ],
              "stage_success_txn_count": 1,
              "stage_progress_construct": "You won a scratch card",
              "stage_status": "COMPLETED"
            }
          },
          {
            "txn_id": "PERSONAL_LOAN_ONBOARDING3e3817q19222012438112123e2211333392918371",
            "txn_source": "ONBOARDING_ENGINE",
            "stage": 1,
            "status": "SUCCESS",
            "created_at": "2022-01-13T17:17:55.000Z",
            "txn_amount": "0",
            "progress_screen_construct": "2nd Payment",
            "stage_object": {
              "surprise_stage": false,
              "stage_txn_count": 1,
              "gratification_objects": [
                {
                  "scratchCardData": null,
                  "bucketName": null,
                  "supercashGameData": null,
                  "redemption_type": "deal",
                  "frontend_redemption_type": "Paytm discount coupon",
                  "cashback_text": "You will get ₹20 Paytm discount coupon",
                  "redemption_status": "REDEEM_REQUESTED",
                  "redemption_text": "You will receive your Paytm discount coupon within 24 hours ",
                  "earned_text": "You won ₹20 Paytm discount coupon",
                  "bonus_amount": 20,
                  "deal_data": {
                    "id": "1200145332",
                    "secret": "",
                    "landingPageUrl": "www.google.com",
                    "deal_text": "REDIS",
                    "deal_usage_text": "TRESD",
                    "deal_icon": "https://assetscdn1.paytm.com/images/catalog/product/D/DE/DEATEST-PRODUCTGIFT59610767E5D09A/1639379260319_0.jpeg",
                    "deal_valid_from": "21-06-2019",
                    "deal_expiry": "31-12-2023",
                    "frontend_redemption_type": "Paytm discount coupon",
                    "deal_brand": "Paytm",
                    "deal_value": "20",
                    "tnc_text": "<br><br>"
                  },
                  "crosspromo_data": null,
                  "redemption_type_icon": "https://assetscdn1.paytm.com/images/catalog/product/D/DE/DEATEST-PRODUCTGIFT59610767E5D09A/1639379260319_0.jpeg",
                  "collectible_data": null,
                  "redemption_cta_text": null,
                  "redemption_cta_deeplink": null,
                  "winnning_title": "Congratulations!",
                  "progress_text": "You Won"
                }
              ],
              "stage_success_txn_count": 1,
              "stage_progress_construct": "You won ₹20 Paytm discount coupon",
              "stage_status": "COMPLETED"
            }
          },
          {
            "txn_id": "",
            "txn_source": "",
            "stage": 2,
            "status": "",
            "order_id": "",
            "created_at": "",
            "progress_screen_construct": "3rd Payment",
            "stage_object": {
              "surprise_stage": false,
              "stage_txn_count": 1,
              "gratification_objects": [
                {
                  "scratchCardData": null,
                  "bucketName": null,
                  "supercashGameData": null,
                  "redemption_type": "crosspromo",
                  "frontend_redemption_type": "5 voucher",
                  "cashback_text": "You will get ₹90 5 voucher",
                  "redemption_status": null,
                  "redemption_text": "",
                  "earned_text": "",
                  "bonus_amount": 0,
                  "deal_data": null,
                  "crosspromo_data": null,
                  "redemption_type_icon": "testq",
                  "collectible_data": null,
                  "redemption_cta_text": null,
                  "redemption_cta_deeplink": null,
                  "winnning_title": "",
                  "progress_text": "You have made a progress"
                }
              ],
              "stage_success_txn_count": 0,
              "stage_progress_construct": "Transfer money to get ₹90 5 voucher",
              "stage_status": "INCOMPLETE"
            }
          },
          {
            "txn_id": "",
            "txn_source": "",
            "stage": 3,
            "status": "",
            "order_id": "",
            "created_at": "",
            "progress_screen_construct": "4th Payment",
            "stage_object": {
              "surprise_stage": true,
              "stage_txn_count": 1,
              "gratification_objects": [
                {
                  "scratchCardData": null,
                  "bucketName": null,
                  "supercashGameData": null,
                  "redemption_type": "random_bonus",
                  "frontend_redemption_type": "surprise bonus",
                  "cashback_text": "You will get rewards worth upto ₹100",
                  "redemption_status": null,
                  "redemption_text": "",
                  "earned_text": "",
                  "bonus_amount": 0,
                  "deal_data": null,
                  "crosspromo_data": null,
                  "redemption_type_icon": "https://paytm.s3-ap-southeast-1.amazonaws.com/promo_seller_panel_uploads/production/Cashback.png",
                  "collectible_data": null,
                  "redemption_cta_text": null,
                  "redemption_cta_deeplink": null,
                  "winnning_title": "",
                  "progress_text": "You have made a progress"
                }
              ],
              "stage_success_txn_count": 0,
              "stage_progress_construct": "Transfer money to get a surprise bonus worth upto ₹100",
              "stage_status": "INCOMPLETE"
            }
          }
        ],
        "offer_expiry_reason": "",
        "game_expiry_reason": "Your offer expired as you did not complete 2 out of 4 transactions.",
        "campaign": {
          "id": 106065,
          "event": "ACCEPT_OFFER",
          "deeplink_url": "paytmmp://cash_wallet?featuretype=money_transfer",
          "offer_text_override": "Get upto ₹300 cashback",
          "background_image_url": "https://seller-staging.paytm.com/promo/promocode",
          "new_offers_image_url": "https://paytm.s3-ap-southeast-1.amazonaws.com/promo_seller_panel_uploads/production/Money_Transfer_Offer.png",
          "offer_keyword": "Transfer money",
          "progress_screen_cta": "Transfer Now",
          "important_terms": "<p><span style=\"color: #FFA500;\">★</span><span style=\"color: #000000;\">Offer can be availed 999999 times during the campaign validity<p>",
          "surprise_text": "<p><span style=\"color: #FFA500;\">★</span><span style=\"color: #000000;\">Transfer money 1st time, Get ₹90 cashback<p><span style=\"color: #FFA500;\">★</span><span style=\"color: #000000;\">Transfer money 2nd time, Get upto ₹20 Paytm discount coupon<p><span style=\"color: #FFA500;\">★</span><span style=\"color: #000000;\">Transfer money 3rd time, Get ₹90 5 voucher<p><span style=\"color: #FFA500;\">★</span><span style=\"color: #000000;\">Transfer money 4th time, Get anything worth ₹20 to ₹100<p>",
          "tnc": "https://gateway.paytm.com/papi/v2/promocard/supercash/campaign/tnc/106065",
          "campaign": "PRMSUCASH_4366_3",
          "isDeeplink": true,
          "valid_upto": "2022-11-30T06:22:00.000Z",
          "short_description": "Transfer money 4 times for  within 100 days",
          "offer_image_url": "https://paytm.s3-ap-southeast-1.amazonaws.com/promo_seller_panel_uploads/production/Money_Transfer_Offer.png",
          "auto_activate": true,
          "show_game_progress": true,
          "offer_type_id": 8,
          "background_overlay": false,
          "first_transaction_cta": "Make your first money transfer ",
          "surprise_text_title": "Offer Details",
          "unlock_text": null,
          "total_txn_count": null,
          "collectibles": null,
          "campaign_detail_deeplink": null,
          "journey_info": null
        }
      },
      "updated_at": "2022-01-18T12:50:36.000Z",
      "success_txn_count": 2,
      "total_txn_count": 4,
      "status": "INPROGRESS",
      "offer_expiry": "2022-04-28T18:29:59.000Z",
      "game_expiry": "2022-04-28T18:29:59.000Z",
      "Claim_CTA": null,
      "opt_out_time": "",
      "server_timestamp": "2022-01-18T12:50:36.833Z",
      "offer_status_info": "",
      "current_stage": 2,
      "txn_linked": null,
      "unlock_text": "Transfer money to unlock",
      "offer_end_time": ""
    }
  ],
  "Stage2": [
    {
      "id": 2089058,
      "info": {
        "transactions": [
          {
            "txn_id": "PERSONAL_LOAN_ONBOARDING3e3817q19222012438112123e221133339291837",
            "txn_source": "ONBOARDING_ENGINE",
            "stage": 0,
            "status": "SUCCESS",
            "created_at": "2022-01-13T17:17:55.000Z",
            "txn_amount": "0",
            "progress_screen_construct": "1st Payment",
            "stage_object": {
              "surprise_stage": false,
              "stage_txn_count": 1,
              "gratification_objects": [
                {
                  "scratchCardData": {
                    "id": 56815236550,
                    "scratched": false,
                    "randomBucketName": null,
                    "displayType": "SCRATCH_CARD",
                    "unlockText": null,
                    "unlockTime": null,
                    "luckyDraw": false,
                    "maxBonusAmount": null,
                    "bonusAmount": 90,
                    "status": "UNSCRATCHED",
                    "randomBucketMap": null
                  },
                  "bucketName": null,
                  "supercashGameData": null,
                  "redemption_type": "cashback",
                  "frontend_redemption_type": "cashback",
                  "cashback_text": "You will get a scratch card worth ₹90",
                  "redemption_status": "REDEEM_REQUESTED",
                  "redemption_text": "Cashback will be credited within 24 hours to your Paytm Wallet.",
                  "earned_text": "You won a scratch card",
                  "bonus_amount": 0,
                  "deal_data": null,
                  "crosspromo_data": null,
                  "redemption_type_icon": "https://paytm.s3-ap-southeast-1.amazonaws.com/promo_seller_panel_uploads/production/Cashback.png",
                  "collectible_data": null,
                  "redemption_cta_text": null,
                  "redemption_cta_deeplink": null,
                  "winnning_title": "Congratulations!",
                  "progress_text": "You Won"
                }
              ],
              "stage_success_txn_count": 1,
              "stage_progress_construct": "You won a scratch card",
              "stage_status": "COMPLETED"
            }
          },
          {
            "txn_id": "PERSONAL_LOAN_ONBOARDING3e3817q19222012438112123e2211333392918371",
            "txn_source": "ONBOARDING_ENGINE",
            "stage": 1,
            "status": "SUCCESS",
            "created_at": "2022-01-13T17:17:55.000Z",
            "txn_amount": "0",
            "progress_screen_construct": "2nd Payment",
            "stage_object": {
              "surprise_stage": false,
              "stage_txn_count": 1,
              "gratification_objects": [
                {
                  "scratchCardData": null,
                  "bucketName": null,
                  "supercashGameData": null,
                  "redemption_type": "deal",
                  "frontend_redemption_type": "Paytm discount coupon",
                  "cashback_text": "You will get ₹20 Paytm discount coupon",
                  "redemption_status": "REDEEM_REQUESTED",
                  "redemption_text": "You will receive your Paytm discount coupon within 24 hours ",
                  "earned_text": "You won ₹20 Paytm discount coupon",
                  "bonus_amount": 20,
                  "deal_data": {
                    "id": "1200145332",
                    "secret": "",
                    "landingPageUrl": "www.google.com",
                    "deal_text": "REDIS",
                    "deal_usage_text": "TRESD",
                    "deal_icon": "https://assetscdn1.paytm.com/images/catalog/product/D/DE/DEATEST-PRODUCTGIFT59610767E5D09A/1639379260319_0.jpeg",
                    "deal_valid_from": "21-06-2019",
                    "deal_expiry": "31-12-2023",
                    "frontend_redemption_type": "Paytm discount coupon",
                    "deal_brand": "Paytm",
                    "deal_value": "20",
                    "tnc_text": "<br><br>"
                  },
                  "crosspromo_data": null,
                  "redemption_type_icon": "https://assetscdn1.paytm.com/images/catalog/product/D/DE/DEATEST-PRODUCTGIFT59610767E5D09A/1639379260319_0.jpeg",
                  "collectible_data": null,
                  "redemption_cta_text": null,
                  "redemption_cta_deeplink": null,
                  "winnning_title": "Congratulations!",
                  "progress_text": "You Won"
                }
              ],
              "stage_success_txn_count": 1,
              "stage_progress_construct": "You won ₹20 Paytm discount coupon",
              "stage_status": "COMPLETED"
            }
          },
          {
            "txn_id": "PERSONAL_LOAN_ONBOARDING3e3817q19222012438112123e22113333929183712",
            "txn_source": "ONBOARDING_ENGINE",
            "stage": 2,
            "status": "SUCCESS",
            "created_at": "2022-01-13T17:17:55.000Z",
            "txn_amount": "0",
            "progress_screen_construct": "3rd Payment",
            "stage_object": {
              "surprise_stage": false,
              "stage_txn_count": 1,
              "gratification_objects": [
                {
                  "scratchCardData": null,
                  "bucketName": null,
                  "supercashGameData": null,
                  "redemption_type": "crosspromo",
                  "frontend_redemption_type": "5 voucher",
                  "cashback_text": "You will get ₹90 5 voucher",
                  "redemption_status": "REDEEM_REQUESTED",
                  "redemption_text": "You will receive your 5 voucher within 24 hours ",
                  "earned_text": "You won ₹90 5 voucher",
                  "bonus_amount": 90,
                  "deal_data": null,
                  "crosspromo_data": {
                    "code": null,
                    "frontend_redemption_type": "5 voucher",
                    "terms_conditions": "test",
                    "site_id": "2",
                    "cross_promo_text": "You have won a 5 voucher worth ₹90",
                    "cross_promo_usage_text": "test",
                    "cross_promocode_icon": "testq",
                    "cta_deeplink": "lkjlkjlk",
                    "cta": "test",
                    "valid_from": "3",
                    "valid_upto": "35"
                  },
                  "redemption_type_icon": "testq",
                  "collectible_data": null,
                  "redemption_cta_text": null,
                  "redemption_cta_deeplink": null,
                  "winnning_title": "Congratulations!",
                  "progress_text": "You Won"
                }
              ],
              "stage_success_txn_count": 1,
              "stage_progress_construct": "You won ₹90 5 voucher",
              "stage_status": "COMPLETED"
            }
          },
          {
            "txn_id": "",
            "txn_source": "",
            "stage": 3,
            "status": "",
            "order_id": "",
            "created_at": "",
            "progress_screen_construct": "4th Payment",
            "stage_object": {
              "surprise_stage": true,
              "stage_txn_count": 1,
              "gratification_objects": [
                {
                  "scratchCardData": null,
                  "bucketName": null,
                  "supercashGameData": null,
                  "redemption_type": "random_bonus",
                  "frontend_redemption_type": "surprise bonus",
                  "cashback_text": "You will get rewards worth upto ₹100",
                  "redemption_status": null,
                  "redemption_text": "",
                  "earned_text": "",
                  "bonus_amount": 0,
                  "deal_data": null,
                  "crosspromo_data": null,
                  "redemption_type_icon": "https://paytm.s3-ap-southeast-1.amazonaws.com/promo_seller_panel_uploads/production/Cashback.png",
                  "collectible_data": null,
                  "redemption_cta_text": null,
                  "redemption_cta_deeplink": null,
                  "winnning_title": "",
                  "progress_text": "You have made a progress"
                }
              ],
              "stage_success_txn_count": 0,
              "stage_progress_construct": "Transfer money to get a surprise bonus worth upto ₹100",
              "stage_status": "INCOMPLETE"
            }
          }
        ],
        "offer_expiry_reason": "",
        "game_expiry_reason": "Your offer expired as you did not complete 1 out of 4 transactions.",
        "campaign": {
          "id": 106065,
          "event": "ACCEPT_OFFER",
          "deeplink_url": "paytmmp://cash_wallet?featuretype=money_transfer",
          "offer_text_override": "Get upto ₹300 cashback",
          "background_image_url": "https://seller-staging.paytm.com/promo/promocode",
          "new_offers_image_url": "https://paytm.s3-ap-southeast-1.amazonaws.com/promo_seller_panel_uploads/production/Money_Transfer_Offer.png",
          "offer_keyword": "Transfer money",
          "progress_screen_cta": "Transfer Now",
          "important_terms": "<p><span style=\"color: #FFA500;\">★</span><span style=\"color: #000000;\">Offer can be availed 999999 times during the campaign validity<p>",
          "surprise_text": "<p><span style=\"color: #FFA500;\">★</span><span style=\"color: #000000;\">Transfer money 1st time, Get ₹90 cashback<p><span style=\"color: #FFA500;\">★</span><span style=\"color: #000000;\">Transfer money 2nd time, Get upto ₹20 Paytm discount coupon<p><span style=\"color: #FFA500;\">★</span><span style=\"color: #000000;\">Transfer money 3rd time, Get ₹90 5 voucher<p><span style=\"color: #FFA500;\">★</span><span style=\"color: #000000;\">Transfer money 4th time, Get anything worth ₹20 to ₹100<p>",
          "tnc": "https://gateway.paytm.com/papi/v2/promocard/supercash/campaign/tnc/106065",
          "campaign": "PRMSUCASH_4366_3",
          "isDeeplink": true,
          "valid_upto": "2022-11-30T06:22:00.000Z",
          "short_description": "Transfer money 4 times for  within 100 days",
          "offer_image_url": "https://paytm.s3-ap-southeast-1.amazonaws.com/promo_seller_panel_uploads/production/Money_Transfer_Offer.png",
          "auto_activate": true,
          "show_game_progress": true,
          "offer_type_id": 8,
          "background_overlay": false,
          "first_transaction_cta": "Make your first money transfer ",
          "surprise_text_title": "Offer Details",
          "unlock_text": null,
          "total_txn_count": null,
          "collectibles": null,
          "campaign_detail_deeplink": null,
          "journey_info": null
        }
      },
      "updated_at": "2022-01-18T12:53:18.000Z",
      "success_txn_count": 3,
      "total_txn_count": 4,
      "status": "INPROGRESS",
      "offer_expiry": "2022-04-28T18:29:59.000Z",
      "game_expiry": "2022-04-28T18:29:59.000Z",
      "Claim_CTA": null,
      "opt_out_time": "",
      "server_timestamp": "2022-01-18T12:53:18.374Z",
      "offer_status_info": "",
      "current_stage": 3,
      "txn_linked": null,
      "unlock_text": "Transfer money to unlock",
      "offer_end_time": ""
    }
  ],
  "Stage3": [
    {
      "id": 2089065,
      "info": {
        "transactions": [
          {
            "txn_id": "PERSONAL_LOAN_ONBOARDING23e3817q139222012438112123e221133339291837123",
            "txn_source": "ONBOARDING_ENGINE",
            "stage": 0,
            "status": "SUCCESS",
            "created_at": "2022-01-13T17:17:55.000Z",
            "txn_amount": "0",
            "progress_screen_construct": "1st Payment",
            "stage_object": {
              "surprise_stage": false,
              "stage_txn_count": 1,
              "gratification_objects": [
                {
                  "scratchCardData": {
                    "id": 56815236636,
                    "scratched": false,
                    "randomBucketName": null,
                    "displayType": "SCRATCH_CARD",
                    "unlockText": null,
                    "unlockTime": null,
                    "luckyDraw": false,
                    "maxBonusAmount": null,
                    "bonusAmount": 90,
                    "status": "UNSCRATCHED",
                    "randomBucketMap": null
                  },
                  "bucketName": null,
                  "supercashGameData": null,
                  "redemption_type": "cashback",
                  "frontend_redemption_type": "cashback",
                  "cashback_text": "You will get a scratch card worth ₹90",
                  "redemption_status": "REDEEM_REQUESTED",
                  "redemption_text": "Cashback will be credited within 24 hours to your Paytm Wallet.",
                  "earned_text": "You won a scratch card",
                  "bonus_amount": 0,
                  "deal_data": null,
                  "crosspromo_data": null,
                  "redemption_type_icon": "https://paytm.s3-ap-southeast-1.amazonaws.com/promo_seller_panel_uploads/production/Cashback.png",
                  "collectible_data": null,
                  "redemption_cta_text": null,
                  "redemption_cta_deeplink": null,
                  "winnning_title": "Congratulations!",
                  "progress_text": "You Won"
                }
              ],
              "stage_success_txn_count": 1,
              "stage_progress_construct": "You won a scratch card",
              "stage_status": "COMPLETED"
            }
          },
          {
            "txn_id": "PERSONAL_LOAN_ONBOARDING23e3817q13922201243812123e221133339291837123",
            "txn_source": "ONBOARDING_ENGINE",
            "stage": 1,
            "status": "SUCCESS",
            "created_at": "2022-01-13T17:17:55.000Z",
            "txn_amount": "0",
            "progress_screen_construct": "2nd Payment",
            "stage_object": {
              "surprise_stage": false,
              "stage_txn_count": 1,
              "gratification_objects": [
                {
                  "scratchCardData": null,
                  "bucketName": null,
                  "supercashGameData": null,
                  "redemption_type": "deal",
                  "frontend_redemption_type": "Paytm discount coupon",
                  "cashback_text": "You will get ₹20 Paytm discount coupon",
                  "redemption_status": "REDEEM_REQUESTED",
                  "redemption_text": "You will receive your Paytm discount coupon within 24 hours ",
                  "earned_text": "You won ₹20 Paytm discount coupon",
                  "bonus_amount": 20,
                  "deal_data": {
                    "id": "1200145332",
                    "secret": "",
                    "landingPageUrl": "www.google.com",
                    "deal_text": "REDIS",
                    "deal_usage_text": "TRESD",
                    "deal_icon": "https://assetscdn1.paytm.com/images/catalog/product/D/DE/DEATEST-PRODUCTGIFT59610767E5D09A/1639379260319_0.jpeg",
                    "deal_valid_from": "21-06-2019",
                    "deal_expiry": "31-12-2023",
                    "frontend_redemption_type": "Paytm discount coupon",
                    "deal_brand": "Paytm",
                    "deal_value": "20",
                    "tnc_text": "<br><br>"
                  },
                  "crosspromo_data": null,
                  "redemption_type_icon": "https://assetscdn1.paytm.com/images/catalog/product/D/DE/DEATEST-PRODUCTGIFT59610767E5D09A/1639379260319_0.jpeg",
                  "collectible_data": null,
                  "redemption_cta_text": null,
                  "redemption_cta_deeplink": null,
                  "winnning_title": "Congratulations!",
                  "progress_text": "You Won"
                }
              ],
              "stage_success_txn_count": 1,
              "stage_progress_construct": "You won ₹20 Paytm discount coupon",
              "stage_status": "COMPLETED"
            }
          },
          {
            "txn_id": "PERSONAL_LOAN_ONBOARDING23e3817q139222012438132123e221133339291837123",
            "txn_source": "ONBOARDING_ENGINE",
            "stage": 2,
            "status": "SUCCESS",
            "created_at": "2022-01-13T17:17:55.000Z",
            "txn_amount": "0",
            "progress_screen_construct": "3rd Payment",
            "stage_object": {
              "surprise_stage": false,
              "stage_txn_count": 1,
              "gratification_objects": [
                {
                  "scratchCardData": null,
                  "bucketName": null,
                  "supercashGameData": null,
                  "redemption_type": "crosspromo",
                  "frontend_redemption_type": "5 voucher",
                  "cashback_text": "You will get ₹90 5 voucher",
                  "redemption_status": "REDEEM_REQUESTED",
                  "redemption_text": "You will receive your 5 voucher within 24 hours ",
                  "earned_text": "You won ₹90 5 voucher",
                  "bonus_amount": 90,
                  "deal_data": null,
                  "crosspromo_data": {
                    "code": null,
                    "frontend_redemption_type": "5 voucher",
                    "terms_conditions": "test",
                    "site_id": "2",
                    "cross_promo_text": "You have won a 5 voucher worth ₹90",
                    "cross_promo_usage_text": "test",
                    "cross_promocode_icon": "testq",
                    "cta_deeplink": "lkjlkjlk",
                    "cta": "test",
                    "valid_from": "3",
                    "valid_upto": "35"
                  },
                  "redemption_type_icon": "testq",
                  "collectible_data": null,
                  "redemption_cta_text": null,
                  "redemption_cta_deeplink": null,
                  "winnning_title": "Congratulations!",
                  "progress_text": "You Won"
                }
              ],
              "stage_success_txn_count": 1,
              "stage_progress_construct": "You won ₹90 5 voucher",
              "stage_status": "COMPLETED"
            }
          },
          {
            "txn_id": "PERSONAL_LOAN_ONBOARDING23e3817q1392220124381312123e221133339291837123",
            "txn_source": "ONBOARDING_ENGINE",
            "stage": 3,
            "status": "SUCCESS",
            "created_at": "2022-01-13T17:17:55.000Z",
            "txn_amount": "0",
            "progress_screen_construct": "4th Payment",
            "stage_object": {
              "surprise_stage": true,
              "stage_txn_count": 1,
              "gratification_objects": [
                {
                  "scratchCardData": null,
                  "bucketName": "B1_3_0",
                  "supercashGameData": null,
                  "redemption_type": "deal",
                  "frontend_redemption_type": "Paytm discount coupon",
                  "cashback_text": "You will get rewards worth upto ₹100",
                  "redemption_status": "REDEEM_REQUESTED",
                  "redemption_text": "You will receive your Paytm discount coupon within 24 hours ",
                  "earned_text": "You won ₹20 Paytm discount coupon",
                  "bonus_amount": 20,
                  "deal_data": {
                    "id": "1200145332",
                    "secret": "",
                    "landingPageUrl": "www.google.com",
                    "deal_text": "REDIS",
                    "deal_usage_text": "TRESD",
                    "deal_icon": "https://assetscdn1.paytm.com/images/catalog/product/D/DE/DEATEST-PRODUCTGIFT59610767E5D09A/1639379260319_0.jpeg",
                    "deal_valid_from": "21-06-2019",
                    "deal_expiry": "31-12-2023",
                    "frontend_redemption_type": "Paytm discount coupon",
                    "deal_brand": "Paytm",
                    "deal_value": "20",
                    "tnc_text": "<br><br>"
                  },
                  "crosspromo_data": null,
                  "redemption_type_icon": "https://assetscdn1.paytm.com/images/catalog/product/D/DE/DEATEST-PRODUCTGIFT59610767E5D09A/1639379260319_0.jpeg",
                  "collectible_data": null,
                  "redemption_cta_text": null,
                  "redemption_cta_deeplink": null,
                  "winnning_title": "Congratulations!",
                  "progress_text": "You Won"
                }
              ],
              "stage_success_txn_count": 1,
              "stage_progress_construct": "You won ₹20 Paytm discount coupon",
              "stage_status": "COMPLETED"
            }
          }
        ],
        "offer_expiry_reason": "",
        "game_expiry_reason": "Your offer expired as you did not complete 0 out of 4 transactions.",
        "campaign": {
          "id": 106065,
          "event": "ACCEPT_OFFER",
          "deeplink_url": "paytmmp://cash_wallet?featuretype=money_transfer",
          "offer_text_override": "Get upto ₹300 cashback",
          "background_image_url": "https://seller-staging.paytm.com/promo/promocode",
          "new_offers_image_url": "https://paytm.s3-ap-southeast-1.amazonaws.com/promo_seller_panel_uploads/production/Money_Transfer_Offer.png",
          "offer_keyword": "Transfer money",
          "progress_screen_cta": "Transfer Now",
          "important_terms": "<p><span style=\"color: #FFA500;\">★</span><span style=\"color: #000000;\">Offer can be availed 999999 times during the campaign validity<p>",
          "surprise_text": "<p><span style=\"color: #FFA500;\">★</span><span style=\"color: #000000;\">Transfer money 1st time, Get ₹90 cashback<p><span style=\"color: #FFA500;\">★</span><span style=\"color: #000000;\">Transfer money 2nd time, Get upto ₹20 Paytm discount coupon<p><span style=\"color: #FFA500;\">★</span><span style=\"color: #000000;\">Transfer money 3rd time, Get ₹90 5 voucher<p><span style=\"color: #FFA500;\">★</span><span style=\"color: #000000;\">Transfer money 4th time, Get anything worth ₹20 to ₹100<p>",
          "tnc": "https://gateway.paytm.com/papi/v2/promocard/supercash/campaign/tnc/106065",
          "campaign": "PRMSUCASH_4366_3",
          "isDeeplink": true,
          "valid_upto": "2022-11-30T06:22:00.000Z",
          "short_description": "Transfer money 4 times for  within 100 days",
          "offer_image_url": "https://paytm.s3-ap-southeast-1.amazonaws.com/promo_seller_panel_uploads/production/Money_Transfer_Offer.png",
          "auto_activate": true,
          "show_game_progress": true,
          "offer_type_id": 8,
          "background_overlay": false,
          "first_transaction_cta": "Make your first money transfer ",
          "surprise_text_title": "Offer Details",
          "unlock_text": null,
          "total_txn_count": null,
          "collectibles": null,
          "campaign_detail_deeplink": null,
          "journey_info": null
        }
      },
      "updated_at": "2022-01-18T13:22:45.000Z",
      "success_txn_count": 4,
      "total_txn_count": 4,
      "status": "COMPLETED",
      "offer_expiry": "2022-04-28T18:29:59.000Z",
      "game_expiry": "2022-04-28T18:29:59.000Z",
      "Claim_CTA": null,
      "opt_out_time": "",
      "server_timestamp": "2022-01-18T13:22:45.281Z",
      "offer_status_info": "Offer completed on 13 Jan 22, 10:47 PM",
      "current_stage": 3,
      "txn_linked": null,
      "unlock_text": "Transfer money to unlock",
      "offer_end_time": "2022-01-13T17:17:55.000Z"
    }
  ]

}
