{
  "InProgressStateResponse": {
    "data": {
      "next": false,
      "has_expired_offers": false,
      "is_next": false,
      "beforeTime": 1639477831000,
      "excludeIds": [
        1317448
      ],
      "supercash_list": [
        {
          "offer_end_time": "",
          "server_timestamp": "2022-01-12T09:02:14.826Z",
          "success_txn_count": 2,
          "game_expiry": "2022-04-15T18:29:59.000Z",
          "opt_out_time": "",
          "offer_status_info": "",
          "unlock_text": "Recharge your mobile to unlock",
          "Claim_CTA": null,
          "offer_expiry": "2022-04-15T18:29:59.000Z",
          "updated_at": "2021-12-14T10:50:27.000Z",
          "id": 1317448,
          "current_stage": 2,
          "total_txn_count": 8,
          "txn_linked": null,
          "info": {
            "game_expiry_reason": "Your offer expired as you did not complete 6 out of 8 transactions.",
            "campaign": {
              "short_description": "Recharge your mobile 8 times for  within 122 days",
              "first_transaction_cta": "Do your first recharge",
              "background_image_url": "https://seller-staging.paytm.com/promo/promocode",
              "auto_activate": true,
              "isDeeplink": true,
              "stageObjectMap": {
                "0": {
                  "gratifications": [
                    {}
                  ]
                },
                "1": {
                  "gratifications": [
                    {}
                  ]
                },
                "2": {
                  "gratifications": [
                    {}
                  ]
                },
                "3": {
                  "gratifications": [
                    {}
                  ]
                },
                "4": {
                  "gratifications": [
                    {}
                  ]
                },
                "5": {
                  "gratifications": [
                    {}
                  ]
                },
                "6": {
                  "gratifications": [
                    {}
                  ]
                }
              },
              "collectibles": null,
              "offer_text_override": "Get upto \u20b97000 cashback",
              "surprise_text": "<p><span style=\"color: #FFA500;\">★<\/span><span style=\"color: #000000;\">Recharge your mobile 1st time, Get upto \u20b91000 cashback<p><span style=\"color: #FFA500;\">★<\/span><span style=\"color: #000000;\">Recharge your mobile 2nd time, Get upto \u20b91000 goldback<p><span style=\"color: #FFA500;\">★<\/span><span style=\"color: #000000;\">Recharge your mobile 3rd time, Get upto \u20b91000 Cashback Points<p><span style=\"color: #FFA500;\">★<\/span><span style=\"color: #000000;\">Recharge your mobile 4th time, Get upto \u20b91000 cashback<p><span style=\"color: #FFA500;\">★<\/span><span style=\"color: #000000;\">Recharge your mobile 6th time, Get upto \u20b91000 cashback<p><span style=\"color: #FFA500;\">★<\/span><span style=\"color: #000000;\">Recharge your mobile 7th time, Get upto \u20b91000 goldback<p><span style=\"color: #FFA500;\">★<\/span><span style=\"color: #000000;\">Recharge your mobile 8th time, Get upto \u20b91000 Cashback Points<p>",
              "id": 98211,
              "event": "ACCEPT_OFFER",
              "surprise_text_title": "Offer Details",
              "offer_keyword": "Recharge your mobile",
              "tnc": "https://gateway.paytm.com/papi/v2/promocard/supercash/campaign/tnc/98211",
              "show_game_progress": true,
              "deeplink_url": "paytmmp://mobile_prepaid?url=https://catalog.paytm.com/v1/mobile/mobile-prepaid/17",
              "unlock_text": "Recharge your mobile to unlock",
              "valid_upto": "2022-01-31T12:14:00.000Z",
              "journey_info": {
                "ctaText": null,
                "ctaDeeplink": null
              },
              "progress_screen_cta": "Recharge Now",
              "campaign": "CANCEL03NOTIFICATION1",
              "offer_image_url": "https://s3-ap-southeast-1.amazonaws.com/assets.paytm.com/promotion/Rituraj/PNG+images/Mobile+Prepaid+Recharge+Offer.png",
              "new_offers_image_url": "https://s3-ap-southeast-1.amazonaws.com/assets.paytm.com/promotion/Rituraj/PNG+images/Mobile+Prepaid+Recharge+Offer.png",
              "important_terms": "<p><span style=\"color: #FFA500;\">★<\/span><span style=\"color: #000000;\">Offer can be availed 10000 times during the campaign validity<p>",
              "background_overlay": false,
              "offer_type_id": 1,
              "total_txn_count": 8,
              "campaign_detail_deeplink": "paytmmp://cash_wallet?featuretype=vip&screen=topoffer&campaignid=98211"
            },
            "transactions": [
              {
                "txn_id": "32ew32311244322e333231kddssw23212SDSDAA0S55SM",
                "progress_screen_construct": "Cancelled",
                "stage": 0,
                "created_at": "2021-12-14T10:17:58.000Z",
                "txn_amount": "100",
                "txn_source": "WALLET",
                "order_id": "SM_FSEA1FFBA4E3D7FO1F52",
                "status": "CANCELLED"
              },
              {
                "txn_id": "32eew32311244322e333231kddssw23212SDSDAA0S55SM",
                "progress_screen_construct": "1st Payment",
                "stage_object": {
                  "stage_txn_count": 1,
                  "stage_progress_construct": "You won a scratch card",
                  "stage_status": "COMPLETED",
                  "gratification_objects": [
                    {
                      "bucketName": null,
                      "earned_text": "You won a scratch card",
                      "bonus_amount": 0,
                      "cashback_text": "You will get a scratch card worth upto \u20b91000",
                      "progress_text": "You Won",
                      "redemption_cta_text": null,
                      "redemption_text": "Cashback will be credited within 24 hours to your Paytm Wallet.",
                      "redemption_status": "REDEEM_REQUESTED",
                      "redemption_cta_deeplink": null,
                      "redemption_type_icon": "https://paytm.s3-ap-southeast-1.amazonaws.com/promo_seller_panel_uploads/production/Cashback.png",
                      "crosspromo_data": null,
                      "frontend_redemption_type": "cashback",
                      "collectible_data": null,
                      "redemption_type": "cashback",
                      "winnning_title": "Congratulations!",
                      "scratchCardData": {
                        "displayType": "SCRATCH_CARD",
                        "scratched": false,
                        "maxBonusAmount": null,
                        "bonusAmount": 9,
                        "unlockText": null,
                        "unlockTime": null,
                        "randomBucketName": null,
                        "id": 56813906884,
                        "luckyDraw": false,
                        "randomBucketMap": null,
                        "status": "UNSCRATCHED"
                      },
                      "supercashGameData": null,
                      "deal_data": null
                    }
                  ],
                  "surprise_stage": false,
                  "stage_success_txn_count": 1
                },
                "stage": 0,
                "created_at": "2021-12-14T10:17:58.000Z",
                "txn_amount": "90",
                "txn_source": "WALLET",
                "order_id": "SM_FSEA1FFBA4E3D7FO1F52",
                "status": "SUCCESS"
              },
              {
                "txn_id": "322eew32311244322e333231kddssw23212SDSDAA0S55SM",
                "progress_screen_construct": "2nd Payment",
                "stage_object": {
                  "stage_txn_count": 1,
                  "stage_progress_construct": "You won a scratch card",
                  "stage_status": "COMPLETED",
                  "gratification_objects": [
                    {
                      "bucketName": null,
                      "earned_text": "You won a scratch card",
                      "bonus_amount": 0,
                      "cashback_text": "You will get a scratch card worth upto \u20b91000",
                      "progress_text": "You Won",
                      "redemption_cta_text": null,
                      "redemption_text": "Goldback will be credited within 24 hours to your Paytm Gold account.",
                      "redemption_status": "REDEEM_REQUESTED",
                      "redemption_cta_deeplink": null,
                      "redemption_type_icon": "https://paytm.s3-ap-southeast-1.amazonaws.com/promo_seller_panel_uploads/production/Goldcoin.png",
                      "crosspromo_data": null,
                      "frontend_redemption_type": "goldback",
                      "collectible_data": null,
                      "redemption_type": "goldback",
                      "winnning_title": "Congratulations!",
                      "scratchCardData": {
                        "displayType": "SCRATCH_CARD",
                        "scratched": false,
                        "maxBonusAmount": null,
                        "bonusAmount": 7,
                        "unlockText": null,
                        "unlockTime": null,
                        "randomBucketName": null,
                        "id": 56813906885,
                        "luckyDraw": false,
                        "randomBucketMap": null,
                        "status": "UNSCRATCHED"
                      },
                      "supercashGameData": null,
                      "deal_data": null
                    }
                  ],
                  "surprise_stage": false,
                  "stage_success_txn_count": 1
                },
                "stage": 1,
                "created_at": "2021-12-14T10:17:58.000Z",
                "txn_amount": "80",
                "txn_source": "WALLET",
                "order_id": "SM_FSEA1FFBA4E3D7FO1F52",
                "status": "SUCCESS"
              },
              {
                "txn_id": "",
                "progress_screen_construct": "3rd Payment",
                "stage_object": {
                  "stage_txn_count": 1,
                  "stage_progress_construct": "Recharge your mobile to get a scratch card worth upto 1000 Cashback Points",
                  "stage_status": "INCOMPLETE",
                  "gratification_objects": [
                    {
                      "bucketName": null,
                      "earned_text": "",
                      "bonus_amount": 0,
                      "cashback_text": "You will get a scratch card",
                      "progress_text": "You have made a progress",
                      "redemption_cta_text": null,
                      "redemption_text": "",
                      "redemption_status": null,
                      "redemption_cta_deeplink": null,
                      "redemption_type_icon": "https://assetscdn1.paytm.com/images/catalog/view_item/854901/1626162244532.png",
                      "crosspromo_data": null,
                      "frontend_redemption_type": "Cashback Points",
                      "collectible_data": null,
                      "redemption_type": "coins",
                      "winnning_title": "",
                      "scratchCardData": null,
                      "supercashGameData": null,
                      "deal_data": null
                    }
                  ],
                  "surprise_stage": false,
                  "stage_success_txn_count": 0
                },
                "stage": 2,
                "created_at": "",
                "txn_source": "",
                "order_id": "",
                "status": ""
              },
              {
                "txn_id": "",
                "progress_screen_construct": "4th Payment",
                "stage_object": {
                  "stage_txn_count": 1,
                  "stage_progress_construct": "Recharge your mobile to get a scratch card worth upto \u20b91000",
                  "stage_status": "INCOMPLETE",
                  "gratification_objects": [
                    {
                      "bucketName": null,
                      "earned_text": "",
                      "bonus_amount": 0,
                      "cashback_text": "You will get a scratch card worth upto \u20b91000",
                      "progress_text": "You have made a progress",
                      "redemption_cta_text": null,
                      "redemption_text": "",
                      "redemption_status": null,
                      "redemption_cta_deeplink": null,
                      "redemption_type_icon": "https://paytm.s3-ap-southeast-1.amazonaws.com/promo_seller_panel_uploads/production/Cashback.png",
                      "crosspromo_data": null,
                      "frontend_redemption_type": "cashback",
                      "collectible_data": null,
                      "redemption_type": "cashback",
                      "winnning_title": "",
                      "scratchCardData": null,
                      "supercashGameData": null,
                      "deal_data": null
                    }
                  ],
                  "surprise_stage": false,
                  "stage_success_txn_count": 0
                },
                "stage": 3,
                "created_at": "",
                "txn_source": "",
                "order_id": "",
                "status": ""
              },
              {
                "txn_id": "",
                "progress_screen_construct": "5th Payment",
                "stage": 4,
                "created_at": "",
                "txn_source": "",
                "order_id": "",
                "status": ""
              },
              {
                "txn_id": "",
                "progress_screen_construct": "6th Payment",
                "stage_object": {
                  "stage_txn_count": 2,
                  "stage_progress_construct": "Recharge your mobile 2 times to get a scratch card worth upto \u20b91000",
                  "stage_status": "INCOMPLETE",
                  "gratification_objects": [
                    {
                      "bucketName": null,
                      "earned_text": "",
                      "bonus_amount": 0,
                      "cashback_text": "You will get a scratch card worth upto \u20b91000",
                      "progress_text": "You have made a progress",
                      "redemption_cta_text": null,
                      "redemption_text": "",
                      "redemption_status": null,
                      "redemption_cta_deeplink": null,
                      "redemption_type_icon": "https://paytm.s3-ap-southeast-1.amazonaws.com/promo_seller_panel_uploads/production/Cashback.png",
                      "crosspromo_data": null,
                      "frontend_redemption_type": "cashback",
                      "collectible_data": null,
                      "redemption_type": "upi",
                      "winnning_title": "",
                      "scratchCardData": null,
                      "supercashGameData": null,
                      "deal_data": null
                    }
                  ],
                  "surprise_stage": false,
                  "stage_success_txn_count": 0
                },
                "stage": 4,
                "created_at": "",
                "txn_source": "",
                "order_id": "",
                "status": ""
              },
              {
                "txn_id": "",
                "progress_screen_construct": "7th Payment",
                "stage_object": {
                  "stage_txn_count": 1,
                  "stage_progress_construct": "Recharge your mobile to get a scratch card worth upto \u20b91000",
                  "stage_status": "INCOMPLETE",
                  "gratification_objects": [
                    {
                      "bucketName": null,
                      "earned_text": "",
                      "bonus_amount": 0,
                      "cashback_text": "You will get a scratch card worth upto \u20b91000",
                      "progress_text": "You have made a progress",
                      "redemption_cta_text": null,
                      "redemption_text": "",
                      "redemption_status": null,
                      "redemption_cta_deeplink": null,
                      "redemption_type_icon": "https://paytm.s3-ap-southeast-1.amazonaws.com/promo_seller_panel_uploads/production/Goldcoin.png",
                      "crosspromo_data": null,
                      "frontend_redemption_type": "goldback",
                      "collectible_data": null,
                      "redemption_type": "goldback",
                      "winnning_title": "",
                      "scratchCardData": null,
                      "supercashGameData": null,
                      "deal_data": null
                    }
                  ],
                  "surprise_stage": false,
                  "stage_success_txn_count": 0
                },
                "stage": 5,
                "created_at": "",
                "txn_source": "",
                "order_id": "",
                "status": ""
              },
              {
                "txn_id": "",
                "progress_screen_construct": "8th Payment",
                "stage_object": {
                  "stage_txn_count": 1,
                  "stage_progress_construct": "Recharge your mobile to get a scratch card worth upto 1000 Cashback Points",
                  "stage_status": "INCOMPLETE",
                  "gratification_objects": [
                    {
                      "bucketName": null,
                      "earned_text": "",
                      "bonus_amount": 0,
                      "cashback_text": "You will get a scratch card",
                      "progress_text": "You have made a progress",
                      "redemption_cta_text": null,
                      "redemption_text": "",
                      "redemption_status": null,
                      "redemption_cta_deeplink": null,
                      "redemption_type_icon": "https://assetscdn1.paytm.com/images/catalog/view_item/854901/1626162244532.png",
                      "crosspromo_data": null,
                      "frontend_redemption_type": "Cashback Points",
                      "collectible_data": null,
                      "redemption_type": "coins",
                      "winnning_title": "",
                      "scratchCardData": null,
                      "supercashGameData": null,
                      "deal_data": null
                    }
                  ],
                  "surprise_stage": false,
                  "stage_success_txn_count": 0
                },
                "stage": 6,
                "created_at": "",
                "txn_source": "",
                "order_id": "",
                "status": ""
              }
            ],
            "offer_expiry_reason": ""
          },
          "status": "INPROGRESS"
        }
      ]
    },
    "errors": [],
    "status": 1
  }
}
