{
  "gratificationEntityTask": {
    "upi": {
      "beneficiary_type":"CUSTOMER",
      "reference_id":"a982844d-080a-4772-813c-563c49725c9c",
      "created_at":"2022-05-27 14:42:03.0",
      "primary_gratification":"{\"type\":\"UPI\",\"txnId\":\"1653670320TRANSACTION\",\"txnSource\":\"WALLET\",\"amount\":90.00,\"salesWalletGuid\":\"477ed482-1207-405b-9d45-50b5ec1bf441\",\"userId\":1653647447,\"mid\":null,\"offerName\":\"Recharging your mobile on May 27, 2022\"}",
      "version":1,
      "client_id":"test",
      "beneficiary_id":"1653647447",
      "updated_at":"2022-05-27 14:42:03.0",
      "schedule_gratification":"{\"scheduleInSecs\":0,\"expiryTimestamp\":1653729234000}",
      "retry_count":0,
      "redemption_type":"UPI",
      "id":2298277,
      "info":{"statusCode":"NO_200","errorMsg":null,"txnId":null,"unknownError":false,"extraInfo":{"codeType":"1","orderId":"234545","client_request_id":"a495bf04e79846a195e991b6fca006c7","validUpto":null,"dealCode":"ULZ90VVG5UU8","validFrom":"2020-03-07 08:22:43","secret":null}},
      "status":"SUCCESS"
    }
  }
}