{
  "gratificationEntity": {
    "goldback": {
      "type": "GOLDBACK",
      "userId": "1107220591",
      "goldWalletGuid": "131ED59A-F5E6-47CC-A3C2-9AA75BDCBC87",
      "amount": 120,
      "metadata": "Mobile Recharge - Upto Rs.3000 cashback ID 177787",
      "txnType": "superCashBackToGoldBack",
      "beneficiary_type": "CUSTOMER",
      "schedule_gratification": "NULL",
      "secondary_gratification": "NULL",
      "status": "PROCESSING",
      "valid": false,
      "validateApi": "http://10.254.23.150:8080/v1/task/redemption/validate",
      "notifyApi": "http://10.254.23.150:8080/v1/task/redemption/notify"
    },
    "gratificationTask": {
      "gratification_level": "Primary",
      "status": "success",
      "schedule_job_id": "NULL",
      "retry_count": "0",
      "statusCode": "200",
      "errorMsg": "null",
      "txnId": "null"
    },
    "gratificationTaskHistory": {
      "statusSuccess": "success",
      "statusProcessing": "processing",
      "statusNew": "new",
      "action_performed_new": "VALIDATE_CALL",
      "action_performed_processing": "SUBMIT_API_CALL",
      "action_performed_success": "NOTIFY_CALL",
      "statusCode": "null",
      "statusCodeProcessingDeal": "200",
      "statusCodeSuccess": "NO_200",
      "errorMsg": "null",
      "txnId": "null",
      "extraInfoNew": "proceed"
    },
    "supercashTask": {
      "fulfillment_status": "3",
      "stageGoldback": "1"
    },
    "promosupercashGoldback": {
      "redemption_status": "3",
      "redemption_type": "Goldback",
      "bonus_amount": "50"
    }
  }
}
