{
  "gratificationEntity": {
    "deal": {
      "type": "DEAL",
      "dealId": "1200145332",
      "beneficiary_type": "CUSTOMER",
      "siteId": "1",
      "xPaytmSignature": "YDpqQXK18a0DHA2X4zTJp9guskU==",
      "retailerUserName": "insurance@paytm.com",
      "retailerPassword": "paytm@123",
      "noPromo": "true",
      "schedule_gratification": "NULL",
      "secondary_gratification": "NULL",
      "status": "PROCESSING",
      "valid": false,
      "validateApi": "http://10.254.23.150:8080/v1/task/redemption/validate",
      "notifyApi": "http://10.254.23.150:8080/v1/task/redemption/notify"
    },
    "crosspromo": {
      "type": "CROSS_PROMO",
      "dealId": "1200145335",
      "beneficiary_type": "CUSTOMER",
      "siteId": "2",
      "prefix": "CJ",
      "campaignId": "27862",
      "campaignName": "Aparna_crosspromo",
      "actionNameData": "action-select",
      "actionNameValue": "giveCashback",
      "fieldName1": "type",
      "fieldValue1": "absolute",
      "fieldName2": "value",
      "fieldValue2": "100",
      "fieldName3": "cap",
      "fieldValue3": "100",
      "conditionName": "user_id",
      "conditionOperator": "equalTo",
      "conditionMeta": "null",
      "conditionError": "This promocode is not applicable for this user",
      "schedule_gratification": "NULL",
      "secondary_gratification": "NULL",
      "status": "SUCCESS",
      "valid": false,
      "validateApi": "http://10.254.23.150:8080/v1/task/redemption/validate",
      "notifyApi": "http://10.254.23.150:8080/v1/task/redemption/notify"
    }
  },
  "gratificationTask": {
    "gratification_level": "Primary",
    "status": "success",
    "schedule_job_id": "NULL",
    "retry_count": "0",
    "statusCode": "200",
    "errorMsg": "null",
    "txnId": "null"
  },
  "gratificationTaskHistory": {
    "statusSuccess": "success",
    "statusProcessing": "processing",
    "statusNew": "new",
    "action_performed_new": "VALIDATE_CALL",
    "action_performed_processing": "SUBMIT_API_CALL",
    "action_performed_success": "NOTIFY_CALL",
    "statusCode": "null",
    "statusCodeProcessingDeal": "200",
    "statusCodeSuccess": "NO_200",
    "errorMsg": "null",
    "txnId": "null",
    "extraInfoNew": "proceed"

  },
  "supercashTask": {
    "fulfillment_status": "3",
     "stageCrosspromo": "1",
    "stageDeal": "0"
  },
  "promosupercashDeal": {
  "redemption_status": "3",
    "redemption_type": "deal",
  "bonus_amount": "0"
},
  "promosupercashCrosspromo": {
    "redemption_status": "3",
    "redemption_type": "crosspromo",
    "bonus_amount": "0"
  }
}