{
  "gratificationEntityTask":
  {
    "CoinSuccess":{
      "id" : 2353571,
      "created_at" : "2022-07-20 15:49:37",
      "beneficiary_id" : "1661809088",
      "beneficiary_type" : "CUSTOMER",
      "reference_id" : "3e1fe095-4c84-4e3b-ad8d-26055774a608",
      "schedule_gratification" : "{\"scheduleInSecs\":0,\"expiryTimestamp\":0}",
      "info" : "{\"unknownError\":false,\"statusCode\":\"NO_200\",\"errorMsg\":null,\"txnId\":null,\"extraInfo\":{}}",
      "status" : "SUCCESS",
      "primary_gratification" : "{\"type\":\"COINS\",\"txnId\":\"1661795340AUTO_INSTANT_COINS_SUCESS\",\"txnSource\":\"PGP\",\"userId\":\"1661836040\",\"points\":1000,\"subWalletGuid\":\"477ed482-1207-405b-9d45-50b5ec1bf441\",\"mid\":\"SuccessUpiMid\",\"extendedInfo\":{\"offerDeepLink\":\"paytmmp://cash_wallet?featuretype=vip&screen=offerdetails&gameid=3080969\",\"offerName\":\"Paying using Paytm on Aug 29, 2022\",\"shortDescription\":\"Pay using Paytm 1 time for more than ?10 within 30 minutes\",\"offerIconImage\":\"https://paytm.s3-ap-southeast-1.amazonaws.com/promo_seller_panel_uploads/production/General_Transations_4x.png\",\"displayName\":\"For Paying using Paytm on Aug 29, 2022\"}}",
      "updated_at" : "2022-07-20 15:49:40",
      "version" : 2,
      "retry_count" : 0,
      "redemption_type" : "COINS",
      "client_id" : "test"
    }
  }
}