{
  "gratificationEntityTask":
  {
    "CurrencySuccess":{
      "id" : 2353571,
      "created_at" : "2022-07-20 15:49:37",
      "beneficiary_id" : "1658328416",
      "beneficiary_type" : "CUSTOMER",
      "reference_id" : "3e1fe095-4c84-4e3b-ad8d-26055774a608",
      "schedule_gratification" : "{\"scheduleInSecs\":0,\"expiryTimestamp\":0}",
      "info" : "{\"statusCode\":\"NO_200\",\"errorMsg\":null,\"txnId\":null,\"unknownError\":false,\"extraInfo\":{}}",
      "status" : "SUCCESS",
      "primary_gratification" : "{\"type\":\"CURRENCY\",\"txnId\":\"1231999o9f1892d2d1dd1111w1121d31gf1111111\",\"txnSource\":\"PGP\",\"userId\":\"990091725\",\"gameId\":\"2866808\",\"subRedemptionType\":\"runs\",\"amount\":\"10.00\",\"transactionType\":null}",
      "updated_at" : "2022-07-20 15:49:40",
      "version" : 2,
      "retry_count" : 0,
      "redemption_type" : "CURRENCY",
      "client_id" : "test"
    }
  }
}