{
  "gratificationEntity": {
    "upi": {
      "type": "UPI",
      "beneficiary_type": "CUSTOMER",
      "txnSource":"WALLET",
      "secondary_gratification": "NULL",
      "scheduleInSecs":119,
      "status": "PROCESSING",
      "valid": false,
      "validateApi": "http://10.254.23.150:8080/v1/task/redemption/validate",
      "notifyApi": "http://10.254.23.150:8080/v1/task/redemption/notify",
      "temporaryFailureApi":"http://promopctask-staging.mkt.paytm/v1/gratification/temporaryFailureNotify"
    },
  "gratificationTask": {
    "gratification_level": "Primary",
    "status": "success",
    "schedule_job_id": "NULL",
    "retry_count": "0",
    "statusCode": "200",
    "errorMsg": "null",
    "txnId": "null"
  }
}
}