{
  "API": {
    "Submit": {
      "id": "186325"
    },
    "SubmitRefereeEvent": {
      "id": "186325",
      "userId": "1334321"
    },
    "Validate": {
      "referenceId": "da6025dc-db9a-4c5e-9781-38386925cbea"
    },
    "Notify": {
      "referenceId": "da6025dc-db9a-4c5e-9781-38386925cbea",
      "entityStatus": "SUCCESS",
      "primaryGratification": {
        "info": {
          "extraInfo": {
            "code": "PY2ZYQFRUTURUU"
          }
        }
      }
    },
    "NotifyDeal": {
      "referenceId": "da6025dc-db9a-4c5e-9781-38386925cbea",
      "entityStatus": "SUCCESS",
      "primaryGratification": {
        "info": {
          "extraInfo": {
            "dealCode": "dealcode123",
            "validFrom": "2019-03-26 18:27:11",
            "validUpto": "2019-04-26 18:27:11",
            "secret":"secretvalue"
          }
        }
      }
    },
    "NotifyOthersFail": {
      "referenceId":"da6025dc-db9a-4c5e-9781-38386925cbea",
      "entityStatus":"FAIL",
      "primaryGratification": {
        "info": {
          "extraInfo" : {
            "statusCode": "STUC_200",
            "fallbackReason": "2"
          }
        }
      }
    },
    "NotifyOthers": {
      "referenceId":"da6025dc-db9a-4c5e-9781-38386925cbea",
      "entityStatus":"SUCCESS",
      "primaryGratification": {
        "info": {
          "extraInfo" : {
            "wTxnId": "123456",
            "sw": "XYZ",
            "walletResponseStatus": "DE-201"
          }
        }
      }
    },
    "NotifyDealJavaFail": {
      "referenceId":"da6025dc-db9a-4c5e-9781-38386925cbea",
      "entityStatus":"FAIL",
      "primaryGratification": {
        "info": {
          "extraInfo" : null
        }
      }
    }
  }
}