{
  "Request_Response": [
    {
      "TestCaseName": "V1 merchant clm  offer activate api valid request",
      "Request": {
      },
      "Response": {
        "status": 1,
        "errors": [],
        "data": {
          "stage": 0,
          "offer_id": "#$*.*",
          "game_expiry_amount": 20,
          "game_status": "INPROGRESS",
          "game_expiry": "#$*.*",
          "game_completion_time": "#$*.*",
          "created_at": "#$*.*",
          "success_txn_count": "0",
          "total_txn_count": 9,
          "txn_count_text": "Payments from 0/9 users received",
          "success_txn_text": "0 Payment done",
          "campaign": {
            "id": 28201,
            "valid_upto": "2019-04-30T05:52:00.000Z",
            "description": "namita_clm1",
            "short_description": "namita_clm1",
            "offer_text_override": "Multistage Campaign",
            "offer_icon_override_url": "namita_clm1",
            "background_image_url": "namita_clm1",
            "new_offers_image_url": "namita_clm1",
            "important_terms": "<p>namita_clm1</p>\n",
            "offer_keyword": "Payment",
            "tnc_url": "https://paytmmall.com/papi/v2/promocard/supercash/campaign/tnc/28201",
            "off_us_transaction_text": "namita_clm1",
            "campaign": "namita_clm1",
            "cashback_process_delay": "5",
            "cashback_process_delay_unit": "1",
            "title": "namita_clm1",
            "isDeeplink": false,
            "auto_activate": true
          },
          "stages": [
            {
              "stage": [
                0
              ],
              "stage_total_txn_count": 1,
              "stage_success_txn_count": "0",
              "stage_status": "INPROGRESS",
              "stage_screen_construct1": "Payment from 1st user",
              "tasks": [
                {
                  "stage_redemption_type": "bank account cashback",
                  "cap_bonus_amount": 5000,
                  "gratification_type_flat": "percentage",
                  "frontend_redemption_type": "bank account cashback",
                  "gratification_processed": false,
                  "bonus_amount_earned": 0,
                  "redemption_type_icon_url": "https://paytm.s3-ap-southeast-1.amazonaws.com/promo_seller_panel_uploads/production/Cashback.png"
                }
              ],
              "stage_gratification_text": "You will get upto ₹5000 bank account cashback"
            },
            {
              "stage": [
                1
              ],
              "stage_total_txn_count": 2,
              "stage_success_txn_count": 0,
              "stage_status": "NOT_STARTED",
              "stage_screen_construct1": "Payments from 2nd - 3rd user",
              "tasks": [
                {
                  "stage_redemption_type": "bank account cashback",
                  "cap_bonus_amount": 4000,
                  "gratification_type_flat": "percentage",
                  "frontend_redemption_type": "bank account cashback",
                  "gratification_processed": false,
                  "bonus_amount_earned": 0,
                  "redemption_type_icon_url": "https://paytm.s3-ap-southeast-1.amazonaws.com/promo_seller_panel_uploads/production/Cashback.png"
                }
              ],
              "stage_gratification_text": "You will get upto ₹4000 bank account cashback"
            },
            {
              "stage": [
                2
              ],
              "stage_total_txn_count": 1,
              "stage_success_txn_count": 0,
              "stage_status": "NOT_STARTED",
              "stage_screen_construct1": "Payment from 4th user",
              "tasks": [
                {
                  "stage_redemption_type": "bank account cashback",
                  "cap_bonus_amount": 400000,
                  "gratification_type_flat": "percentage",
                  "frontend_redemption_type": "bank account cashback",
                  "gratification_processed": false,
                  "bonus_amount_earned": 0,
                  "redemption_type_icon_url": "https://paytm.s3-ap-southeast-1.amazonaws.com/promo_seller_panel_uploads/production/Cashback.png"
                }
              ],
              "stage_gratification_text": "You will get upto ₹400000 bank account cashback"
            },
            {
              "stage": [
                3
              ],
              "stage_total_txn_count": 5,
              "stage_success_txn_count": 0,
              "stage_status": "NOT_STARTED",
              "stage_screen_construct1": "Payments from 5th - 9th user",
              "tasks": [
                {
                  "stage_redemption_type": "bank account cashback",
                  "cap_bonus_amount": 10,
                  "gratification_type_flat": "absolute",
                  "frontend_redemption_type": "bank account cashback",
                  "gratification_processed": false,
                  "bonus_amount_earned": 0,
                  "redemption_type_icon_url": "https://paytm.s3-ap-southeast-1.amazonaws.com/promo_seller_panel_uploads/production/Cashback.png"
                }
              ],
              "stage_gratification_text": "You will get ₹10 bank account cashback"
            }
          ],
          "max_cap_bonus_amount_game": 409010,
          "bonus_amount_earned": 0,
          "remaining_time": "9 hours left to expire",
          "offer_progress_construct": "You need to accept payments from 1 more customer to earn upto ₹5000 bank account cashback"
        }
      }
    }
  ]
}
