[
  {
    "testCaseName": "Serving API with Wallet Redemption type",
    "expectedResponse": {
      "data": {
        "is_next": false,
        "supercash_list": [
            {
                "stage": 1,
                "offer_id": "18523",
                "game_expiry_amount": 10,
                "game_status": "INPROGRESS",
                "game_expiry": "#$*.*",
                "game_completion_time": "#$*.*",
                "created_at": "#$*.*",
                "success_txn_count": 1,
                "total_txn_count": 2,
                "txn_count_text": "1/2 Payments Received",
                "success_txn_text": "1 fbewjfbwjk done",
                "campaign": {
                    "id": 32545,
                    "valid_upto": "#$*.*",
                    "description": "dwkjdqw",
                    "short_description": "djd",
                    "offer_text_override": "bvjvbw",
                    "offer_icon_override_url": "bjfbw",
                    "background_image_url": "cskjcwkj",
                    "new_offers_image_url": "vbvjbwj",
                    "important_terms": "<p>bewjvbekj</p>\n",
                    "offer_keyword": "fbewjfbwjk",
                    "tnc_url": "https://paytmmall.com/papi/v2/promocard/supercash/campaign/tnc/32545",
                    "off_us_transaction_text": "fbefbewj",
                    "campaign": "WALLET_AUTOMATION",
                    "title": "fwqkjfqkj",
                    "auto_activate": true,
                    "surprise_text": "vbjvbewkj"
                },
                "stages": [
                    {
                        "stage": [
                            0
                        ],
                        "stage_total_txn_count": 1,
                        "stage_success_txn_count": 1,
                        "stage_status": "COMPLETED",
                        "stage_screen_construct1": "1st payment",
                        "tasks": [
                            {
                                "stage_redemption_type": "paytm wallet cashback",
                                "frontend_redemption_type": "paytm wallet cashback",
                                "cap_bonus_amount": "20",
                                "gratification_type_flat": "percentage",
                                "gratification_processed": false,
                                "bonus_amount_earned": 20,
                                "redemption_type_icon_url": "https://paytm.s3-ap-southeast-1.amazonaws.com/promo_seller_panel_uploads/production/Cashback.png",
                                "fulfillment_at": "#$*.*",
                                "redemption_text": "Cashback will be settled within 24 hours in your paytm wallet.",
                                "redemption_type": "merchantWalletCashback",
                                "redemption_status": "REDEEM_REQUESTED"
                            }
                        ],
                        "stage_gratification_text": "You will get ₹20 paytm wallet cashback"
                    },
                    {
                        "stage": [
                            1
                        ],
                        "stage_total_txn_count": 1,
                        "stage_success_txn_count": 0,
                        "stage_status": "INPROGRESS",
                        "stage_screen_construct1": "2nd payment",
                        "tasks": [
                            {
                                "stage_redemption_type": "paytm wallet cashback",
                                "frontend_redemption_type": "paytm wallet cashback",
                                "cap_bonus_amount": "20",
                                "gratification_type_flat": "absolute",
                                "gratification_processed": false,
                                "bonus_amount_earned": 0,
                                "redemption_type_icon_url": "https://paytm.s3-ap-southeast-1.amazonaws.com/promo_seller_panel_uploads/production/Cashback.png"
                            }
                        ],
                        "stage_gratification_text": "You will get ₹20 paytm wallet cashback"
                    }
                ],
                "max_cap_bonus_amount_game": 40,
                "bonus_amount_earned": 20,
                "remaining_time": "5 minutes left to expire",
                "offer_progress_construct": "You are 1 payment away from earning ₹20 paytm wallet cashback",
                "offer_expiry": "#$*.*",
                "offer_remaining_time": "4 minutes left to activate offer",
                "initialized_offer_text": "Activate offer and accept 1 more transactions to earn upto ₹40"
            }
        ]
    }
    }
  }

]