{
    "txn_data": {
        "sourceSystemId": "PGP",
        "reqId": "2E469FD92C576E2B2AF99B0C4E4E0A8CBCA312876B44684477844BD518348F3B",
        "txnId": "43",
        "transactionType": "Wallet_Automation",
        "tag": "supercash",
        "type": "build",
        "userId": "8057365945981",
        "merchantId": "addmar4920665158172112",
        "requestType": "111",
        "order_id": "5514249399",
        "payeeName": null,
        "merchantName": null,
        "orderName": null,
        "paytmMerchantId": "78912",
        "alipayMerhantId": "216820000174409829636",
        "merchantTransId": "78654",
        "createdTime": "2021-10-20T18:59:20+05:30",
        "totalTxnAmount": 200,
        "currency": "INR",
        "status": "SUCCESS",
        "extendInfo": {
            "totalTxnAmount": "17900",
            "website": "PaytmMarketPlace",
            "callBackURL": "https://cart.paytm.com/payment/status",
            "requestType": "DEFAULT",
            "merchantLimitEnabled": "false",
            "merchantLimitUpdated": "false",
            "merchantName": "Paytm",
            "mccCode": "Recharge",
            "productCode": "51051000100000000001",
            "linkBasedInvoicePayment": "false",
            "topupAndPay": "false",
            "clientIP": "157.33.179.216, 49.44.115.150",
            "merchantTransId": "5514249396",
            "custID": "30573640",
            "peonURL": "https://cart.paytm.com/payment/g/paytmnew/recon",
            "paytmMerchantId": "PayAir76732240801384",
            "theme": "paytmAppLow",
            "promoCode": "",
            "ssoToken": "cd7048b5-1fee-4bfb-94bc-414e15894900",
            "alipayMerchantId": "216820000174409829636",
            "currentDateTime": "2018-07-05T12:46:45+05:30",
            "userMobile": "1234983698712",
            "userEmail": "ajitlate@gmail.com"
        },
        "payOptions": [
            {
                "payMethod": "WALLET",
                "payAmount": {
                    "value": "200",
                    "currency": "INR"
                },
                "issuingBankId": null,
                "issuingBankName": null
            }
        ]
    }
}