{
  "Combination1": "Campaign - AUTOMATION_CLM_RANDOM_SERVING2. no txns done",
  "expectedResponse1": {
    "status": 1,
    "errors": [

    ],
    "data": {
      "supercash_list": [
        {
          "offer_id": 67033,
          "stage": 0,
          "created_at": "2022-07-26T07:35:33.000Z",
          "success_txn_count": 0,
          "game_status": "INPROGRESS",
          "updated_at": "2022-07-26T07:35:33.000Z",
          "total_txn_count": 2,
          "campaign": {
            "id": 31433,
            "offer_text_override": "rfw",
            "background_image_url": "dssdfdf",
            "new_offers_image_url": "er",
            "offer_keyword": "f",
            "important_terms": "<p>gw</p>\n",
            "surprise_text": "fe",
            "tnc": "https://gateway.paytm.com/papi/v2/promocard/supercash/campaign/tnc/31433",
            "campaign": "AUTOMATION_CLM_RANDOM_SERVING2",
            "isDeeplink": false,
            "valid_upto": "2024-07-31T08:47:00.000Z",
            "short_description": "rr",
            "auto_activate": true,
            "cashback_process_delay": "0",
            "cashback_process_delay_unit": "1440",
            "description": "ee",
            "is_offus_transaction": false,
            "off_us_transaction_text": "g",
            "offer_icon_override_url": "fd",
            "offer_type_text": "",
            "promocode": "AUTOMATION_CLM_RANDOM_SERVING2",
            "title": "22",
            "tnc_url": "https://gateway.paytm.com/papi/v2/promocard/supercash/campaign/tnc/31433"
          },
          "stages": [
            {
              "stage": [
                0
              ],
              "stage_total_txn_count": 1,
              "stage_success_txn_count": 0,
              "stage_status": "NOT_STARTED",
              "tasks": [
                {
                  "minBonus": 90,
                  "maxBonus": 100,
                  "frontend_redemption_type": "bank account cashback",
                  "cap_bonus_amount": 100,
                  "bonus_amount_earned": 0,
                  "redemption_type_icon_url": "https://paytm.s3-ap-southeast-1.amazonaws.com/promo_seller_panel_uploads/production/Cashback.png",
                  "gratification_processed": false,
                  "stage_redemption_type": "bank account cashback",
                  "crosspromo_data": [

                  ]
                }
              ],
              "stage_gratification_text": "You will win a surprise bonus",
              "stage_screen_construct1": "1st payment"
            },
            {
              "stage": [
                1
              ],
              "stage_total_txn_count": 1,
              "stage_success_txn_count": 0,
              "stage_status": "NOT_STARTED",
              "tasks": [
                {
                  "frontend_redemption_type": "bank account cashback",
                  "cap_bonus_amount": 100,
                  "bonus_amount_earned": 0,
                  "redemption_type_icon_url": "https://paytm.s3-ap-southeast-1.amazonaws.com/promo_seller_panel_uploads/production/Cashback.png",
                  "gratification_processed": false,
                  "stage_redemption_type": "bank account cashback",
                  "gratification_type_flat": "percentage",
                  "crosspromo_data": [

                  ]
                }
              ],
              "stage_gratification_text": "You will win upto ₹100 bank account cashback",
              "stage_screen_construct1": "2nd payment"
            }
          ],
          "game_expiry": "2022-07-26T07:45:33.000Z",
          "game_completion_time": "2022-07-26T07:35:33.000Z",
          "max_cap_bonus_amount_game": 200,
          "bonus_amount_earned": 0,
          "status": 2,
          "remaining_time": "9 minutes left to expire",
          "offer_remaining_time": "1 day left to activate offer",
          "txn_count_text": "0/2 Payment Received",
          "success_txn_text": "0 f done",
          "offer_expiry": "2022-07-27T18:29:59.000Z",
          "initialized_offer_text": "Activate offer and accept 1 more transaction to earn upto ₹200 ",
          "offer_progress_construct": "You are 1 payment away from earning a surprise bonus"
        }
      ],
      "is_next": false,
      "has_expired_offers": false
    }
  },

  "Combination2": "Campaign - AUTOMATION_CLM_RANDOM_SERVING2. 1st txn done and amt earned 90",
  "expectedResponse2": {
    "status": 1,
    "errors": [

    ],
    "data": {
      "supercash_list": [
        {
          "offer_id": 67038,
          "stage": 1,
          "created_at": "2022-07-26T07:41:08.000Z",
          "success_txn_count": 1,
          "game_status": "INPROGRESS",
          "updated_at": "2022-07-26T07:41:11.000Z",
          "total_txn_count": 2,
          "campaign": {
            "id": 31433,
            "offer_text_override": "rfw",
            "background_image_url": "dssdfdf",
            "new_offers_image_url": "er",
            "offer_keyword": "f",
            "important_terms": "<p>gw</p>\n",
            "surprise_text": "fe",
            "tnc": "https://gateway.paytm.com/papi/v2/promocard/supercash/campaign/tnc/31433",
            "campaign": "AUTOMATION_CLM_RANDOM_SERVING2",
            "isDeeplink": false,
            "valid_upto": "2024-07-31T08:47:00.000Z",
            "short_description": "rr",
            "auto_activate": true,
            "cashback_process_delay": "0",
            "cashback_process_delay_unit": "1440",
            "description": "ee",
            "is_offus_transaction": false,
            "off_us_transaction_text": "g",
            "offer_icon_override_url": "fd",
            "offer_type_text": "",
            "promocode": "AUTOMATION_CLM_RANDOM_SERVING2",
            "title": "22",
            "tnc_url": "https://gateway.paytm.com/papi/v2/promocard/supercash/campaign/tnc/31433"
          },
          "stages": [
            {
              "stage": [
                0
              ],
              "stage_total_txn_count": 1,
              "stage_success_txn_count": 1,
              "stage_status": "COMPLETED",
              "tasks": [
                {
                  "minBonus": 90,
                  "maxBonus": 100,
                  "frontend_redemption_type": "bank account cashback",
                  "cap_bonus_amount": 100,
                  "bonus_amount_earned": 90,
                  "redemption_type_icon_url": "https://paytm.s3-ap-southeast-1.amazonaws.com/promo_seller_panel_uploads/production/Cashback.png",
                  "fulfillment_at": "2022-07-26 13:11:11",
                  "redemption_text": "Cashback will be settled within 24 hours in your bank account.",
                  "redemption_type": "merchantBankPayout",
                  "redemption_status": "REDEEM_REQUESTED",
                  "gratification_processed": false,
                  "stage_redemption_type": "bank account cashback",
                  "crosspromo_data": [

                  ]
                }
              ],
              "stage_gratification_text": "You will win ₹90 bank account cashback",
              "stage_screen_construct1": "1st payment"
            },
            {
              "stage": [
                1
              ],
              "stage_total_txn_count": 1,
              "stage_success_txn_count": 0,
              "stage_status": "NOT_STARTED",
              "tasks": [
                {
                  "frontend_redemption_type": "bank account cashback",
                  "cap_bonus_amount": 100,
                  "bonus_amount_earned": 0,
                  "redemption_type_icon_url": "https://paytm.s3-ap-southeast-1.amazonaws.com/promo_seller_panel_uploads/production/Cashback.png",
                  "gratification_processed": false,
                  "stage_redemption_type": "bank account cashback",
                  "gratification_type_flat": "percentage",
                  "crosspromo_data": [

                  ]
                }
              ],
              "stage_gratification_text": "You will win upto ₹100 bank account cashback",
              "stage_screen_construct1": "2nd payment"
            }
          ],
          "game_expiry": "2022-07-26T07:51:08.000Z",
          "game_completion_time": "2022-07-26T07:41:11.000Z",
          "max_cap_bonus_amount_game": 200,
          "bonus_amount_earned": 90,
          "status": 2,
          "remaining_time": "9 minutes left to expire",
          "offer_remaining_time": "1 day left to activate offer",
          "txn_count_text": "1/2 Payment Received",
          "success_txn_text": "1 f done",
          "offer_expiry": "2022-07-27T18:29:59.000Z",
          "initialized_offer_text": "Activate offer and accept 1 more transaction to earn upto ₹200 ",
          "offer_progress_construct": "You are 1 payment away from earning upto ₹100 bank account cashback"
        }
      ],
      "is_next": false,
      "has_expired_offers": false
    }
  },

  "Combination3": "Campaign - AUTOMATION_CLM_RANDOM_SERVING1. 1st txn done and amt earned 100",
  "expectedResponse3": {
    "status": 1,
    "errors": [

    ],
    "data": {
      "supercash_list": [
        {
          "offer_id": 67041,
          "stage": 1,
          "created_at": "2022-07-26T07:55:50.000Z",
          "success_txn_count": 1,
          "game_status": "INPROGRESS",
          "updated_at": "2022-07-26T07:55:53.000Z",
          "total_txn_count": 2,
          "campaign": {
            "id": 31433,
            "offer_text_override": "rfw",
            "background_image_url": "dssdfdf",
            "new_offers_image_url": "er",
            "offer_keyword": "f",
            "important_terms": "<p>gw</p>\n",
            "surprise_text": "fe",
            "tnc": "https://gateway.paytm.com/papi/v2/promocard/supercash/campaign/tnc/31433",
            "campaign": "AUTOMATION_CLM_RANDOM_SERVING2",
            "isDeeplink": false,
            "valid_upto": "2024-07-31T08:47:00.000Z",
            "short_description": "rr",
            "auto_activate": true,
            "cashback_process_delay": "0",
            "cashback_process_delay_unit": "1440",
            "description": "ee",
            "is_offus_transaction": false,
            "off_us_transaction_text": "g",
            "offer_icon_override_url": "fd",
            "offer_type_text": "",
            "promocode": "AUTOMATION_CLM_RANDOM_SERVING2",
            "title": "22",
            "tnc_url": "https://gateway.paytm.com/papi/v2/promocard/supercash/campaign/tnc/31433"
          },
          "stages": [
            {
              "stage": [
                0
              ],
              "stage_total_txn_count": 1,
              "stage_success_txn_count": 1,
              "stage_status": "COMPLETED",
              "tasks": [
                {
                  "minBonus": 90,
                  "maxBonus": 100,
                  "frontend_redemption_type": "bank account cashback",
                  "cap_bonus_amount": 100,
                  "bonus_amount_earned": 100,
                  "redemption_type_icon_url": "https://paytm.s3-ap-southeast-1.amazonaws.com/promo_seller_panel_uploads/production/Cashback.png",
                  "fulfillment_at": "2022-07-26 13:25:52",
                  "redemption_text": "Cashback will be settled within 24 hours in your bank account.",
                  "redemption_type": "merchantBankPayout",
                  "redemption_status": "REDEEM_REQUESTED",
                  "gratification_processed": false,
                  "stage_redemption_type": "bank account cashback",
                  "crosspromo_data": [

                  ]
                }
              ],
              "stage_gratification_text": "You will win ₹100 bank account cashback",
              "stage_screen_construct1": "1st payment"
            },
            {
              "stage": [
                1
              ],
              "stage_total_txn_count": 1,
              "stage_success_txn_count": 0,
              "stage_status": "NOT_STARTED",
              "tasks": [
                {
                  "frontend_redemption_type": "bank account cashback",
                  "cap_bonus_amount": 100,
                  "bonus_amount_earned": 0,
                  "redemption_type_icon_url": "https://paytm.s3-ap-southeast-1.amazonaws.com/promo_seller_panel_uploads/production/Cashback.png",
                  "gratification_processed": false,
                  "stage_redemption_type": "bank account cashback",
                  "gratification_type_flat": "percentage",
                  "crosspromo_data": [

                  ]
                }
              ],
              "stage_gratification_text": "You will win upto ₹100 bank account cashback",
              "stage_screen_construct1": "2nd payment"
            }
          ],
          "game_expiry": "2022-07-26T08:05:50.000Z",
          "game_completion_time": "2022-07-26T07:55:53.000Z",
          "max_cap_bonus_amount_game": 200,
          "bonus_amount_earned": 100,
          "status": 2,
          "remaining_time": "9 minutes left to expire",
          "offer_remaining_time": "1 day left to activate offer",
          "txn_count_text": "1/2 Payment Received",
          "success_txn_text": "1 f done",
          "offer_expiry": "2022-07-27T18:29:59.000Z",
          "initialized_offer_text": "Activate offer and accept 1 more transaction to earn upto ₹200 ",
          "offer_progress_construct": "You are 1 payment away from earning upto ₹100 bank account cashback"
        }
      ],
      "is_next": false,
      "has_expired_offers": false
    }
  },

  "Combination4": "Campaign - AUTOMATION_CLM_RANDOM_SERVING1. both txns done and amt earned 90 on stage 0 and earned 60 on stage 1",
  "expectedResponse4": {
    "status": 1,
    "errors": [

    ],
    "data": {
      "supercash_list": [
        {
          "offer_id": 67042,
          "stage": 1,
          "created_at": "2022-07-26T07:57:58.000Z",
          "success_txn_count": 2,
          "game_status": "COMPLETED",
          "updated_at": "2022-07-26T07:58:06.000Z",
          "total_txn_count": 2,
          "campaign": {
            "id": 31433,
            "offer_text_override": "rfw",
            "background_image_url": "dssdfdf",
            "new_offers_image_url": "er",
            "offer_keyword": "f",
            "important_terms": "<p>gw</p>\n",
            "surprise_text": "fe",
            "tnc": "https://gateway.paytm.com/papi/v2/promocard/supercash/campaign/tnc/31433",
            "campaign": "AUTOMATION_CLM_RANDOM_SERVING2",
            "isDeeplink": false,
            "valid_upto": "2024-07-31T08:47:00.000Z",
            "short_description": "rr",
            "auto_activate": true,
            "cashback_process_delay": "0",
            "cashback_process_delay_unit": "1440",
            "description": "ee",
            "is_offus_transaction": false,
            "off_us_transaction_text": "g",
            "offer_icon_override_url": "fd",
            "offer_type_text": "",
            "promocode": "AUTOMATION_CLM_RANDOM_SERVING2",
            "title": "22",
            "tnc_url": "https://gateway.paytm.com/papi/v2/promocard/supercash/campaign/tnc/31433"
          },
          "stages": [
            {
              "stage": [
                0
              ],
              "stage_total_txn_count": 1,
              "stage_success_txn_count": 1,
              "stage_status": "COMPLETED",
              "tasks": [
                {
                  "minBonus": 90,
                  "maxBonus": 100,
                  "frontend_redemption_type": "bank account cashback",
                  "cap_bonus_amount": 100,
                  "bonus_amount_earned": 90,
                  "redemption_type_icon_url": "https://paytm.s3-ap-southeast-1.amazonaws.com/promo_seller_panel_uploads/production/Cashback.png",
                  "fulfillment_at": "2022-07-26 13:28:02",
                  "redemption_text": "Cashback will be settled within 24 hours in your bank account.",
                  "redemption_type": "merchantBankPayout",
                  "redemption_status": "REDEEM_REQUESTED",
                  "gratification_processed": false,
                  "stage_redemption_type": "bank account cashback",
                  "crosspromo_data": [

                  ]
                }
              ],
              "stage_gratification_text": "You will win ₹90 bank account cashback",
              "stage_screen_construct1": "1st payment"
            },
            {
              "stage": [
                1
              ],
              "stage_total_txn_count": 1,
              "stage_success_txn_count": 1,
              "stage_status": "COMPLETED",
              "tasks": [
                {
                  "frontend_redemption_type": "bank account cashback",
                  "cap_bonus_amount": 100,
                  "bonus_amount_earned": 60,
                  "redemption_type_icon_url": "https://paytm.s3-ap-southeast-1.amazonaws.com/promo_seller_panel_uploads/production/Cashback.png",
                  "fulfillment_at": "2022-07-26 13:28:05",
                  "redemption_text": "Cashback will be settled within 24 hours in your bank account.",
                  "redemption_type": "merchantBankPayout",
                  "redemption_status": "REDEEM_REQUESTED",
                  "gratification_processed": false,
                  "stage_redemption_type": "bank account cashback",
                  "gratification_type_flat": "percentage",
                  "crosspromo_data": [

                  ]
                }
              ],
              "stage_gratification_text": "You will win ₹60 bank account cashback",
              "stage_screen_construct1": "2nd payment"
            }
          ],
          "game_expiry": "2022-07-26T08:07:58.000Z",
          "game_completion_time": "2022-07-26T07:58:06.000Z",
          "max_cap_bonus_amount_game": 200,
          "bonus_amount_earned": 150,
          "status": 3,
          "remaining_time": "9 minutes left to expire",
          "offer_remaining_time": "1 day left to activate offer",
          "txn_count_text": "2/2 Payment Received",
          "success_txn_text": "2 f done",
          "game_gratification_message": "You have earned ₹150 bank account cashback",
          "offer_expiry": "2022-07-27T18:29:59.000Z",
          "initialized_offer_text": "Activate offer and accept 1 more transaction to earn upto ₹200 "
        }
      ],
      "is_next": false,
      "has_expired_offers": false
    }
  },

  "Combination5": "Campaign - AUTOMATION_CLM_RANDOM_SERVING1. both txns done and amt earned 100 on stage 0 and earned 60 on stage 1",
  "expectedResponse5": {
    "status": 1,
    "errors": [

    ],
    "data": {
      "supercash_list": [
        {
          "offer_id": 67044,
          "stage": 1,
          "created_at": "2022-07-26T08:00:21.000Z",
          "success_txn_count": 2,
          "game_status": "COMPLETED",
          "updated_at": "2022-07-26T08:00:28.000Z",
          "total_txn_count": 2,
          "campaign": {
            "id": 31433,
            "offer_text_override": "rfw",
            "background_image_url": "dssdfdf",
            "new_offers_image_url": "er",
            "offer_keyword": "f",
            "important_terms": "<p>gw</p>\n",
            "surprise_text": "fe",
            "tnc": "https://gateway.paytm.com/papi/v2/promocard/supercash/campaign/tnc/31433",
            "campaign": "AUTOMATION_CLM_RANDOM_SERVING2",
            "isDeeplink": false,
            "valid_upto": "2024-07-31T08:47:00.000Z",
            "short_description": "rr",
            "auto_activate": true,
            "cashback_process_delay": "0",
            "cashback_process_delay_unit": "1440",
            "description": "ee",
            "is_offus_transaction": false,
            "off_us_transaction_text": "g",
            "offer_icon_override_url": "fd",
            "offer_type_text": "",
            "promocode": "AUTOMATION_CLM_RANDOM_SERVING2",
            "title": "22",
            "tnc_url": "https://gateway.paytm.com/papi/v2/promocard/supercash/campaign/tnc/31433"
          },
          "stages": [
            {
              "stage": [
                0
              ],
              "stage_total_txn_count": 1,
              "stage_success_txn_count": 1,
              "stage_status": "COMPLETED",
              "tasks": [
                {
                  "minBonus": 90,
                  "maxBonus": 100,
                  "frontend_redemption_type": "bank account cashback",
                  "cap_bonus_amount": 100,
                  "bonus_amount_earned": 100,
                  "redemption_type_icon_url": "https://paytm.s3-ap-southeast-1.amazonaws.com/promo_seller_panel_uploads/production/Cashback.png",
                  "fulfillment_at": "2022-07-26 13:30:24",
                  "redemption_text": "Cashback will be settled within 24 hours in your bank account.",
                  "redemption_type": "merchantBankPayout",
                  "redemption_status": "REDEEM_REQUESTED",
                  "gratification_processed": false,
                  "stage_redemption_type": "bank account cashback",
                  "crosspromo_data": [

                  ]
                }
              ],
              "stage_gratification_text": "You will win ₹100 bank account cashback",
              "stage_screen_construct1": "1st payment"
            },
            {
              "stage": [
                1
              ],
              "stage_total_txn_count": 1,
              "stage_success_txn_count": 1,
              "stage_status": "COMPLETED",
              "tasks": [
                {
                  "frontend_redemption_type": "bank account cashback",
                  "cap_bonus_amount": 100,
                  "bonus_amount_earned": 60,
                  "redemption_type_icon_url": "https://paytm.s3-ap-southeast-1.amazonaws.com/promo_seller_panel_uploads/production/Cashback.png",
                  "fulfillment_at": "2022-07-26 13:30:27",
                  "redemption_text": "Cashback will be settled within 24 hours in your bank account.",
                  "redemption_type": "merchantBankPayout",
                  "redemption_status": "REDEEM_REQUESTED",
                  "gratification_processed": false,
                  "stage_redemption_type": "bank account cashback",
                  "gratification_type_flat": "percentage",
                  "crosspromo_data": [

                  ]
                }
              ],
              "stage_gratification_text": "You will win ₹60 bank account cashback",
              "stage_screen_construct1": "2nd payment"
            }
          ],
          "game_expiry": "2022-07-26T08:10:21.000Z",
          "game_completion_time": "2022-07-26T08:00:28.000Z",
          "max_cap_bonus_amount_game": 200,
          "bonus_amount_earned": 160,
          "status": 3,
          "remaining_time": "9 minutes left to expire",
          "offer_remaining_time": "1 day left to activate offer",
          "txn_count_text": "2/2 Payment Received",
          "success_txn_text": "2 f done",
          "game_gratification_message": "You have earned ₹160 bank account cashback",
          "offer_expiry": "2022-07-27T18:29:59.000Z",
          "initialized_offer_text": "Activate offer and accept 1 more transaction to earn upto ₹200 "
        }
      ],
      "is_next": false,
      "has_expired_offers": false
    }
  }

}

