{
  "Combination1": "Campaign - AUTOMATION_CLM_RANDOM_SERVING1. no txns done",
  "expectedResponse1": {
    "data": {
      "has_expired_offers": false,
      "is_next": false,
      "supercash_list": [
        {
          "bonus_amount_earned": 0,
          "campaign": {
            "auto_activate": true,
            "background_image_url": "dssdfdf",
            "campaign": "AUTOMATION_CLM_RANDOM_SERVING1",
            "cashback_process_delay": "0",
            "cashback_process_delay_unit": "1440",
            "description": "ee",
            "id": 31432,
            "important_terms": "<p>gw</p>\n",
            "is_offus_transaction": false,
            "isDeeplink": false,
            "new_offers_image_url": "er",
            "off_us_transaction_text": "g",
            "offer_icon_override_url": "fd",
            "offer_keyword": "f",
            "offer_text_override": "rfw",
            "offer_type_text": "",
            "promocode": "AUTOMATION_CLM_RANDOM_SERVING1",
            "short_description": "rr",
            "surprise_text": "fe",
            "title": "22",
            "tnc": "https://gateway.paytm.com/papi/v2/promocard/supercash/campaign/tnc/31432",
            "tnc_url": "https://gateway.paytm.com/papi/v2/promocard/supercash/campaign/tnc/31432",
            "valid_upto": "2024-07-31T08:47:00.000Z"
          },
          "created_at": "2021-11-23T12:06:41.000Z",
          "game_completion_time": "2021-11-23T12:06:41.000Z",
          "game_expiry": "2021-11-23T12:16:41.000Z",
          "game_status": "INPROGRESS",
          "initialized_offer_text": "Activate offer and accept 1 more transaction to earn upto ₹300 ",
          "max_cap_bonus_amount_game": 300,
          "offer_expiry": "2021-11-24T18:29:59.000Z",
          "offer_id": 61096,
          "offer_progress_construct": "You are 1 payment away from earning a surprise bonus",
          "offer_remaining_time": "1 day left to activate offer",
          "remaining_time": "9 minutes left to expire",
          "stage": 0,
          "stages": [
            {
              "stage": [
                0
              ],
              "stage_gratification_text": "You will win a surprise bonus",
              "stage_screen_construct1": "1st payment",
              "stage_status": "NOT_STARTED",
              "stage_success_txn_count": 0,
              "stage_total_txn_count": 1,
              "tasks": [
                {
                  "bonus_amount_earned": 0,
                  "cap_bonus_amount": 100,
                  "frontend_redemption_type": "bank account cashback",
                  "gratification_processed": false,
                  "maxBonus": 100,
                  "minBonus": 90,
                  "redemption_type_icon_url": "https://paytm.s3-ap-southeast-1.amazonaws.com/promo_seller_panel_uploads/production/Cashback.png",
                  "stage_redemption_type": "bank account cashback"
                }
              ]
            },
            {
              "stage": [
                1
              ],
              "stage_gratification_text": "You will win a surprise bonus",
              "stage_screen_construct1": "2nd payment",
              "stage_status": "NOT_STARTED",
              "stage_success_txn_count": 0,
              "stage_total_txn_count": 1,
              "tasks": [
                {
                  "bonus_amount_earned": 0,
                  "cap_bonus_amount": 200,
                  "frontend_redemption_type": "bank account cashback",
                  "gratification_processed": false,
                  "maxBonus": 200,
                  "minBonus": 0,
                  "redemption_type_icon_url": "https://paytm.s3-ap-southeast-1.amazonaws.com/promo_seller_panel_uploads/production/Cashback.png",
                  "stage_redemption_type": "bank account cashback"
                }
              ]
            }
          ],
          "status": 2,
          "success_txn_count": 0,
          "success_txn_text": "0 f done",
          "total_txn_count": 2,
          "txn_count_text": "0/2 Payment Received",
          "updated_at": "2021-11-23T12:06:41.000Z"
        }
      ]
    },
    "errors": [
    ],
    "status": 1
  },

  "Combination2": "Campaign - AUTOMATION_CLM_RANDOM_SERVING1. 1st txn done and amt earned 90",
  "expectedResponse2": {
    "data": {
      "has_expired_offers": false,
      "is_next": false,
      "supercash_list": [
        {
          "offer_remaining_time": "1 day left to activate offer",
          "game_completion_time": "2022-07-26T08:32:39.000Z",
          "created_at": "2022-07-26T08:32:36.000Z",
          "success_txn_count": 1,
          "game_expiry": "2022-07-26T08:42:36.000Z",
          "offer_id": 67052,
          "game_status": "INPROGRESS",
          "success_txn_text": "1 f done",
          "offer_progress_construct": "You are 1 payment away from earning a surprise bonus",
          "offer_expiry": "2022-07-27T18:29:59.000Z",
          "remaining_time": "9 minutes left to expire",
          "stage": 1,
          "updated_at": "2022-07-26T08:32:39.000Z",
          "bonus_amount_earned": 90,
          "initialized_offer_text": "Activate offer and accept 1 more transaction to earn upto \u20b9300 ",
          "stages": [
            {
              "stage": [
                0
              ],
              "stage_gratification_text": "You will win \u20b990 bank account cashback",
              "stage_total_txn_count": 1,
              "stage_status": "COMPLETED",
              "stage_screen_construct1": "1st payment",
              "tasks": [
                {
                  "cap_bonus_amount": 100,
                  "gratification_processed": false,
                  "maxBonus": 100,
                  "fulfillment_at": "2022-07-26 14:02:39",
                  "redemption_type_icon_url": "https://paytm.s3-ap-southeast-1.amazonaws.com/promo_seller_panel_uploads/production/Cashback.png",
                  "stage_redemption_type": "bank account cashback",
                  "redemption_text": "Cashback will be settled within 24 hours in your bank account.",
                  "redemption_status": "REDEEM_REQUESTED",
                  "minBonus": 90,
                  "crosspromo_data": [

                  ],
                  "frontend_redemption_type": "bank account cashback",
                  "bonus_amount_earned": 90,
                  "redemption_type": "merchantBankPayout"
                }
              ],
              "stage_success_txn_count": 1
            },
            {
              "stage": [
                1
              ],
              "stage_gratification_text": "You will win a surprise bonus",
              "stage_total_txn_count": 1,
              "stage_status": "NOT_STARTED",
              "stage_screen_construct1": "2nd payment",
              "tasks": [
                {
                  "cap_bonus_amount": 200,
                  "gratification_processed": false,
                  "maxBonus": 200,
                  "minBonus": 0,
                  "crosspromo_data": [

                  ],
                  "frontend_redemption_type": "bank account cashback",
                  "bonus_amount_earned": 0,
                  "redemption_type_icon_url": "https://paytm.s3-ap-southeast-1.amazonaws.com/promo_seller_panel_uploads/production/Cashback.png",
                  "stage_redemption_type": "bank account cashback"
                }
              ],
              "stage_success_txn_count": 0
            }
          ],
          "txn_count_text": "1/2 Payment Received",
          "campaign": {
            "short_description": "rr",
            "background_image_url": "dssdfdf",
            "auto_activate": true,
            "offer_keyword": "f",
            "tnc": "https://gateway.paytm.com/papi/v2/promocard/supercash/campaign/tnc/31432",
            "isDeeplink": false,
            "description": "ee",
            "promocode": "AUTOMATION_CLM_RANDOM_SERVING1",
            "offer_icon_override_url": "fd",
            "title": "22",
            "off_us_transaction_text": "g",
            "offer_text_override": "rfw",
            "cashback_process_delay_unit": "1440",
            "is_offus_transaction": false,
            "surprise_text": "fe",
            "valid_upto": "2024-07-31T08:47:00.000Z",
            "cashback_process_delay": "0",
            "offer_type_text": "",
            "campaign": "AUTOMATION_CLM_RANDOM_SERVING1",
            "id": 31432,
            "new_offers_image_url": "er",
            "important_terms": "<p>gw<\/p>\n",
            "tnc_url": "https://gateway.paytm.com/papi/v2/promocard/supercash/campaign/tnc/31432"
          },
          "total_txn_count": 2,
          "max_cap_bonus_amount_game": 300,
          "status": 2
        }
      ]
    },
    "errors": [

    ],
    "status": 1
  },

  "Combination3": "Campaign - AUTOMATION_CLM_RANDOM_SERVING1. 1st txn done and amt earned 100",
  "expectedResponse3": {
    "status": 1,
    "errors": [

    ],
    "data": {
      "supercash_list": [
        {
          "offer_id": 67056,
          "stage": 1,
          "created_at": "2022-07-26T08:42:11.000Z",
          "success_txn_count": 1,
          "game_status": "INPROGRESS",
          "updated_at": "2022-07-26T08:42:13.000Z",
          "total_txn_count": 2,
          "campaign": {
            "id": 31432,
            "offer_text_override": "rfw",
            "background_image_url": "dssdfdf",
            "new_offers_image_url": "er",
            "offer_keyword": "f",
            "important_terms": "<p>gw</p>\n",
            "surprise_text": "fe",
            "tnc": "https://gateway.paytm.com/papi/v2/promocard/supercash/campaign/tnc/31432",
            "campaign": "AUTOMATION_CLM_RANDOM_SERVING1",
            "isDeeplink": false,
            "valid_upto": "2024-07-31T08:47:00.000Z",
            "short_description": "rr",
            "auto_activate": true,
            "cashback_process_delay": "0",
            "cashback_process_delay_unit": "1440",
            "description": "ee",
            "is_offus_transaction": false,
            "off_us_transaction_text": "g",
            "offer_icon_override_url": "fd",
            "offer_type_text": "",
            "promocode": "AUTOMATION_CLM_RANDOM_SERVING1",
            "title": "22",
            "tnc_url": "https://gateway.paytm.com/papi/v2/promocard/supercash/campaign/tnc/31432"
          },
          "stages": [
            {
              "stage": [
                0
              ],
              "stage_total_txn_count": 1,
              "stage_success_txn_count": 1,
              "stage_status": "COMPLETED",
              "tasks": [
                {
                  "minBonus": 90,
                  "maxBonus": 100,
                  "frontend_redemption_type": "bank account cashback",
                  "cap_bonus_amount": 100,
                  "bonus_amount_earned": 100,
                  "redemption_type_icon_url": "https://paytm.s3-ap-southeast-1.amazonaws.com/promo_seller_panel_uploads/production/Cashback.png",
                  "fulfillment_at": "2022-07-26 14:12:13",
                  "redemption_text": "Cashback will be settled within 24 hours in your bank account.",
                  "redemption_type": "merchantBankPayout",
                  "redemption_status": "REDEEM_REQUESTED",
                  "gratification_processed": false,
                  "stage_redemption_type": "bank account cashback",
                  "crosspromo_data": [

                  ]
                }
              ],
              "stage_gratification_text": "You will win ₹100 bank account cashback",
              "stage_screen_construct1": "1st payment"
            },
            {
              "stage": [
                1
              ],
              "stage_total_txn_count": 1,
              "stage_success_txn_count": 0,
              "stage_status": "NOT_STARTED",
              "tasks": [
                {
                  "minBonus": 0,
                  "maxBonus": 200,
                  "frontend_redemption_type": "bank account cashback",
                  "cap_bonus_amount": 200,
                  "bonus_amount_earned": 0,
                  "redemption_type_icon_url": "https://paytm.s3-ap-southeast-1.amazonaws.com/promo_seller_panel_uploads/production/Cashback.png",
                  "gratification_processed": false,
                  "stage_redemption_type": "bank account cashback",
                  "crosspromo_data": [

                  ]
                }
              ],
              "stage_gratification_text": "You will win a surprise bonus",
              "stage_screen_construct1": "2nd payment"
            }
          ],
          "game_expiry": "2022-07-26T08:52:11.000Z",
          "game_completion_time": "2022-07-26T08:42:13.000Z",
          "max_cap_bonus_amount_game": 300,
          "bonus_amount_earned": 100,
          "status": 2,
          "remaining_time": "9 minutes left to expire",
          "offer_remaining_time": "1 day left to activate offer",
          "txn_count_text": "1/2 Payment Received",
          "success_txn_text": "1 f done",
          "offer_expiry": "2022-07-27T18:29:59.000Z",
          "initialized_offer_text": "Activate offer and accept 1 more transaction to earn upto ₹300 ",
          "offer_progress_construct": "You are 1 payment away from earning a surprise bonus"
        }
      ],
      "is_next": false,
      "has_expired_offers": false
    }
  },

  "Combination4": "Campaign - AUTOMATION_CLM_RANDOM_SERVING1. both txns done and amt earned 90 on stage 0 and earned 0 on stage 1",
  "expectedResponse4": {
    "status": 1,
    "errors": [

    ],
    "data": {
      "supercash_list": [
        {
          "offer_id": 67061,
          "stage": 1,
          "created_at": "2022-07-26T08:51:36.000Z",
          "success_txn_count": 2,
          "game_status": "COMPLETED",
          "updated_at": "2022-07-26T08:51:42.000Z",
          "total_txn_count": 2,
          "campaign": {
            "id": 31432,
            "offer_text_override": "rfw",
            "background_image_url": "dssdfdf",
            "new_offers_image_url": "er",
            "offer_keyword": "f",
            "important_terms": "<p>gw</p>\n",
            "surprise_text": "fe",
            "tnc": "https://gateway.paytm.com/papi/v2/promocard/supercash/campaign/tnc/31432",
            "campaign": "AUTOMATION_CLM_RANDOM_SERVING1",
            "isDeeplink": false,
            "valid_upto": "2024-07-31T08:47:00.000Z",
            "short_description": "rr",
            "auto_activate": true,
            "cashback_process_delay": "0",
            "cashback_process_delay_unit": "1440",
            "description": "ee",
            "is_offus_transaction": false,
            "off_us_transaction_text": "g",
            "offer_icon_override_url": "fd",
            "offer_type_text": "",
            "promocode": "AUTOMATION_CLM_RANDOM_SERVING1",
            "title": "22",
            "tnc_url": "https://gateway.paytm.com/papi/v2/promocard/supercash/campaign/tnc/31432"
          },
          "stages": [
            {
              "stage": [
                0
              ],
              "stage_total_txn_count": 1,
              "stage_success_txn_count": 1,
              "stage_status": "COMPLETED",
              "tasks": [
                {
                  "minBonus": 90,
                  "maxBonus": 100,
                  "frontend_redemption_type": "bank account cashback",
                  "cap_bonus_amount": 100,
                  "bonus_amount_earned": 90,
                  "redemption_type_icon_url": "https://paytm.s3-ap-southeast-1.amazonaws.com/promo_seller_panel_uploads/production/Cashback.png",
                  "fulfillment_at": "2022-07-26 14:21:38",
                  "redemption_text": "Cashback will be settled within 24 hours in your bank account.",
                  "redemption_type": "merchantBankPayout",
                  "redemption_status": "REDEEM_REQUESTED",
                  "gratification_processed": false,
                  "stage_redemption_type": "bank account cashback",
                  "crosspromo_data": [

                  ]
                }
              ],
              "stage_gratification_text": "You will win ₹90 bank account cashback",
              "stage_screen_construct1": "1st payment"
            },
            {
              "stage": [
                1
              ],
              "stage_total_txn_count": 1,
              "stage_success_txn_count": 1,
              "stage_status": "COMPLETED",
              "tasks": [
                {
                  "minBonus": 0,
                  "maxBonus": 200,
                  "frontend_redemption_type": "bank account cashback",
                  "cap_bonus_amount": 200,
                  "bonus_amount_earned": 0,
                  "redemption_type_icon_url": "https://paytm.s3-ap-southeast-1.amazonaws.com/promo_seller_panel_uploads/production/2020-02-21.png",
                  "fulfillment_at": "2022-07-26 14:21:42",
                  "redemption_text": "You did not win anything. Better Luck Next Time",
                  "redemption_type": "merchantBankPayout",
                  "redemption_status": "REDEEM_REQUESTED",
                  "gratification_processed": false,
                  "stage_redemption_type": "bank account cashback",
                  "crosspromo_data": [

                  ]
                }
              ],
              "stage_gratification_text": "You did not win anything. Better Luck Next Time",
              "stage_screen_construct1": "2nd payment"
            }
          ],
          "game_expiry": "2022-07-26T09:01:36.000Z",
          "game_completion_time": "2022-07-26T08:51:42.000Z",
          "max_cap_bonus_amount_game": 300,
          "bonus_amount_earned": 90,
          "status": 3,
          "remaining_time": "9 minutes left to expire",
          "offer_remaining_time": "1 day left to activate offer",
          "txn_count_text": "2/2 Payment Received",
          "success_txn_text": "2 f done",
          "game_gratification_message": "You have earned ₹90 bank account cashback",
          "offer_expiry": "2022-07-27T18:29:59.000Z",
          "initialized_offer_text": "Activate offer and accept 1 more transaction to earn upto ₹300 "
        }
      ],
      "is_next": false,
      "has_expired_offers": false
    }
  },

  "Combination5": "Campaign - AUTOMATION_CLM_RANDOM_SERVING1. both txns done and amt earned 90 on stage 0 and earned 200 on stage 1",
  "expectedResponse5": {
    "status": 1,
    "errors": [

    ],
    "data": {
      "supercash_list": [
        {
          "offer_id": 67054,
          "stage": 1,
          "created_at": "2022-07-26T08:39:35.000Z",
          "success_txn_count": 2,
          "game_status": "COMPLETED",
          "updated_at": "2022-07-26T08:39:41.000Z",
          "total_txn_count": 2,
          "campaign": {
            "id": 31432,
            "offer_text_override": "rfw",
            "background_image_url": "dssdfdf",
            "new_offers_image_url": "er",
            "offer_keyword": "f",
            "important_terms": "<p>gw</p>\n",
            "surprise_text": "fe",
            "tnc": "https://gateway.paytm.com/papi/v2/promocard/supercash/campaign/tnc/31432",
            "campaign": "AUTOMATION_CLM_RANDOM_SERVING1",
            "isDeeplink": false,
            "valid_upto": "2024-07-31T08:47:00.000Z",
            "short_description": "rr",
            "auto_activate": true,
            "cashback_process_delay": "0",
            "cashback_process_delay_unit": "1440",
            "description": "ee",
            "is_offus_transaction": false,
            "off_us_transaction_text": "g",
            "offer_icon_override_url": "fd",
            "offer_type_text": "",
            "promocode": "AUTOMATION_CLM_RANDOM_SERVING1",
            "title": "22",
            "tnc_url": "https://gateway.paytm.com/papi/v2/promocard/supercash/campaign/tnc/31432"
          },
          "stages": [
            {
              "stage": [
                0
              ],
              "stage_total_txn_count": 1,
              "stage_success_txn_count": 1,
              "stage_status": "COMPLETED",
              "tasks": [
                {
                  "minBonus": 90,
                  "maxBonus": 100,
                  "frontend_redemption_type": "bank account cashback",
                  "cap_bonus_amount": 100,
                  "bonus_amount_earned": 90,
                  "redemption_type_icon_url": "https://paytm.s3-ap-southeast-1.amazonaws.com/promo_seller_panel_uploads/production/Cashback.png",
                  "fulfillment_at": "2022-07-26 14:09:37",
                  "redemption_text": "Cashback will be settled within 24 hours in your bank account.",
                  "redemption_type": "merchantBankPayout",
                  "redemption_status": "REDEEM_REQUESTED",
                  "gratification_processed": false,
                  "stage_redemption_type": "bank account cashback",
                  "crosspromo_data": [

                  ]
                }
              ],
              "stage_gratification_text": "You will win ₹90 bank account cashback",
              "stage_screen_construct1": "1st payment"
            },
            {
              "stage": [
                1
              ],
              "stage_total_txn_count": 1,
              "stage_success_txn_count": 1,
              "stage_status": "COMPLETED",
              "tasks": [
                {
                  "minBonus": 0,
                  "maxBonus": 200,
                  "frontend_redemption_type": "bank account cashback",
                  "cap_bonus_amount": 200,
                  "bonus_amount_earned": 0,
                  "redemption_type_icon_url": "https://paytm.s3-ap-southeast-1.amazonaws.com/promo_seller_panel_uploads/production/2020-02-21.png",
                  "fulfillment_at": "2022-07-26 14:09:41",
                  "redemption_text": "You did not win anything. Better Luck Next Time",
                  "redemption_type": "merchantBankPayout",
                  "redemption_status": "REDEEM_REQUESTED",
                  "gratification_processed": false,
                  "stage_redemption_type": "bank account cashback",
                  "crosspromo_data": [

                  ]
                }
              ],
              "stage_gratification_text": "You did not win anything. Better Luck Next Time",
              "stage_screen_construct1": "2nd payment"
            }
          ],
          "game_expiry": "2022-07-26T08:49:35.000Z",
          "game_completion_time": "2022-07-26T08:39:41.000Z",
          "max_cap_bonus_amount_game": 300,
          "bonus_amount_earned": 90,
          "status": 3,
          "remaining_time": "9 minutes left to expire",
          "offer_remaining_time": "1 day left to activate offer",
          "txn_count_text": "2/2 Payment Received",
          "success_txn_text": "2 f done",
          "game_gratification_message": "You have earned ₹90 bank account cashback",
          "offer_expiry": "2022-07-27T18:29:59.000Z",
          "initialized_offer_text": "Activate offer and accept 1 more transaction to earn upto ₹300 "
        }
      ],
      "is_next": false,
      "has_expired_offers": false
    }
  },

  "Combination6": "Campaign - AUTOMATION_CLM_RANDOM_SERVING1. both txns done and amt earned 100 on stage 0 and earned 0 on stage 1",
  "expectedResponse6": {
    "status": 1,
    "errors": [

    ],
    "data": {
      "supercash_list": [
        {
          "offer_id": 67060,
          "stage": 1,
          "created_at": "2022-07-26T08:49:25.000Z",
          "success_txn_count": 2,
          "game_status": "COMPLETED",
          "updated_at": "2022-07-26T08:49:30.000Z",
          "total_txn_count": 2,
          "campaign": {
            "id": 31432,
            "offer_text_override": "rfw",
            "background_image_url": "dssdfdf",
            "new_offers_image_url": "er",
            "offer_keyword": "f",
            "important_terms": "<p>gw</p>\n",
            "surprise_text": "fe",
            "tnc": "https://gateway.paytm.com/papi/v2/promocard/supercash/campaign/tnc/31432",
            "campaign": "AUTOMATION_CLM_RANDOM_SERVING1",
            "isDeeplink": false,
            "valid_upto": "2024-07-31T08:47:00.000Z",
            "short_description": "rr",
            "auto_activate": true,
            "cashback_process_delay": "0",
            "cashback_process_delay_unit": "1440",
            "description": "ee",
            "is_offus_transaction": false,
            "off_us_transaction_text": "g",
            "offer_icon_override_url": "fd",
            "offer_type_text": "",
            "promocode": "AUTOMATION_CLM_RANDOM_SERVING1",
            "title": "22",
            "tnc_url": "https://gateway.paytm.com/papi/v2/promocard/supercash/campaign/tnc/31432"
          },
          "stages": [
            {
              "stage": [
                0
              ],
              "stage_total_txn_count": 1,
              "stage_success_txn_count": 1,
              "stage_status": "COMPLETED",
              "tasks": [
                {
                  "minBonus": 90,
                  "maxBonus": 100,
                  "frontend_redemption_type": "bank account cashback",
                  "cap_bonus_amount": 100,
                  "bonus_amount_earned": 100,
                  "redemption_type_icon_url": "https://paytm.s3-ap-southeast-1.amazonaws.com/promo_seller_panel_uploads/production/Cashback.png",
                  "fulfillment_at": "2022-07-26 14:19:27",
                  "redemption_text": "Cashback will be settled within 24 hours in your bank account.",
                  "redemption_type": "merchantBankPayout",
                  "redemption_status": "REDEEM_REQUESTED",
                  "gratification_processed": false,
                  "stage_redemption_type": "bank account cashback",
                  "crosspromo_data": [

                  ]
                }
              ],
              "stage_gratification_text": "You will win ₹100 bank account cashback",
              "stage_screen_construct1": "1st payment"
            },
            {
              "stage": [
                1
              ],
              "stage_total_txn_count": 1,
              "stage_success_txn_count": 1,
              "stage_status": "COMPLETED",
              "tasks": [
                {
                  "minBonus": 0,
                  "maxBonus": 200,
                  "frontend_redemption_type": "bank account cashback",
                  "cap_bonus_amount": 200,
                  "bonus_amount_earned": 0,
                  "redemption_type_icon_url": "https://paytm.s3-ap-southeast-1.amazonaws.com/promo_seller_panel_uploads/production/2020-02-21.png",
                  "fulfillment_at": "2022-07-26 14:19:30",
                  "redemption_text": "You did not win anything. Better Luck Next Time",
                  "redemption_type": "merchantBankPayout",
                  "redemption_status": "REDEEM_REQUESTED",
                  "gratification_processed": false,
                  "stage_redemption_type": "bank account cashback",
                  "crosspromo_data": [

                  ]
                }
              ],
              "stage_gratification_text": "You did not win anything. Better Luck Next Time",
              "stage_screen_construct1": "2nd payment"
            }
          ],
          "game_expiry": "2022-07-26T08:59:25.000Z",
          "game_completion_time": "2022-07-26T08:49:30.000Z",
          "max_cap_bonus_amount_game": 300,
          "bonus_amount_earned": 100,
          "status": 3,
          "remaining_time": "9 minutes left to expire",
          "offer_remaining_time": "1 day left to activate offer",
          "txn_count_text": "2/2 Payment Received",
          "success_txn_text": "2 f done",
          "game_gratification_message": "You have earned ₹100 bank account cashback",
          "offer_expiry": "2022-07-27T18:29:59.000Z",
          "initialized_offer_text": "Activate offer and accept 1 more transaction to earn upto ₹300 "
        }
      ],
      "is_next": false,
      "has_expired_offers": false
    }
  },

  "Combination7": "Campaign - AUTOMATION_CLM_RANDOM_SERVING1. both txns done and amt earned 100 on stage 0 and earned 200 on stage 1",
  "expectedResponse7": {
    "status": 1,
    "errors": [

    ],
    "data": {
      "supercash_list": [
        {
          "offer_id": 67058,
          "stage": 1,
          "created_at": "2022-07-26T08:45:33.000Z",
          "success_txn_count": 2,
          "game_status": "COMPLETED",
          "updated_at": "2022-07-26T08:45:39.000Z",
          "total_txn_count": 2,
          "campaign": {
            "id": 31432,
            "offer_text_override": "rfw",
            "background_image_url": "dssdfdf",
            "new_offers_image_url": "er",
            "offer_keyword": "f",
            "important_terms": "<p>gw</p>\n",
            "surprise_text": "fe",
            "tnc": "https://gateway.paytm.com/papi/v2/promocard/supercash/campaign/tnc/31432",
            "campaign": "AUTOMATION_CLM_RANDOM_SERVING1",
            "isDeeplink": false,
            "valid_upto": "2024-07-31T08:47:00.000Z",
            "short_description": "rr",
            "auto_activate": true,
            "cashback_process_delay": "0",
            "cashback_process_delay_unit": "1440",
            "description": "ee",
            "is_offus_transaction": false,
            "off_us_transaction_text": "g",
            "offer_icon_override_url": "fd",
            "offer_type_text": "",
            "promocode": "AUTOMATION_CLM_RANDOM_SERVING1",
            "title": "22",
            "tnc_url": "https://gateway.paytm.com/papi/v2/promocard/supercash/campaign/tnc/31432"
          },
          "stages": [
            {
              "stage": [
                0
              ],
              "stage_total_txn_count": 1,
              "stage_success_txn_count": 1,
              "stage_status": "COMPLETED",
              "tasks": [
                {
                  "minBonus": 90,
                  "maxBonus": 100,
                  "frontend_redemption_type": "bank account cashback",
                  "cap_bonus_amount": 100,
                  "bonus_amount_earned": 100,
                  "redemption_type_icon_url": "https://paytm.s3-ap-southeast-1.amazonaws.com/promo_seller_panel_uploads/production/Cashback.png",
                  "fulfillment_at": "2022-07-26 14:15:36",
                  "redemption_text": "Cashback will be settled within 24 hours in your bank account.",
                  "redemption_type": "merchantBankPayout",
                  "redemption_status": "REDEEM_REQUESTED",
                  "gratification_processed": false,
                  "stage_redemption_type": "bank account cashback",
                  "crosspromo_data": [

                  ]
                }
              ],
              "stage_gratification_text": "You will win ₹100 bank account cashback",
              "stage_screen_construct1": "1st payment"
            },
            {
              "stage": [
                1
              ],
              "stage_total_txn_count": 1,
              "stage_success_txn_count": 1,
              "stage_status": "COMPLETED",
              "tasks": [
                {
                  "minBonus": 0,
                  "maxBonus": 200,
                  "frontend_redemption_type": "bank account cashback",
                  "cap_bonus_amount": 200,
                  "bonus_amount_earned": 200,
                  "redemption_type_icon_url": "https://paytm.s3-ap-southeast-1.amazonaws.com/promo_seller_panel_uploads/production/Cashback.png",
                  "fulfillment_at": "2022-07-26 14:15:39",
                  "redemption_text": "Cashback will be settled within 24 hours in your bank account.",
                  "redemption_type": "merchantBankPayout",
                  "redemption_status": "REDEEM_REQUESTED",
                  "gratification_processed": false,
                  "stage_redemption_type": "bank account cashback",
                  "crosspromo_data": [

                  ]
                }
              ],
              "stage_gratification_text": "You will win ₹200 bank account cashback",
              "stage_screen_construct1": "2nd payment"
            }
          ],
          "game_expiry": "2022-07-26T08:55:33.000Z",
          "game_completion_time": "2022-07-26T08:45:39.000Z",
          "max_cap_bonus_amount_game": 300,
          "bonus_amount_earned": 300,
          "status": 3,
          "remaining_time": "9 minutes left to expire",
          "offer_remaining_time": "1 day left to activate offer",
          "txn_count_text": "2/2 Payment Received",
          "success_txn_text": "2 f done",
          "game_gratification_message": "You have earned ₹300 bank account cashback",
          "offer_expiry": "2022-07-27T18:29:59.000Z",
          "initialized_offer_text": "Activate offer and accept 1 more transaction to earn upto ₹300 "
        }
      ],
      "is_next": false,
      "has_expired_offers": false
    }
  }
}

