{
  "txn_data": {
    "sourceSystemId": "WALLET",
    "walletPaytmMerchantId": "878723",
    "transactionId": "3736111",
    "reqId": "CD1BB95121DCB2FDB3390234C7B395B1BC5AC62513ED69E43451303C69",
    "tag": "supercash",
    "type": "build",
    "order_id": "121630011307201814511891",
    "payeeId": "OtBLAX61976030906197",
    "payeeName": "namita",
    "merchantName": null,
    "orderName": null,
    "payerId": "392341654",
    "transactionType": "autocam04",
    "requestType": "QR_Code_Automation4",
    "txnTypeWallet": "69",
    "createdTime": "2021-10-20 19:28:22",
    "orderAmount": "500",
    "status": "SUCCESS",
    "custMobileNum": "8450909977",
    "custEmailAddress": "aniket.ani90@gmail.com"
  }
}