{
  "txn_data": {
    "sourceSystemId": "WALLET",
    "payeeId": "127",
    "payerId": "2313",
    "reqId": "1222222222222222222222",
    "extendInfo": "{\"payerWalletId\":\"20013785\",\"payeeWalletId\":\"167890\"}",
    "orderAmount": {
      "currency": "INR",
      "value": "120000"
    },
    "payeeName": null,
    "parentTxnId": "545t55",
    "txnTypeWallet": "2",
    "transactionId": "1678713181241270341",
    "status": "SUCCESS",
    "orderId": null,
    "createdTime": "2015-01-23 16:48:45",
    "transactionType": "REFUND",
    "requestType": null,
    "custEmailAddress": null,
    "custMobileNum": null
  }
}