{
  "txn_data": {
    "transactional": true,
    "sourceSystemId": "PGP",
    "reqId": "19553333233332022XCD2131",
    "txnId": "19553333233332022XCD2131",
    "parentTxnId": "19553333233332022XCD2131",
    "createdTime": "2022-05-1218:50:23+05:30",
    "orderAmount": {
      "value": "500"
    },
    "tag": "supercash",
    "userId": 5555554552,
    "merchantId": "YYYXbqH890454967538123",
    "requestType": "REFUND",
    "createOrderTime": "2022-05-1218:50:23+05:30",
    "refundAmount": {
      "currency": "INR",
      "value": "50000"
    },
    "totalSuccessfulRefundedAmountOnOrder": {
      "currency": "INR",
      "value": "500"
    },
    "orderId": "PARCEL7696672",
    "refundFundChannelInfo": [
      {
        "amount": {
          "currency": "INR",
          "value": "500"
        },
        "cardIndexNo": "",
        "serviceInstId": "",
        "extSerialNo": "",
        "addAndPay": "false",
        "cardCacheToken": "",
        "assetTool": "",
        "chargeAmountForBuyer": {
          "currency": "INR",
          "value": "500"
        },
        "payMethod": "BALANCE",
        "maskedCardNo": "",
        "sourceAssetTool": "",
        "accountNo": "",
        "gateway": ""
      }
    ]
  }
}