{
  "Workflow1": {
    "data": {
      "InprogressGame": {
        "game_status": "INPROGRESS",
        "success_txn_count": "1",
        "total_txn_count": "3",
        "success_txn_text": "1 TV done",
        "txn_count_text": "1/3 Payment Received",
        "offer_progress_construct": "You are 2 payment away from earning upto ₹50000 bank account cashback",
        "stage": "1",
        "stage_gratification_text": "You will win ₹200 bank account cashback",
        "stage_total_txn_count": "1",
        "stage_success_txn_count": "1",
        "stage_screen_construct1": "1st payment",
        "stage_status": "COMPLETED",
        "redemption_text": "Cashback will be settled within 48 hours in your bank account. If any payment is cancelled, you need to complete the offer to be eligible for cashback",
        "frontend_redemption_type": "bank account cashback",
        "bonus_amount_earned": "200"
      },
      "InprogressGameWithTxn2": {
        "game_status": "INPROGRESS",
        "success_txn_count": "2",
        "total_txn_count": "7",
        "success_txn_text": "2 Payment done",
        "txn_count_text": "2/7 Payment Received",
        "offer_progress_construct": "You are 1 payment away from earning upto ₹4000 bank account cashback",
        "stage": "1",
        "stage_gratification_text": "You will win upto ₹4000 bank account cashback",
        "stage_total_txn_count": "2",
        "stage_success_txn_count": "1",
        "stage_screen_construct1": "2nd - 3rd payment",
        "stage_status": "INPROGRESS",
        "frontend_redemption_type": "bank account cashback",
        "bonus_amount_earned": "0"
      },
      "InprogressGameWithTxn3": {
        "game_status": "INPROGRESS",
        "success_txn_count": "3",
        "total_txn_count": "7",
        "success_txn_text": "3 Payment done",
        "txn_count_text": "3/7 Payment Received",
        "offer_progress_construct": "You are 2 payment away from earning upto ₹20 bank account cashback",
        "stage": "2",
        "stage_gratification_text": "You will win upto ₹20 bank account cashback",
        "stage_total_txn_count": "2",
        "stage_success_txn_count": "0",
        "stage_screen_construct1": "4th - 5th payment",
        "stage_status": "NOT_STARTED",
        "frontend_redemption_type": "bank account cashback",
        "bonus_amount_earned": "0"
      },
      "InprogressGameWithmultipleTxn": {
        "game_status": "COMPLETED",
        "success_txn_count": "3",
        "total_txn_count": "3",
        "success_txn_text": "3 Payment done",
        "txn_count_text": "3/3 Payment Received",
        "stage": "1",
        "stage_gratification_text": "You will win ₹200 bank account cashback",
        "stage_total_txn_count": "2",
        "stage_success_txn_count": "2",
        "stage_screen_construct1": "2nd - 3rd payment",
        "stage_status": "COMPLETED",
        "frontend_redemption_type": "bank account cashback",
        "bonus_amount_earned": "300"
      },
      "InprogressGameWithoutgratification": {
        "stage_screen_construct1": "1st - 3rd payment",
        "stages": [
          0,
          1
        ]
      },
      "InprogressGameRedemptionTextNoDelay": {
        "redemption_text": "Cashback will be settled within 24 hours in your bank account."
      },
      "GratificationProcessedAmountCredited": {
        "game_gratification_message": "You have earned ₹211 bank account cashback"
      }
    }
  },
  "Workflow2": {
    "data": {
      "InprogressGame": {
        "game_status": "INPROGRESS",
        "success_txn_count": "1",
        "total_txn_count": "2",
        "success_txn_text": "1 TV done",
        "txn_count_text": "1/3 Payment Received",
        "offer_progress_construct": "You are 2 payment away from earning upto ₹50000 bank account cashback",
        "stage": "1",
        "stage_gratification_text": "You will win ₹200 bank account cashback",
        "stage_total_txn_count": "1",
        "stage_success_txn_count": "1",
        "stage_screen_construct1": "1st payment",
        "stage_status": "COMPLETED",
        "redemption_text": "Cashback will be settled within 48 hours in your bank account. If any payment is cancelled, you need to complete the offer to be eligible for cashback",
        "frontend_redemption_type": "bank account cashback",
        "bonus_amount_earned": "200"
      },
      "InprogressGameWithTxn2": {
        "game_status": "INPROGRESS",
        "success_txn_count": "2",
        "total_txn_count": "7",
        "success_txn_text": "2 Payment done",
        "txn_count_text": "2/7 Payment Received",
        "offer_progress_construct": "You are 1 payment away from earning upto ₹4000 bank account cashback",
        "stage": "1",
        "stage_gratification_text": "You will win upto ₹4000 bank account cashback",
        "stage_total_txn_count": "2",
        "stage_success_txn_count": "1",
        "stage_screen_construct1": "2nd - 3rd payment",
        "stage_status": "INPROGRESS",
        "frontend_redemption_type": "bank account cashback",
        "bonus_amount_earned": "0"
      },
      "InprogressGameWithTxn3": {
        "game_status": "INPROGRESS",
        "success_txn_count": "3",
        "total_txn_count": "7",
        "success_txn_text": "3 Payment done",
        "txn_count_text": "3/7 Payment Received",
        "offer_progress_construct": "You are 2 payment away from earning upto ₹20 bank account cashback",
        "stage": "2",
        "stage_gratification_text": "You will win upto ₹20 bank account cashback",
        "stage_total_txn_count": "2",
        "stage_success_txn_count": "0",
        "stage_screen_construct1": "4th - 5th payment",
        "stage_status": "NOT_STARTED",
        "frontend_redemption_type": "bank account cashback",
        "bonus_amount_earned": "0"
      },
      "InprogressGameWithmultipleTxn": {
        "game_status": "COMPLETED",
        "success_txn_count": "2",
        "total_txn_count": "5",
        "success_txn_text": "2 Payment done",
        "txn_count_text": "2/5 Payment Received",
        "stage": "1",
        "stage_gratification_text": "You will win a surprise bonus",
        "stage_total_txn_count": "2",
        "stage_success_txn_count": "1",
        "stage_screen_construct1": "4th - 5th payment",
        "stage_status": "COMPLETED",
        "frontend_redemption_type": "bank account cashback",
        "bonus_amount_earned": "100"
      },
      "InprogressGameWithoutgratification": {
        "stage_screen_construct1": "1st payment",
        "stages": [
          0,
          1
        ]
      },
      "InprogressGameRedemptionTextNoDelay": {
        "redemption_text": "Cashback will be settled within 24 hours in your bank account."
      },
      "GratificationProcessedAmountCredited": {
        "game_gratification_message": "You have earned ₹211 bank account cashback"
      }
    }
  }
}