  {
    "Request_Response": [
  {
    "TestCaseName": "V1 merchant clm  no valid campaign found when try to activate game for the merchant which is not segmented",
    "Request": {
    },
    "Response": {
      "error": "No valid campaign found",
      "status": {
        "result": "failure",
        "message": {
          "title": "No valid campaign found",
          "message": "No valid campaign found"
        }
      },
      "code": 400,
      "errorCode": "SCB_GE_4004"
    }

  }
      ]
    }