{
  "txn_data": {
    "sourceSystemId": "PGP",
    "reqId": "125",
    "txnId": "43",
    "transactionType": "AutoTransactionType",
    "tag": "supercash",
    "type": "build",
    "userId": "613",
    "merchantId": "99991",
    "order_id": "55155401788533640911212",
    "payeeName": "zx",
    "merchantName": "qw",
    "orderName": "rt",
    "paytmMerchantId": "78912",
    "alipayMerhantId": "216820000000353775041",
    "merchantTransId": "55155401788533640911212",
    "createdTime": "2021-06-18T16:35:57+05:30",
    "totalTxnAmount": 700,
    "currency": "INR",
    "status": "SUCCESS",
    "requestType": "QR_Code_Automation100",
    "extendInfo": {
      "totalTxnAmount": "3000",
      "website": "PaytmMarketPlace",
      "callBackURL": "https://cart.paytm.com/payment/status",
      "merchantLimitEnabled": "false",
      "merchantLimitUpdated": "false",
      "merchantName": "Paytm",
      "mccCode": "Retail",
      "productCode": "51051000100000000001",
      "linkBasedInvoicePayment": "false",
      "topupAndPay": "false",
      "clientIP": "27.59.215.80, 23.205.118.97",
      "merchantTransId": "55155401788533640911212",
      "custID": "471024472",
      "peonURL": "https://cart.paytm.com/payment/g/paytmnew/recon",
      "paytmMerchantId": "scwpay09224240900570",
      "theme": "paytmAppLow",
      "promoCode": "",
      "ssoToken": "aa1cce2d-eec3-40af-91c7-3c92a81f1400",
      "alipayMerchantId": "216820000000353775041",
      "currentDateTime": "2018-07-05T15:32:29+05:30",
      "userMobile": "9100233718",
      "userEmail": null
    },
    "payOptions": [
      {
        "payMethod": "DEBIT_CARD",
        "payAmount": {
          "value": "2000",
          "currency": "INR"
        },
        "issuingBankId": "IDBI",
        "issuingBankName": "IDBI BANK LTD"
      }
    ]
  }
}