{
  "gamelist": {
    "status": 1,
    "errors": [
      
    ],
    "data": {
      "is_next": false,
      "supercash_list": [
        {
          "stage": 1,
          "offer_id": "466",
          "game_expiry_amount": 20,
          "game_status": "GAME_EXPIRED",
          "game_expiry": "2019-02-14T09:30:38.000Z",
          "created_at": "2019-02-14T09:00:38.000Z",
          "success_txn_count": 1,
          "total_txn_count": 3,
          "game_expiry_reason_text": "Your offer expired as you did not complete 2 out of 560 transactions.",
          "txn_count_text": "1/560 kvjerlkejlb Received",
          "success_txn_text": "1 kvjerlkejlb done",
          "campaign": {
            "id": 28435,
            "valid_upto": "2019-02-28T07:20:00.000Z",
            "description": "Automation_CLM",
            "short_description": "vmslkd",
            "offer_text_override": "ncwnwlv",
            "offer_icon_override_url": "cnscnwejljfl",
            "background_image_url": "rwwijdkcmllk",
            "new_offers_image_url": "cmckewew",
            "offer_keyword": "kvjerlkejlb",
            "tnc_url": "https://paytmmall.com/papi/v2/promocard/supercash/campaign/tnc/28435",
            "off_us_transaction_text": "ccdlkv",
            "campaign": "Automation_CLM",
            "cashback_process_delay": "30",
            "cashback_process_delay_unit": 1,
            "title": "cdnsvjd",
            "isDeeplink": false,
            "auto_activate": true
          },
          "stages": [
            {
              "stage": [
                0
              ],
              "stage_total_txn_count": 1,
              "stage_success_txn_count": 1,
              "stage_status": "COMPLETED",
              "stage_screen_construct1": "1st - 1st kvjerlkejlb",
              "tasks": [
                {
                  "stage_redemption_type": "cashback",
                  "cap_bonus_amount": 5000,
                  "gratification_type_flat": "percentage",
                  "frontend_redemption_type": "cashback",
                  "gratification_processed": false,
                  "bonus_amount_earned": 200,
                  "redemption_type_icon_url": "https://paytm.s3-ap-southeast-1.amazonaws.com/promo_seller_panel_uploads/production/Cashback.png",
                  "fulfillment_at": "2019-02-14 15:00:38",
                  "redemption_text": "Cashback will be settled within 24 hours in your linked merchant bank account."
                }
              ],
              "stage_gratification_text": "You won ₹200 cashback"
            },
            {
              "stage": [
                1
              ],
              "stage_total_txn_count": 2,
              "stage_success_txn_count": 0,
              "stage_status": "INPROGRESS",
              "stage_screen_construct1": "2nd - 3rd kvjerlkejlb",
              "tasks": [
                {
                  "stage_redemption_type": "cashback",
                  "cap_bonus_amount": 50000,
                  "gratification_type_flat": "percentage",
                  "frontend_redemption_type": "cashback",
                  "gratification_processed": false,
                  "bonus_amount_earned": 20,
                  "redemption_type_icon_url": "https://paytm.s3-ap-southeast-1.amazonaws.com/promo_seller_panel_uploads/production/Cashback.png",
                  "fulfillment_at": "2019-02-14T09:32:43.097Z",
                  "redemption_text": "Cashback will be settled within 24 hours in your linked merchant bank account."
                }
              ],
              "stage_gratification_text": "You will get upto ₹50000 cashback"
            }
          ],
          "max_cap_bonus_amount_game": 55000,
          "bonus_amount_earned": 0,
          "remaining_time": "0 left to expire",
          "game_gratification_message": "You have earned ₹0"
        }
      ]
    }
  }
}