{
"Request_Response": [
  {
    "TestCaseName": "V1 merchant clm  Offer_per_merchant condition breeched",
    "Request": {
    },
    "Response": {
      "error": "Offer per merchant condition getting breached",
      "status": {
        "result": "failure",
        "message": {
          "title": "Offer per merchant condition getting breached",
          "message": "Offer per merchant condition getting breached"
        }
      },
      "code": 405,
      "errorCode": "SCB_GE_4017"
    }
  }
]
}