  {
    "Request_Response": [
  {
    "TestCaseName": "V1 merchant clm  offer activate api valid request for merchant segment",
    "Request": {
    },
    "Response": {
      "status": 1,
      "errors": [],
      "data": {
        "stage": 0,
        "offer_id": "#$*.*",
        "game_expiry_amount": 20,
        "game_status": "INPROGRESS",
        "game_expiry": "#$*.*",
        "game_completion_time": "#$*.*",
        "created_at": "#$*.*",
        "success_txn_count": "0",
        "total_txn_count": 3,
        "txn_count_text": "0/3 Payments Received",
        "success_txn_text": "0 Payment done",
        "campaign": {
          "id": 28889,
          "valid_upto": "#$*.*",
          "description": "AUTO_CLM_SegmentMerchant",
          "short_description": "AUTO_CLM_SegmentMerchant",
          "offer_text_override": "AUTO_CLM_SegmentMerchant",
          "offer_icon_override_url": "AUTO_CLM_SegmentMerchant",
          "background_image_url": "AUTO_CLM_SegmentMerchant",
          "new_offers_image_url": "AUTO_CLM_SegmentMerchant",
          "important_terms": "<p>AUTO_CLM_SegmentMerchant</p>\n",
          "offer_keyword": "Payment",
          "tnc_url": "https://paytmmall.com/papi/v2/promocard/supercash/campaign/tnc/28889",
          "off_us_transaction_text": "namita_clm1",
          "campaign": "AUTO_CLM_SEGMENTMERCHANT",
          "cashback_process_delay": "5",
          "cashback_process_delay_unit": "1",
          "title": "AUTO_CLM_SegmentMerchant",
          "isDeeplink": true,
          "deeplink_url": "AUTO_CLM_SegmentMerchant",
          "auto_activate": true,
          "surprise_text": "AUTO_CLM_SegmentMerchant"
        },
        "stages": [
          {
            "stage": [
              0
            ],
            "stage_total_txn_count": 1,
            "stage_success_txn_count": "0",
            "stage_status": "INPROGRESS",
            "stage_screen_construct1": "1st payment",
            "tasks": [
              {
                "stage_redemption_type": "bank account cashback",
                "cap_bonus_amount": 5000,
                "gratification_type_flat": "percentage",
                "frontend_redemption_type": "bank account cashback",
                "gratification_processed": false,
                "bonus_amount_earned": 0,
                "redemption_type_icon_url": "https://paytm.s3-ap-southeast-1.amazonaws.com/promo_seller_panel_uploads/production/Cashback.png"
              }
            ],
            "stage_gratification_text": "You will get upto ₹5000 bank account cashback"
          },
          {
            "stage": [
              1
            ],
            "stage_total_txn_count": 2,
            "stage_success_txn_count": 0,
            "stage_status": "NOT_STARTED",
            "stage_screen_construct1": "2nd - 3rd payment",
            "tasks": [
              {
                "stage_redemption_type": "bank account cashback",
                "cap_bonus_amount": 4000,
                "gratification_type_flat": "percentage",
                "frontend_redemption_type": "bank account cashback",
                "gratification_processed": false,
                "bonus_amount_earned": 0,
                "redemption_type_icon_url": "https://paytm.s3-ap-southeast-1.amazonaws.com/promo_seller_panel_uploads/production/Cashback.png"
              }
            ],
            "stage_gratification_text": "You will get upto ₹4000 bank account cashback"
          }
        ],
        "max_cap_bonus_amount_game": 9000,
        "bonus_amount_earned": 0,
        "remaining_time": "1 minutes left to expire",
        "offer_progress_construct": "You are 1 payment away from earning upto ₹5000 bank account cashback"
      }
    }
  }
    ]
  }