[
  {
    "testCaseName": "MerchantCLM myOffer Inprogress and completed Game",
    "expectedResponse": {
      "data": {
        "is_next": false,
        "supercash_list": [
          {
            "stage": 1,
            "offer_id": "#$*.*",
            "game_expiry_amount": "#$*.*",
            "game_status": "INPROGRESS",
            "game_expiry": "#$*.*",
            "game_completion_time": "#$*.*",
            "created_at": "#$*.*",
            "success_txn_count": 1,
            "total_txn_count": 3,
            "txn_count_text": "1/3 Payment Received",
            "success_txn_text": "1 Automation_CLM_MyOffers done",
            "campaign": {
              "id": 29826,
              "valid_upto": "#$*.*",
              "description": "Automation_CLM_MyOffers",
              "short_description": "Automation_CLM_MyOffers",
              "offer_text_override": "Automation_CLM_MyOffers",
              "offer_icon_override_url": "Automation_CLM_MyOffers",
              "background_image_url": "rwwijdkcmllk",
              "new_offers_image_url": "Automation_CLM_MyOffers",
              "important_terms": "<p>Automation_CLM_MyOffers</p>\n",
              "offer_keyword": "Automation_CLM_MyOffers",
              "tnc_url": "https://gateway.paytm.com/papi/v2/promocard/supercash/campaign/tnc/29826",
              "off_us_transaction_text": "Automation_CLM_MyOffers",
              "campaign": "AUTOMATION_CLM_MYOFFERS",
              "cashback_process_delay": "30",
              "cashback_process_delay_unit": 1,
              "title": "Automation_CLM_MyOffers",
              "isDeeplink": false,
              "auto_activate": true,
              "surprise_text": "Automation_CLM_MyOffers"
            },
            "stages": [
              {
                "stage": [
                  0
                ],
                "stage_total_txn_count": 1,
                "stage_success_txn_count": 1,
                "stage_status": "COMPLETED",
                "stage_screen_construct1": "1st payment",
                "tasks": [
                  {
                    "stage_redemption_type": "bank account cashback",
                    "cap_bonus_amount": 5000,
                    "gratification_type_flat": "percentage",
                    "frontend_redemption_type": "bank account cashback",
                    "gratification_processed": false,
                    "bonus_amount_earned": 200,
                    "redemption_type_icon_url": "https://paytm.s3-ap-southeast-1.amazonaws.com/promo_seller_panel_uploads/production/Cashback.png",
                    "fulfillment_at": "#$*.*",
                    "redemption_text": "Cashback will be settled within 48 hours in your bank account. If any payment is cancelled, you need to complete the offer to be eligible for cashback"
                  }
                ],
                "stage_gratification_text": "You will win ₹200 bank account cashback"
              },
              {
                "stage": [
                  1
                ],
                "stage_total_txn_count": 2,
                "stage_success_txn_count": 0,
                "stage_status": "NOT_STARTED",
                "stage_screen_construct1": "2nd - 3rd payment",
                "tasks": [
                  {
                    "stage_redemption_type": "bank account cashback",
                    "cap_bonus_amount": 50000,
                    "gratification_type_flat": "percentage",
                    "frontend_redemption_type": "bank account cashback",
                    "gratification_processed": false,
                    "bonus_amount_earned": 0,
                    "redemption_type_icon_url": "https://paytm.s3-ap-southeast-1.amazonaws.com/promo_seller_panel_uploads/production/Cashback.png"
                  }
                ],
                "stage_gratification_text": "You will win upto ₹50000 bank account cashback"
              }
            ],
            "max_cap_bonus_amount_game": 55000,
            "bonus_amount_earned": 200,
            "remaining_time": "#$*.*",
            "offer_progress_construct": "You are 2 payment away from earning upto ₹50000 bank account cashback"
          },
          {
            "stage": 1,
            "offer_id": "#$*.*",
            "game_expiry_amount": "#$*.*",
            "game_status": "COMPLETED",
            "game_expiry": "#$*.*",
            "game_completion_time": "#$*.*",
            "created_at": "#$*.*",
            "success_txn_count": 3,
            "total_txn_count": 3,
            "txn_count_text": "3/3 Payment Received",
            "success_txn_text": "3 Automation_CLM_MyOffers done",
            "campaign": {
              "id": 29826,
              "valid_upto": "#$*.*",
              "description": "Automation_CLM_MyOffers",
              "short_description": "Automation_CLM_MyOffers",
              "offer_text_override": "Automation_CLM_MyOffers",
              "offer_icon_override_url": "Automation_CLM_MyOffers",
              "background_image_url": "rwwijdkcmllk",
              "new_offers_image_url": "Automation_CLM_MyOffers",
              "important_terms": "<p>Automation_CLM_MyOffers</p>\n",
              "offer_keyword": "Automation_CLM_MyOffers",
              "tnc_url": "https://gateway.paytm.com/papi/v2/promocard/supercash/campaign/tnc/29826",
              "off_us_transaction_text": "Automation_CLM_MyOffers",
              "campaign": "AUTOMATION_CLM_MYOFFERS",
              "cashback_process_delay": "30",
              "cashback_process_delay_unit": 1,
              "title": "Automation_CLM_MyOffers",
              "isDeeplink": false,
              "auto_activate": true,
              "surprise_text": "Automation_CLM_MyOffers"
            },
            "stages": [
              {
                "stage": [
                  0
                ],
                "stage_total_txn_count": 1,
                "stage_success_txn_count": 1,
                "stage_status": "COMPLETED",
                "stage_screen_construct1": "1st payment",
                "tasks": [
                  {
                    "stage_redemption_type": "bank account cashback",
                    "cap_bonus_amount": 5000,
                    "gratification_type_flat": "percentage",
                    "frontend_redemption_type": "bank account cashback",
                    "gratification_processed": false,
                    "bonus_amount_earned": 200,
                    "redemption_type_icon_url": "https://paytm.s3-ap-southeast-1.amazonaws.com/promo_seller_panel_uploads/production/Cashback.png",
                    "fulfillment_at": "#$*.*",
                    "redemption_text": "Cashback will be settled within 48 hours in your bank account. If any payment is cancelled, you need to complete the offer to be eligible for cashback"
                  }
                ],
                "stage_gratification_text": "You will win ₹200 bank account cashback"
              },
              {
                "stage": [
                  1
                ],
                "stage_total_txn_count": 2,
                "stage_success_txn_count": 2,
                "stage_status": "COMPLETED",
                "stage_screen_construct1": "2nd - 3rd payment",
                "tasks": [
                  {
                    "stage_redemption_type": "bank account cashback",
                    "cap_bonus_amount": 50000,
                    "gratification_type_flat": "percentage",
                    "frontend_redemption_type": "bank account cashback",
                    "gratification_processed": false,
                    "bonus_amount_earned": 200,
                    "redemption_type_icon_url": "https://paytm.s3-ap-southeast-1.amazonaws.com/promo_seller_panel_uploads/production/Cashback.png",
                    "fulfillment_at": "#$*.*",
                    "redemption_text": "Cashback will be settled within 48 hours in your bank account. If any payment is cancelled, you need to complete the offer to be eligible for cashback"
                  }
                ],
                "stage_gratification_text": "You will win ₹200 bank account cashback"
              }
            ],
            "max_cap_bonus_amount_game": 55000,
            "bonus_amount_earned": 400,
            "remaining_time": "#$*.*",
            "game_gratification_message": "You have earned ₹400 bank account cashback"
          }
        ]
      },
      "errors": [],
      "status": 1
    }
  }

]