{
  "txn_data": {
    "sourceSystemId":"PGP",
    "reqId":"12312312",
    "parentTxnId": "545t55",
    "merchantTransId": "PARCEL769667",
    "createdTime": "2018-04-20T12:31:40+05:30",
    "orderAmount": {
      "value": "1",
      "currency": "INR"
    },
    "requestType": "REFUND",
    "merchantId": "216820000000192146273",
    "createOrderTime": "2018-04-19T14:33:18+05:30",
    "merchantRequestId": "3979112",
    "txnId": "20180420423432weqweq312323",
    "refundAmount": {
      "value": "120000",
      "currency": "INR"
    },
    "refundApplyTime": "2018-04-19T14:33:18+05:30",
    "Offset": "YES",
    "refundSuccessTime": "2018-04-17T18:41:23+05:30",
    "totalSuccessfulRefundedAmountOnOrder": {
      "value": "5000",
      "currency": "INR"
    },
    "refundReason": "NOT REQUIRED",
    "returnChargeToPayer": "true",
    "refundSuccessResult": {
      "resultStatus": "S",
      "resultCodeId": "01",
      "resultCode": "01",
      "resultMsg": "Refund Success"
    }
  }
}