{
  "BalanceAndPostPaidSameCamp": {
    "PAYTM_DIGITAL_CREDIT": [
      {
        "id": 998807,
        "campaign": "AUTOMATE_PGPROJECTCASE2",
        "tnc": "https://gateway.paytm.com/papi/v2/promocard/supercash/campaign/tnc/998807?html=true",
        "offer_title": "Get ₹45 cashback",
        "display_text": "Get ₹45 cashback",
        "short_description": "Recharge your mobile 1 time for ₹23 within a day",
        "game_context": null
      }
    ],
    "BALANCE": [
      {
        "id": 998807,
        "campaign": "AUTOMATE_PGPROJECTCASE2",
        "tnc": "https://gateway.paytm.com/papi/v2/promocard/supercash/campaign/tnc/998807?html=true",
        "offer_title": "Get ₹45 cashback",
        "display_text": "Get ₹45 cashback",
        "short_description": "Recharge your mobile 1 time for ₹23 within a day",
        "game_context": null
      }
    ]
  },
  "BalanceOnlyProjection": {
    "PAYTM_DIGITAL_CREDIT": [],
    "BALANCE": [
      {
        "id": 999332,
        "campaign": "AUTOMATE_PGPROJECTCASE3",
        "tnc": "https://gateway.paytm.com/papi/v2/promocard/supercash/campaign/tnc/999332?html=true",
        "offer_title": "Get upto ₹20 cashback",
        "display_text": "Get upto ₹20 cashback",
        "short_description": "Recharge your mobile 1 time for ₹27 within a day",
        "game_context": null
      }
    ]
  },
  "PostPaidOnlyProjection": {
    "PAYTM_DIGITAL_CREDIT": [
      {
        "id": 999333,
        "campaign": "AUTOMATE_PGPROJECTCASE4",
        "tnc": "https://gateway.paytm.com/papi/v2/promocard/supercash/campaign/tnc/999333?html=true",
        "offer_title": "Get ₹45 cashback",
        "display_text": "Get ₹45 cashback",
        "short_description": "Recharge your mobile 1 time for ₹27 within a day",
        "game_context": null
      }
    ],
    "BALANCE": []
  },
  "BalanceAndPostPaidDiffCamp": {
    "PAYTM_DIGITAL_CREDIT": [
      {
        "id": 999659,
        "campaign": "AUTOMATE_PGPROJECTCASE5",
        "tnc": "https://gateway.paytm.com/papi/v2/promocard/supercash/campaign/tnc/999659?html=true",
        "offer_title": "Get upto ₹45 cashback",
        "display_text": "Get upto ₹45 cashback",
        "short_description": "Recharge your mobile 1 time for more than ₹50 within a day",
        "game_context": null
      }
    ],
    "BALANCE": [
      {
        "id": 999660,
        "campaign": "AUTOMATE_PGPROJECTCASE6",
        "tnc": "https://gateway.paytm.com/papi/v2/promocard/supercash/campaign/tnc/999660?html=true",
        "offer_title": "Get ₹1000 cashback",
        "display_text": "Get ₹1000 cashback",
        "short_description": "Recharge your mobile 1 time for ₹51 within a day",
        "game_context": null
      }
    ]
  },
  "RandomAtStage0": {
    "PAYTM_DIGITAL_CREDIT": [],
    "BALANCE": [
      {
        "id": 999661,
        "campaign": "AUTOMATE_PGPROJECTCASE7",
        "tnc": "https://gateway.paytm.com/papi/v2/promocard/supercash/campaign/tnc/999661?html=true",
        "offer_title": "Get upto ₹41 cashback",
        "display_text": "Recharge your mobile to get upto ₹20 cashback",
        "short_description": "Recharge your mobile 2 times for ₹61 within a day",
        "game_context": null
      }
    ]
  },
  "ZeroAmtAtStage0": {
    "PAYTM_DIGITAL_CREDIT": [],
    "BALANCE": [
      {
        "id": 999662,
        "campaign": "AUTOMATE_PGPROJECTCASE8",
        "tnc": "https://gateway.paytm.com/papi/v2/promocard/supercash/campaign/tnc/999662?html=true",
        "offer_title": "Get ₹30 cashback",
        "display_text": "Recharge your mobile 3 times to get ₹30 cashback",
        "short_description": "Recharge your mobile 3 times for ₹71 within a day",
        "game_context": null
      }
    ]
  },
  "ProjectionIncaseOfInvalidJWT": {
    "message": "Unauthorized",
    "errors": [
      {
        "message": "Invalid jwt token",
        "code": "SCB_4003",
        "field": null
      }
    ]
  },
  "ProjectionIncaseOfInvalidClientID": {
    "message": "Unauthorized",
    "errors": [
      {
        "message": "Invalid client id",
        "code": "SCB_4004",
        "field": null
      }
    ]
  },
  "ProjectionIncaseOfMissingJWT": {
    "message": "Bad Request",
    "errors": [
      {
        "message": "Missing jwt token in the request",
        "code": "SCB_4002",
        "field": null
      }
    ]
  },
  "ProjectionIncaseOfMissingClientID": {
    "message": "Bad Request",
    "errors": [
      {
        "message": "Missing client id in the request",
        "code": "SCB_4001",
        "field": null
      }
    ]
  },
  "ProjectionIncasePaymodsMissing": {
    "message": "Bad Request",
    "errors": [
      {
        "message": "Missing promo context details in the request",
        "code": "SCB_4007",
        "field": null
      }
    ]
  },
  "ProjectionIncaseMissingPGMids": {
    "message": "Bad Request",
    "errors": [
      {
        "message": "Missing PG MID in the request",
        "code": "SCB_4007",
        "field": null
      }
    ]
  },
  "ProjectionAfterCancellation": {
    "id": 998807,
    "campaign": "AUTOMATE_PGPROJECTCASE2",
    "tnc": "https://gateway.paytm.com/papi/v2/promocard/supercash/campaign/tnc/998807?html=true",
    "offer_title": "Get ₹45 cashback",
    "display_text": "Get ₹45 cashback",
    "short_description": "Recharge your mobile 1 time for ₹23 within a day",
    "game_context": {
      "id": 2271029,
      "stage_progress_construct": "Recharge your mobile to get a scratch card worth ₹45",
      "completed_txns": 0,
      "required_txns": 1
    }
  },
  "BalanceAndPostPaidHybridTrue": {
    "PAYTM_DIGITAL_CREDIT": [],
    "BALANCE": []
  },
  "ProjectionIncaseOfInvalidSource":{
    "message": "Bad Request",
    "errors": [
      {
        "message": "Invalid transaction source in the request",
        "code": "SCB_4007",
        "field": null
      }
    ]
  }
}