[
      {
        "TestCaseName": "Verify redemption type cashback",
        "Code": "AUTOTESTCASHBACK",
        "Action":"Cashback"
      },
      {
        "TestCaseName": "Verify Multi redemption type",
        "Code": "AUTOTESTGOLDBACK",
        "Action":"Multi-redemption"
      },
      {
        "TestCaseName": "Verify Multi redemption type post action",
        "Code": "AUTOTESTPOST01",
        "Action":"Postaction"
      },
      {
        "TestCaseName": "Verify Multi redemption type upi",
        "Code": "AUTOTESTUPI",
        "Action":"Postaction"
      },
      {
        "TestCaseName": "Verify Multi redemption type ppbl",
        "Code": "AUTOTESTPPBL",
        "Action":"Postaction"
      }


]