{
  "txnOrderStatus": {
    "data": {
      "id": 36,
      "user_game_info": {
        "name": "user",
        "avatar": "default avatar_0_-1",
        "status": "INPROGRESS",
        "display_stage": 0,
        "display_sub_stage": -1,
        "currency_value": [
          {
            "currency": "runs",
            "value": 0
          }
        ],
        "magic_link": null,
        "stage_completion_text": "You need 25 more runs to win the rewards and unlock your way to the next stage.",
        "sub_stage_completion_text": "You need 8 more runs to acquire the Bat. Attack players or complete Activities to score more runs.",
        "last_login_info": {
          "stage": -1,
          "step": -1
        },
        "is_new_user": false,
        "last_completed_stage": -1,
        "last_completed_sub_stage": -1
      },
      "game_info": {
        "id": 1,
        "name": "Paytm Cricket Live",
        "description": "Cricket League",
        "icon_url": "https://www.paytm.com/cricket/",
        "display_currencies": [
          {
            "name": "runs",
            "info": {
              "iconUrl": "https://www.paytm.com/cricket/"
            },
            "display_name": "runs"
          }
        ],
        "stage_summary": {
          "0": {
            "name": "GULLY CRICKET",
            "description": "Gully Cricket",
            "value": 25,
            "redemption_text": "Complete this stage & Win Rs.50 cashback",
            "sub_stage_info": [
              {
                "step": 0,
                "currency_value": {
                  "currency": "runs",
                  "value": 8
                },
                "info": {
                  "name": "Bat",
                  "icon": "Bat icon",
                  "description": "Bat"
                }
              },
              {
                "step": 1,
                "currency_value": {
                  "currency": "runs",
                  "value": 18
                },
                "info": {
                  "name": "Ball",
                  "icon": "Ball icon",
                  "description": "Ball"
                }
              },
              {
                "step": 2,
                "currency_value": {
                  "currency": "runs",
                  "value": 25
                },
                "info": {
                  "name": "Cap",
                  "icon": "Cap icon",
                  "description": "Cap"
                }
              }
            ]
          },
          "1": {
            "name": "SCHOOL TEAM",
            "description": "School Team",
            "value": 75,
            "redemption_text": "Complete this stage & Win Rs.200 cashback",
            "sub_stage_info": [
              {
                "step": 0,
                "currency_value": {
                  "currency": "runs",
                  "value": 38
                },
                "info": {
                  "name": "Shoes",
                  "icon": "Shoes icon",
                  "description": "Shoes"
                }
              },
              {
                "step": 1,
                "currency_value": {
                  "currency": "runs",
                  "value": 46
                },
                "info": {
                  "name": "Shirt",
                  "icon": "Shirt icon",
                  "description": "Shirt"
                }
              },
              {
                "step": 2,
                "currency_value": {
                  "currency": "runs",
                  "value": 50
                },
                "info": {
                  "name": "Wooden Bat",
                  "icon": "Bat icon",
                  "description": "Wooden Bat"
                }
              },
              {
                "step": 3,
                "currency_value": {
                  "currency": "runs",
                  "value": 75
                },
                "info": {
                  "name": "Cosco Ball",
                  "icon": "Ball icon",
                  "description": "Ball"
                }
              }
            ]
          }
        }
      }
    },
    "errors": [

    ],
    "status": 1
  },
  "no_game_entity_id_response":
  {
    "errors":[
      {
        "errorCode":"PRMPLY_1005",
        "message":"Validation failed",
        "title":"Validation Error",
        "status":400
      }
    ],
    "status":0
  },
  "magic_link_response":{"data":{"recieved":true,"message":"You won a scratch card"},"errors":[],"status":1}
}