{
  "Request_Response": [
    {
      "TestCaseName": "V2 promo apply for recharge validating condition promocode_usage_count_by_fraud_by_day_by_web using campaign PCUCampaign",
      "Request": {
        "user": {
          "id": 306220250,
          "username": "",
          "firstName": "Himanshu",
          "middleName": "",
          "lastName": "Jain",
          "gender": "MALE",
          "dateOfBirth": "26/12/1989",
          "mobile": 5656566196,
          "created_at": "Dec 4, 2016 10:25:47 AM",
          "countryCode": "91",
          "status": true,
          "is_verified_email": 0,
          "is_verified_mobile": 1,
          "sendEmailFLag": 1,
          "isKyc": false,
          "walletType": "SCW",
          "userTypes": [],
          "expiryTime": "1545989513000"
        },
        "cart": {
          "items": {
            "{pid43696473config{price1recharge_number5656566196": {
              "product_id": 196,
              "qty": 1,
              "child_site_id": 1,
              "price": 1,
              "conv_fee": 0,
              "fulfillment_req": {
                "price": 1000,
                "recharge_number": "9999966666"
              },
              "meta_data": {
                "protection_url": "https://paytm.com/protection/v1/public/home/utilities/policies?categoryId=26",
                "due_date": "NA"
              },
              "display_sequence": 1,
              "in_stock": true,
              "product": {
                "attributes": {
                  "service": "Electricity",
                  "paytype": "postpaid",
                  "operator": "UTTAR GUJARAT VIJ",
                  "circle": "Gujarat",
                  "service_label": "Electricity",
                  "paytype_label": "Bill Payment",
                  "operator_label": "Uttar Gujarat Vij",
                  "circle_label": "Gujarat",
                  "info": "[{ \"title\": \"Consumer Number\", \"sub_title\": \"\", \"config_key\": \"recharge_number\",\"isAlphanumeric\":\"true\" , \"isBDProduct\":\"true\", \"url\":\"http://www.ugvcl.com/Online-payment.htm\", \"billerId\":\"UGVCL\", \"regex\": \"^[A-Za-z0-9]{5}$|^[A-Za-z0-9]{11}$\" }]",
                  "min_amount": "1",
                  "max_amount": "99999",
                  "status": "1",
                  "prefetch": "1",
                  "district": "N/A",
                  "input_field-title-1": "Consumer Number",
                  "input_field-config_key-1": "recharge_number",
                  "input_field-regex-1": "^[0-9]{11}$",
                  "input_field-isAlphanumeric-1": "true",
                  "input_field-isBDProduct-1": "false",
                  "input_field-url-1": "http://www.ugvcl.com/Online-payment.htm",
                  "input_field-billerId-1": "UGVCL",
                  "sub_district": "N/A",
                  "sub_division": "N/A",
                  "state": "Gujarat",
                  "board": "Uttar Gujarat Vij",
                  "input_field-message-1": "Please enter your 11 digit Consumer Number"
                },
                "autocode": null,
                "brand": "Uttar Gujarat Vij",
                "brand_id": 467416,
                "category_id": 13,
                "conv_fee": 0,
                "custom_int_4": 1,
                "dimensions": null,
                "fulfillment_mode": 0,
                "fulfillment_service": 3,
                "id": 109706199,
                "image": "https://assetscdn.paytm.com/images/catalog/product/U/Ut/UttarGujaratVijElectricityPostpaid/0.jpg",
                "is_in_stock": 1,
                "manage_stock": 0,
                "max_dispatch_time": 0,
                "merchant_id": 2,
                "merchant_name": "Topups OMS Client",
                "merchant_stock": 1,
                "mrp": 1,
                "name": "Bill Payment Uttar Gujarat Vij",
                "need_shipping": 0,
                "parent_id": null,
                "pay_type": 63918,
                "paytm_sku": "UttarGujaratVijElectricityPostpaid",
                "price": 100,
                "product_type": 1,
                "weight": 0,
                "return_in_days": 0,
                "return_policy_id": 2,
                "shipping_charge": 0,
                "sku": "uttargujratvij_gujarat_electricity_postpaid",
                "status": 1,
                "tax_id": null,
                "thumbnail": "https://assetscdn.paytm.com/images/catalog/product/U/Ut/UttarGujaratVijElectricityPostpaid/0.jpg",
                "url_key": "bill-payment-uttar-gujarat-vij-uttargujaratvijelectricitypostpaid",
                "vertical_id": 76,
                "info": "{}",
                "custom_text_2": "{\"child_site_ids\":{\"1\":{\"p\":1},\"6\":{\"p\":2}}}",
                "custom_text_9": null,
                "currency_id": 1,
                "raw_currency": {
                  "price": 1000,
                  "mrp": 1,
                  "shipping_charge": 0,
                  "currency_id": 1,
                  "code": "INR",
                  "symbol": "₹",
                  "country_code": "IND"
                },
                "currency": {
                  "conversion_rate": 1,
                  "currency_id": 1,
                  "code": "INR",
                  "symbol": "₹",
                  "country_code": "IND"
                },
                "short_description": {},
                "type": "Recharge",
                "not_cacellable_post_ship": 0,
                "cod_applicable": 0
              },
              "total_quantity": 10,
              "isServiceOptionsSet": true,
              "shipping_charges": 0
            }
          },
          "count": 0,
          "site_id": 2,
          "is_express": true,
          "is_physical": false,
          "need_shipping": 0,
          "cod_applicable": 0,
          "reqId": "1514457138.941-54.179.146.136-1835-1282900284-84"
        },
        "clientDetails": {
          "user_agent": "Mozilla/5.0 (Macintosh; Intel Mac OS X 10_13_1) AppleWebKit/537.36 (KHTML, like Gecko) Chrome/45.0.2454.101 Safari/537.36",
          "ip": "54.179.146.136",
          "site_id": 1,
          "channel": "web",
          "version": "2",
          "utm_source": "/papi/v1/expresscart/verify",
          "sso_token": "611cb76c-d9dd-48b6-bafe-201ee8d90100",
          "client": "WEB",
          "child_site_id": 1
        },
        "promocode": "PCUCampaign"
      },
      "Response": {
        "code": 406,
        "data": {
          "basket_campaign": false
        },
        "errorCode": "PC_VL_4002",
        "error": "This code can be used maximum 2 times per user.",
        "title": "Please enter a valid promotional code"
      }
    },
    {
      "TestCaseName": "V2 promo apply for recharge validating condition promocode_usage_count_by_recharge campaign_by_valid_from PCUCampaign",
      "Request": {
        "user": {
          "id": 306220250,
          "username": "",
          "firstName": "Himanshu",
          "middleName": "",
          "lastName": "Jain",
          "gender": "MALE",
          "dateOfBirth": "26/12/1989",
          "mobile": 5656566196,
          "created_at": "Dec 4, 2016 10:25:47 AM",
          "countryCode": "91",
          "status": true,
          "is_verified_email": 0,
          "is_verified_mobile": 1,
          "sendEmailFLag": 1,
          "isKyc": false,
          "walletType": "SCW",
          "userTypes": [],
          "expiryTime": "1545989513000"
        },
        "cart": {
          "items": {
            "{pid43696473config{price1recharge_number5656566196": {
              "product_id": 196,
              "qty": 1,
              "child_site_id": 1,
              "price": 1,
              "conv_fee": 0,
              "fulfillment_req": {
                "price": 1000,
                "recharge_number": "9999966666"
              },
              "meta_data": {
                "protection_url": "https://paytm.com/protection/v1/public/home/utilities/policies?categoryId=26",
                "due_date": "NA"
              },
              "display_sequence": 1,
              "in_stock": true,
              "product": {
                "attributes": {
                  "service": "Electricity",
                  "paytype": "postpaid",
                  "operator": "UTTAR GUJARAT VIJ",
                  "circle": "Gujarat",
                  "service_label": "Electricity",
                  "paytype_label": "Bill Payment",
                  "operator_label": "Uttar Gujarat Vij",
                  "circle_label": "Gujarat",
                  "info": "[{ \"title\": \"Consumer Number\", \"sub_title\": \"\", \"config_key\": \"recharge_number\",\"isAlphanumeric\":\"true\" , \"isBDProduct\":\"true\", \"url\":\"http://www.ugvcl.com/Online-payment.htm\", \"billerId\":\"UGVCL\", \"regex\": \"^[A-Za-z0-9]{5}$|^[A-Za-z0-9]{11}$\" }]",
                  "min_amount": "1",
                  "max_amount": "99999",
                  "status": "1",
                  "prefetch": "1",
                  "district": "N/A",
                  "input_field-title-1": "Consumer Number",
                  "input_field-config_key-1": "recharge_number",
                  "input_field-regex-1": "^[0-9]{11}$",
                  "input_field-isAlphanumeric-1": "true",
                  "input_field-isBDProduct-1": "false",
                  "input_field-url-1": "http://www.ugvcl.com/Online-payment.htm",
                  "input_field-billerId-1": "UGVCL",
                  "sub_district": "N/A",
                  "sub_division": "N/A",
                  "state": "Gujarat",
                  "board": "Uttar Gujarat Vij",
                  "input_field-message-1": "Please enter your 11 digit Consumer Number"
                },
                "autocode": null,
                "brand": "Uttar Gujarat Vij",
                "brand_id": 467416,
                "category_id": 13,
                "conv_fee": 0,
                "custom_int_4": 1,
                "dimensions": null,
                "fulfillment_mode": 0,
                "fulfillment_service": 3,
                "id": 109706199,
                "image": "https://assetscdn.paytm.com/images/catalog/product/U/Ut/UttarGujaratVijElectricityPostpaid/0.jpg",
                "is_in_stock": 1,
                "manage_stock": 0,
                "max_dispatch_time": 0,
                "merchant_id": 2,
                "merchant_name": "Topups OMS Client",
                "merchant_stock": 1,
                "mrp": 1,
                "name": "Bill Payment Uttar Gujarat Vij",
                "need_shipping": 0,
                "parent_id": null,
                "pay_type": 63918,
                "paytm_sku": "UttarGujaratVijElectricityPostpaid",
                "price": 100,
                "product_type": 1,
                "weight": 0,
                "return_in_days": 0,
                "return_policy_id": 2,
                "shipping_charge": 0,
                "sku": "uttargujratvij_gujarat_electricity_postpaid",
                "status": 1,
                "tax_id": null,
                "thumbnail": "https://assetscdn.paytm.com/images/catalog/product/U/Ut/UttarGujaratVijElectricityPostpaid/0.jpg",
                "url_key": "bill-payment-uttar-gujarat-vij-uttargujaratvijelectricitypostpaid",
                "vertical_id": 76,
                "info": "{}",
                "custom_text_2": "{\"child_site_ids\":{\"1\":{\"p\":1},\"6\":{\"p\":2}}}",
                "custom_text_9": null,
                "currency_id": 1,
                "raw_currency": {
                  "price": 1000,
                  "mrp": 1,
                  "shipping_charge": 0,
                  "currency_id": 1,
                  "code": "INR",
                  "symbol": "₹",
                  "country_code": "IND"
                },
                "currency": {
                  "conversion_rate": 1,
                  "currency_id": 1,
                  "code": "INR",
                  "symbol": "₹",
                  "country_code": "IND"
                },
                "short_description": {},
                "type": "Recharge",
                "not_cacellable_post_ship": 0,
                "cod_applicable": 0
              },
              "total_quantity": 10,
              "isServiceOptionsSet": true,
              "shipping_charges": 0
            }
          },
          "count": 0,
          "site_id": 2,
          "is_express": true,
          "is_physical": false,
          "need_shipping": 0,
          "cod_applicable": 0,
          "reqId": "1514457138.941-54.179.146.136-1835-1282900284-84"
        },
        "clientDetails": {
          "client": "ANDROIDAPP",
          "deviceName": "asd",
          "deviceManufacturer": "ABC",
          "user_agent": "app",
          "site_id": "1",
          "deviceIdentifier": "SAMSUNG-J6",
          "version": "0.2.59",
          "playStore": "YES",
          "platform": "app"
        },
        "promocode": "PCUCampaign"
      },
      "Response": {
        "error": "A number can be recharged maximum 1 times using this code.",
        "code": 406,
        "errorCode": "PC_VL_4002",
        "title": "Please enter a valid promotional code",
        "data": {
          "basket_campaign": false
        }
      }
    },
    {
      "TestCaseName": "V2 promo apply for recharge validating condition promocode_usage_count_by_fraud_by_day_by_app using campaign PCUCampaign",
      "Request": {
        "user": {
          "id": 306220250,
          "username": "",
          "firstName": "Himanshu",
          "middleName": "",
          "lastName": "Jain",
          "gender": "MALE",
          "dateOfBirth": "26/12/1989",
          "mobile": 5656566196,
          "created_at": "Dec 4, 2016 10:25:47 AM",
          "countryCode": "91",
          "status": true,
          "is_verified_email": 0,
          "is_verified_mobile": 1,
          "sendEmailFLag": 1,
          "isKyc": false,
          "walletType": "SCW",
          "userTypes": [],
          "expiryTime": "1545989513000"
        },
        "cart": {
          "items": {
            "{pid43696473config{price1recharge_number5656566196": {
              "product_id": 196,
              "qty": 1,
              "child_site_id": 1,
              "price": 1,
              "conv_fee": 0,
              "fulfillment_req": {
                "price": 1000,
                "recharge_number": "9999955555"
              },
              "meta_data": {
                "protection_url": "https://paytm.com/protection/v1/public/home/utilities/policies?categoryId=26",
                "due_date": "NA"
              },
              "display_sequence": 1,
              "in_stock": true,
              "product": {
                "attributes": {
                  "service": "Electricity",
                  "paytype": "postpaid",
                  "operator": "UTTAR GUJARAT VIJ",
                  "circle": "Gujarat",
                  "service_label": "Electricity",
                  "paytype_label": "Bill Payment",
                  "operator_label": "Uttar Gujarat Vij",
                  "circle_label": "Gujarat",
                  "info": "[{ \"title\": \"Consumer Number\", \"sub_title\": \"\", \"config_key\": \"recharge_number\",\"isAlphanumeric\":\"true\" , \"isBDProduct\":\"true\", \"url\":\"http://www.ugvcl.com/Online-payment.htm\", \"billerId\":\"UGVCL\", \"regex\": \"^[A-Za-z0-9]{5}$|^[A-Za-z0-9]{11}$\" }]",
                  "min_amount": "1",
                  "max_amount": "99999",
                  "status": "1",
                  "prefetch": "1",
                  "district": "N/A",
                  "input_field-title-1": "Consumer Number",
                  "input_field-config_key-1": "recharge_number",
                  "input_field-regex-1": "^[0-9]{11}$",
                  "input_field-isAlphanumeric-1": "true",
                  "input_field-isBDProduct-1": "false",
                  "input_field-url-1": "http://www.ugvcl.com/Online-payment.htm",
                  "input_field-billerId-1": "UGVCL",
                  "sub_district": "N/A",
                  "sub_division": "N/A",
                  "state": "Gujarat",
                  "board": "Uttar Gujarat Vij",
                  "input_field-message-1": "Please enter your 11 digit Consumer Number"
                },
                "autocode": null,
                "brand": "Uttar Gujarat Vij",
                "brand_id": 467416,
                "category_id": 13,
                "conv_fee": 0,
                "custom_int_4": 1,
                "dimensions": null,
                "fulfillment_mode": 0,
                "fulfillment_service": 3,
                "id": 109706199,
                "image": "https://assetscdn.paytm.com/images/catalog/product/U/Ut/UttarGujaratVijElectricityPostpaid/0.jpg",
                "is_in_stock": 1,
                "manage_stock": 0,
                "max_dispatch_time": 0,
                "merchant_id": 2,
                "merchant_name": "Topups OMS Client",
                "merchant_stock": 1,
                "mrp": 1,
                "name": "Bill Payment Uttar Gujarat Vij",
                "need_shipping": 0,
                "parent_id": null,
                "pay_type": 63918,
                "paytm_sku": "UttarGujaratVijElectricityPostpaid",
                "price": 100,
                "product_type": 1,
                "weight": 0,
                "return_in_days": 0,
                "return_policy_id": 2,
                "shipping_charge": 0,
                "sku": "uttargujratvij_gujarat_electricity_postpaid",
                "status": 1,
                "tax_id": null,
                "thumbnail": "https://assetscdn.paytm.com/images/catalog/product/U/Ut/UttarGujaratVijElectricityPostpaid/0.jpg",
                "url_key": "bill-payment-uttar-gujarat-vij-uttargujaratvijelectricitypostpaid",
                "vertical_id": 76,
                "info": "{}",
                "custom_text_2": "{\"child_site_ids\":{\"1\":{\"p\":1},\"6\":{\"p\":2}}}",
                "custom_text_9": null,
                "currency_id": 1,
                "raw_currency": {
                  "price": 1000,
                  "mrp": 1,
                  "shipping_charge": 0,
                  "currency_id": 1,
                  "code": "INR",
                  "symbol": "₹",
                  "country_code": "IND"
                },
                "currency": {
                  "conversion_rate": 1,
                  "currency_id": 1,
                  "code": "INR",
                  "symbol": "₹",
                  "country_code": "IND"
                },
                "short_description": {},
                "type": "Recharge",
                "not_cacellable_post_ship": 0,
                "cod_applicable": 0
              },
              "total_quantity": 10,
              "isServiceOptionsSet": true,
              "shipping_charges": 0
            }
          },
          "count": 0,
          "site_id": 2,
          "is_express": true,
          "is_physical": false,
          "need_shipping": 0,
          "cod_applicable": 0,
          "reqId": "1514457138.941-54.179.146.136-1835-1282900284-84"
        },
        "clientDetails": {
          "client": "ANDROIDAPP",
          "deviceName": "asd",
          "deviceManufacturer": "ABC",
          "user_agent": "app",
          "site_id": "1",
          "deviceIdentifier": "SAMSUNG-J5",
          "version": "0.2.51",
          "playStore": "YES",
          "platform": "app"
        },
        "promocode": "PCUCampaign"
      },
      "Response": {
        "error": "You have exceeded max number of tries per day through app.",
        "code": 406,
        "errorCode": "PC_VL_4002",
        "title": "Please enter a valid promotional code",
        "data": {
          "basket_campaign": false
        }
      }
    },
    {
      "TestCaseName": "V2 promo apply for recharge validating condition promocode_usage_count_by_orders_by_valid_from using campaign PCUCampaign",
      "Request": {
        "user": {
          "id": 306220250,
          "username": "",
          "firstName": "Himanshu",
          "middleName": "",
          "lastName": "Jain",
          "gender": "MALE",
          "dateOfBirth": "26/12/1989",
          "mobile": 5656566196,
          "created_at": "Dec 4, 2016 10:25:47 AM",
          "countryCode": "91",
          "status": true,
          "is_verified_email": 0,
          "is_verified_mobile": 1,
          "sendEmailFLag": 1,
          "isKyc": false,
          "walletType": "SCW",
          "userTypes": [],
          "expiryTime": "1545989513000"
        },
        "cart": {
          "items": {
            "{pid43696473config{price1recharge_number5656566196": {
              "product_id": 196,
              "qty": 1,
              "child_site_id": 1,
              "price": 1,
              "conv_fee": 0,
              "fulfillment_req": {
                "price": 1000,
                "recharge_number": "9999944444"
              },
              "meta_data": {
                "protection_url": "https://paytm.com/protection/v1/public/home/utilities/policies?categoryId=26",
                "due_date": "NA"
              },
              "display_sequence": 1,
              "in_stock": true,
              "product": {
                "attributes": {
                  "service": "Electricity",
                  "paytype": "postpaid",
                  "operator": "UTTAR GUJARAT VIJ",
                  "circle": "Gujarat",
                  "service_label": "Electricity",
                  "paytype_label": "Bill Payment",
                  "operator_label": "Uttar Gujarat Vij",
                  "circle_label": "Gujarat",
                  "info": "[{ \"title\": \"Consumer Number\", \"sub_title\": \"\", \"config_key\": \"recharge_number\",\"isAlphanumeric\":\"true\" , \"isBDProduct\":\"true\", \"url\":\"http://www.ugvcl.com/Online-payment.htm\", \"billerId\":\"UGVCL\", \"regex\": \"^[A-Za-z0-9]{5}$|^[A-Za-z0-9]{11}$\" }]",
                  "min_amount": "1",
                  "max_amount": "99999",
                  "status": "1",
                  "prefetch": "1",
                  "district": "N/A",
                  "input_field-title-1": "Consumer Number",
                  "input_field-config_key-1": "recharge_number",
                  "input_field-regex-1": "^[0-9]{11}$",
                  "input_field-isAlphanumeric-1": "true",
                  "input_field-isBDProduct-1": "false",
                  "input_field-url-1": "http://www.ugvcl.com/Online-payment.htm",
                  "input_field-billerId-1": "UGVCL",
                  "sub_district": "N/A",
                  "sub_division": "N/A",
                  "state": "Gujarat",
                  "board": "Uttar Gujarat Vij",
                  "input_field-message-1": "Please enter your 11 digit Consumer Number"
                },
                "autocode": null,
                "brand": "Uttar Gujarat Vij",
                "brand_id": 467416,
                "category_id": 13,
                "conv_fee": 0,
                "custom_int_4": 1,
                "dimensions": null,
                "fulfillment_mode": 0,
                "fulfillment_service": 3,
                "id": 109706199,
                "image": "https://assetscdn.paytm.com/images/catalog/product/U/Ut/UttarGujaratVijElectricityPostpaid/0.jpg",
                "is_in_stock": 1,
                "manage_stock": 0,
                "max_dispatch_time": 0,
                "merchant_id": 2,
                "merchant_name": "Topups OMS Client",
                "merchant_stock": 1,
                "mrp": 1,
                "name": "Bill Payment Uttar Gujarat Vij",
                "need_shipping": 0,
                "parent_id": null,
                "pay_type": 63918,
                "paytm_sku": "UttarGujaratVijElectricityPostpaid",
                "price": 100,
                "product_type": 1,
                "weight": 0,
                "return_in_days": 0,
                "return_policy_id": 2,
                "shipping_charge": 0,
                "sku": "uttargujratvij_gujarat_electricity_postpaid",
                "status": 1,
                "tax_id": null,
                "thumbnail": "https://assetscdn.paytm.com/images/catalog/product/U/Ut/UttarGujaratVijElectricityPostpaid/0.jpg",
                "url_key": "bill-payment-uttar-gujarat-vij-uttargujaratvijelectricitypostpaid",
                "vertical_id": 76,
                "info": "{}",
                "custom_text_2": "{\"child_site_ids\":{\"1\":{\"p\":1},\"6\":{\"p\":2}}}",
                "custom_text_9": null,
                "currency_id": 1,
                "raw_currency": {
                  "price": 1000,
                  "mrp": 1,
                  "shipping_charge": 0,
                  "currency_id": 1,
                  "code": "INR",
                  "symbol": "₹",
                  "country_code": "IND"
                },
                "currency": {
                  "conversion_rate": 1,
                  "currency_id": 1,
                  "code": "INR",
                  "symbol": "₹",
                  "country_code": "IND"
                },
                "short_description": {},
                "type": "Recharge",
                "not_cacellable_post_ship": 0,
                "cod_applicable": 0
              },
              "total_quantity": 10,
              "isServiceOptionsSet": true,
              "shipping_charges": 0
            }
          },
          "count": 0,
          "site_id": 2,
          "is_express": true,
          "is_physical": false,
          "need_shipping": 0,
          "cod_applicable": 0,
          "reqId": "1514457138.941-54.179.146.136-1835-1282900284-84"
        },
        "clientDetails": {
          "client": "ANDROIDAPP",
          "deviceName": "asd",
          "deviceManufacturer": "ABC",
          "user_agent": "app",
          "site_id": "1",
          "deviceIdentifier": "SAMSUNG-J6",
          "version": "0.2.59",
          "playStore": "YES",
          "platform": "app"
        },
        "promocode": "PCUCampaign"
      },
      "Response": {
        "disabledPgModes": {},
        "promocode": "PCUCampaign",
        "enable_cod_applicability": false,
        "disablePGInstruments": {},
        "items": {
          "{pid43696473config{price1recharge_number5656566196": {
            "promotext_template": "Applied. Rs.${amount} cashback will be added to your Paytm wallet within 24 hrs of successful transaction. Get your KYC done to receive the cashback. Please ignore if KYC is done.",
            "goldback": 100,
            "promotext": "Applied. Rs.100 cashback will be added to your Paytm wallet within 24 hrs of successful transaction. Get your KYC done to receive the cashback. Please ignore if KYC is done.",
            "product": {},
            "promo_info": {
              "visible_from": "2018-05-23T10:26:00.000Z",
              "valid_upto": "2021-11-21T06:31:10.000Z",
              "offer_validation_text": "",
              "valid_from": "2018-05-23T10:26:00.000Z",
              "campaign": "PCUCampaign",
              "is_flash_code": false,
              "visible_upto": "2021-09-30T10:26:00.000Z"
            },
            "promocode": "PCUCampaign",
            "usage_data": {
              "amount": 100,
              "fulfillment_status": 0,
              "fulfillment_time": "2020-11-02 19:36:21",
              "identifier_key": "PCUCampaign",
              "identifier_value": "9999944444",
              "flags": 0,
              "promocode": "PCUCAMPAIGN",
              "created_at": "2020-11-02T14:06:21.033Z",
              "toBeInserted": true,
              "promocode_id": 301115253,
              "fraud1": "8aaedd745382446b68931cfc8867274d",
              "promo_gratification_data": {
                "action_type": "giveCashback",
                "processPostActions": null,
                "sub_redemption_type": "GOLDBACK"
              },
              "user_id": 306220250,
              "custom_text": {
                "userlocks": ["LOCKSS:PARALLEL_PROM_DELAY:306220250", "LOCKSS_PCUCampaign_PCUCampaign_1"]
              },
              "site_id": "1",
              "campaign": "PCUCampaign",
              "redemption_type": "goldback",
              "status": 1
            }
          }
        }
      }
    }
  ]
}