{
  "Request_Response": [
    {
      "TestCaseName": "[v2] promo apply validating actions Log Recharge Number using campaign PROMOACTIONCAMPAIGN",
      "Request": {
        "user": {
          "id": 306220250,
          "username": "",
          "firstName": "Himanshu",
          "middleName": "",
          "lastName": "Jain",
          "gender": "MALE",
          "dateOfBirth": "26/12/1989",
          "mobile": 5656566196,
          "created_at": "Dec 4, 2016 10:25:47 AM",
          "countryCode": "91",
          "status": true,
          "is_verified_email": 0,
          "is_verified_mobile": 1,
          "sendEmailFLag": 1,
          "isKyc": false,
          "walletType": "SCW",
          "userTypes": [],
          "expiryTime": "1545989513000",
          "email": "jhain1@paytm.com"
        },
        "cart": {
          "items": {
            "{pid43696473config{price1recharge_number5656566196": {
              "product_id": 196,
              "qty": 1,
              "child_site_id": 1,
              "price": 1,
              "conv_fee": 0,
              "fulfillment_req": {
                "price": 100,
                "recharge_number": "9999966666"
              },
              "meta_data": {
                "protection_url": "https://paytm.com/protection/v1/public/home/utilities/policies?categoryId=26",
                "due_date": "NA"
              },
              "display_sequence": 1,
              "in_stock": true,
              "product": {
                "attributes": {
                  "service": "Electricity",
                  "paytype": "postpaid",
                  "operator": "UTTAR GUJARAT VIJ",
                  "circle": "Gujarat",
                  "service_label": "Electricity",
                  "paytype_label": "Bill Payment",
                  "operator_label": "Uttar Gujarat Vij",
                  "circle_label": "Gujarat",
                  "info": "[{ \"title\": \"Consumer Number\", \"sub_title\": \"\", \"config_key\": \"recharge_number\",\"isAlphanumeric\":\"true\" , \"isBDProduct\":\"true\", \"url\":\"http://www.ugvcl.com/Online-payment.htm\", \"billerId\":\"UGVCL\", \"regex\": \"^[A-Za-z0-9]{5}$|^[A-Za-z0-9]{11}$\" }]",
                  "min_amount": "1",
                  "max_amount": "99999",
                  "status": "1",
                  "prefetch": "1",
                  "district": "N/A",
                  "input_field-title-1": "Consumer Number",
                  "input_field-config_key-1": "recharge_number",
                  "input_field-regex-1": "^[0-9]{11}$",
                  "input_field-isAlphanumeric-1": "true",
                  "input_field-isBDProduct-1": "false",
                  "input_field-url-1": "http://www.ugvcl.com/Online-payment.htm",
                  "input_field-billerId-1": "UGVCL",
                  "sub_district": "N/A",
                  "sub_division": "N/A",
                  "state": "Gujarat",
                  "board": "Uttar Gujarat Vij",
                  "input_field-message-1": "Please enter your 11 digit Consumer Number"
                },
                "autocode": null,
                "brand": "Uttar Gujarat Vij",
                "brand_id": 467416,
                "category_id": 13,
                "conv_fee": 0,
                "custom_int_4": 1,
                "dimensions": null,
                "fulfillment_mode": 0,
                "fulfillment_service": 3,
                "id": 1200140324,
                "image": "https://assetscdn.paytm.com/images/catalog/product/U/Ut/UttarGujaratVijElectricityPostpaid/0.jpg",
                "is_in_stock": 1,
                "manage_stock": 0,
                "max_dispatch_time": 0,
                "merchant_id": 2,
                "merchant_name": "Topups OMS Client",
                "merchant_stock": 1,
                "mrp": 1,
                "name": "Bill Payment Uttar Gujarat Vij",
                "need_shipping": 0,
                "parent_id": null,
                "pay_type": 63918,
                "paytm_sku": "UttarGujaratVijElectricityPostpaid",
                "price": 100,
                "product_type": 1,
                "weight": 0,
                "return_in_days": 0,
                "return_policy_id": 2,
                "shipping_charge": 0,
                "sku": "uttargujratvij_gujarat_electricity_postpaid",
                "status": 1,
                "tax_id": null,
                "thumbnail": "https://assetscdn.paytm.com/images/catalog/product/U/Ut/UttarGujaratVijElectricityPostpaid/0.jpg",
                "url_key": "bill-payment-uttar-gujarat-vij-uttargujaratvijelectricitypostpaid",
                "vertical_id": 5,
                "info": "{}",
                "custom_text_2": "{\"child_site_ids\":{\"1\":{\"p\":1},\"6\":{\"p\":2}}}",
                "custom_text_9": null,
                "currency_id": 1,
                "raw_currency": {
                  "price": 100,
                  "mrp": 1,
                  "shipping_charge": 0,
                  "currency_id": 1,
                  "code": "INR",
                  "symbol": "₹",
                  "country_code": "IND"
                },
                "currency": {
                  "conversion_rate": 1,
                  "currency_id": 1,
                  "code": "INR",
                  "symbol": "₹",
                  "country_code": "IND"
                },
                "short_description": {},
                "type": "Recharge",
                "not_cacellable_post_ship": 0,
                "cod_applicable": 0
              },
              "total_quantity": 1,
              "isServiceOptionsSet": true,
              "shipping_charges": 0
            }
          },
          "count": 0,
          "site_id": 2,
          "is_express": true,
          "is_physical": false,
          "need_shipping": 0,
          "cod_applicable": 0,
          "reqId": "1514457138.941-54.179.146.136-1835-1282900284-84"
        },
        "clientDetails": {
          "client": "ANDROIDAPP",
          "deviceName": "asd",
          "deviceManufacturer": "ABC",
          "user_agent": "app",
          "site_id": "1",
          "deviceIdentifier": "SAMSUNG-J5-990000862471854",
          "version": "0.2.51",
          "playStore": "YES",
          "platform": "app",
          "imei": 990000862471854
        },
        "promocode": "PROMOACTIONCAMPAIGN"
      },
      "Response": {
        "promocode": "PROMOACTIONCAMPAIGN",
        "items": {
          "{pid43696473config{price1recharge_number5656566196": {
            "promocode": "PROMOACTIONCAMPAIGN",
            "promotext": "PROMOACTIONCAMPAIGNapplied. Rs.5 cashback will be added to your Paytm wallet within 24 hrs of successful transaction. Get your KYC done to receive the cashback. Please ignore if KYC is done.",
            "promotext_template": "${code}applied. Rs.${amount} cashback will be added to your Paytm wallet within 24 hrs of successful transaction. Get your KYC done to receive the cashback. Please ignore if KYC is done.",
            "goldback": 5,
            "usage_data": {
              "site_id": "1",
              "user_id": 306220250,
              "promocode_id": 301115606,
              "campaign": "PromoActionCampaign",
              "fulfillment_status": 0,
              "redemption_type": "goldback",
              "status": 1,
              "fraud1": "943b7d4eca0c846f5db7b1134b4341de",
              "flags": 0,
              "amount": 5,
              "identifier_key": "PROMOACTIONCAMPAIGN",
              "identifier_value": "9999966666"
            },
            "product": {}
          }
        }
      }
    },
    {
      "TestCaseName": "[v2][validateIP] promo apply validating actions Log IP address using campaign actionTest",
      "Request": {
        "cart": {
          "items": {
            "109706199pid": {
              "qty": "1",
              "product": {
                "price": "600",
                "need_shipping": "1",
                "return_policy_id": "62",
                "weight": "1000",
                "pay_type": "63982",
                "name": "Samsung Galaxy Note 8 SM-N950F (MidnightBlack)",
                "mrp": "900",
                "product_type": "1",
                "paytm_sku": "MOBSAMSUNG-GALAPAVA7484763A38443A",
                "id": 109706199,
                "brand_id": 444,
                "merchant_id": 3
              },
              "child_site_id": "6",
              "product_id": "109706199",
              "in_stock": "true",
              "total_quantity": "98",
              "display_sequence": "1511624463000"
            }
          },
          "need_shipping": "1",
          "reqId": "1512640039.193-54.179.186.39-686-468383-1",
          "requested_action": "applypromo",
          "is_physical": "true",
          "fetch_requested_key": "ZBLgEGAgNNm_KUA.IlinRUMzEFQg6V8KPVMfng",
          "site_id": "1",
          "product_ids": [
            "109706199"
          ],
          "disabledPgModes": {
            "ESCROW": "true",
            "COD": "true",
            "cod": "true",
            "escrow": "true"
          },
          "id": "201793729",
          "cart_id": "ZBLgEGAgNNm_KUA.IlinRUMzEFQg6V8KPVMfng",
          "paymentOptions": {
            "EMI_OPTIONS": "BAJAJFN-DROP_ALL",
            "emi_OPTIONS": "BAJAJFN-DROP_ALL"
          },
          "product_category_ids": [
            "6442",
            "6442",
            "6442"
          ],
          "cod_applicable": "",
          "merchant_ids": [
            "748476"
          ],
          "fetched_against_key": "ZBLgEGAgNNm_KUA.IlinRUMzEFQg6V8KPVMfng",
          "brand_ids": [
            "2578"
          ]
        },
        "user": {
          "id": 306220250,
          "walletType": "123",
          "countryCode": "123",
          "email": "abc@paytm.com",
          "gender": "123",
          "created_at": 1480835026000,
          "customerGrade": "123",
          "firstName": "123",
          "is_verified_email": 0,
          "is_verified_mobile": 1
        },
        "clientDetails": {
          "client": "ANDROIDAPP",
          "deviceName": "asd",
          "deviceManufacturer": "ABC",
          "user_agent": "app",
          "site_id": 1,
          "deviceIdentifier": "SAMSUNG-J5",
          "version": "0.2.51",
          "playStore": "YES",
          "platform": "app"
        },
        "promocode": "actionTest"
      },
      "Response":{
        "promocode": "actionTest",
        "disabledPgModes": {},
        "disablePGInstruments": {},
        "items": {
          "109706199pid": {
            "promocode": "actionTest",
            "promotext_template": "Success",
            "goldback": 30,
            "usage_data": {
              "site_id": 1,
              "user_id": 306220250,
              "promocode_id": 301115607,
              "promocode": "ACTIONTEST",
              "campaign": "actionTest",
              "fulfillment_time": "2020-05-04 16:03:15",
              "fulfillment_status": 0,
              "redemption_type": "goldback",
              "status": 1,
              "fraud1": "9bf8ca1208aa95a69863afc49cf4f8ec",
              "created_at": "2020-05-04T10:33:15.062Z",
              "flags": 0,
              "promo_gratification_data": {
                "action_type": "giveCashback",
                "sub_redemption_type": "GOLDBACK",
                "processPostActions": null
              },
              "custom_text": {
                "userlocks": [
                  "LOCKSS:PARALLEL_PROM_DELAY:306220250",
                  "LOCKSS_actionTest_actionTest_1"
                ]
              },
              "amount": 30,
              "identifier_value": "10.0.0.199",
              "toBeInserted": true
            },
            "promo_info": {
              "visible_from": "2018-07-06T08:53:00.000Z",
              "visible_upto": "2020-07-31T08:53:00.000Z",
              "valid_from": "2018-07-06T08:53:00.000Z",
              "valid_upto": "2021-11-21T06:31:10.000Z",
              "is_flash_code": false,
              "offer_validation_text": "",
              "campaign": "actionTest"
            },
            "product": {},
            "promotext": "Success"
          }
        },
        "enable_cod_applicability": true
      }
    },
    {
      "TestCaseName": "[v2] promo apply validating actions Log Device Identifier using campaign PROMOACTIONCAMPAIGN1",
      "Request": {
        "user": {
          "id": 306220250,
          "username": "",
          "firstName": "Himanshu",
          "middleName": "",
          "lastName": "Jain",
          "gender": "MALE",
          "dateOfBirth": "26/12/1989",
          "mobile": 5656566196,
          "created_at": "Dec 4, 2016 10:25:47 AM",
          "countryCode": "91",
          "status": true,
          "is_verified_email": 0,
          "is_verified_mobile": 1,
          "sendEmailFLag": 1,
          "isKyc": false,
          "walletType": "SCW",
          "userTypes": [],
          "expiryTime": "1545989513000",
          "email": "jhain1@paytm.com"
        },
        "cart": {
          "items": {
            "{pid43696473config{price1recharge_number5656566196": {
              "product_id": 196,
              "qty": 1,
              "child_site_id": 1,
              "price": 1,
              "conv_fee": 0,
              "fulfillment_req": {
                "price": 100,
                "recharge_number": "9999966666"
              },
              "meta_data": {
                "protection_url": "https://paytm.com/protection/v1/public/home/utilities/policies?categoryId=26",
                "due_date": "NA"
              },
              "display_sequence": 1,
              "in_stock": true,
              "product": {
                "attributes": {
                  "service": "Electricity",
                  "paytype": "postpaid",
                  "operator": "UTTAR GUJARAT VIJ",
                  "circle": "Gujarat",
                  "service_label": "Electricity",
                  "paytype_label": "Bill Payment",
                  "operator_label": "Uttar Gujarat Vij",
                  "circle_label": "Gujarat",
                  "info": "[{ \"title\": \"Consumer Number\", \"sub_title\": \"\", \"config_key\": \"recharge_number\",\"isAlphanumeric\":\"true\" , \"isBDProduct\":\"true\", \"url\":\"http://www.ugvcl.com/Online-payment.htm\", \"billerId\":\"UGVCL\", \"regex\": \"^[A-Za-z0-9]{5}$|^[A-Za-z0-9]{11}$\" }]",
                  "min_amount": "1",
                  "max_amount": "99999",
                  "status": "1",
                  "prefetch": "1",
                  "district": "N/A",
                  "input_field-title-1": "Consumer Number",
                  "input_field-config_key-1": "recharge_number",
                  "input_field-regex-1": "^[0-9]{11}$",
                  "input_field-isAlphanumeric-1": "true",
                  "input_field-isBDProduct-1": "false",
                  "input_field-url-1": "http://www.ugvcl.com/Online-payment.htm",
                  "input_field-billerId-1": "UGVCL",
                  "sub_district": "N/A",
                  "sub_division": "N/A",
                  "state": "Gujarat",
                  "board": "Uttar Gujarat Vij",
                  "input_field-message-1": "Please enter your 11 digit Consumer Number"
                },
                "autocode": null,
                "brand": "Uttar Gujarat Vij",
                "brand_id": 467416,
                "category_id": 13,
                "conv_fee": 0,
                "custom_int_4": 1,
                "dimensions": null,
                "fulfillment_mode": 0,
                "fulfillment_service": 3,
                "id": 1200140324,
                "image": "https://assetscdn.paytm.com/images/catalog/product/U/Ut/UttarGujaratVijElectricityPostpaid/0.jpg",
                "is_in_stock": 1,
                "manage_stock": 0,
                "max_dispatch_time": 0,
                "merchant_id": 2,
                "merchant_name": "Topups OMS Client",
                "merchant_stock": 1,
                "mrp": 1,
                "name": "Bill Payment Uttar Gujarat Vij",
                "need_shipping": 0,
                "parent_id": null,
                "pay_type": 63918,
                "paytm_sku": "UttarGujaratVijElectricityPostpaid",
                "price": 100,
                "product_type": 1,
                "weight": 0,
                "return_in_days": 0,
                "return_policy_id": 2,
                "shipping_charge": 0,
                "sku": "uttargujratvij_gujarat_electricity_postpaid",
                "status": 1,
                "tax_id": null,
                "thumbnail": "https://assetscdn.paytm.com/images/catalog/product/U/Ut/UttarGujaratVijElectricityPostpaid/0.jpg",
                "url_key": "bill-payment-uttar-gujarat-vij-uttargujaratvijelectricitypostpaid",
                "vertical_id": 5,
                "info": "{}",
                "custom_text_2": "{\"child_site_ids\":{\"1\":{\"p\":1},\"6\":{\"p\":2}}}",
                "custom_text_9": null,
                "currency_id": 1,
                "raw_currency": {
                  "price": 100,
                  "mrp": 1,
                  "shipping_charge": 0,
                  "currency_id": 1,
                  "code": "INR",
                  "symbol": "₹",
                  "country_code": "IND"
                },
                "currency": {
                  "conversion_rate": 1,
                  "currency_id": 1,
                  "code": "INR",
                  "symbol": "₹",
                  "country_code": "IND"
                },
                "short_description": {},
                "type": "Recharge",
                "not_cacellable_post_ship": 0,
                "cod_applicable": 0
              },
              "total_quantity": 1,
              "isServiceOptionsSet": true,
              "shipping_charges": 0
            }
          },
          "count": 0,
          "site_id": 2,
          "is_express": true,
          "is_physical": false,
          "need_shipping": 0,
          "cod_applicable": 0,
          "reqId": "1514457138.941-54.179.146.136-1835-1282900284-84"
        },
        "clientDetails": {
          "client": "ANDROIDAPP",
          "deviceName": "asd",
          "deviceManufacturer": "ABC",
          "user_agent": "app",
          "site_id": "1",
          "deviceIdentifier": "SAMSUNG-J5-990000862471854",
          "version": "0.2.51",
          "playStore": "YES",
          "platform": "app",
          "imei": 990000862471854
        },
        "promocode": "PROMOACTIONCAMPAIGN1"
      },
      "Response": {
        "promocode": "PROMOACTIONCAMPAIGN1",
        "items": {
          "{pid43696473config{price1recharge_number5656566196": {
            "promocode": "PROMOACTIONCAMPAIGN1",
            "promotext": "PROMOACTIONCAMPAIGN1applied. Rs.5 cashback will be added to your Paytm wallet within 24 hrs of successful transaction. Get your KYC done to receive the cashback. Please ignore if KYC is done.",
            "promotext_template": "${code}applied. Rs.${amount} cashback will be added to your Paytm wallet within 24 hrs of successful transaction. Get your KYC done to receive the cashback. Please ignore if KYC is done.",
            "goldback": 5,
            "usage_data": {
              "site_id": "1",
              "user_id": 306220250,
              "promocode_id": 301115609,
              "campaign": "PromoActionCampaign1",
              "fulfillment_status": 0,
              "redemption_type": "goldback",
              "status": 1,
              "fraud1": "943b7d4eca0c846f5db7b1134b4341de",
              "flags": 0,
              "amount": 5,
              "identifier_key": "943b7d4eca0c846f5db7b1134b4341de"
            },
            "product": {}
          }
        }
      }
    },
    {
      "TestCaseName": "[v2] promo apply validating action Log IMEI using campaign Action_LogImei",
      "Request": {
        "cart": {
          "items": {
            "109706199pid": {
              "qty": "1",
              "product": {
                "price": "600",
                "need_shipping": "1",
                "return_policy_id": "62",
                "weight": "1000",
                "pay_type": "63982",
                "name": "Samsung Galaxy Note 8 SM-N950F (MidnightBlack)",
                "mrp": "900",
                "product_type": "1",
                "paytm_sku": "MOBSAMSUNG-GALAPAVA7484763A38443A",
                "id": 109706199,
                "brand_id": 444,
                "merchant_id": 3
              },
              "child_site_id": "6",
              "product_id": "109706199",
              "in_stock": "true",
              "total_quantity": "98",
              "display_sequence": "1511624463000"
            }
          },
          "need_shipping": "1",
          "reqId": "1512640039.193-54.179.186.39-686-468383-1",
          "requested_action": "applypromo",
          "is_physical": "true",
          "fetch_requested_key": "ZBLgEGAgNNm_KUA.IlinRUMzEFQg6V8KPVMfng",
          "site_id": "1",
          "product_ids": [
            "109706199"
          ],
          "disabledPgModes": {
            "ESCROW": "true",
            "COD": "true",
            "cod": "true",
            "escrow": "true"
          },
          "id": "201793729",
          "cart_id": "ZBLgEGAgNNm_KUA.IlinRUMzEFQg6V8KPVMfng",
          "paymentOptions": {
            "EMI_OPTIONS": "BAJAJFN-DROP_ALL",
            "emi_OPTIONS": "BAJAJFN-DROP_ALL"
          },
          "product_category_ids": [
            "6442",
            "6442",
            "6442"
          ],
          "cod_applicable": "",
          "merchant_ids": [
            "748476"
          ],
          "fetched_against_key": "ZBLgEGAgNNm_KUA.IlinRUMzEFQg6V8KPVMfng",
          "brand_ids": [
            "2578"
          ]
        },
        "user": {
          "id": 306220250,
          "walletType": "123",
          "countryCode": "123",
          "email": "abc@paytm.com",
          "gender": "123",
          "created_at": 1480835026000,
          "customerGrade": "123",
          "firstName": "123",
          "is_verified_email": 0,
          "is_verified_mobile": 1
        },
        "clientDetails": {
          "client": "ANDROIDAPP",
          "deviceName": "asd",
          "deviceManufacturer": "ABC",
          "user_agent": "app",
          "site_id": 1,
          "deviceIdentifier": "SAMSUNG-IMEI",
          "version": "0.2.51",
          "playStore": "YES",
          "platform": "app"
        },
        "promocode": "Action_LogIMEI"
      },
      "Response": {
        "promocode": "Action_LogIMEI",
        "disabledPgModes": {},
        "disablePGInstruments": {},
        "items": {
          "109706199pid": {
            "promocode": "Action_LogIMEI",
            "promotext_template": "Success",
            "goldback": 30,
            "usage_data": {
              "site_id": 1,
              "user_id": 306220250,
              "promocode_id": 301115624,
              "promocode": "ACTION_LOGIMEI",
              "campaign": "Action_LogIMEI",
              "fulfillment_time": "2020-05-04 16:05:05",
              "fulfillment_status": 0,
              "redemption_type": "goldback",
              "status": 1,
              "fraud1": "e41292a2e3e303c02fc65f3705de171e",
              "created_at": "2020-05-04T10:35:05.470Z",
              "flags": 0,
              "promo_gratification_data": {
                "action_type": "giveCashback",
                "sub_redemption_type": "GOLDBACK",
                "processPostActions": null
              },
              "custom_text": {
                "userlocks": [
                  "LOCKSS:PARALLEL_PROM_DELAY:306220250",
                  "LOCKSS_Action_LogIMEI_Action_LogIMEI_1"
                ]
              },
              "amount": 30,
              "identifier_key": "IMEI",
              "toBeInserted": true
            },
            "promo_info": {
              "visible_from": "2018-07-09T12:22:00.000Z",
              "visible_upto": "2020-07-31T12:22:00.000Z",
              "valid_from": "2018-07-09T12:22:00.000Z",
              "valid_upto": "2021-11-21T06:31:10.000Z",
              "is_flash_code": false,
              "offer_validation_text": "",
              "campaign": "Action_LogIMEI"
            },
            "product": {},
            "promotext": "Success"
          }
        },
        "enable_cod_applicability": true
      }
    },
    {
      "TestCaseName": "[v2] promo apply validating action Give Goldback using campaign PROMOACTIONCAMPAIGN2",
      "Request": {
        "clientDetails": {
          "site_id": 1,
          "deviceIdentifier": "SAMSUNG-J5",
          "deviceManufacturer": "ABC",
          "deviceName": "asd",
          "playStore": "YES",
          "client": "ANDROID",
          "version": "0.2.51",
          "user_agent": "web-browser"
        },
        "user": {
          "id": 1107208277,
          "username": 123,
          "firstName": 123,
          "middleName": 123,
          "lastName": 123,
          "walletType": 123,
          "customerGrade": 123,
          "email": "abc@paytm.com",
          "type": 123,
          "status": 123,
          "customerIp": 123,
          "customerAreacode": 123,
          "created_at": 123,
          "gender": 123,
          "dateOfBirth": 123,
          "countryCode": 123,
          "mobile": 9650484926,
          "is_verified_email": "1",
          "is_verified_mobile": "1"
        },
        "cart": {
          "address": "123, 123, 123",
          "payment_method": "123",
          "need_shipping": "Yes",
          "items": {
            "123": {
              "meta_data": {
                "tokenFeeOnly": false,
                "freeSeating": false,
                "tokenFeePickupTime": 0,
                "seatCodes": [
                  "First Class-I-14,First Class-I-15"
                ],
                "movie": "Goutham Nanda",
                "cinema": "Gowthami Theatre: Anantapur",
                "showTime": "2017-08-21T16:00:00.000Z",
                "audi": "Screen 1",
                "ticketCount": 2,
                "providerId": "465",
                "cinemaId": "1797",
                "transId": "60029c1f61c8362d069958cd6c4e46f1",
                "sessionId": 301778,
                "isInsurancePresent": 0,
                "bookingId": "4fa0d194db68442ca347fbbf658277d9",
                "seatType": "First Class",
                "uniqueBookingId": "4fa0d194db68442ca347fbbf658277d9",
                "bookingIndex": "4fa0d194db68442ca347fbbf658277d9",
                "totalTicketPrice": 200,
                "seatIds": [
                  "First Class-I-14,First Class-I-15"
                ],
                "seatIdsReturned": "First Class-I-14,First Class-I-15",
                "branchCode": "0",
                "address": "Surya Road, Old Town, Anantapur, Andhra Pradesh 515001, India",
                "movieCode": "O9EQWO",
                "language": "Telugu",
                "multipleEticket": 0,
                "movieImageUrl": "assetscdn.paytm.com/images/cinema/MovieIcons/GOUTHAM-NANDA-WEB.jpg",
                "censor": "",
                "passenger": {
                  "name": "siddant",
                  "email": "sahusiddant@gmail.com",
                  "mobileNumber": 8410960010
                },
                "totalCommision": "35.40",
                "citySearched": "anantapur",
                "multipleEticketSelected": false,
                "source": "movie",
                "convFeeApiVersion": 2,
                "isFreeMovie": 0,
                "isFoodPresent": 0,
                "totalConvFee": "12.00",
                "totalPgCharges": "18.00",
                "totalCenterGstCharges": "2.70",
                "totalStateGstCharges": "2.70",
                "convFee": "6.00",
                "pgCharges": "9.00",
                "centerGstCharges": "1.35",
                "stateGstCharges": "1.35",
                "totalTax": [
                  {
                    "key": "totalConvFee",
                    "label": "Convenience Fee",
                    "value": "30.00"
                  },
                  {
                    "key": "totalPgCharges",
                    "label": "PG Charges",
                    "value": "0.00"
                  },
                  {
                    "key": "totalCenterGstCharges",
                    "label": "Central Goods and Service Tax",
                    "value": "2.70"
                  },
                  {
                    "key": "totalStateGstCharges",
                    "label": "State Goods and Service Tax",
                    "value": "2.70"
                  }
                ],
                "user_id": 7730034,
                "paytmCityName": "Anantapur",
                "available_seats": 51,
                "total_seats": 31,
                "singleTicketPrice": 100,
                "url": "https://apiproxy-moviesv2.paytm.com//v1/movies/get-insurance-eligiblity",
                "type": "MOVIE TICKETS",
                "isInsuranceLive": 1,
                "taxInfo": {
                  "totalConvFee": "Convenience Fee",
                  "totalPgCharges": "PG Charges",
                  "totalCenterGstCharges": "Central Goods and Service Tax",
                  "totalStateGstCharges": "State Goods and Service Tax"
                },
                "showTimeIST": "2017-08-21T21:30:00.000Z",
                "mapped_providers": "bo",
                "movie_order_summary": "Movie Tickets",
                "base_price": 183.48,
                "override_base_price": true,
                "origTicketPriceBreakUp": {
                  "total": 200,
                  "center": 16.52,
                  "state": 0,
                  "local": 0,
                  "union": 0
                },
                "centerTax": 16.52,
                "stateTax": 0,
                "unionTax": 0,
                "localTax": 0,
                "providerCinemaId": "270",
                "paytmCityId": 918,
                "paytmMovieName": "Goutham Nanda",
                "uber_available": false,
                "sac": 999615,
                "wid": 345864
              },
              "meta": "Rishi",
              "product": {
                "id": 9839402,
                "parent_id": 123,
                "sku": 123,
                "vertical_id": 123,
                "merchant_id": 123,
                "brand_id": 123,
                "price": 1200,
                "need_shipping": 123,
                "selling_price_per_item": 123,
                "category_id": 123,
                "fulfillment_service_id": 123,
                "fulfillment_service": 123,
                "conv_fee": 123
              },
              "qty": 11,
              "fulfillment_req": {
                "recharge_number": 123,
                "travel_date": 123,
                "from": 123,
                "to": 123
              },
              "info": {
                "fulfillment_req": {
                  "recharge_number": 123,
                  "travel_date": 123,
                  "from": 123,
                  "to": 123
                },
                "meta_data": {
                  "due_date": 123
                }
              }
            }
          },
          "product_id": 123,
          "promo_meta_data": 123
        },
        "promocode": "PROMOACTIONCAMPAIGN2"
      },
      "Response": {
        "promocode": "PROMOACTIONCAMPAIGN2",
        "items": {
          "123": {
            "promocode": "PROMOACTIONCAMPAIGN2",
            "promotext": "PROMOACTIONCAMPAIGN2applied. Rs.1000 cashback will be added to your Paytm wallet within 24 hrs of successful transaction. Get your KYC done to receive the cashback. Please ignore if KYC is done.",
            "promotext_template": "${code}applied. Rs.${amount} cashback will be added to your Paytm wallet within 24 hrs of successful transaction. Get your KYC done to receive the cashback. Please ignore if KYC is done.",
            "goldback": 1000,
            "usage_data": {
              "site_id": 1,
              "user_id": 1107208277,
              "promocode_id": 301115627,
              "campaign": "PromoActionCampaign2",
              "fulfillment_status": 0,
              "redemption_type": "goldback",
              "status": 1,
              "fraud1": "9bf8ca1208aa95a69863afc49cf4f8ec",
              "flags": 0,
              "amount": 1000
            },
            "product": {
              "conv_fee": 123,
              "selling_price_per_item": 123
            }
          }
        }
      }
    },
    {
      "TestCaseName": "[v2] promo apply validating action Range Cashback using campaign Action_RangeCB (Range > 600)",
      "Request": {
        "cart": {
          "items": {
            "109706199pid": {
              "qty": "1",
              "product": {
                "price": "1000",
                "need_shipping": "1",
                "return_policy_id": "62",
                "weight": "1000",
                "pay_type": "63982",
                "name": "Samsung Galaxy Note 8 SM-N950F (MidnightBlack)",
                "mrp": "900",
                "product_type": "1",
                "paytm_sku": "MOBSAMSUNG-GALAPAVA7484763A38443A",
                "id": 109706199,
                "brand_id": 444,
                "merchant_id": 3
              },
              "child_site_id": "6",
              "product_id": "109706199",
              "in_stock": "true",
              "total_quantity": "98",
              "display_sequence": "1511624463000"
            }
          },
          "need_shipping": "1",
          "reqId": "1512640039.193-54.179.186.39-686-468383-1",
          "requested_action": "applypromo",
          "is_physical": "true",
          "fetch_requested_key": "ZBLgEGAgNNm_KUA.IlinRUMzEFQg6V8KPVMfng",
          "site_id": "1",
          "product_ids": [
            "109706199"
          ],
          "disabledPgModes": {
            "ESCROW": "true",
            "COD": "true",
            "cod": "true",
            "escrow": "true"
          },
          "id": "201793729",
          "cart_id": "ZBLgEGAgNNm_KUA.IlinRUMzEFQg6V8KPVMfng",
          "paymentOptions": {
            "EMI_OPTIONS": "BAJAJFN-DROP_ALL",
            "emi_OPTIONS": "BAJAJFN-DROP_ALL"
          },
          "product_category_ids": [
            "6442",
            "6442",
            "6442"
          ],
          "cod_applicable": "",
          "merchant_ids": [
            "748476"
          ],
          "fetched_against_key": "ZBLgEGAgNNm_KUA.IlinRUMzEFQg6V8KPVMfng",
          "brand_ids": [
            "2578"
          ]
        },
        "user": {
          "id": 306220250,
          "walletType": "123",
          "countryCode": "123",
          "email": "abc@paytm.com",
          "gender": "123",
          "created_at": 1480835026000,
          "customerGrade": "123",
          "firstName": "123",
          "is_verified_email": 0,
          "is_verified_mobile": 1
        },
        "clientDetails": {
          "client": "ANDROIDAPP",
          "deviceName": "asd",
          "deviceManufacturer": "ABC",
          "user_agent": "app",
          "site_id": 1,
          "deviceIdentifier": "SAMSUNG-IMEI",
          "version": "0.2.51",
          "playStore": "YES",
          "platform": "app"
        },
        "promocode": "Action_RangeCB"
      },
      "Response":{
        "promocode": "Action_RangeCB",
        "disabledPgModes": {},
        "disablePGInstruments": {},
        "items": {
          "109706199pid": {
            "promocode": "Action_RangeCB",
            "promotext_template": "Success",
            "goldback": 400,
            "usage_data": {
              "site_id": 1,
              "user_id": 306220250,
              "promocode_id": 301115632,
              "promocode": "ACTION_RANGECB",
              "campaign": "Action_RangeCB",
              "fulfillment_time": "2020-05-04 16:06:48",
              "fulfillment_status": 0,
              "redemption_type": "goldback",
              "status": 1,
              "fraud1": "e41292a2e3e303c02fc65f3705de171e",
              "created_at": "2020-05-04T10:36:48.404Z",
              "flags": 0,
              "promo_gratification_data": {
                "action_type": "rangeCashback",
                "sub_redemption_type": "GOLDBACK",
                "processPostActions": null
              },
              "custom_text": {
                "userlocks": [
                  "LOCKSS:PARALLEL_PROM_DELAY:306220250",
                  "LOCKSS_Action_RangeCB_Action_RangeCB_1"
                ]
              },
              "amount": 400,
              "toBeInserted": true
            },
            "promo_info": {
              "visible_from": "2018-07-10T07:56:00.000Z",
              "visible_upto": "2020-08-31T07:56:00.000Z",
              "valid_from": "2018-07-10T07:56:00.000Z",
              "valid_upto": "2021-11-21T06:31:10.000Z",
              "is_flash_code": false,
              "offer_validation_text": "",
              "campaign": "Action_RangeCB"
            },
            "product": {},
            "promotext": "Success"
          }
        },
        "enable_cod_applicability": true
      }
    },
    {
      "TestCaseName": "[v2] promo apply validating action Range Cashback using campaign Action_RangeCB (Range < 600)",
      "Request": {
        "cart": {
          "items": {
            "109706199pid": {
              "qty": "1",
              "product": {
                "price": "100",
                "need_shipping": "1",
                "return_policy_id": "62",
                "weight": "1000",
                "pay_type": "63982",
                "name": "Samsung Galaxy Note 8 SM-N950F (MidnightBlack)",
                "mrp": "900",
                "product_type": "1",
                "paytm_sku": "MOBSAMSUNG-GALAPAVA7484763A38443A",
                "id": 109706199,
                "brand_id": 444,
                "merchant_id": 3
              },
              "child_site_id": "6",
              "product_id": "109706199",
              "in_stock": "true",
              "total_quantity": "98",
              "display_sequence": "1511624463000"
            }
          },
          "need_shipping": "1",
          "reqId": "1512640039.193-54.179.186.39-686-468383-1",
          "requested_action": "applypromo",
          "is_physical": "true",
          "fetch_requested_key": "ZBLgEGAgNNm_KUA.IlinRUMzEFQg6V8KPVMfng",
          "site_id": "1",
          "product_ids": [
            "109706199"
          ],
          "disabledPgModes": {
            "ESCROW": "true",
            "COD": "true",
            "cod": "true",
            "escrow": "true"
          },
          "id": "201793729",
          "cart_id": "ZBLgEGAgNNm_KUA.IlinRUMzEFQg6V8KPVMfng",
          "paymentOptions": {
            "EMI_OPTIONS": "BAJAJFN-DROP_ALL",
            "emi_OPTIONS": "BAJAJFN-DROP_ALL"
          },
          "product_category_ids": [
            "6442",
            "6442",
            "6442"
          ],
          "cod_applicable": "",
          "merchant_ids": [
            "748476"
          ],
          "fetched_against_key": "ZBLgEGAgNNm_KUA.IlinRUMzEFQg6V8KPVMfng",
          "brand_ids": [
            "2578"
          ]
        },
        "user": {
          "id": 306220250,
          "walletType": "123",
          "countryCode": "123",
          "email": "abc@paytm.com",
          "gender": "123",
          "created_at": 1480835026000,
          "customerGrade": "123",
          "firstName": "123",
          "is_verified_email": 0,
          "is_verified_mobile": 1
        },
        "clientDetails": {
          "client": "ANDROIDAPP",
          "deviceName": "asd",
          "deviceManufacturer": "ABC",
          "user_agent": "app",
          "site_id": 1,
          "deviceIdentifier": "SAMSUNG-IMEI",
          "version": "0.2.51",
          "playStore": "YES",
          "platform": "app"
        },
        "promocode": "Action_RangeCB"
      },
      "Response":{
        "promocode": "Action_RangeCB",
        "disabledPgModes": {},
        "disablePGInstruments": {},
        "items": {
          "109706199pid": {
            "promocode": "Action_RangeCB",
            "promotext_template": "Success",
            "goldback": 5,
            "usage_data": {
              "site_id": 1,
              "user_id": 306220250,
              "promocode_id": 301115632,
              "promocode": "ACTION_RANGECB",
              "campaign": "Action_RangeCB",
              "fulfillment_time": "2020-05-04 16:13:10",
              "fulfillment_status": 0,
              "redemption_type": "goldback",
              "status": 1,
              "fraud1": "e41292a2e3e303c02fc65f3705de171e",
              "created_at": "2020-05-04T10:43:10.841Z",
              "flags": 0,
              "promo_gratification_data": {
                "action_type": "rangeCashback",
                "sub_redemption_type": "GOLDBACK",
                "processPostActions": null
              },
              "custom_text": {
                "userlocks": [
                  "LOCKSS:PARALLEL_PROM_DELAY:306220250",
                  "LOCKSS_Action_RangeCB_Action_RangeCB_1"
                ]
              },
              "amount": 5,
              "toBeInserted": true
            },
            "promo_info": {
              "visible_from": "2018-07-10T07:56:00.000Z",
              "visible_upto": "2020-08-31T07:56:00.000Z",
              "valid_from": "2018-07-10T07:56:00.000Z",
              "valid_upto": "2021-11-21T06:31:10.000Z",
              "is_flash_code": false,
              "offer_validation_text": "",
              "campaign": "Action_RangeCB"
            },
            "product": {},
            "promotext": "Success"
          }
        },
        "enable_cod_applicability": true
      }
    },
    {
      "TestCaseName": "[v2] promo apply validating action Apply Discount using campaign Action_ApplyDisc (amount < 1000)",
      "Request": {
        "cart": {
          "items": {
            "109706199pid": {
              "qty": "1",
              "product": {
                "price": "900",
                "need_shipping": "1",
                "return_policy_id": "62",
                "weight": "1000",
                "pay_type": "63982",
                "name": "Samsung Galaxy Note 8 SM-N950F (MidnightBlack)",
                "mrp": "900",
                "product_type": "1",
                "paytm_sku": "MOBSAMSUNG-GALAPAVA7484763A38443A",
                "id": 109706199,
                "brand_id": 444,
                "merchant_id": 3
              },
              "child_site_id": "6",
              "product_id": "109706199",
              "in_stock": "true",
              "total_quantity": "98",
              "display_sequence": "1511624463000"
            }
          },
          "need_shipping": "1",
          "reqId": "1512640039.193-54.179.186.39-686-468383-1",
          "requested_action": "applypromo",
          "is_physical": "true",
          "fetch_requested_key": "ZBLgEGAgNNm_KUA.IlinRUMzEFQg6V8KPVMfng",
          "site_id": "1",
          "product_ids": [
            "109706199"
          ],
          "disabledPgModes": {
            "ESCROW": "true",
            "COD": "true",
            "cod": "true",
            "escrow": "true"
          },
          "id": "201793729",
          "cart_id": "ZBLgEGAgNNm_KUA.IlinRUMzEFQg6V8KPVMfng",
          "paymentOptions": {
            "EMI_OPTIONS": "BAJAJFN-DROP_ALL",
            "emi_OPTIONS": "BAJAJFN-DROP_ALL"
          },
          "product_category_ids": [
            "6442",
            "6442",
            "6442"
          ],
          "cod_applicable": "",
          "merchant_ids": [
            "748476"
          ],
          "fetched_against_key": "ZBLgEGAgNNm_KUA.IlinRUMzEFQg6V8KPVMfng",
          "brand_ids": [
            "2578"
          ]
        },
        "user": {
          "id": 306220250,
          "walletType": "123",
          "countryCode": "123",
          "email": "abc@paytm.com",
          "gender": "123",
          "created_at": 1480835026000,
          "customerGrade": "123",
          "firstName": "123",
          "is_verified_email": 0,
          "is_verified_mobile": 1
        },
        "clientDetails": {
          "client": "ANDROIDAPP",
          "deviceName": "asd",
          "deviceManufacturer": "ABC",
          "user_agent": "app",
          "site_id": 1,
          "deviceIdentifier": "SAMSUNG-IMEI",
          "version": "0.2.51",
          "playStore": "YES",
          "platform": "app"
        },
        "promocode": "Action_ApplyDisc"
      },
      "Response": {
        "promocode": "Action_ApplyDisc",
        "disabledPgModes": {},
        "disablePGInstruments": {},
        "items": {
          "109706199pid": {
            "promocode": "Action_ApplyDisc",
            "promotext_template": "Success",
            "discount": 90,
            "usage_data": {
              "site_id": 1,
              "user_id": 306220250,
              "promocode_id": 301115634,
              "promocode": "ACTION_APPLYDISC",
              "campaign": "Action_ApplyDisc",
              "fulfillment_time": "2020-05-04 16:08:28",
              "fulfillment_status": 0,
              "redemption_type": "discount",
              "status": 1,
              "fraud1": "e41292a2e3e303c02fc65f3705de171e",
              "created_at": "2020-05-04T10:38:28.598Z",
              "flags": 0,
              "promo_gratification_data": {
                "action_type": "applyDiscount",
                "sub_redemption_type": null,
                "processPostActions": null
              },
              "custom_text": {
                "userlocks": [
                  "LOCKSS:PARALLEL_PROM_DELAY:306220250",
                  "LOCKSS_Action_ApplyDisc_Action_ApplyDisc_1"
                ]
              },
              "amount": 90,
              "toBeInserted": true
            },
            "promo_info": {
              "visible_from": "2018-07-11T06:49:00.000Z",
              "visible_upto": "2020-08-31T06:49:00.000Z",
              "valid_from": "2018-07-11T06:49:00.000Z",
              "valid_upto": "2021-11-21T06:31:10.000Z",
              "is_flash_code": false,
              "offer_validation_text": "",
              "campaign": "Action_ApplyDisc"
            },
            "product": {},
            "promotext": "Success"
          }
        },
        "enable_cod_applicability": true
      }
    },
    {
      "TestCaseName": "[v2] promo apply validating action Apply Discount using campaign Action_ApplyDisc (amount > 1000)",
      "Request": {
        "cart": {
          "items": {
            "109706199pid": {
              "qty": "1",
              "product": {
                "price": "1200",
                "need_shipping": "1",
                "return_policy_id": "62",
                "weight": "1000",
                "pay_type": "63982",
                "name": "Samsung Galaxy Note 8 SM-N950F (MidnightBlack)",
                "mrp": "900",
                "product_type": "1",
                "paytm_sku": "MOBSAMSUNG-GALAPAVA7484763A38443A",
                "id": 109706199,
                "brand_id": 444,
                "merchant_id": 3
              },
              "child_site_id": "6",
              "product_id": "109706199",
              "in_stock": "true",
              "total_quantity": "98",
              "display_sequence": "1511624463000"
            }
          },
          "need_shipping": "1",
          "reqId": "1512640039.193-54.179.186.39-686-468383-1",
          "requested_action": "applypromo",
          "is_physical": "true",
          "fetch_requested_key": "ZBLgEGAgNNm_KUA.IlinRUMzEFQg6V8KPVMfng",
          "site_id": "1",
          "product_ids": [
            "109706199"
          ],
          "disabledPgModes": {
            "ESCROW": "true",
            "COD": "true",
            "cod": "true",
            "escrow": "true"
          },
          "id": "201793729",
          "cart_id": "ZBLgEGAgNNm_KUA.IlinRUMzEFQg6V8KPVMfng",
          "paymentOptions": {
            "EMI_OPTIONS": "BAJAJFN-DROP_ALL",
            "emi_OPTIONS": "BAJAJFN-DROP_ALL"
          },
          "product_category_ids": [
            "6442",
            "6442",
            "6442"
          ],
          "cod_applicable": "",
          "merchant_ids": [
            "748476"
          ],
          "fetched_against_key": "ZBLgEGAgNNm_KUA.IlinRUMzEFQg6V8KPVMfng",
          "brand_ids": [
            "2578"
          ]
        },
        "user": {
          "id": 306220250,
          "walletType": "123",
          "countryCode": "123",
          "email": "abc@paytm.com",
          "gender": "123",
          "created_at": 1480835026000,
          "customerGrade": "123",
          "firstName": "123",
          "is_verified_email": 0,
          "is_verified_mobile": 1
        },
        "clientDetails": {
          "client": "ANDROIDAPP",
          "deviceName": "asd",
          "deviceManufacturer": "ABC",
          "user_agent": "app",
          "site_id": 1,
          "deviceIdentifier": "SAMSUNG-IMEI",
          "version": "0.2.51",
          "playStore": "YES",
          "platform": "app"
        },
        "promocode": "Action_ApplyDisc"
      },
      "Response": {
        "promocode": "Action_ApplyDisc",
        "disabledPgModes": {},
        "disablePGInstruments": {},
        "items": {
          "109706199pid": {
            "promocode": "Action_ApplyDisc",
            "promotext_template": "Success",
            "discount": 100,
            "usage_data": {
              "site_id": 1,
              "user_id": 306220250,
              "promocode_id": 301115634,
              "promocode": "ACTION_APPLYDISC",
              "campaign": "Action_ApplyDisc",
              "fulfillment_time": "2020-05-04 16:09:18",
              "fulfillment_status": 0,
              "redemption_type": "discount",
              "status": 1,
              "fraud1": "e41292a2e3e303c02fc65f3705de171e",
              "created_at": "2020-05-04T10:39:18.140Z",
              "flags": 0,
              "promo_gratification_data": {
                "action_type": "applyDiscount",
                "sub_redemption_type": null,
                "processPostActions": null
              },
              "custom_text": {
                "userlocks": [
                  "LOCKSS:PARALLEL_PROM_DELAY:306220250",
                  "LOCKSS_Action_ApplyDisc_Action_ApplyDisc_1"
                ]
              },
              "amount": 100,
              "toBeInserted": true
            },
            "promo_info": {
              "visible_from": "2018-07-11T06:49:00.000Z",
              "visible_upto": "2020-08-31T06:49:00.000Z",
              "valid_from": "2018-07-11T06:49:00.000Z",
              "valid_upto": "2021-11-21T06:31:10.000Z",
              "is_flash_code": false,
              "offer_validation_text": "",
              "campaign": "Action_ApplyDisc"
            },
            "product": {},
            "promotext": "Success"
          }
        },
        "enable_cod_applicability": true
      }
    },
    {
      "TestCaseName": "[v2] promo apply validating action Log Usage using campaign PROMOACTIONCAMPAIGN4",
      "Request": {
        "clientDetails": {
          "site_id": 1,
          "deviceIdentifier": "SAMSUNG-J5",
          "deviceManufacturer": "ABC",
          "deviceName": "asd",
          "playStore": "YES",
          "client": "ANDROID",
          "version": "0.2.51",
          "user_agent": "web-browser"
        },
        "user": {
          "id": 1107208277,
          "username": 123,
          "firstName": 123,
          "middleName": 123,
          "lastName": 123,
          "walletType": 123,
          "customerGrade": 123,
          "email": "abc@paytm.com",
          "type": 123,
          "status": 123,
          "customerIp": 123,
          "customerAreacode": 123,
          "created_at": 123,
          "gender": 123,
          "dateOfBirth": 123,
          "countryCode": 123,
          "mobile": 9650484926,
          "is_verified_email": "1",
          "is_verified_mobile": "1"
        },
        "cart": {
          "address": "123, 123, 123",
          "payment_method": "123",
          "need_shipping": "Yes",
          "items": {
            "123": {
              "meta_data": {
                "tokenFeeOnly": false,
                "freeSeating": false,
                "tokenFeePickupTime": 0,
                "seatCodes": [
                  "First Class-I-14,First Class-I-15"
                ],
                "movie": "Goutham Nanda",
                "cinema": "Gowthami Theatre: Anantapur",
                "showTime": "2017-08-21T16:00:00.000Z",
                "audi": "Screen 1",
                "ticketCount": 2,
                "providerId": "465",
                "cinemaId": "1797",
                "transId": "60029c1f61c8362d069958cd6c4e46f1",
                "sessionId": 301778,
                "isInsurancePresent": 0,
                "bookingId": "4fa0d194db68442ca347fbbf658277d9",
                "seatType": "First Class",
                "uniqueBookingId": "4fa0d194db68442ca347fbbf658277d9",
                "bookingIndex": "4fa0d194db68442ca347fbbf658277d9",
                "totalTicketPrice": 200,
                "seatIds": [
                  "First Class-I-14,First Class-I-15"
                ],
                "seatIdsReturned": "First Class-I-14,First Class-I-15",
                "branchCode": "0",
                "address": "Surya Road, Old Town, Anantapur, Andhra Pradesh 515001, India",
                "movieCode": "O9EQWO",
                "language": "Telugu",
                "multipleEticket": 0,
                "movieImageUrl": "assetscdn.paytm.com/images/cinema/MovieIcons/GOUTHAM-NANDA-WEB.jpg",
                "censor": "",
                "passenger": {
                  "name": "siddant",
                  "email": "sahusiddant@gmail.com",
                  "mobileNumber": 8410960010
                },
                "totalCommision": "35.40",
                "citySearched": "anantapur",
                "multipleEticketSelected": false,
                "source": "movie",
                "convFeeApiVersion": 2,
                "isFreeMovie": 0,
                "isFoodPresent": 0,
                "totalConvFee": "12.00",
                "totalPgCharges": "18.00",
                "totalCenterGstCharges": "2.70",
                "totalStateGstCharges": "2.70",
                "convFee": "6.00",
                "pgCharges": "9.00",
                "centerGstCharges": "1.35",
                "stateGstCharges": "1.35",
                "totalTax": [
                  {
                    "key": "totalConvFee",
                    "label": "Convenience Fee",
                    "value": "30.00"
                  },
                  {
                    "key": "totalPgCharges",
                    "label": "PG Charges",
                    "value": "0.00"
                  },
                  {
                    "key": "totalCenterGstCharges",
                    "label": "Central Goods and Service Tax",
                    "value": "2.70"
                  },
                  {
                    "key": "totalStateGstCharges",
                    "label": "State Goods and Service Tax",
                    "value": "2.70"
                  }
                ],
                "user_id": 7730034,
                "paytmCityName": "Anantapur",
                "available_seats": 51,
                "total_seats": 31,
                "singleTicketPrice": 100,
                "url": "https://apiproxy-moviesv2.paytm.com//v1/movies/get-insurance-eligiblity",
                "type": "MOVIE TICKETS",
                "isInsuranceLive": 1,
                "taxInfo": {
                  "totalConvFee": "Convenience Fee",
                  "totalPgCharges": "PG Charges",
                  "totalCenterGstCharges": "Central Goods and Service Tax",
                  "totalStateGstCharges": "State Goods and Service Tax"
                },
                "showTimeIST": "2017-08-21T21:30:00.000Z",
                "mapped_providers": "bo",
                "movie_order_summary": "Movie Tickets",
                "base_price": 183.48,
                "override_base_price": true,
                "origTicketPriceBreakUp": {
                  "total": 200,
                  "center": 16.52,
                  "state": 0,
                  "local": 0,
                  "union": 0
                },
                "centerTax": 16.52,
                "stateTax": 0,
                "unionTax": 0,
                "localTax": 0,
                "providerCinemaId": "270",
                "paytmCityId": 918,
                "paytmMovieName": "Goutham Nanda",
                "uber_available": false,
                "sac": 999615,
                "wid": 345864
              },
              "meta": "Rishi",
              "product": {
                "id": 9839402,
                "parent_id": 123,
                "sku": 123,
                "vertical_id": 123,
                "merchant_id": 123,
                "brand_id": 123,
                "price": 1200,
                "need_shipping": 123,
                "selling_price_per_item": 123,
                "category_id": 123,
                "fulfillment_service_id": 123,
                "fulfillment_service": 123,
                "conv_fee": 123
              },
              "qty": 1,
              "fulfillment_req": {
                "recharge_number": 123,
                "travel_date": 123,
                "from": 123,
                "to": 123
              },
              "info": {
                "fulfillment_req": {
                  "recharge_number": 123,
                  "travel_date": 123,
                  "from": 123,
                  "to": 123
                },
                "meta_data": {
                  "due_date": 123
                }
              }
            }
          },
          "product_id": 123,
          "promo_meta_data": 123
        },
        "promocode": "PROMOACTIONCAMPAIGN4"
      },
      "Response": {
        "promocode": "PROMOACTIONCAMPAIGN4",
        "items": {
          "123": {
            "promocode": "PROMOACTIONCAMPAIGN4",
            "promotext": "Success",
            "usage_data": {
              "site_id": 1,
              "user_id": 1107208277,
              "promocode_id": 301115637,
              "campaign": "PROMOACTIONCAMPAIGN4",
              "fulfillment_status": 0,
              "redemption_type": "log",
              "status": 1,
              "fraud1": "9bf8ca1208aa95a69863afc49cf4f8ec",
              "flags": 0
            },
            "product": {
              "conv_fee": 123,
              "selling_price_per_item": 123
            }
          }
        }
      }
    },
    {
      "TestCaseName": "[v2] promo apply validating action Set Bank Promo using campaign Action_BankPromo",
      "Request": {
        "cart": {
          "items": {
            "109706199pid": {
              "qty": "1",
              "product": {
                "price": "500",
                "need_shipping": "1",
                "return_policy_id": "62",
                "weight": "1000",
                "pay_type": "63982",
                "name": "Samsung Galaxy Note 8 SM-N950F (MidnightBlack)",
                "mrp": "900",
                "product_type": "1",
                "paytm_sku": "MOBSAMSUNG-GALAPAVA7484763A38443A",
                "id": 109706199,
                "brand_id": 444,
                "merchant_id": 3
              },
              "child_site_id": "6",
              "product_id": "109706199",
              "in_stock": "true",
              "total_quantity": "98",
              "display_sequence": "1511624463000"
            }
          },
          "need_shipping": "1",
          "reqId": "1512640039.193-54.179.186.39-686-468383-1",
          "requested_action": "applypromo",
          "is_physical": "true",
          "fetch_requested_key": "ZBLgEGAgNNm_KUA.IlinRUMzEFQg6V8KPVMfng",
          "site_id": "1",
          "product_ids": [
            "109706199"
          ],
          "disabledPgModes": {
            "ESCROW": "true",
            "COD": "true",
            "cod": "true",
            "escrow": "true"
          },
          "id": "201793729",
          "cart_id": "ZBLgEGAgNNm_KUA.IlinRUMzEFQg6V8KPVMfng",
          "paymentOptions": {
            "EMI_OPTIONS": "BAJAJFN-DROP_ALL",
            "emi_OPTIONS": "BAJAJFN-DROP_ALL"
          },
          "product_category_ids": [
            "6442",
            "6442",
            "6442"
          ],
          "cod_applicable": "",
          "merchant_ids": [
            "748476"
          ],
          "fetched_against_key": "ZBLgEGAgNNm_KUA.IlinRUMzEFQg6V8KPVMfng",
          "brand_ids": [
            "2578"
          ]
        },
        "user": {
          "id": 306220250,
          "walletType": "123",
          "countryCode": "123",
          "email": "abc@paytm.com",
          "gender": "123",
          "created_at": 1480835026000,
          "customerGrade": "123",
          "firstName": "123",
          "is_verified_email": 0,
          "is_verified_mobile": 1
        },
        "clientDetails": {
          "client": "ANDROIDAPP",
          "deviceName": "asd",
          "deviceManufacturer": "ABC",
          "user_agent": "app",
          "site_id": 1,
          "deviceIdentifier": "SAMSUNG-IMEI",
          "version": "0.2.51",
          "playStore": "YES",
          "platform": "app"
        },
        "promocode": "Action_BankPromo"
      },
      "Response": {
        "promocode": "Action_BankPromo",
        "promo_camp_id": "12345",
        "disabledPgModes": {},
        "disablePGInstruments": {},
        "items": {
          "109706199pid": {
            "promocode": "Action_BankPromo",
            "promotext_template": "Success",
            "goldback": 25,
            "usage_data": {
              "site_id": 1,
              "user_id": 306220250,
              "promocode_id": 301115643,
              "promocode": "ACTION_BANKPROMO",
              "campaign": "Action_BankPromo",
              "fulfillment_time": "2020-05-04 16:10:30",
              "fulfillment_status": 0,
              "redemption_type": "goldback",
              "status": 1,
              "fraud1": "e41292a2e3e303c02fc65f3705de171e",
              "created_at": "2020-05-04T10:40:30.579Z",
              "flags": 8,
              "promo_gratification_data": {
                "action_type": "giveCashback",
                "sub_redemption_type": "GOLDBACK",
                "processPostActions": null
              },
              "custom_text": {
                "userlocks": [
                  "LOCKSS:PARALLEL_PROM_DELAY:306220250",
                  "LOCKSS_Action_BankPromo_Action_BankPromo_1"
                ]
              },
              "amount": 25,
              "toBeInserted": true
            },
            "promo_info": {
              "visible_from": "2018-07-12T06:25:00.000Z",
              "visible_upto": "2020-08-31T06:25:00.000Z",
              "valid_from": "2018-07-12T06:25:00.000Z",
              "valid_upto": "2021-11-21T06:31:10.000Z",
              "is_flash_code": false,
              "offer_validation_text": "",
              "campaign": "Action_BankPromo"
            },
            "product": {},
            "promotext": "Success"
          }
        },
        "enable_cod_applicability": true
      }
    },
    {
      "TestCaseName": "[v2] promo apply validating action Disable Product Returns,Disable Cancellation of Products  using campaign PROMOACTIONCAMPAIGN5",
      "Request": {
        "cart": {
          "items": {
            "9839402pid": {
              "qty": "2",
              "product": {
                "price": 900,
                "need_shipping": "1",
                "return_policy_id": "62",
                "weight": "1000",
                "pay_type": "63982",
                "name": "Samsung Galaxy Note 8 SM-N950F (MidnightBlack)",
                "mrp": "900",
                "product_type": "1",
                "paytm_sku": "MOBSAMSUNG-GALAPAVA7484763A38443A",
                "id": 9839402,
                "shipping_charges": 100
              },
              "child_site_id": "6",
              "product_id": 9839402,
              "in_stock": "true",
              "total_quantity": "98",
              "display_sequence": "1511624463000"
            }
          },
          "need_shipping": "1",
          "shipping_charges": 500,
          "reqId": "1512640039.193-54.179.186.39-686-468383-1",
          "requested_action": "applypromo",
          "is_physical": "true",
          "fetch_requested_key": "ZBLgEGAgNNm_KUA.IlinRUMzEFQg6V8KPVMfng",
          "site_id": "2",
          "product_ids": [
            9839402
          ],
          "disabledPgModes": {
            "ESCROW": "true",
            "COD": "true",
            "cod": "true",
            "escrow": "true"
          },
          "id": "201793729",
          "cart_id": "ZBLgEGAgNNm_KUA.IlinRUMzEFQg6V8KPVMfng",
          "paymentOptions": {
            "EMI_OPTIONS": "BAJAJFN-DROP_ALL",
            "emi_OPTIONS": "BAJAJFN-DROP_ALL"
          },
          "product_category_ids": [
            "6442",
            "6442",
            "6442"
          ],
          "cod_applicable": "",
          "merchant_ids": [
            "748476"
          ],
          "fetched_against_key": "ZBLgEGAgNNm_KUA.IlinRUMzEFQg6V8KPVMfng",
          "brand_ids": [
            "2578"
          ]
        },
        "user": {
          "id": 306220250,
          "walletType": "123",
          "countryCode": "123",
          "email": "abc@paytm.com",
          "gender": "123",
          "created_at": "123",
          "customerGrade": "123",
          "firstName": "123",
          "is_verified_email": 0,
          "is_verified_mobile": 1
        },
        "clientDetails": {
          "client": "ANDROID",
          "deviceName": "asd",
          "deviceManufacturer": "ABC",
          "user_agent": "web-browser",
          "site_id": "1",
          "deviceIdentifier": "SAMSUNG-J5",
          "version": "0.2.51",
          "playStore": "YES"
        },
        "promocode": "PROMOACTIONCAMPAIGN5"
      },
      "Response": {
        "promocode": "PROMOACTIONCAMPAIGN5",
        "disabledPgModes": {},
        "disablePGInstruments": {},
        "items": {
          "9839402pid": {
            "promocode": "PROMOACTIONCAMPAIGN5",
            "promotext_template": "Success",
            "usage_data": {
              "site_id": "1",
              "user_id": 306220250,
              "promocode_id": 301115639,
              "promocode": "PROMOACTIONCAMPAIGN5",
              "campaign": "PROMOACTIONCAMPAIGN5",
              "fulfillment_time": "2020-05-04 16:11:12",
              "fulfillment_status": 3,
              "redemption_type": "freeshipping",
              "status": 1,
              "fraud1": "9bf8ca1208aa95a69863afc49cf4f8ec",
              "created_at": "2020-05-04T10:41:12.908Z",
              "flags": 0,
              "promo_gratification_data": {
                "action_type": "freeshipping",
                "sub_redemption_type": null,
                "processPostActions": null
              },
              "custom_text": {
                "userlocks": [
                  "LOCKSS:PARALLEL_PROM_DELAY:306220250",
                  "LOCKSS_PROMOACTIONCAMPAIGN5_PROMOACTIONCAMPAIGN5_1"
                ]
              },
              "amount": 0,
              "toBeInserted": true
            },
            "isNonReturnable": true,
            "isNonCancellable": true,
            "promo_info": {
              "visible_from": "2018-07-11T10:26:00.000Z",
              "visible_upto": "2021-04-30T10:26:00.000Z",
              "valid_from": "2018-07-11T10:26:00.000Z",
              "valid_upto": "2021-11-21T06:31:10.000Z",
              "is_flash_code": false,
              "offer_validation_text": "",
              "campaign": "PROMOACTIONCAMPAIGN5"
            },
            "product": {},
            "promotext": "Success"
          }
        },
        "enable_cod_applicability": true
      }
    },
    {
      "TestCaseName": "[v2] promo apply validating action meta fields of Products  using campaign PROMOACTIONCAMPAIGN6",
      "Request": {
        "clientDetails": {
          "site_id": 1,
          "deviceIdentifier": "SAMSUNG-J5",
          "deviceManufacturer": "ABC",
          "deviceName": "asd",
          "playStore": "YES",
          "client": "ANDROID",
          "version": "0.2.51",
          "user_agent": "web-browser"
        },
        "user": {
          "id": 1107208277,
          "username": 123,
          "firstName": 123,
          "middleName": 123,
          "lastName": 123,
          "walletType": 123,
          "customerGrade": 123,
          "email": "abc@paytm.com",
          "type": 123,
          "status": 123,
          "customerIp": 123,
          "customerAreacode": 123,
          "created_at": 123,
          "gender": 123,
          "dateOfBirth": 123,
          "countryCode": 123,
          "mobile": 9650484926,
          "is_verified_email": "1",
          "is_verified_mobile": "1"
        },
        "cart": {
          "address": "123, 123, 123",
          "payment_method": "123",
          "need_shipping": "Yes",
          "items": {
            "123": {
              "meta_data": {
                "tokenFeeOnly": false,
                "freeSeating": false,
                "tokenFeePickupTime": 0,
                "seatCodes": [
                  "First Class-I-14,First Class-I-15"
                ],
                "movie": "Goutham Nanda",
                "cinema": "Gowthami Theatre: Anantapur",
                "showTime": "2017-08-21T16:00:00.000Z",
                "audi": "Screen 1",
                "ticketCount": 2,
                "providerId": "465",
                "cinemaId": "1797",
                "transId": "60029c1f61c8362d069958cd6c4e46f1",
                "sessionId": 301778,
                "isInsurancePresent": 0,
                "bookingId": "4fa0d194db68442ca347fbbf658277d9",
                "seatType": "First Class",
                "uniqueBookingId": "4fa0d194db68442ca347fbbf658277d9",
                "bookingIndex": "4fa0d194db68442ca347fbbf658277d9",
                "totalTicketPrice": 200,
                "seatIds": [
                  "First Class-I-14,First Class-I-15"
                ],
                "seatIdsReturned": "First Class-I-14,First Class-I-15",
                "branchCode": "0",
                "address": "Surya Road, Old Town, Anantapur, Andhra Pradesh 515001, India",
                "movieCode": "O9EQWO",
                "language": "Telugu",
                "multipleEticket": 0,
                "movieImageUrl": "assetscdn.paytm.com/images/cinema/MovieIcons/GOUTHAM-NANDA-WEB.jpg",
                "censor": "",
                "passenger": {
                  "name": "siddant",
                  "email": "sahusiddant@gmail.com",
                  "mobileNumber": 8410960010
                },
                "totalCommision": "35.40",
                "citySearched": "anantapur",
                "multipleEticketSelected": false,
                "source": "movie",
                "convFeeApiVersion": 2,
                "isFreeMovie": 0,
                "isFoodPresent": 0,
                "totalConvFee": "12.00",
                "totalPgCharges": "18.00",
                "totalCenterGstCharges": "2.70",
                "totalStateGstCharges": "2.70",
                "convFee": "6.00",
                "pgCharges": "9.00",
                "centerGstCharges": "1.35",
                "stateGstCharges": "1.35",
                "totalTax": [
                  {
                    "key": "totalConvFee",
                    "label": "Convenience Fee",
                    "value": "30.00"
                  },
                  {
                    "key": "totalPgCharges",
                    "label": "PG Charges",
                    "value": "0.00"
                  },
                  {
                    "key": "totalCenterGstCharges",
                    "label": "Central Goods and Service Tax",
                    "value": "2.70"
                  },
                  {
                    "key": "totalStateGstCharges",
                    "label": "State Goods and Service Tax",
                    "value": "2.70"
                  }
                ],
                "user_id": 7730034,
                "paytmCityName": "Anantapur",
                "available_seats": 51,
                "total_seats": 31,
                "singleTicketPrice": 100,
                "url": "https://apiproxy-moviesv2.paytm.com//v1/movies/get-insurance-eligiblity",
                "type": "MOVIE TICKETS",
                "isInsuranceLive": 1,
                "taxInfo": {
                  "totalConvFee": "Convenience Fee",
                  "totalPgCharges": "PG Charges",
                  "totalCenterGstCharges": "Central Goods and Service Tax",
                  "totalStateGstCharges": "State Goods and Service Tax"
                },
                "showTimeIST": "2017-08-21T21:30:00.000Z",
                "mapped_providers": "bo",
                "movie_order_summary": "Movie Tickets",
                "base_price": 183.48,
                "override_base_price": true,
                "origTicketPriceBreakUp": {
                  "total": 200,
                  "center": 16.52,
                  "state": 0,
                  "local": 0,
                  "union": 0
                },
                "centerTax": 16.52,
                "stateTax": 0,
                "unionTax": 0,
                "localTax": 0,
                "providerCinemaId": "270",
                "paytmCityId": 918,
                "paytmMovieName": "Goutham Nanda",
                "uber_available": false,
                "sac": 999615,
                "wid": 345864
              },
              "meta": "Rishi",
              "product": {
                "id": 9839402,
                "parent_id": 123,
                "sku": 123,
                "vertical_id": 123,
                "merchant_id": 123,
                "brand_id": 123,
                "price": 1200,
                "need_shipping": 123,
                "selling_price_per_item": 123,
                "category_id": 123,
                "fulfillment_service_id": 123,
                "fulfillment_service": 123,
                "conv_fee": 123
              },
              "qty": 11,
              "fulfillment_req": {
                "recharge_number": 123,
                "travel_date": 123,
                "from": 123,
                "to": 123
              },
              "info": {
                "fulfillment_req": {
                  "recharge_number": 123,
                  "travel_date": 123,
                  "from": 123,
                  "to": 123
                },
                "meta_data": {
                  "due_date": 123
                }
              }
            }
          },
          "product_id": 123,
          "promo_meta_data": 123
        },
        "promocode": "PROMOACTIONCAMPAIGN6"
      },
      "Response": {
        "promocode": "PROMOACTIONCAMPAIGN6",
        "items": {
          "123": {
            "promocode": "PROMOACTIONCAMPAIGN6",
            "promotext": "Success",
            "promotext_template": "Success",
            "goldback": 660,
            "usage_data": {
              "site_id": 1,
              "user_id": 1107208277,
              "promocode_id": 301115650,
              "campaign": "PROMOACTIONCAMPAIGN6",
              "fulfillment_status": 0,
              "redemption_type": "goldback",
              "status": 1,
              "fraud1": "9bf8ca1208aa95a69863afc49cf4f8ec",
              "flags": 0,
              "amount": 660,
              "identifier_key": "meta_data.ticketCount",
              "identifier_value": "2"
            },
            "product": {
              "conv_fee": 123,
              "selling_price_per_item": 123
            }
          }
        }
      }
    }
  ]
}