{
  "Request_Response": [
    {
      "TestCaseName": "V2 promo apply for recharge valid request for condition applicable_for_user, applicable_for_email using campaign PMap_Campaign",
      "Request": {
        "user": {
          "id": 306220250,
          "username": "",
          "firstName": "Himanshu",
          "middleName": "",
          "lastName": "Jain",
          "gender": "MALE",
          "dateOfBirth": "26/12/1989",
          "mobile": 5656566196,
          "created_at": "Dec 4, 2016 10:25:47 AM",
          "countryCode": "91",
          "status": true,
          "is_verified_email": 0,
          "is_verified_mobile": 1,
          "sendEmailFLag": 1,
          "isKyc": false,
          "walletType": "SCW",
          "userTypes": [],
          "expiryTime": "1545989513000",
          "email": "jhain@paytm.com"
        },
        "cart": {
          "items": {
            "{pid43696473config{price1recharge_number5656566196": {
              "product_id": 196,
              "qty": 1,
              "child_site_id": 1,
              "price": 1,
              "conv_fee": 0,
              "fulfillment_req": {
                "price": 1000,
                "recharge_number": "9999966666"
              },
              "meta_data": {
                "protection_url": "https://paytm.com/protection/v1/public/home/utilities/policies?categoryId=26",
                "due_date": "NA"
              },
              "display_sequence": 1,
              "in_stock": true,
              "product": {
                "attributes": {
                  "service": "Electricity",
                  "paytype": "postpaid",
                  "operator": "UTTAR GUJARAT VIJ",
                  "circle": "Gujarat",
                  "service_label": "Electricity",
                  "paytype_label": "Bill Payment",
                  "operator_label": "Uttar Gujarat Vij",
                  "circle_label": "Gujarat",
                  "info": "[{ \"title\": \"Consumer Number\", \"sub_title\": \"\", \"config_key\": \"recharge_number\",\"isAlphanumeric\":\"true\" , \"isBDProduct\":\"true\", \"url\":\"http://www.ugvcl.com/Online-payment.htm\", \"billerId\":\"UGVCL\", \"regex\": \"^[A-Za-z0-9]{5}$|^[A-Za-z0-9]{11}$\" }]",
                  "min_amount": "1",
                  "max_amount": "99999",
                  "status": "1",
                  "prefetch": "1",
                  "district": "N/A",
                  "input_field-title-1": "Consumer Number",
                  "input_field-config_key-1": "recharge_number",
                  "input_field-regex-1": "^[0-9]{11}$",
                  "input_field-isAlphanumeric-1": "true",
                  "input_field-isBDProduct-1": "false",
                  "input_field-url-1": "http://www.ugvcl.com/Online-payment.htm",
                  "input_field-billerId-1": "UGVCL",
                  "sub_district": "N/A",
                  "sub_division": "N/A",
                  "state": "Gujarat",
                  "board": "Uttar Gujarat Vij",
                  "input_field-message-1": "Please enter your 11 digit Consumer Number"
                },
                "autocode": null,
                "brand": "Uttar Gujarat Vij",
                "brand_id": 467416,
                "category_id": 13,
                "conv_fee": 0,
                "custom_int_4": 1,
                "dimensions": null,
                "fulfillment_mode": 0,
                "fulfillment_service": 3,
                "id": 109706199,
                "image": "https://assetscdn.paytm.com/images/catalog/product/U/Ut/UttarGujaratVijElectricityPostpaid/0.jpg",
                "is_in_stock": 1,
                "manage_stock": 0,
                "max_dispatch_time": 0,
                "merchant_id": 2,
                "merchant_name": "Topups OMS Client",
                "merchant_stock": 1,
                "mrp": 1,
                "name": "Bill Payment Uttar Gujarat Vij",
                "need_shipping": 0,
                "parent_id": null,
                "pay_type": 63918,
                "paytm_sku": "UttarGujaratVijElectricityPostpaid",
                "price": 100,
                "product_type": 1,
                "weight": 0,
                "return_in_days": 0,
                "return_policy_id": 2,
                "shipping_charge": 0,
                "sku": "uttargujratvij_gujarat_electricity_postpaid",
                "status": 1,
                "tax_id": null,
                "thumbnail": "https://assetscdn.paytm.com/images/catalog/product/U/Ut/UttarGujaratVijElectricityPostpaid/0.jpg",
                "url_key": "bill-payment-uttar-gujarat-vij-uttargujaratvijelectricitypostpaid",
                "vertical_id": 76,
                "info": "{}",
                "custom_text_2": "{\"child_site_ids\":{\"1\":{\"p\":1},\"6\":{\"p\":2}}}",
                "custom_text_9": null,
                "currency_id": 1,
                "raw_currency": {
                  "price": 1000,
                  "mrp": 1,
                  "shipping_charge": 0,
                  "currency_id": 1,
                  "code": "INR",
                  "symbol": "₹",
                  "country_code": "IND"
                },
                "currency": {
                  "conversion_rate": 1,
                  "currency_id": 1,
                  "code": "INR",
                  "symbol": "₹",
                  "country_code": "IND"
                },
                "short_description": {},
                "type": "Recharge",
                "not_cacellable_post_ship": 0,
                "cod_applicable": 0
              },
              "total_quantity": 10,
              "isServiceOptionsSet": true,
              "shipping_charges": 0
            }
          },
          "count": 0,
          "site_id": 2,
          "is_express": true,
          "is_physical": false,
          "need_shipping": 0,
          "cod_applicable": 0,
          "reqId": "1514457138.941-54.179.146.136-1835-1282900284-84"
        },
        "clientDetails": {
          "user_agent": "Mozilla/5.0 (Macintosh; Intel Mac OS X 10_13_1) AppleWebKit/537.36 (KHTML, like Gecko) Chrome/45.0.2454.101 Safari/537.36",
          "ip": "54.179.146.136",
          "site_id": 1,
          "channel": "web",
          "version": "2",
          "utm_source": "/papi/v1/expresscart/verify",
          "sso_token": "611cb76c-d9dd-48b6-bafe-201ee8d90100",
          "client": "WEB",
          "child_site_id": 1
        },
        "promocode": "PMap_Campaign"
      },
      "Response": {
        "promocode": "PMap_Campaign",
        "items": {
          "{pid43696473config{price1recharge_number5656566196": {
            "promocode": "PMap_Campaign",
            "promotext": " PMap_Campaign applied. Rs10 cashback will be added to Paytm wallet in 24hrs of shipment. Get your KYC done to receive the cashback. Please ignore if KYC is done.",
            "promotext_template": " ${code} applied. Rs${amount} cashback will be added to Paytm wallet in 24hrs of shipment. Get your KYC done to receive the cashback. Please ignore if KYC is done.",
            "cashback": 10,
            "usage_data": {
              "site_id": 1,
              "user_id": 306220250,
              "promocode_id": 301115527,
              "campaign": "PMap_Campaign",
              "fulfillment_status": 0,
              "redemption_type": "cashback",
              "status": 1,
              "fraud1": "3f4b255899ad46e81661b626e4f8a672",
              "flags": 0,
              "amount": 10,
              "identifier_key": "PMap_Campaign",
              "identifier_value": "9999966666"
            },
            "product": {}
          }
        }
      }
    },
    {
      "TestCaseName": "V2 promo apply for recharge validating condition applicable_for_user using campaign PMap_Campaign",
      "Request": {
        "user": {
          "id": 306220251,
          "username": "",
          "firstName": "Himanshu",
          "middleName": "",
          "lastName": "Jain",
          "gender": "MALE",
          "dateOfBirth": "26/12/1989",
          "mobile": 5656566196,
          "created_at": "Dec 4, 2016 10:25:47 AM",
          "countryCode": "91",
          "status": true,
          "is_verified_email": 0,
          "is_verified_mobile": 1,
          "sendEmailFLag": 1,
          "isKyc": false,
          "walletType": "SCW",
          "userTypes": [],
          "expiryTime": "1545989513000",
          "email": "jhain@paytm.com"
        },
        "cart": {
          "items": {
            "{pid43696473config{price1recharge_number5656566196": {
              "product_id": 196,
              "qty": 1,
              "child_site_id": 1,
              "price": 1,
              "conv_fee": 0,
              "fulfillment_req": {
                "price": 1000,
                "recharge_number": "9999966666"
              },
              "meta_data": {
                "protection_url": "https://paytm.com/protection/v1/public/home/utilities/policies?categoryId=26",
                "due_date": "NA"
              },
              "display_sequence": 1,
              "in_stock": true,
              "product": {
                "attributes": {
                  "service": "Electricity",
                  "paytype": "postpaid",
                  "operator": "UTTAR GUJARAT VIJ",
                  "circle": "Gujarat",
                  "service_label": "Electricity",
                  "paytype_label": "Bill Payment",
                  "operator_label": "Uttar Gujarat Vij",
                  "circle_label": "Gujarat",
                  "info": "[{ \"title\": \"Consumer Number\", \"sub_title\": \"\", \"config_key\": \"recharge_number\",\"isAlphanumeric\":\"true\" , \"isBDProduct\":\"true\", \"url\":\"http://www.ugvcl.com/Online-payment.htm\", \"billerId\":\"UGVCL\", \"regex\": \"^[A-Za-z0-9]{5}$|^[A-Za-z0-9]{11}$\" }]",
                  "min_amount": "1",
                  "max_amount": "99999",
                  "status": "1",
                  "prefetch": "1",
                  "district": "N/A",
                  "input_field-title-1": "Consumer Number",
                  "input_field-config_key-1": "recharge_number",
                  "input_field-regex-1": "^[0-9]{11}$",
                  "input_field-isAlphanumeric-1": "true",
                  "input_field-isBDProduct-1": "false",
                  "input_field-url-1": "http://www.ugvcl.com/Online-payment.htm",
                  "input_field-billerId-1": "UGVCL",
                  "sub_district": "N/A",
                  "sub_division": "N/A",
                  "state": "Gujarat",
                  "board": "Uttar Gujarat Vij",
                  "input_field-message-1": "Please enter your 11 digit Consumer Number"
                },
                "autocode": null,
                "brand": "Uttar Gujarat Vij",
                "brand_id": 467416,
                "category_id": 13,
                "conv_fee": 0,
                "custom_int_4": 1,
                "dimensions": null,
                "fulfillment_mode": 0,
                "fulfillment_service": 3,
                "id": 109706199,
                "image": "https://assetscdn.paytm.com/images/catalog/product/U/Ut/UttarGujaratVijElectricityPostpaid/0.jpg",
                "is_in_stock": 1,
                "manage_stock": 0,
                "max_dispatch_time": 0,
                "merchant_id": 2,
                "merchant_name": "Topups OMS Client",
                "merchant_stock": 1,
                "mrp": 1,
                "name": "Bill Payment Uttar Gujarat Vij",
                "need_shipping": 0,
                "parent_id": null,
                "pay_type": 63918,
                "paytm_sku": "UttarGujaratVijElectricityPostpaid",
                "price": 100,
                "product_type": 1,
                "weight": 0,
                "return_in_days": 0,
                "return_policy_id": 2,
                "shipping_charge": 0,
                "sku": "uttargujratvij_gujarat_electricity_postpaid",
                "status": 1,
                "tax_id": null,
                "thumbnail": "https://assetscdn.paytm.com/images/catalog/product/U/Ut/UttarGujaratVijElectricityPostpaid/0.jpg",
                "url_key": "bill-payment-uttar-gujarat-vij-uttargujaratvijelectricitypostpaid",
                "vertical_id": 76,
                "info": "{}",
                "custom_text_2": "{\"child_site_ids\":{\"1\":{\"p\":1},\"6\":{\"p\":2}}}",
                "custom_text_9": null,
                "currency_id": 1,
                "raw_currency": {
                  "price": 1000,
                  "mrp": 1,
                  "shipping_charge": 0,
                  "currency_id": 1,
                  "code": "INR",
                  "symbol": "₹",
                  "country_code": "IND"
                },
                "currency": {
                  "conversion_rate": 1,
                  "currency_id": 1,
                  "code": "INR",
                  "symbol": "₹",
                  "country_code": "IND"
                },
                "short_description": {},
                "type": "Recharge",
                "not_cacellable_post_ship": 0,
                "cod_applicable": 0
              },
              "total_quantity": 10,
              "isServiceOptionsSet": true,
              "shipping_charges": 0
            }
          },
          "count": 0,
          "site_id": 2,
          "is_express": true,
          "is_physical": false,
          "need_shipping": 0,
          "cod_applicable": 0,
          "reqId": "1514457138.941-54.179.146.136-1835-1282900284-84"
        },
        "clientDetails": {
          "user_agent": "Mozilla/5.0 (Macintosh; Intel Mac OS X 10_13_1) AppleWebKit/537.36 (KHTML, like Gecko) Chrome/45.0.2454.101 Safari/537.36",
          "ip": "54.179.146.136",
          "site_id": 1,
          "channel": "web",
          "version": "2",
          "utm_source": "/papi/v1/expresscart/verify",
          "sso_token": "611cb76c-d9dd-48b6-bafe-201ee8d90100",
          "client": "WEB",
          "child_site_id": 1
        },
        "promocode": "PMap_Campaign"
      },
      "Response": {
        "error": "This promocode can be used by specific users only.",
        "code": 406,
        "errorCode": "PC_VL_4002",
        "title": "Please enter a valid promotional code",
        "data": {
          "basket_campaign": false
        }
      }
    },
    {
      "TestCaseName": "V2 promo apply for recharge validating condition applicable_for_email using campaign PMap_Campaign",
      "Request": {
        "user": {
          "id": 306220250,
          "username": "",
          "firstName": "Himanshu",
          "middleName": "",
          "lastName": "Jain",
          "gender": "MALE",
          "dateOfBirth": "26/12/1989",
          "mobile": 5656566196,
          "created_at": "Dec 4, 2016 10:25:47 AM",
          "countryCode": "91",
          "status": true,
          "is_verified_email": 0,
          "is_verified_mobile": 1,
          "sendEmailFLag": 1,
          "isKyc": false,
          "walletType": "SCW",
          "userTypes": [],
          "expiryTime": "1545989513000",
          "email": "jhain1@paytm.com"
        },
        "cart": {
          "items": {
            "{pid43696473config{price1recharge_number5656566196": {
              "product_id": 196,
              "qty": 1,
              "child_site_id": 1,
              "price": 1,
              "conv_fee": 0,
              "fulfillment_req": {
                "price": 1000,
                "recharge_number": "9999966666"
              },
              "meta_data": {
                "protection_url": "https://paytm.com/protection/v1/public/home/utilities/policies?categoryId=26",
                "due_date": "NA"
              },
              "display_sequence": 1,
              "in_stock": true,
              "product": {
                "attributes": {
                  "service": "Electricity",
                  "paytype": "postpaid",
                  "operator": "UTTAR GUJARAT VIJ",
                  "circle": "Gujarat",
                  "service_label": "Electricity",
                  "paytype_label": "Bill Payment",
                  "operator_label": "Uttar Gujarat Vij",
                  "circle_label": "Gujarat",
                  "info": "[{ \"title\": \"Consumer Number\", \"sub_title\": \"\", \"config_key\": \"recharge_number\",\"isAlphanumeric\":\"true\" , \"isBDProduct\":\"true\", \"url\":\"http://www.ugvcl.com/Online-payment.htm\", \"billerId\":\"UGVCL\", \"regex\": \"^[A-Za-z0-9]{5}$|^[A-Za-z0-9]{11}$\" }]",
                  "min_amount": "1",
                  "max_amount": "99999",
                  "status": "1",
                  "prefetch": "1",
                  "district": "N/A",
                  "input_field-title-1": "Consumer Number",
                  "input_field-config_key-1": "recharge_number",
                  "input_field-regex-1": "^[0-9]{11}$",
                  "input_field-isAlphanumeric-1": "true",
                  "input_field-isBDProduct-1": "false",
                  "input_field-url-1": "http://www.ugvcl.com/Online-payment.htm",
                  "input_field-billerId-1": "UGVCL",
                  "sub_district": "N/A",
                  "sub_division": "N/A",
                  "state": "Gujarat",
                  "board": "Uttar Gujarat Vij",
                  "input_field-message-1": "Please enter your 11 digit Consumer Number"
                },
                "autocode": null,
                "brand": "Uttar Gujarat Vij",
                "brand_id": 467416,
                "category_id": 13,
                "conv_fee": 0,
                "custom_int_4": 1,
                "dimensions": null,
                "fulfillment_mode": 0,
                "fulfillment_service": 3,
                "id": 109706199,
                "image": "https://assetscdn.paytm.com/images/catalog/product/U/Ut/UttarGujaratVijElectricityPostpaid/0.jpg",
                "is_in_stock": 1,
                "manage_stock": 0,
                "max_dispatch_time": 0,
                "merchant_id": 2,
                "merchant_name": "Topups OMS Client",
                "merchant_stock": 1,
                "mrp": 1,
                "name": "Bill Payment Uttar Gujarat Vij",
                "need_shipping": 0,
                "parent_id": null,
                "pay_type": 63918,
                "paytm_sku": "UttarGujaratVijElectricityPostpaid",
                "price": 100,
                "product_type": 1,
                "weight": 0,
                "return_in_days": 0,
                "return_policy_id": 2,
                "shipping_charge": 0,
                "sku": "uttargujratvij_gujarat_electricity_postpaid",
                "status": 1,
                "tax_id": null,
                "thumbnail": "https://assetscdn.paytm.com/images/catalog/product/U/Ut/UttarGujaratVijElectricityPostpaid/0.jpg",
                "url_key": "bill-payment-uttar-gujarat-vij-uttargujaratvijelectricitypostpaid",
                "vertical_id": 76,
                "info": "{}",
                "custom_text_2": "{\"child_site_ids\":{\"1\":{\"p\":1},\"6\":{\"p\":2}}}",
                "custom_text_9": null,
                "currency_id": 1,
                "raw_currency": {
                  "price": 1000,
                  "mrp": 1,
                  "shipping_charge": 0,
                  "currency_id": 1,
                  "code": "INR",
                  "symbol": "₹",
                  "country_code": "IND"
                },
                "currency": {
                  "conversion_rate": 1,
                  "currency_id": 1,
                  "code": "INR",
                  "symbol": "₹",
                  "country_code": "IND"
                },
                "short_description": {},
                "type": "Recharge",
                "not_cacellable_post_ship": 0,
                "cod_applicable": 0
              },
              "total_quantity": 10,
              "isServiceOptionsSet": true,
              "shipping_charges": 0
            }
          },
          "count": 0,
          "site_id": 2,
          "is_express": true,
          "is_physical": false,
          "need_shipping": 0,
          "cod_applicable": 0,
          "reqId": "1514457138.941-54.179.146.136-1835-1282900284-84"
        },
        "clientDetails": {
          "user_agent": "Mozilla/5.0 (Macintosh; Intel Mac OS X 10_13_1) AppleWebKit/537.36 (KHTML, like Gecko) Chrome/45.0.2454.101 Safari/537.36",
          "ip": "54.179.146.136",
          "site_id": 1,
          "channel": "web",
          "version": "2",
          "utm_source": "/papi/v1/expresscart/verify",
          "sso_token": "611cb76c-d9dd-48b6-bafe-201ee8d90100",
          "client": "WEB",
          "child_site_id": 1
        },
        "promocode": "PMap_Campaign"
      },
      "Response": {
        "error": "This promocode can be used by specific users emails only.",
        "code": 406,
        "errorCode": "PC_VL_4002",
        "title": "Please enter a valid promotional code",
        "data": {
          "basket_campaign": false
        }
      }
    },
    {
      "TestCaseName": "V2 promo apply for recharge validating condition promocode_associated_to_user using campaign userPromoCampaign",
      "Request": {
        "cart": {
          "items": {
            "109706199pid": {
              "qty": "1",
              "product": {
                "price": "600",
                "need_shipping": "1",
                "return_policy_id": "62",
                "weight": "1000",
                "pay_type": "63982",
                "name": "Samsung Galaxy Note 8 SM-N950F (MidnightBlack)",
                "mrp": "900",
                "product_type": "1",
                "paytm_sku": "MOBSAMSUNG-GALAPAVA7484763A38443A",
                "id": 109706199,
                "brand_id": 444,
                "merchant_id": 3
              },
              "child_site_id": "6",
              "product_id": "109706199",
              "in_stock": "true",
              "total_quantity": "98",
              "display_sequence": "1511624463000"
            }
          },
          "need_shipping": "1",
          "reqId": "1512640039.193-54.179.186.39-686-468383-1",
          "requested_action": "applypromo",
          "is_physical": "true",
          "fetch_requested_key": "ZBLgEGAgNNm_KUA.IlinRUMzEFQg6V8KPVMfng",
          "site_id": "1",
          "product_ids": [
            "109706199"
          ],
          "disabledPgModes": {
            "ESCROW": "true",
            "COD": "true",
            "cod": "true",
            "escrow": "true"
          },
          "id": "201793729",
          "cart_id": "ZBLgEGAgNNm_KUA.IlinRUMzEFQg6V8KPVMfng",
          "paymentOptions": {
            "EMI_OPTIONS": "BAJAJFN-DROP_ALL",
            "emi_OPTIONS": "BAJAJFN-DROP_ALL"
          },
          "product_category_ids": [
            "6442",
            "6442",
            "6442"
          ],
          "cod_applicable": "",
          "merchant_ids": [
            "748476"
          ],
          "fetched_against_key": "ZBLgEGAgNNm_KUA.IlinRUMzEFQg6V8KPVMfng",
          "brand_ids": [
            "2578"
          ]
        },
        "user": {
          "id": 306220250,
          "walletType": "123",
          "countryCode": "123",
          "email": "abc@paytm.com",
          "gender": "123",
          "created_at": 1480835026000,
          "customerGrade": "123",
          "firstName": "123",
          "is_verified_email": 0,
          "is_verified_mobile": 1
        },
        "clientDetails": {
          "client": "ANDROIDAPP",
          "deviceName": "asd",
          "deviceManufacturer": "ABC",
          "user_agent": "app",
          "site_id": 1,
          "deviceIdentifier": "SAMSUNG-J5",
          "version": "0.2.51",
          "playStore": "YES",
          "platform": "app"
        },
        "promocode": "userPromoCampaign"
      },
      "Response": {
        "promocode": "userPromoCampaign",
        "disabledPgModes": {
          "ESCROW": "true",
          "COD": "true",
          "cod": "true",
          "escrow": "true"
        },
        "items": {
          "109706199pid": {
            "promocode": "userPromoCampaign",
            "promotext": "Success",
            "promotext_template": "Success",
            "cashback": 60,
            "usage_data": {
              "site_id": 1,
              "user_id": 306220250,
              "promocode_id": 301115578,
              "campaign": "userPromoCampaign",
              "fulfillment_status": 0,
              "redemption_type": "cashback",
              "status": 1,
              "fraud1": "9bf8ca1208aa95a69863afc49cf4f8ec",
              "flags": 0,
              "amount": 60
            },
            "product": {}
          }
        }
      }
    }
  ]
}