{
  "Request_Response": [
    {
      "TestCaseName": "V2 promo apply for validating camapaign condition unique_order_by_physical_merchant using campaign ES_Campaign",
      "Request": {
        "user": {
          "id": 1107217831,
          "username": "",
          "firstName": "Himanshu",
          "middleName": "",
          "lastName": "Jain",
          "gender": "MALE",
          "dateOfBirth": "26/12/1989",
          "mobile": 5656566196,
          "created_at": "Dec 4, 2016 10:25:47 AM",
          "countryCode": "91",
          "status": true,
          "is_verified_email": 0,
          "is_verified_mobile": 1,
          "sendEmailFLag": 1,
          "isKyc": false,
          "walletType": "SCW",
          "userTypes": [],
          "expiryTime": "1545989513000"
        },
        "cart": {
          "items": {
            "{pid43696473config{price1recharge_number5656566196": {
              "product_id": 196,
              "qty": 1,
              "child_site_id": 1,
              "price": 1,
              "conv_fee": 0,
              "fulfillment_req": {
                "price": 1000,
                "recharge_number": "9999966666"
              },
              "meta_data": {
                "protection_url": "https://paytm.com/protection/v1/public/home/utilities/policies?categoryId=26",
                "due_date": "NA"
              },
              "display_sequence": 1,
              "in_stock": true,
              "product": {
                "attributes": {
                  "service": "Electricity",
                  "paytype": "postpaid",
                  "operator": "UTTAR GUJARAT VIJ",
                  "circle": "Gujarat",
                  "service_label": "Electricity",
                  "paytype_label": "Bill Payment",
                  "operator_label": "Uttar Gujarat Vij",
                  "circle_label": "Gujarat",
                  "info": "[{ \"title\": \"Consumer Number\", \"sub_title\": \"\", \"config_key\": \"recharge_number\",\"isAlphanumeric\":\"true\" , \"isBDProduct\":\"true\", \"url\":\"http://www.ugvcl.com/Online-payment.htm\", \"billerId\":\"UGVCL\", \"regex\": \"^[A-Za-z0-9]{5}$|^[A-Za-z0-9]{11}$\" }]",
                  "min_amount": "1",
                  "max_amount": "99999",
                  "status": "1",
                  "prefetch": "1",
                  "district": "N/A",
                  "input_field-title-1": "Consumer Number",
                  "input_field-config_key-1": "recharge_number",
                  "input_field-regex-1": "^[0-9]{11}$",
                  "input_field-isAlphanumeric-1": "true",
                  "input_field-isBDProduct-1": "false",
                  "input_field-url-1": "http://www.ugvcl.com/Online-payment.htm",
                  "input_field-billerId-1": "UGVCL",
                  "sub_district": "N/A",
                  "sub_division": "N/A",
                  "state": "Gujarat",
                  "board": "Uttar Gujarat Vij",
                  "input_field-message-1": "Please enter your 11 digit Consumer Number"
                },
                "autocode": null,
                "brand": "Uttar Gujarat Vij",
                "brand_id": 467416,
                "category_id": 13,
                "conv_fee": 0,
                "custom_int_4": 1,
                "dimensions": null,
                "fulfillment_mode": 0,
                "fulfillment_service": 3,
                "id": 109706199,
                "image": "https://assetscdn.paytm.com/images/catalog/product/U/Ut/UttarGujaratVijElectricityPostpaid/0.jpg",
                "is_in_stock": 1,
                "manage_stock": 0,
                "max_dispatch_time": 0,
                "merchant_id": 2,
                "merchant_name": "Topups OMS Client",
                "merchant_stock": 1,
                "mrp": 1,
                "name": "Bill Payment Uttar Gujarat Vij",
                "need_shipping": 0,
                "parent_id": null,
                "pay_type": 63918,
                "paytm_sku": "UttarGujaratVijElectricityPostpaid",
                "price": 100,
                "product_type": 1,
                "weight": 0,
                "return_in_days": 0,
                "return_policy_id": 2,
                "shipping_charge": 0,
                "sku": "uttargujratvij_gujarat_electricity_postpaid",
                "status": 1,
                "tax_id": null,
                "thumbnail": "https://assetscdn.paytm.com/images/catalog/product/U/Ut/UttarGujaratVijElectricityPostpaid/0.jpg",
                "url_key": "bill-payment-uttar-gujarat-vij-uttargujaratvijelectricitypostpaid",
                "vertical_id": 76,
                "info": "{}",
                "custom_text_2": "{\"child_site_ids\":{\"1\":{\"p\":1},\"6\":{\"p\":2}}}",
                "custom_text_9": null,
                "currency_id": 1,
                "raw_currency": {
                  "price": 1000,
                  "mrp": 1,
                  "shipping_charge": 0,
                  "currency_id": 1,
                  "code": "INR",
                  "symbol": "₹",
                  "country_code": "IND"
                },
                "currency": {
                  "conversion_rate": 1,
                  "currency_id": 1,
                  "code": "INR",
                  "symbol": "₹",
                  "country_code": "IND"
                },
                "short_description": {},
                "type": "Recharge",
                "not_cacellable_post_ship": 0,
                "cod_applicable": 0
              },
              "total_quantity": 10,
              "isServiceOptionsSet": true,
              "shipping_charges": 0
            }
          },
          "count": 0,
          "site_id": 2,
          "is_express": true,
          "is_physical": false,
          "need_shipping": 0,
          "cod_applicable": 0,
          "reqId": "1514457138.941-54.179.146.136-1835-1282900284-84"
        },
        "clientDetails": {
          "user_agent": "Mozilla/5.0 (Macintosh; Intel Mac OS X 10_13_1) AppleWebKit/537.36 (KHTML, like Gecko) Chrome/45.0.2454.101 Safari/537.36",
          "ip": "54.179.146.136",
          "site_id": 1,
          "channel": "web",
          "version": "2",
          "utm_source": "/papi/v1/expresscart/verify",
          "sso_token": "611cb76c-d9dd-48b6-bafe-201ee8d90100",
          "client": "WEB",
          "child_site_id": 1
        },
        "promocode": "ES_Campaign"
      },
      "Response": {
        "promocode": "ES_Campaign",
        "disabledPgModes": {},
        "disablePGInstruments": {},
        "items": {
          "{pid43696473config{price1recharge_number5656566196": {
            "promocode": "ES_Campaign",
            "promotext_template": " ${code} applied. Rs${amount} cashback will be added to Paytm wallet in 24hrs of shipment. Get your KYC done to receive the cashback. Please ignore if KYC is done.",
            "goldback": 100,
            "usage_data": {
              "site_id": 1,
              "user_id": 1107217831,
              "promocode_id": 301115494,
              "promocode": "ES_CAMPAIGN",
              "campaign": "ES_Campaign",
              "campaign_id": 27277,
              "fulfillment_time": "2021-03-26 10:21:19",
              "fulfillment_status": 0,
              "redemption_type": "goldback",
              "status": 1,
              "fraud1": "3f4b255899ad46e81661b626e4f8a672",
              "created_at": "2021-03-26T04:51:19.842Z",
              "flags": 0,
              "promo_gratification_data": {
                "action_type": "giveCashback",
                "sub_redemption_type": "GOLDBACK",
                "processPostActions": null
              },
              "custom_text": {
                "userlocks": [
                  "LOCKSS:PARALLEL_PROM_DELAY:1107217831",
                  "LOCKSS_ES_Campaign_ES_Campaign_1"
                ]
              },
              "amount": 100,
              "toBeInserted": true
            },
            "promo_info": {
              "visible_from": "2018-06-13T09:00:00.000Z",
              "visible_upto": "2020-02-29T09:00:00.000Z",
              "valid_from": "2018-06-13T09:00:00.000Z",
              "valid_upto": "2021-11-21T06:31:10.000Z",
              "is_flash_code": false,
              "offer_validation_text": "",
              "campaign": "ES_Campaign"
            },
            "product": {},
            "promotext": " ES_Campaign applied. Rs100 cashback will be added to Paytm wallet in 24hrs of shipment. Get your KYC done to receive the cashback. Please ignore if KYC is done."
          }
        },
        "enable_cod_applicability": false
      }
    },
    {
      "TestCaseName": "V2 promo apply for valid request using campaign ES_Campaign1",
      "Request": {
        "user": {
          "id": 1107217831,
          "username": "",
          "firstName": "Himanshu",
          "middleName": "",
          "lastName": "Jain",
          "gender": "MALE",
          "dateOfBirth": "26/12/1989",
          "mobile": 5656566196,
          "created_at": "Dec 4, 2016 10:25:47 AM",
          "countryCode": "91",
          "status": true,
          "is_verified_email": 0,
          "is_verified_mobile": 1,
          "sendEmailFLag": 1,
          "isKyc": false,
          "walletType": "SCW",
          "userTypes": [],
          "expiryTime": "1545989513000"
        },
        "cart": {
          "items": {
            "{pid43696473config{price1recharge_number5656566196": {
              "product_id": 196,
              "qty": 1,
              "child_site_id": 1,
              "price": 1,
              "conv_fee": 0,
              "fulfillment_req": {
                "price": 1000,
                "recharge_number": "9993336661"
              },
              "meta_data": {
                "protection_url": "https://paytm.com/protection/v1/public/home/utilities/policies?categoryId=26",
                "due_date": "NA"
              },
              "display_sequence": 1,
              "in_stock": true,
              "product": {
                "attributes": {
                  "service": "Electricity",
                  "paytype": "postpaid",
                  "operator": "UTTAR GUJARAT VIJ",
                  "circle": "Gujarat",
                  "service_label": "Electricity",
                  "paytype_label": "Bill Payment",
                  "operator_label": "Uttar Gujarat Vij",
                  "circle_label": "Gujarat",
                  "info": "[{ \"title\": \"Consumer Number\", \"sub_title\": \"\", \"config_key\": \"recharge_number\",\"isAlphanumeric\":\"true\" , \"isBDProduct\":\"true\", \"url\":\"http://www.ugvcl.com/Online-payment.htm\", \"billerId\":\"UGVCL\", \"regex\": \"^[A-Za-z0-9]{5}$|^[A-Za-z0-9]{11}$\" }]",
                  "min_amount": "1",
                  "max_amount": "99999",
                  "status": "1",
                  "prefetch": "1",
                  "district": "N/A",
                  "input_field-title-1": "Consumer Number",
                  "input_field-config_key-1": "recharge_number",
                  "input_field-regex-1": "^[0-9]{11}$",
                  "input_field-isAlphanumeric-1": "true",
                  "input_field-isBDProduct-1": "false",
                  "input_field-url-1": "http://www.ugvcl.com/Online-payment.htm",
                  "input_field-billerId-1": "UGVCL",
                  "sub_district": "N/A",
                  "sub_division": "N/A",
                  "state": "Gujarat",
                  "board": "Uttar Gujarat Vij",
                  "input_field-message-1": "Please enter your 11 digit Consumer Number"
                },
                "autocode": null,
                "brand": "Uttar Gujarat Vij",
                "brand_id": 467416,
                "category_id": 13,
                "conv_fee": 0,
                "custom_int_4": 1,
                "dimensions": null,
                "fulfillment_mode": 0,
                "fulfillment_service": 3,
                "id": 109706199,
                "image": "https://assetscdn.paytm.com/images/catalog/product/U/Ut/UttarGujaratVijElectricityPostpaid/0.jpg",
                "is_in_stock": 1,
                "manage_stock": 0,
                "max_dispatch_time": 0,
                "merchant_id": 2,
                "merchant_name": "Topups OMS Client",
                "merchant_stock": 1,
                "mrp": 1,
                "name": "Bill Payment Uttar Gujarat Vij",
                "need_shipping": 0,
                "parent_id": null,
                "pay_type": 63918,
                "paytm_sku": "UttarGujaratVijElectricityPostpaid",
                "price": 100,
                "product_type": 1,
                "weight": 0,
                "return_in_days": 0,
                "return_policy_id": 2,
                "shipping_charge": 0,
                "sku": "uttargujratvij_gujarat_electricity_postpaid",
                "status": 1,
                "tax_id": null,
                "thumbnail": "https://assetscdn.paytm.com/images/catalog/product/U/Ut/UttarGujaratVijElectricityPostpaid/0.jpg",
                "url_key": "bill-payment-uttar-gujarat-vij-uttargujaratvijelectricitypostpaid",
                "vertical_id": 76,
                "info": "{}",
                "custom_text_2": "{\"child_site_ids\":{\"1\":{\"p\":1},\"6\":{\"p\":2}}}",
                "custom_text_9": null,
                "currency_id": 1,
                "raw_currency": {
                  "price": 1000,
                  "mrp": 1,
                  "shipping_charge": 0,
                  "currency_id": 1,
                  "code": "INR",
                  "symbol": "₹",
                  "country_code": "IND"
                },
                "currency": {
                  "conversion_rate": 1,
                  "currency_id": 1,
                  "code": "INR",
                  "symbol": "₹",
                  "country_code": "IND"
                },
                "short_description": {},
                "type": "Recharge",
                "not_cacellable_post_ship": 0,
                "cod_applicable": 0
              },
              "total_quantity": 10,
              "isServiceOptionsSet": true,
              "shipping_charges": 0
            }
          },
          "count": 0,
          "site_id": 2,
          "is_express": true,
          "is_physical": false,
          "need_shipping": 0,
          "cod_applicable": 0,
          "reqId": "1514457138.941-54.179.146.136-1835-1282900284-84"
        },
        "clientDetails": {
          "user_agent": "Mozilla/5.0 (Macintosh; Intel Mac OS X 10_13_1) AppleWebKit/537.36 (KHTML, like Gecko) Chrome/45.0.2454.101 Safari/537.36",
          "ip": "54.179.146.136",
          "site_id": 1,
          "channel": "web",
          "version": "2",
          "utm_source": "/papi/v1/expresscart/verify",
          "sso_token": "611cb76c-d9dd-48b6-bafe-201ee8d90100",
          "client": "WEB",
          "child_site_id": 1
        },
        "promocode": "ES_Campaign1"
      },
      "Response": {
        "promocode": "ES_Campaign1",
        "items": {
          "{pid43696473config{price1recharge_number5656566196": {
            "promocode": "ES_Campaign1",
            "promotext": " ES_Campaign1 applied. Rs100 cashback will be added to Paytm wallet in 24hrs of shipment. Get your KYC done to receive the cashback. Please ignore if KYC is done.",
            "promotext_template": " ${code} applied. Rs${amount} cashback will be added to Paytm wallet in 24hrs of shipment. Get your KYC done to receive the cashback. Please ignore if KYC is done.",
            "goldback": 100,
            "usage_data": {
              "site_id": 1,
              "user_id": 1107217831,
              "promocode_id": 301115496,
              "campaign": "ES_Campaign1",
              "fulfillment_status": 0,
              "redemption_type": "goldback",
              "status": 1,
              "fraud1": "3f4b255899ad46e81661b626e4f8a672",
              "flags": 0,
              "amount": 100
            },
            "product": {}
          }
        }
      }
    },
    {
      "TestCaseName": "V2 promo apply for validating condition success_order_count_by_recharge_number using campaign ES_Campaign1",
      "Request": {
        "user": {
          "id": 1107217831,
          "username": "",
          "firstName": "Himanshu",
          "middleName": "",
          "lastName": "Jain",
          "gender": "MALE",
          "dateOfBirth": "26/12/1989",
          "mobile": 5656566196,
          "created_at": "Dec 4, 2016 10:25:47 AM",
          "countryCode": "91",
          "status": true,
          "is_verified_email": 0,
          "is_verified_mobile": 1,
          "sendEmailFLag": 1,
          "isKyc": false,
          "walletType": "SCW",
          "userTypes": [],
          "expiryTime": "1545989513000"
        },
        "cart": {
          "items": {
            "{pid43696473config{price1recharge_number5656566196": {
              "product_id": 196,
              "qty": 1,
              "child_site_id": 1,
              "price": 1,
              "conv_fee": 0,
              "fulfillment_req": {
                "price": 1000,
                "recharge_number": "5656566196"
              },
              "meta_data": {
                "protection_url": "https://paytm.com/protection/v1/public/home/utilities/policies?categoryId=26",
                "due_date": "NA"
              },
              "display_sequence": 1,
              "in_stock": true,
              "product": {
                "attributes": {
                  "service": "Electricity",
                  "paytype": "postpaid",
                  "operator": "UTTAR GUJARAT VIJ",
                  "circle": "Gujarat",
                  "service_label": "Electricity",
                  "paytype_label": "Bill Payment",
                  "operator_label": "Uttar Gujarat Vij",
                  "circle_label": "Gujarat",
                  "info": "[{ \"title\": \"Consumer Number\", \"sub_title\": \"\", \"config_key\": \"recharge_number\",\"isAlphanumeric\":\"true\" , \"isBDProduct\":\"true\", \"url\":\"http://www.ugvcl.com/Online-payment.htm\", \"billerId\":\"UGVCL\", \"regex\": \"^[A-Za-z0-9]{5}$|^[A-Za-z0-9]{11}$\" }]",
                  "min_amount": "1",
                  "max_amount": "99999",
                  "status": "1",
                  "prefetch": "1",
                  "district": "N/A",
                  "input_field-title-1": "Consumer Number",
                  "input_field-config_key-1": "recharge_number",
                  "input_field-regex-1": "^[0-9]{11}$",
                  "input_field-isAlphanumeric-1": "true",
                  "input_field-isBDProduct-1": "false",
                  "input_field-url-1": "http://www.ugvcl.com/Online-payment.htm",
                  "input_field-billerId-1": "UGVCL",
                  "sub_district": "N/A",
                  "sub_division": "N/A",
                  "state": "Gujarat",
                  "board": "Uttar Gujarat Vij",
                  "input_field-message-1": "Please enter your 11 digit Consumer Number"
                },
                "autocode": null,
                "brand": "Uttar Gujarat Vij",
                "brand_id": 467416,
                "category_id": 13,
                "conv_fee": 0,
                "custom_int_4": 1,
                "dimensions": null,
                "fulfillment_mode": 0,
                "fulfillment_service": 3,
                "id": 109706199,
                "image": "https://assetscdn.paytm.com/images/catalog/product/U/Ut/UttarGujaratVijElectricityPostpaid/0.jpg",
                "is_in_stock": 1,
                "manage_stock": 0,
                "max_dispatch_time": 0,
                "merchant_id": 2,
                "merchant_name": "Topups OMS Client",
                "merchant_stock": 1,
                "mrp": 1,
                "name": "Bill Payment Uttar Gujarat Vij",
                "need_shipping": 0,
                "parent_id": null,
                "pay_type": 63918,
                "paytm_sku": "UttarGujaratVijElectricityPostpaid",
                "price": 100,
                "product_type": 1,
                "weight": 0,
                "return_in_days": 0,
                "return_policy_id": 2,
                "shipping_charge": 0,
                "sku": "uttargujratvij_gujarat_electricity_postpaid",
                "status": 1,
                "tax_id": null,
                "thumbnail": "https://assetscdn.paytm.com/images/catalog/product/U/Ut/UttarGujaratVijElectricityPostpaid/0.jpg",
                "url_key": "bill-payment-uttar-gujarat-vij-uttargujaratvijelectricitypostpaid",
                "vertical_id": 76,
                "info": "{}",
                "custom_text_2": "{\"child_site_ids\":{\"1\":{\"p\":1},\"6\":{\"p\":2}}}",
                "custom_text_9": null,
                "currency_id": 1,
                "raw_currency": {
                  "price": 1000,
                  "mrp": 1,
                  "shipping_charge": 0,
                  "currency_id": 1,
                  "code": "INR",
                  "symbol": "₹",
                  "country_code": "IND"
                },
                "currency": {
                  "conversion_rate": 1,
                  "currency_id": 1,
                  "code": "INR",
                  "symbol": "₹",
                  "country_code": "IND"
                },
                "short_description": {},
                "type": "Recharge",
                "not_cacellable_post_ship": 0,
                "cod_applicable": 0
              },
              "total_quantity": 10,
              "isServiceOptionsSet": true,
              "shipping_charges": 0
            }
          },
          "count": 0,
          "site_id": 2,
          "is_express": true,
          "is_physical": false,
          "need_shipping": 0,
          "cod_applicable": 0,
          "reqId": "1514457138.941-54.179.146.136-1835-1282900284-84"
        },
        "clientDetails": {
          "user_agent": "Mozilla/5.0 (Macintosh; Intel Mac OS X 10_13_1) AppleWebKit/537.36 (KHTML, like Gecko) Chrome/45.0.2454.101 Safari/537.36",
          "ip": "54.179.146.136",
          "site_id": 1,
          "channel": "web",
          "version": "2",
          "utm_source": "/papi/v1/expresscart/verify",
          "sso_token": "611cb76c-d9dd-48b6-bafe-201ee8d90100",
          "client": "WEB",
          "child_site_id": 1
        },
        "promocode": "ES_Campaign1"
      },
      "Response":{
        "promocode": "ES_Campaign1",
        "items": {
          "{pid43696473config{price1recharge_number5656566196": {
            "promocode": "ES_Campaign1",
            "promotext": " ES_Campaign1 applied. Rs100 cashback will be added to Paytm wallet in 24hrs of shipment. Get your KYC done to receive the cashback. Please ignore if KYC is done.",
            "promotext_template": " ${code} applied. Rs${amount} cashback will be added to Paytm wallet in 24hrs of shipment. Get your KYC done to receive the cashback. Please ignore if KYC is done.",
            "goldback": 100,
            "usage_data": {
              "site_id": 1,
              "user_id": 1107217831,
              "promocode_id": 301115496,
              "promocode": "ES_CAMPAIGN1",
              "campaign": "ES_Campaign1",
              "fulfillment_time": "2019-09-19 12:00:02",
              "fulfillment_status": 0,
              "redemption_type": "goldback",
              "status": 1,
              "fraud1": "3f4b255899ad46e81661b626e4f8a672",
              "created_at": "2019-09-19T06:30:02.636Z",
              "flags": 0,
              "amount": 100
            },
            "promo_info": {
              "visible_from": "2018-06-13T10:44:00.000Z",
              "visible_upto": "2020-03-31T10:44:00.000Z",
              "valid_from": "2018-06-13T10:44:00.000Z",
              "valid_upto": "2020-03-31T10:44:00.000Z",
              "is_flash_code": false,
              "offer_validation_text": "",
              "campaign": "ES_Campaign1"
            },
            "product": {}
          }
        },
        "enable_cod_applicability": false
      }
    },
    {
      "TestCaseName": "V2 promo apply for validating condition successful_order_count_by_categories using campaign ES_Campaign2",
      "Request": {
        "user": {
          "id": 1107217831,
          "username": "",
          "firstName": "Himanshu",
          "middleName": "",
          "lastName": "Jain",
          "gender": "MALE",
          "dateOfBirth": "26/12/1989",
          "mobile": 5656566196,
          "created_at": "Dec 4, 2016 10:25:47 AM",
          "countryCode": "91",
          "status": true,
          "is_verified_email": 0,
          "is_verified_mobile": 1,
          "sendEmailFLag": 1,
          "isKyc": false,
          "walletType": "SCW",
          "userTypes": [],
          "expiryTime": "1545989513000"
        },
        "cart": {
          "items": {
            "{pid43696473config{price1recharge_number5656566196": {
              "product_id": 196,
              "qty": 1,
              "child_site_id": 1,
              "price": 1,
              "conv_fee": 0,
              "fulfillment_req": {
                "price": 1000,
                "recharge_number": "5656566196"
              },
              "meta_data": {
                "protection_url": "https://paytm.com/protection/v1/public/home/utilities/policies?categoryId=26",
                "due_date": "NA"
              },
              "display_sequence": 1,
              "in_stock": true,
              "product": {
                "attributes": {
                  "service": "Electricity",
                  "paytype": "postpaid",
                  "operator": "UTTAR GUJARAT VIJ",
                  "circle": "Gujarat",
                  "service_label": "Electricity",
                  "paytype_label": "Bill Payment",
                  "operator_label": "Uttar Gujarat Vij",
                  "circle_label": "Gujarat",
                  "info": "[{ \"title\": \"Consumer Number\", \"sub_title\": \"\", \"config_key\": \"recharge_number\",\"isAlphanumeric\":\"true\" , \"isBDProduct\":\"true\", \"url\":\"http://www.ugvcl.com/Online-payment.htm\", \"billerId\":\"UGVCL\", \"regex\": \"^[A-Za-z0-9]{5}$|^[A-Za-z0-9]{11}$\" }]",
                  "min_amount": "1",
                  "max_amount": "99999",
                  "status": "1",
                  "prefetch": "1",
                  "district": "N/A",
                  "input_field-title-1": "Consumer Number",
                  "input_field-config_key-1": "recharge_number",
                  "input_field-regex-1": "^[0-9]{11}$",
                  "input_field-isAlphanumeric-1": "true",
                  "input_field-isBDProduct-1": "false",
                  "input_field-url-1": "http://www.ugvcl.com/Online-payment.htm",
                  "input_field-billerId-1": "UGVCL",
                  "sub_district": "N/A",
                  "sub_division": "N/A",
                  "state": "Gujarat",
                  "board": "Uttar Gujarat Vij",
                  "input_field-message-1": "Please enter your 11 digit Consumer Number"
                },
                "autocode": null,
                "brand": "Uttar Gujarat Vij",
                "brand_id": 467416,
                "category_id": 13,
                "conv_fee": 0,
                "custom_int_4": 1,
                "dimensions": null,
                "fulfillment_mode": 0,
                "fulfillment_service": 3,
                "id": 109706199,
                "image": "https://assetscdn.paytm.com/images/catalog/product/U/Ut/UttarGujaratVijElectricityPostpaid/0.jpg",
                "is_in_stock": 1,
                "manage_stock": 0,
                "max_dispatch_time": 0,
                "merchant_id": 2,
                "merchant_name": "Topups OMS Client",
                "merchant_stock": 1,
                "mrp": 1,
                "name": "Bill Payment Uttar Gujarat Vij",
                "need_shipping": 0,
                "parent_id": null,
                "pay_type": 63918,
                "paytm_sku": "UttarGujaratVijElectricityPostpaid",
                "price": 100,
                "product_type": 1,
                "weight": 0,
                "return_in_days": 0,
                "return_policy_id": 2,
                "shipping_charge": 0,
                "sku": "uttargujratvij_gujarat_electricity_postpaid",
                "status": 1,
                "tax_id": null,
                "thumbnail": "https://assetscdn.paytm.com/images/catalog/product/U/Ut/UttarGujaratVijElectricityPostpaid/0.jpg",
                "url_key": "bill-payment-uttar-gujarat-vij-uttargujaratvijelectricitypostpaid",
                "vertical_id": 76,
                "info": "{}",
                "custom_text_2": "{\"child_site_ids\":{\"1\":{\"p\":1},\"6\":{\"p\":2}}}",
                "custom_text_9": null,
                "currency_id": 1,
                "raw_currency": {
                  "price": 1000,
                  "mrp": 1,
                  "shipping_charge": 0,
                  "currency_id": 1,
                  "code": "INR",
                  "symbol": "₹",
                  "country_code": "IND"
                },
                "currency": {
                  "conversion_rate": 1,
                  "currency_id": 1,
                  "code": "INR",
                  "symbol": "₹",
                  "country_code": "IND"
                },
                "short_description": {},
                "type": "Recharge",
                "not_cacellable_post_ship": 0,
                "cod_applicable": 0
              },
              "total_quantity": 10,
              "isServiceOptionsSet": true,
              "shipping_charges": 0
            }
          },
          "count": 0,
          "site_id": 2,
          "is_express": true,
          "is_physical": false,
          "need_shipping": 0,
          "cod_applicable": 0,
          "reqId": "1514457138.941-54.179.146.136-1835-1282900284-84"
        },
        "clientDetails": {
          "user_agent": "Mozilla/5.0 (Macintosh; Intel Mac OS X 10_13_1) AppleWebKit/537.36 (KHTML, like Gecko) Chrome/45.0.2454.101 Safari/537.36",
          "ip": "54.179.146.136",
          "site_id": 1,
          "channel": "web",
          "version": "2",
          "utm_source": "/papi/v1/expresscart/verify",
          "sso_token": "611cb76c-d9dd-48b6-bafe-201ee8d90100",
          "client": "WEB",
          "child_site_id": 1
        },
        "promocode": "ES_Campaign2"
      },
      "Response":{
        "promocode": "ES_Campaign2",
        "items": {
          "{pid43696473config{price1recharge_number5656566196": {
            "promocode": "ES_Campaign2",
            "promotext": " ES_Campaign2 applied. Rs10 cashback will be added to Paytm wallet in 24hrs of shipment. Get your KYC done to receive the cashback. Please ignore if KYC is done.",
            "promotext_template": " ${code} applied. Rs${amount} cashback will be added to Paytm wallet in 24hrs of shipment. Get your KYC done to receive the cashback. Please ignore if KYC is done.",
            "goldback": 10,
            "usage_data": {
              "site_id": 1,
              "user_id": 1107217831,
              "promocode_id": 301115498,
              "promocode": "ES_CAMPAIGN2",
              "campaign": "ES_Campaign2",
              "fulfillment_time": "2019-09-19 12:02:58",
              "fulfillment_status": 0,
              "redemption_type": "goldback",
              "status": 1,
              "fraud1": "3f4b255899ad46e81661b626e4f8a672",
              "created_at": "2019-09-19T06:32:58.037Z",
              "flags": 0,
              "amount": 10
            },
            "promo_info": {
              "visible_from": "2018-06-14T07:24:00.000Z",
              "visible_upto": "2020-11-30T07:24:00.000Z",
              "valid_from": "2018-06-14T07:24:00.000Z",
              "valid_upto": "2020-11-30T07:24:00.000Z",
              "is_flash_code": false,
              "offer_validation_text": "",
              "campaign": "ES_Campaign2"
            },
            "product": {}
          }
        },
        "enable_cod_applicability": false
      }
    }
  ]
}