{
  "Request_Response": [
    {
      "TestCaseName": "V3 promo apply product buy valid request using campaign MUSTBUY",
      "Request": {
        "cart": {
          "items": {
            "9839402pid": {
              "qty": "2",
              "product": {
                "price": "900",
                "need_shipping": "1",
                "return_policy_id": "62",
                "weight": "1000",
                "pay_type": "63982",
                "name": "Samsung Galaxy Note 8 SM-N950F (MidnightBlack)",
                "mrp": "900",
                "product_type": "1",
                "paytm_sku": "MOBSAMSUNG-GALAPAVA7484763A38443A",
                "id": 9839402
              },
              "child_site_id": "6",
              "product_id": 9839402,
              "in_stock": "true",
              "total_quantity": "98",
              "display_sequence": "1511624463000"
            },
            "109706198pid": {
              "qty": "2",
              "product": {
                "price": "900",
                "need_shipping": "1",
                "return_policy_id": "62",
                "weight": "1000",
                "pay_type": "63982",
                "name": "Samsung Galaxy Note 8 SM-N950F (MidnightBlack)",
                "mrp": "900",
                "product_type": "1",
                "paytm_sku": "MOBSAMSUNG-GALAPAVA7484763A38443A",
                "id": 9839402
              },
              "child_site_id": "6",
              "product_id": 9839402,
              "in_stock": "true",
              "total_quantity": "98",
              "display_sequence": "1511624463000"
            }
          },
          "need_shipping": "1",
          "reqId": "1512640039.193-54.179.186.39-686-468383-1",
          "requested_action": "applypromo",
          "is_physical": "true",
          "fetch_requested_key": "ZBLgEGAgNNm_KUA.IlinRUMzEFQg6V8KPVMfng",
          "site_id": "2",
          "product_ids": [
            9839402
          ],
          "disabledPgModes": {
            "ESCROW": "true",
            "COD": "true",
            "cod": "true",
            "escrow": "true"
          },
          "id": "201793729",
          "cart_id": "ZBLgEGAgNNm_KUA.IlinRUMzEFQg6V8KPVMfng",
          "paymentOptions": {
            "EMI_OPTIONS": "BAJAJFN-DROP_ALL",
            "emi_OPTIONS": "BAJAJFN-DROP_ALL"
          },
          "product_category_ids": [
            "6442",
            "6442",
            "6442"
          ],
          "cod_applicable": "",
          "merchant_ids": [
            "748476"
          ],
          "fetched_against_key": "ZBLgEGAgNNm_KUA.IlinRUMzEFQg6V8KPVMfng",
          "brand_ids": [
            "2578"
          ]
        },
        "user": {
          "id": 306220250,
          "walletType": "123",
          "countryCode": "123",
          "email": "abc@paytm.com",
          "gender": "123",
          "created_at": "123",
          "customerGrade": "123",
          "firstName": "123",
          "is_verified_email": 0,
          "is_verified_mobile": 1
        },
        "clientDetails": {
          "client": "ANDROID",
          "deviceName": "asd",
          "deviceManufacturer": "ABC",
          "user_agent": "web-browser",
          "site_id": "1",
          "deviceIdentifier": "SAMSUNG-J5",
          "version": "0.2.51",
          "playStore": "YES"
        },
        "options": {
          "item_map": {
            "9839402pid": "MUSTBUY",
            "109706198pid": "MUSTBUY"
          },
          "action": "applypromo"
        }
      },
      "Response": {
        "promocode": "MUSTBUY",

        "disabledPgModes": {},
        "disablePGInstruments": {},
        "enable_cod_applicability": true
        },
        "items": {
          "9839402pid": {
            "promocode": "MUSTBUY",
            "promotext": "MUSTBUY applied. Rs.90 cashback will be added to Paytm wallet in 24hrs of shipment. Get your KYC done to receive the cashback. Please ignore if KYC is done.",
            "promotext_template": "${code} applied. Rs.${amount} cashback will be added to Paytm wallet in 24hrs of shipment. Get your KYC done to receive the cashback. Please ignore if KYC is done.",
            "goldback": 90,
            "usage_data": {
              "site_id": "1",
              "user_id": 306220250,
              "promocode_id": 532899,
              "campaign": "MUSTBUY",
              "fulfillment_status": 0,
              "redemption_type": "goldback",
              "status": 1,
              "fraud1": "9bf8ca1208aa95a69863afc49cf4f8ec",
              "flags": 0,
              "amount": 90
            },
            "isNonCancellable": true,
            "product": {}
          },
          "109706198pid": {
            "promocode": "MUSTBUY",
            "promotext": "MUSTBUY applied. Rs.90 cashback will be added to Paytm wallet in 24hrs of shipment. Get your KYC done to receive the cashback. Please ignore if KYC is done.",
            "promotext_template": "${code} applied. Rs.${amount} cashback will be added to Paytm wallet in 24hrs of shipment. Get your KYC done to receive the cashback. Please ignore if KYC is done.",
            "goldback": 90,
            "usage_data": {
              "site_id": "1",
              "user_id": 306220250,
              "promocode_id": 532899,
              "campaign": "MUSTBUY",
              "fulfillment_status": 0,
              "redemption_type": "goldback",
              "status": 1,
              "fraud1": "9bf8ca1208aa95a69863afc49cf4f8ec",
              "flags": 0,
              "amount": 90
            },
            "isNonCancellable": true,
            "product": {}
          }
        }
      },
    {
      "TestCaseName": "V3 promo apply product buy validaing condition category count operation less than or equal to and using campaign MUSTBUY",
      "Request": {
        "cart": {
          "items": {
            "9839402pid": {
              "qty": "2",
              "product": {
                "price": "900",
                "need_shipping": "1",
                "return_policy_id": "62",
                "weight": "1000",
                "pay_type": "63982",
                "name": "Samsung Galaxy Note 8 SM-N950F (MidnightBlack)",
                "mrp": "900",
                "product_type": "1",
                "paytm_sku": "MOBSAMSUNG-GALAPAVA7484763A38443A",
                "id": 9839402
              },
              "child_site_id": "6",
              "product_id": 9839402,
              "in_stock": "true",
              "total_quantity": "98",
              "display_sequence": "1511624463000"
            },
            "109706198pid": {
              "qty": "2",
              "product": {
                "price": "900",
                "need_shipping": "1",
                "return_policy_id": "62",
                "weight": "1000",
                "pay_type": "63982",
                "name": "Samsung Galaxy Note 8 SM-N950F (MidnightBlack)",
                "mrp": "900",
                "product_type": "1",
                "paytm_sku": "MOBSAMSUNG-GALAPAVA7484763A38443A",
                "id": 9839402
              },
              "child_site_id": "6",
              "product_id": 9839402,
              "in_stock": "true",
              "total_quantity": "98",
              "display_sequence": "1511624463000"
            },
            "109706197pid": {
              "qty": "2",
              "product": {
                "price": "900",
                "need_shipping": "1",
                "return_policy_id": "62",
                "weight": "1000",
                "pay_type": "63982",
                "name": "Samsung Galaxy Note 8 SM-N950F (MidnightBlack)",
                "mrp": "900",
                "product_type": "1",
                "paytm_sku": "MOBSAMSUNG-GALAPAVA7484763A38443A",
                "id": 9839402
              },
              "child_site_id": "6",
              "product_id": 9839402,
              "in_stock": "true",
              "total_quantity": "98",
              "display_sequence": "1511624463000"
            }
          },
          "need_shipping": "1",
          "reqId": "1512640039.193-54.179.186.39-686-468383-1",
          "requested_action": "applypromo",
          "is_physical": "true",
          "fetch_requested_key": "ZBLgEGAgNNm_KUA.IlinRUMzEFQg6V8KPVMfng",
          "site_id": "2",
          "product_ids": [
            9839402
          ],
          "disabledPgModes": {
            "ESCROW": "true",
            "COD": "true",
            "cod": "true",
            "escrow": "true"
          },
          "id": "201793729",
          "cart_id": "ZBLgEGAgNNm_KUA.IlinRUMzEFQg6V8KPVMfng",
          "paymentOptions": {
            "EMI_OPTIONS": "BAJAJFN-DROP_ALL",
            "emi_OPTIONS": "BAJAJFN-DROP_ALL"
          },
          "product_category_ids": [
            "6442",
            "6442",
            "6442"
          ],
          "cod_applicable": "",
          "merchant_ids": [
            "748476"
          ],
          "fetched_against_key": "ZBLgEGAgNNm_KUA.IlinRUMzEFQg6V8KPVMfng",
          "brand_ids": [
            "2578"
          ]
        },
        "user": {
          "id": 306220250,
          "walletType": "123",
          "countryCode": "123",
          "email": "abc@paytm.com",
          "gender": "123",
          "created_at": "123",
          "customerGrade": "123",
          "firstName": "123",
          "is_verified_email": 0,
          "is_verified_mobile": 1
        },
        "clientDetails": {
          "client": "ANDROID",
          "deviceName": "asd",
          "deviceManufacturer": "ABC",
          "user_agent": "web-browser",
          "site_id": "1",
          "deviceIdentifier": "SAMSUNG-J5",
          "version": "0.2.51",
          "playStore": "YES"
        },
        "options": {
          "item_map": {
            "9839402pid": "MUSTBUY",
            "109706198pid": "MUSTBUY",
            "109706197pid": "MUSTBUY"
          },
          "action": "applypromo"
        }
      },
      "Response": {
        "error": "Offer is valid only on max 30 items per order. Please reduce products & retry",
        "code": 406,
        "errorCode": "PROMO_APP_4007",
        "title": "Please enter a valid promotional code",
        "data": {
          "basket_campaign": true
        }
      }
    },
    {
      "TestCaseName": "V3 promo apply product buy validating campaign condition category_count and using campaign MUSTBUY",
      "Request": {
        "cart": {
          "items": {
            "9839402pid": {
              "qty": "1",
              "product": {
                "price": "900",
                "need_shipping": "1",
                "return_policy_id": "62",
                "weight": "1000",
                "pay_type": "63982",
                "name": "Samsung Galaxy Note 8 SM-N950F (MidnightBlack)",
                "mrp": "900",
                "product_type": "1",
                "paytm_sku": "MOBSAMSUNG-GALAPAVA7484763A38443A",
                "id": 9839402
              },
              "child_site_id": "6",
              "product_id": 9839402,
              "in_stock": "true",
              "total_quantity": "98",
              "display_sequence": "1511624463000"
            }
          },
          "need_shipping": "1",
          "reqId": "1512640039.193-54.179.186.39-686-468383-1",
          "requested_action": "applypromo",
          "is_physical": "true",
          "fetch_requested_key": "ZBLgEGAgNNm_KUA.IlinRUMzEFQg6V8KPVMfng",
          "site_id": "2",
          "product_ids": [
            9839402
          ],
          "disabledPgModes": {
            "ESCROW": "true",
            "COD": "true",
            "cod": "true",
            "escrow": "true"
          },
          "id": "201793729",
          "cart_id": "ZBLgEGAgNNm_KUA.IlinRUMzEFQg6V8KPVMfng",
          "paymentOptions": {
            "EMI_OPTIONS": "BAJAJFN-DROP_ALL",
            "emi_OPTIONS": "BAJAJFN-DROP_ALL"
          },
          "product_category_ids": [
            "6442",
            "6442",
            "6442"
          ],
          "cod_applicable": "",
          "merchant_ids": [
            "748476"
          ],
          "fetched_against_key": "ZBLgEGAgNNm_KUA.IlinRUMzEFQg6V8KPVMfng",
          "brand_ids": [
            "2578"
          ]
        },
        "user": {
          "id": 306220250,
          "walletType": "123",
          "countryCode": "123",
          "email": "abc@paytm.com",
          "gender": "123",
          "created_at": "123",
          "customerGrade": "123",
          "firstName": "123",
          "is_verified_email": 0,
          "is_verified_mobile": 1
        },
        "clientDetails": {
          "client": "ANDROID",
          "deviceName": "asd",
          "deviceManufacturer": "ABC",
          "user_agent": "web-browser",
          "site_id": "1",
          "deviceIdentifier": "SAMSUNG-J5",
          "version": "0.2.51",
          "playStore": "YES"
        },
        "options": {
          "item_map": {
            "9839402pid": "MUSTBUY"
          },
          "action": "applypromo"
        }
      },
      "Response": {
        "error": "Please add 7 more item to cart to get this offer.",
        "code": 406,
        "errorCode": "PROMO_APP_4007",
        "title": "Please enter a valid promotional code",
        "data": {
          "basket_campaign": true
        }
      }
    },
    {
      "TestCaseName": "V3 promo apply product buy validating campaign condition qty and using campaign MUSTBUY",
      "Request": {
        "cart": {
          "items": {
            "9839402pid": {
              "qty": "4",
              "product": {
                "price": "900",
                "need_shipping": "1",
                "return_policy_id": "62",
                "weight": "1000",
                "pay_type": "63982",
                "name": "Samsung Galaxy Note 8 SM-N950F (MidnightBlack)",
                "mrp": "900",
                "product_type": "1",
                "paytm_sku": "MOBSAMSUNG-GALAPAVA7484763A38443A",
                "id": 9839402
              },
              "child_site_id": "6",
              "product_id": 9839402,
              "in_stock": "true",
              "total_quantity": "98",
              "display_sequence": "1511624463000"
            }
          },
          "need_shipping": "1",
          "reqId": "1512640039.193-54.179.186.39-686-468383-1",
          "requested_action": "applypromo",
          "is_physical": "true",
          "fetch_requested_key": "ZBLgEGAgNNm_KUA.IlinRUMzEFQg6V8KPVMfng",
          "site_id": "2",
          "product_ids": [
            9839402
          ],
          "disabledPgModes": {
            "ESCROW": "true",
            "COD": "true",
            "cod": "true",
            "escrow": "true"
          },
          "id": "201793729",
          "cart_id": "ZBLgEGAgNNm_KUA.IlinRUMzEFQg6V8KPVMfng",
          "paymentOptions": {
            "EMI_OPTIONS": "BAJAJFN-DROP_ALL",
            "emi_OPTIONS": "BAJAJFN-DROP_ALL"
          },
          "product_category_ids": [
            "6442",
            "6442",
            "6442"
          ],
          "cod_applicable": "",
          "merchant_ids": [
            "748476"
          ],
          "fetched_against_key": "ZBLgEGAgNNm_KUA.IlinRUMzEFQg6V8KPVMfng",
          "brand_ids": [
            "2578"
          ]
        },
        "user": {
          "id": 306220250,
          "walletType": "123",
          "countryCode": "123",
          "email": "abc@paytm.com",
          "gender": "123",
          "created_at": "123",
          "customerGrade": "123",
          "firstName": "123",
          "is_verified_email": 0,
          "is_verified_mobile": 1
        },
        "clientDetails": {
          "client": "ANDROID",
          "deviceName": "asd",
          "deviceManufacturer": "ABC",
          "user_agent": "web-browser",
          "site_id": "1",
          "deviceIdentifier": "SAMSUNG-J5",
          "version": "0.2.51",
          "playStore": "YES"
        },
        "options": {
          "item_map": {
            "9839402pid": "MUSTBUY"
          },
          "action": "applypromo"
        }
      },
      "Response": {
        "error": "Please add 4 more item to cart to get this offer.",
        "code": 406,
        "errorCode": "PROMO_APP_4007",
        "title": "Please enter a valid promotional code",
        "data": {
          "basket_campaign": true
        }
      }
    },
    {
      "TestCaseName": "V3 promo apply product buy validating campaign condition category_sum and using campaign MUSTBUY",
      "Request": {
        "cart": {
          "items": {
            "9839402pid": {
              "qty": "2",
              "product": {
                "price": "200",
                "need_shipping": "1",
                "return_policy_id": "62",
                "weight": "1000",
                "pay_type": "63982",
                "name": "Samsung Galaxy Note 8 SM-N950F (MidnightBlack)",
                "mrp": "900",
                "product_type": "1",
                "paytm_sku": "MOBSAMSUNG-GALAPAVA7484763A38443A",
                "id": 9839402
              },
              "child_site_id": "6",
              "product_id": 9839402,
              "in_stock": "true",
              "total_quantity": "98",
              "display_sequence": "1511624463000"
            },
            "109706198pid": {
              "qty": "2",
              "product": {
                "price": "200",
                "need_shipping": "1",
                "return_policy_id": "62",
                "weight": "1000",
                "pay_type": "63982",
                "name": "Samsung Galaxy Note 8 SM-N950F (MidnightBlack)",
                "mrp": "900",
                "product_type": "1",
                "paytm_sku": "MOBSAMSUNG-GALAPAVA7484763A38443A",
                "id": 9839402
              },
              "child_site_id": "6",
              "product_id": 9839402,
              "in_stock": "true",
              "total_quantity": "98",
              "display_sequence": "1511624463000"
            }
          },
          "need_shipping": "1",
          "reqId": "1512640039.193-54.179.186.39-686-468383-1",
          "requested_action": "applypromo",
          "is_physical": "true",
          "fetch_requested_key": "ZBLgEGAgNNm_KUA.IlinRUMzEFQg6V8KPVMfng",
          "site_id": "2",
          "product_ids": [
            9839402
          ],
          "disabledPgModes": {
            "ESCROW": "true",
            "COD": "true",
            "cod": "true",
            "escrow": "true"
          },
          "id": "201793729",
          "cart_id": "ZBLgEGAgNNm_KUA.IlinRUMzEFQg6V8KPVMfng",
          "paymentOptions": {
            "EMI_OPTIONS": "BAJAJFN-DROP_ALL",
            "emi_OPTIONS": "BAJAJFN-DROP_ALL"
          },
          "product_category_ids": [
            "6442",
            "6442",
            "6442"
          ],
          "cod_applicable": "",
          "merchant_ids": [
            "748476"
          ],
          "fetched_against_key": "ZBLgEGAgNNm_KUA.IlinRUMzEFQg6V8KPVMfng",
          "brand_ids": [
            "2578"
          ]
        },
        "user": {
          "id": 306220250,
          "walletType": "123",
          "countryCode": "123",
          "email": "abc@paytm.com",
          "gender": "123",
          "created_at": "123",
          "customerGrade": "123",
          "firstName": "123",
          "is_verified_email": 0,
          "is_verified_mobile": 1
        },
        "clientDetails": {
          "client": "ANDROID",
          "deviceName": "asd",
          "deviceManufacturer": "ABC",
          "user_agent": "web-browser",
          "site_id": "1",
          "deviceIdentifier": "SAMSUNG-J5",
          "version": "0.2.51",
          "playStore": "YES"
        },
        "options": {
          "item_map": {
            "9839402pid": "MUSTBUY",
            "109706198pid": "MUSTBUY"
          },
          "action": "applypromo"
        }
      },
      "Response": {
        "error": "Min order value Rs.1000",
        "code": 406,
        "errorCode": "PROMO_APP_4007",
        "title": "Please enter a valid promotional code",
        "data": {
          "basket_campaign": true
        }
      }
    },
    {
      "TestCaseName": "V3 promo apply for product valid request using campaign ONCEAMONTH",
      "Request": {
        "cart": {
          "items": {
            "9839402pid": {
              "qty": "2",
              "product": {
                "price": "900",
                "need_shipping": "1",
                "return_policy_id": "62",
                "weight": "1000",
                "pay_type": "63982",
                "name": "Samsung Galaxy Note 8 SM-N950F (MidnightBlack)",
                "mrp": "900",
                "product_type": "1",
                "paytm_sku": "MOBSAMSUNG-GALAPAVA7484763A38443A",
                "id": 9839402
              },
              "child_site_id": "6",
              "product_id": 9839402,
              "in_stock": "true",
              "total_quantity": "98",
              "display_sequence": "1511624463000"
            }
          },
          "need_shipping": "1",
          "reqId": "1512640039.193-54.179.186.39-686-468383-1",
          "requested_action": "applypromo",
          "is_physical": "true",
          "fetch_requested_key": "ZBLgEGAgNNm_KUA.IlinRUMzEFQg6V8KPVMfng",
          "site_id": "2",
          "product_ids": [
            9839402
          ],
          "disabledPgModes": {
            "ESCROW": "true",
            "COD": "true",
            "cod": "true",
            "escrow": "true"
          },
          "id": "201793729",
          "cart_id": "ZBLgEGAgNNm_KUA.IlinRUMzEFQg6V8KPVMfng",
          "paymentOptions": {
            "EMI_OPTIONS": "BAJAJFN-DROP_ALL",
            "emi_OPTIONS": "BAJAJFN-DROP_ALL"
          },
          "product_category_ids": [
            "6442",
            "6442",
            "6442"
          ],
          "cod_applicable": "",
          "merchant_ids": [
            "748476"
          ],
          "fetched_against_key": "ZBLgEGAgNNm_KUA.IlinRUMzEFQg6V8KPVMfng",
          "brand_ids": [
            "2578"
          ]
        },
        "user": {
          "id": 306220250,
          "walletType": "123",
          "countryCode": "123",
          "email": "abc@paytm.com",
          "gender": "123",
          "created_at": "123",
          "customerGrade": "123",
          "firstName": "123",
          "is_verified_email": 0,
          "is_verified_mobile": 1
        },
        "clientDetails": {
          "client": "ANDROID",
          "deviceName": "asd",
          "deviceManufacturer": "ABC",
          "user_agent": "web-browser",
          "site_id": "1",
          "deviceIdentifier": "SAMSUNG-J5",
          "version": "0.2.51",
          "playStore": "YES"
        },
        "options": {
          "item_map": {
            "9839402pid": "ONCEAMONTH"
          },
          "action": "applypromo"
        }
      },
      "Response": {
        "promocode": "ONCEAMONTH",
        "disabledPgModes": {},
        "disablePGInstruments": {},
        "enable_cod_applicability": true
        },
        "items": {
          "9839402pid": {
            "promocode": "ONCEAMONTH",
            "promotext": " ONCEAMONTH applied. Rs200 cashback will be added to Paytm wallet in 24hrs of shipment. Get your KYC done to receive the cashback. Please ignore if KYC is done.",
            "promotext_template": " ${code} applied. Rs${amount} cashback will be added to Paytm wallet in 24hrs of shipment. Get your KYC done to receive the cashback. Please ignore if KYC is done.",
            "goldback": 200,
            "usage_data": {
              "site_id": "1",
              "user_id": 306220250,
              "promocode_id": 532907,
              "campaign": "ONCEAMONTH",
              "fulfillment_status": 0,
              "redemption_type": "goldback",
              "status": 1,
              "fraud1": "9bf8ca1208aa95a69863afc49cf4f8ec",
              "flags": 0,
              "amount": 200
            },
            "product": {}
          }
        }
      },
    {
      "TestCaseName": "V3 promo apply for product validating condition category_count operation less than equal to using campaign ONCEAMONTH",
      "Request": {
        "cart": {
          "items": {
            "9839402pid": {
              "qty": "2",
              "product": {
                "price": "900",
                "need_shipping": "1",
                "return_policy_id": "62",
                "weight": "1000",
                "pay_type": "63982",
                "name": "Samsung Galaxy Note 8 SM-N950F (MidnightBlack)",
                "mrp": "900",
                "product_type": "1",
                "paytm_sku": "MOBSAMSUNG-GALAPAVA7484763A38443A",
                "id": 9839402
              },
              "child_site_id": "6",
              "product_id": 9839402,
              "in_stock": "true",
              "total_quantity": "98",
              "display_sequence": "1511624463000"
            },
            "109706198pid": {
              "qty": "2",
              "product": {
                "price": "900",
                "need_shipping": "1",
                "return_policy_id": "62",
                "weight": "1000",
                "pay_type": "63982",
                "name": "Samsung Galaxy Note 8 SM-N950F (MidnightBlack)",
                "mrp": "900",
                "product_type": "1",
                "paytm_sku": "MOBSAMSUNG-GALAPAVA7484763A38443A",
                "id": 9839402
              },
              "child_site_id": "6",
              "product_id": 9839402,
              "in_stock": "true",
              "total_quantity": "98",
              "display_sequence": "1511624463000"
            }
          },
          "need_shipping": "1",
          "reqId": "1512640039.193-54.179.186.39-686-468383-1",
          "requested_action": "applypromo",
          "is_physical": "true",
          "fetch_requested_key": "ZBLgEGAgNNm_KUA.IlinRUMzEFQg6V8KPVMfng",
          "site_id": "2",
          "product_ids": [
            9839402
          ],
          "disabledPgModes": {
            "ESCROW": "true",
            "COD": "true",
            "cod": "true",
            "escrow": "true"
          },
          "id": "201793729",
          "cart_id": "ZBLgEGAgNNm_KUA.IlinRUMzEFQg6V8KPVMfng",
          "paymentOptions": {
            "EMI_OPTIONS": "BAJAJFN-DROP_ALL",
            "emi_OPTIONS": "BAJAJFN-DROP_ALL"
          },
          "product_category_ids": [
            "6442",
            "6442",
            "6442"
          ],
          "cod_applicable": "",
          "merchant_ids": [
            "748476"
          ],
          "fetched_against_key": "ZBLgEGAgNNm_KUA.IlinRUMzEFQg6V8KPVMfng",
          "brand_ids": [
            "2578"
          ]
        },
        "user": {
          "id": 306220250,
          "walletType": "123",
          "countryCode": "123",
          "email": "abc@paytm.com",
          "gender": "123",
          "created_at": "123",
          "customerGrade": "123",
          "firstName": "123",
          "is_verified_email": 0,
          "is_verified_mobile": 1
        },
        "clientDetails": {
          "client": "ANDROID",
          "deviceName": "asd",
          "deviceManufacturer": "ABC",
          "user_agent": "web-browser",
          "site_id": "1",
          "deviceIdentifier": "SAMSUNG-J5",
          "version": "0.2.51",
          "playStore": "YES"
        },
        "options": {
          "item_map": {
            "9839402pid": "ONCEAMONTH",
            "109706198pid": "ONCEAMONTH"
          },
          "action": "applypromo"
        }
      },
      "Response": {
        "error": "This code is applicable for 2 Qty. per order.",
        "code": 406,
        "errorCode": "PROMO_APP_4007",
        "title": "Please enter a valid promotional code",
        "data": {
          "basket_campaign": false
        }
      }
    },
    {
      "TestCaseName": "V3 promo apply for product validating condition merchant_ids operation complement using campaign ONCEAMONTH",
      "Request": {
        "cart": {
          "items": {
            "9839402pid": {
              "qty": "2",
              "product": {
                "price": "900",
                "need_shipping": "1",
                "return_policy_id": "62",
                "weight": "1000",
                "pay_type": "63982",
                "name": "Samsung Galaxy Note 8 SM-N950F (MidnightBlack)",
                "mrp": "900",
                "product_type": "1",
                "paytm_sku": "MOBSAMSUNG-GALAPAVA7484763A38443A",
                "id": 9839402,
                "merchant_id": 803868
              },
              "child_site_id": "6",
              "product_id": 9839402,
              "in_stock": "true",
              "total_quantity": "98",
              "display_sequence": "1511624463000"
            }
          },
          "need_shipping": "1",
          "reqId": "1512640039.193-54.179.186.39-686-468383-1",
          "requested_action": "applypromo",
          "is_physical": "true",
          "fetch_requested_key": "ZBLgEGAgNNm_KUA.IlinRUMzEFQg6V8KPVMfng",
          "site_id": "2",
          "product_ids": [
            9839402
          ],
          "disabledPgModes": {
            "ESCROW": "true",
            "COD": "true",
            "cod": "true",
            "escrow": "true"
          },
          "id": "201793729",
          "cart_id": "ZBLgEGAgNNm_KUA.IlinRUMzEFQg6V8KPVMfng",
          "paymentOptions": {
            "EMI_OPTIONS": "BAJAJFN-DROP_ALL",
            "emi_OPTIONS": "BAJAJFN-DROP_ALL"
          },
          "product_category_ids": [
            "6442",
            "6442",
            "6442"
          ],
          "cod_applicable": "",
          "merchant_ids": [
            "748476"
          ],
          "fetched_against_key": "ZBLgEGAgNNm_KUA.IlinRUMzEFQg6V8KPVMfng",
          "brand_ids": [
            "2578"
          ]
        },
        "user": {
          "id": 306220250,
          "walletType": "123",
          "countryCode": "123",
          "email": "abc@paytm.com",
          "gender": "123",
          "created_at": "123",
          "customerGrade": "123",
          "firstName": "123",
          "is_verified_email": 0,
          "is_verified_mobile": 1
        },
        "clientDetails": {
          "client": "ANDROID",
          "deviceName": "asd",
          "deviceManufacturer": "ABC",
          "user_agent": "web-browser",
          "site_id": "1",
          "deviceIdentifier": "SAMSUNG-J5",
          "version": "0.2.51",
          "playStore": "YES"
        },
        "options": {
          "item_map": {
            "9839402pid": "ONCEAMONTH"
          },
          "action": "applypromo"
        }
      },
      "Response": {
        "error": "Promocode is not applicable on this merchant.",
        "code": 406,
        "errorCode": "PROMO_APP_4007",
        "title": "Please enter a valid promotional code",
        "data": {
          "basket_campaign": false
        }
      }
    },
    {
      "TestCaseName": "V3 promo apply for product validating condition brand_ids operation complement using campaign ONCEAMONTH",
      "Request": {
        "cart": {
          "items": {
            "9839402pid": {
              "qty": "2",
              "product": {
                "price": "900",
                "need_shipping": "1",
                "return_policy_id": "62",
                "weight": "1000",
                "pay_type": "63982",
                "name": "Samsung Galaxy Note 8 SM-N950F (MidnightBlack)",
                "mrp": "900",
                "product_type": "1",
                "paytm_sku": "MOBSAMSUNG-GALAPAVA7484763A38443A",
                "id": 9839402,
                "merchant_id": 2,
                "brand_id": 53033
              },
              "child_site_id": "6",
              "product_id": 9839402,
              "in_stock": "true",
              "total_quantity": "98",
              "display_sequence": "1511624463000"
            }
          },
          "need_shipping": "1",
          "reqId": "1512640039.193-54.179.186.39-686-468383-1",
          "requested_action": "applypromo",
          "is_physical": "true",
          "fetch_requested_key": "ZBLgEGAgNNm_KUA.IlinRUMzEFQg6V8KPVMfng",
          "site_id": "2",
          "product_ids": [
            9839402
          ],
          "disabledPgModes": {
            "ESCROW": "true",
            "COD": "true",
            "cod": "true",
            "escrow": "true"
          },
          "id": "201793729",
          "cart_id": "ZBLgEGAgNNm_KUA.IlinRUMzEFQg6V8KPVMfng",
          "paymentOptions": {
            "EMI_OPTIONS": "BAJAJFN-DROP_ALL",
            "emi_OPTIONS": "BAJAJFN-DROP_ALL"
          },
          "product_category_ids": [
            "6442",
            "6442",
            "6442"
          ],
          "cod_applicable": "",
          "merchant_ids": [
            "748476"
          ],
          "fetched_against_key": "ZBLgEGAgNNm_KUA.IlinRUMzEFQg6V8KPVMfng",
          "brand_ids": [
            "2578"
          ]
        },
        "user": {
          "id": 306220250,
          "walletType": "123",
          "countryCode": "123",
          "email": "abc@paytm.com",
          "gender": "123",
          "created_at": "123",
          "customerGrade": "123",
          "firstName": "123",
          "is_verified_email": 0,
          "is_verified_mobile": 1
        },
        "clientDetails": {
          "client": "ANDROID",
          "deviceName": "asd",
          "deviceManufacturer": "ABC",
          "user_agent": "web-browser",
          "site_id": "1",
          "deviceIdentifier": "SAMSUNG-J5",
          "version": "0.2.51",
          "playStore": "YES"
        },
        "options": {
          "item_map": {
            "9839402pid": "ONCEAMONTH"
          },
          "action": "applypromo"
        }
      },
      "Response": {
        "error": "Promo code not applicable on this Brand.",
        "code": 406,
        "errorCode": "PROMO_APP_4007",
        "title": "Please enter a valid promotional code",
        "data": {
          "basket_campaign": false
        }
      }
    },
    {
      "TestCaseName": "V3 promo apply for product valid request using campaign FIRSTTIMELUCKY",
      "Request": {
        "cart": {
          "items": {
            "9839402pid": {
              "qty": "1",
              "product": {
                "price": "600",
                "need_shipping": "1",
                "return_policy_id": "62",
                "weight": "1000",
                "pay_type": "63982",
                "name": "Samsung Galaxy Note 8 SM-N950F (MidnightBlack)",
                "mrp": "900",
                "product_type": "1",
                "paytm_sku": "MOBSAMSUNG-GALAPAVA7484763A38443A",
                "id": 9839402,
                "brand_id": 444
              },
              "child_site_id": "6",
              "product_id": 9839402,
              "in_stock": "true",
              "total_quantity": "98",
              "display_sequence": "1511624463000"
            }
          },
          "need_shipping": "1",
          "reqId": "1512640039.193-54.179.186.39-686-468383-1",
          "requested_action": "applypromo",
          "is_physical": "true",
          "fetch_requested_key": "ZBLgEGAgNNm_KUA.IlinRUMzEFQg6V8KPVMfng",
          "site_id": "2",
          "product_ids": [
            9839402
          ],
          "disabledPgModes": {
            "ESCROW": "true",
            "COD": "true",
            "cod": "true",
            "escrow": "true"
          },
          "id": "201793729",
          "cart_id": "ZBLgEGAgNNm_KUA.IlinRUMzEFQg6V8KPVMfng",
          "paymentOptions": {
            "EMI_OPTIONS": "BAJAJFN-DROP_ALL",
            "emi_OPTIONS": "BAJAJFN-DROP_ALL"
          },
          "product_category_ids": [
            "6442",
            "6442",
            "6442"
          ],
          "cod_applicable": "",
          "merchant_ids": [
            "748476"
          ],
          "fetched_against_key": "ZBLgEGAgNNm_KUA.IlinRUMzEFQg6V8KPVMfng",
          "brand_ids": [
            "2578"
          ]
        },
        "user": {
          "id": 306220250,
          "walletType": "123",
          "countryCode": "123",
          "email": "abc@paytm.com",
          "gender": "123",
          "created_at": "123",
          "customerGrade": "123",
          "firstName": "123",
          "is_verified_email": 0,
          "is_verified_mobile": 1
        },
        "clientDetails": {
          "client": "ANDROID",
          "deviceName": "asd",
          "deviceManufacturer": "ABC",
          "user_agent": "web-browser",
          "site_id": "1",
          "deviceIdentifier": "SAMSUNG-J5",
          "version": "0.2.51",
          "playStore": "YES"
        },
        "options": {
          "item_map": {
            "9839402pid": "FIRSTTIMELUCKY"
          },
          "action": "applypromo"
        }
      },
      "Response": {
        "promocode": "FIRSTTIMELUCKY",
        "disabledPgModes": {},
        "disablePGInstruments": {},
        "enable_cod_applicability": true
      },
        "items": {
          "9839402pid": {
            "promocode": "FIRSTTIMELUCKY",
            "promotext": " FIRSTTIMELUCKY applied. Rs200 cashback will be added to Paytm wallet in 24hrs of shipment. Use promocode FLYFIRST after 6 hrs on flight booking. Get your KYC done to receive the cashback. Please ignore if KYC is done.",
            "promotext_template": " ${code} applied. Rs${amount} cashback will be added to Paytm wallet in 24hrs of shipment. Use promocode FLYFIRST after 6 hrs on flight booking. Get your KYC done to receive the cashback. Please ignore if KYC is done.",
            "goldback": 200,
            "usage_data": {
              "site_id": "1",
              "user_id": 306220250,
              "promocode_id": 532949,
              "campaign": "FIRSTTIMELUCKY",
              "fulfillment_status": 0,
              "redemption_type": "goldback",
              "status": 1,
              "fraud1": "9bf8ca1208aa95a69863afc49cf4f8ec",
              "flags": 0,
              "amount": 200
            },
            "product": {}
          }
        }
      },
    {
      "TestCaseName": "V3 promo apply for product validating condition category count using campaign FIRSTTIMELUCKY",
      "Request": {
        "cart": {
          "items": {
            "9839402pid": {
              "qty": "1",
              "product": {
                "price": "600",
                "need_shipping": "1",
                "return_policy_id": "62",
                "weight": "1000",
                "pay_type": "63982",
                "name": "Samsung Galaxy Note 8 SM-N950F (MidnightBlack)",
                "mrp": "900",
                "product_type": "1",
                "paytm_sku": "MOBSAMSUNG-GALAPAVA7484763A38443A",
                "id": 9839402,
                "brand_id": 444
              },
              "child_site_id": "6",
              "product_id": 9839402,
              "in_stock": "true",
              "total_quantity": "98",
              "display_sequence": "1511624463000"
            },
            "109706198pid": {
              "qty": "1",
              "product": {
                "price": "600",
                "need_shipping": "1",
                "return_policy_id": "62",
                "weight": "1000",
                "pay_type": "63982",
                "name": "Samsung Galaxy Note 8 SM-N950F (MidnightBlack)",
                "mrp": "900",
                "product_type": "1",
                "paytm_sku": "MOBSAMSUNG-GALAPAVA7484763A38443A",
                "id": 9839402,
                "brand_id": 444
              },
              "child_site_id": "6",
              "product_id": 9839402,
              "in_stock": "true",
              "total_quantity": "98",
              "display_sequence": "1511624463000"
            }
          },
          "need_shipping": "1",
          "reqId": "1512640039.193-54.179.186.39-686-468383-1",
          "requested_action": "applypromo",
          "is_physical": "true",
          "fetch_requested_key": "ZBLgEGAgNNm_KUA.IlinRUMzEFQg6V8KPVMfng",
          "site_id": "2",
          "product_ids": [
            9839402
          ],
          "disabledPgModes": {
            "ESCROW": "true",
            "COD": "true",
            "cod": "true",
            "escrow": "true"
          },
          "id": "201793729",
          "cart_id": "ZBLgEGAgNNm_KUA.IlinRUMzEFQg6V8KPVMfng",
          "paymentOptions": {
            "EMI_OPTIONS": "BAJAJFN-DROP_ALL",
            "emi_OPTIONS": "BAJAJFN-DROP_ALL"
          },
          "product_category_ids": [
            "6442",
            "6442",
            "6442"
          ],
          "cod_applicable": "",
          "merchant_ids": [
            "748476"
          ],
          "fetched_against_key": "ZBLgEGAgNNm_KUA.IlinRUMzEFQg6V8KPVMfng",
          "brand_ids": [
            "2578"
          ]
        },
        "user": {
          "id": 306220250,
          "walletType": "123",
          "countryCode": "123",
          "email": "abc@paytm.com",
          "gender": "123",
          "created_at": "123",
          "customerGrade": "123",
          "firstName": "123",
          "is_verified_email": 0,
          "is_verified_mobile": 1
        },
        "clientDetails": {
          "client": "ANDROID",
          "deviceName": "asd",
          "deviceManufacturer": "ABC",
          "user_agent": "web-browser",
          "site_id": "1",
          "deviceIdentifier": "SAMSUNG-J5",
          "version": "0.2.51",
          "playStore": "YES"
        },
        "options": {
          "item_map": {
            "9839402pid": "FIRSTTIMELUCKY",
            "109706198pid": "FIRSTTIMELUCKY"
          },
          "action": "applypromo"
        }
      },
      "Response": {
        "error": "This code is applicable for 1 Qty. per order.",
        "code": 406,
        "errorCode": "PROMO_APP_4007",
        "title": "Please enter a valid promotional code",
        "data": {
          "basket_campaign": false
        }
      }
    },
    {
      "TestCaseName": "V3 promo apply for product validating condition qty using campaign FIRSTTIMELUCKY",
      "Request": {
        "cart": {
          "items": {
            "9839402pid": {
              "qty": "2",
              "product": {
                "price": "600",
                "need_shipping": "1",
                "return_policy_id": "62",
                "weight": "1000",
                "pay_type": "63982",
                "name": "Samsung Galaxy Note 8 SM-N950F (MidnightBlack)",
                "mrp": "900",
                "product_type": "1",
                "paytm_sku": "MOBSAMSUNG-GALAPAVA7484763A38443A",
                "id": 9839402,
                "brand_id": 444
              },
              "child_site_id": "6",
              "product_id": 9839402,
              "in_stock": "true",
              "total_quantity": "98",
              "display_sequence": "1511624463000"
            }
          },
          "need_shipping": "1",
          "reqId": "1512640039.193-54.179.186.39-686-468383-1",
          "requested_action": "applypromo",
          "is_physical": "true",
          "fetch_requested_key": "ZBLgEGAgNNm_KUA.IlinRUMzEFQg6V8KPVMfng",
          "site_id": "2",
          "product_ids": [
            9839402
          ],
          "disabledPgModes": {
            "ESCROW": "true",
            "COD": "true",
            "cod": "true",
            "escrow": "true"
          },
          "id": "201793729",
          "cart_id": "ZBLgEGAgNNm_KUA.IlinRUMzEFQg6V8KPVMfng",
          "paymentOptions": {
            "EMI_OPTIONS": "BAJAJFN-DROP_ALL",
            "emi_OPTIONS": "BAJAJFN-DROP_ALL"
          },
          "product_category_ids": [
            "6442",
            "6442",
            "6442"
          ],
          "cod_applicable": "",
          "merchant_ids": [
            "748476"
          ],
          "fetched_against_key": "ZBLgEGAgNNm_KUA.IlinRUMzEFQg6V8KPVMfng",
          "brand_ids": [
            "2578"
          ]
        },
        "user": {
          "id": 306220250,
          "walletType": "123",
          "countryCode": "123",
          "email": "abc@paytm.com",
          "gender": "123",
          "created_at": "123",
          "customerGrade": "123",
          "firstName": "123",
          "is_verified_email": 0,
          "is_verified_mobile": 1
        },
        "clientDetails": {
          "client": "ANDROID",
          "deviceName": "asd",
          "deviceManufacturer": "ABC",
          "user_agent": "web-browser",
          "site_id": "1",
          "deviceIdentifier": "SAMSUNG-J5",
          "version": "0.2.51",
          "playStore": "YES"
        },
        "options": {
          "item_map": {
            "9839402pid": "FIRSTTIMELUCKY"
          },
          "action": "applypromo"
        }
      },
      "Response": {
        "error": "This code is applicable for 1 Qty. per order.",
        "code": 406,
        "errorCode": "PROMO_APP_4007",
        "title": "Please enter a valid promotional code",
        "data": {
          "basket_campaign": false
        }
      }
    },
    {
      "TestCaseName": "V3 promo apply for product valid request using campaign SHOPNSAVE",
      "Request": {
        "cart": {
          "items": {
            "9839402pid": {
              "qty": 2,
              "product": {
                "price": 1000,
                "need_shipping": "1",
                "return_policy_id": "62",
                "weight": "1000",
                "pay_type": "63982",
                "name": "Samsung Galaxy Note 8 SM-N950F (MidnightBlack)",
                "mrp": "900",
                "product_type": "1",
                "paytm_sku": "MOBSAMSUNG-GALAPAVA7484763A38443A",
                "id": 9839402,
                "brand_id": 444
              },
              "child_site_id": "6",
              "product_id": 9839402,
              "in_stock": "true",
              "total_quantity": "98",
              "display_sequence": "1511624463000"
            },
            "9839406pid": {
              "qty": 2,
              "product": {
                "price": 1000,
                "need_shipping": "1",
                "return_policy_id": "62",
                "weight": "1000",
                "pay_type": "63982",
                "name": "Samsung Galaxy Note 8 SM-N950F (MidnightBlack)",
                "mrp": "900",
                "product_type": "1",
                "paytm_sku": "MOBSAMSUNG-GALAPAVA7484763A38443A",
                "id": 9839406,
                "brand_id": 444
              },
              "child_site_id": "6",
              "product_id": 9839406,
              "in_stock": "true",
              "total_quantity": "98",
              "display_sequence": "1511624463000"
            },
            "9839417pid": {
              "qty": 2,
              "product": {
                "price": 1000,
                "need_shipping": "1",
                "return_policy_id": "62",
                "weight": "1000",
                "pay_type": "63982",
                "name": "Samsung Galaxy Note 8 SM-N950F (MidnightBlack)",
                "mrp": "900",
                "product_type": "1",
                "paytm_sku": "MOBSAMSUNG-GALAPAVA7484763A38443A",
                "id": 9839417,
                "brand_id": 444
              },
              "child_site_id": "6",
              "product_id": 9839417,
              "in_stock": "true",
              "total_quantity": "98",
              "display_sequence": "1511624463000"
            }
          },
          "need_shipping": "1",
          "reqId": "1512640039.193-54.179.186.39-686-468383-1",
          "requested_action": "applypromo",
          "is_physical": "true",
          "fetch_requested_key": "ZBLgEGAgNNm_KUA.IlinRUMzEFQg6V8KPVMfng",
          "site_id": "2",
          "product_ids": [
            9839402
          ],
          "disabledPgModes": {
            "ESCROW": "true",
            "COD": "true",
            "cod": "true",
            "escrow": "true"
          },
          "id": "201793729",
          "cart_id": "ZBLgEGAgNNm_KUA.IlinRUMzEFQg6V8KPVMfng",
          "paymentOptions": {
            "EMI_OPTIONS": "BAJAJFN-DROP_ALL",
            "emi_OPTIONS": "BAJAJFN-DROP_ALL"
          },
          "product_category_ids": [
            "6442",
            "6442",
            "6442"
          ],
          "cod_applicable": "",
          "merchant_ids": [
            "748476"
          ],
          "fetched_against_key": "ZBLgEGAgNNm_KUA.IlinRUMzEFQg6V8KPVMfng",
          "brand_ids": [
            "2578"
          ]
        },
        "user": {
          "id": 306220250,
          "walletType": "123",
          "countryCode": "123",
          "email": "abc@paytm.com",
          "gender": "123",
          "created_at": "123",
          "customerGrade": "123",
          "firstName": "123",
          "is_verified_email": 0,
          "is_verified_mobile": 1
        },
        "clientDetails": {
          "client": "ANDROID",
          "deviceName": "asd",
          "deviceManufacturer": "ABC",
          "user_agent": "web-browser",
          "site_id": "1",
          "deviceIdentifier": "SAMSUNG-J5",
          "version": "0.2.51",
          "playStore": "YES"
        },
        "options": {
          "item_map": {
            "9839402pid": "SHOPNSAVE",
            "9839406pid": "SHOPNSAVE",
            "9839417pid": "SHOPNSAVE"
          },
          "action": "applypromo"
        }
      },
      "Response": {
        "promocode": "SHOPNSAVE",
        "disabledPgModes": {},
        "disablePGInstruments": {},
        "items": {
          "9839402pid": {
            "promocode": "SHOPNSAVE",
            "promotext_template": "Code applied ${code}. {type} of Rs. ${amount}",
            "goldback": 500,
            "usage_data": {
              "site_id": "1",
              "user_id": 306220250,
              "promocode_id": 532962,
              "promocode": "SHOPNSAVE",
              "campaign": "SHOPNSAVE",
              "fulfillment_time": "2020-05-07 13:57:16",
              "fulfillment_status": 0,
              "redemption_type": "goldback",
              "status": 1,
              "fraud1": "9bf8ca1208aa95a69863afc49cf4f8ec",
              "created_at": "2020-05-07T08:27:16.182Z",
              "flags": 0,
              "promo_gratification_data": {
                "action_type": "buyNAtR",
                "sub_redemption_type": null
              },
              "custom_text": {
                "userlocks": [
                  "LOCKSS:PARALLEL_PROM_DELAY:306220250",
                  "LOCKSS_SHOPNSAVE_SHOPNSAVE_1"
                ]
              },
              "amount": 500,
              "toBeInserted": true
            },
            "isNonCancellable": true,
            "splitQty": 2,
            "promo_info": {
              "visible_from": "2018-05-01T06:28:00.000Z",
              "visible_upto": "2020-10-31T06:28:00.000Z",
              "valid_from": "2018-05-01T06:28:00.000Z",
              "valid_upto": "2021-11-21T06:31:10.000Z",
              "is_flash_code": false,
              "offer_validation_text": "",
              "campaign": "SHOPNSAVE"
            },
            "product": {},
            "promotext": "Code applied SHOPNSAVE. {type} of Rs. 500"
          },
          "9839406pid": {
            "promocode": "SHOPNSAVE",
            "promotext_template": "Code applied ${code}. {type} of Rs. ${amount}",
            "goldback": 500,
            "usage_data": {
              "site_id": "1",
              "user_id": 306220250,
              "promocode_id": 532962,
              "promocode": "SHOPNSAVE",
              "campaign": "SHOPNSAVE",
              "fulfillment_time": "2020-05-07 13:57:16",
              "fulfillment_status": 0,
              "redemption_type": "goldback",
              "status": 1,
              "fraud1": "9bf8ca1208aa95a69863afc49cf4f8ec",
              "created_at": "2020-05-07T08:27:16.182Z",
              "flags": 0,
              "promo_gratification_data": {
                "action_type": "buyNAtR",
                "sub_redemption_type": null
              },
              "custom_text": {
                "userlocks": [
                  "LOCKSS:PARALLEL_PROM_DELAY:306220250",
                  "LOCKSS_SHOPNSAVE_SHOPNSAVE_1"
                ]
              },
              "amount": 500,
              "toBeInserted": true
            },
            "isNonCancellable": true,
            "splitQty": 2,
            "promo_info": {
              "visible_from": "2018-05-01T06:28:00.000Z",
              "visible_upto": "2020-10-31T06:28:00.000Z",
              "valid_from": "2018-05-01T06:28:00.000Z",
              "valid_upto": "2021-11-21T06:31:10.000Z",
              "is_flash_code": false,
              "offer_validation_text": "",
              "campaign": "SHOPNSAVE"
            },
            "product": {},
            "promotext": "Code applied SHOPNSAVE. {type} of Rs. 500"
          },
          "9839417pid": {
            "promocode": "SHOPNSAVE",
            "promotext_template": "Code applied ${code}. {type} of Rs. ${amount}",
            "goldback": 500,
            "usage_data": {
              "site_id": "1",
              "user_id": 306220250,
              "promocode_id": 532962,
              "promocode": "SHOPNSAVE",
              "campaign": "SHOPNSAVE",
              "fulfillment_time": "2020-05-07 13:57:16",
              "fulfillment_status": 0,
              "redemption_type": "goldback",
              "status": 1,
              "fraud1": "9bf8ca1208aa95a69863afc49cf4f8ec",
              "created_at": "2020-05-07T08:27:16.182Z",
              "flags": 0,
              "promo_gratification_data": {
                "action_type": "buyNAtR",
                "sub_redemption_type": null
              },
              "custom_text": {
                "userlocks": [
                  "LOCKSS:PARALLEL_PROM_DELAY:306220250",
                  "LOCKSS_SHOPNSAVE_SHOPNSAVE_1"
                ]
              },
              "amount": 500,
              "toBeInserted": true
            },
            "isNonCancellable": true,
            "splitQty": 2,
            "promo_info": {
              "visible_from": "2018-05-01T06:28:00.000Z",
              "visible_upto": "2020-10-31T06:28:00.000Z",
              "valid_from": "2018-05-01T06:28:00.000Z",
              "valid_upto": "2021-11-21T06:31:10.000Z",
              "is_flash_code": false,
              "offer_validation_text": "",
              "campaign": "SHOPNSAVE"
            },
            "product": {},
            "promotext": "Code applied SHOPNSAVE. {type} of Rs. 500"
          }
        },
        "enable_cod_applicability": true
      }
    },
    {
      "TestCaseName": "V3 promo apply for product valid  request validating condition Buy N at R at category count as 8 and cashback percent as 30 and max cap 1500 using campaign SHOPNSAVE",
      "Request": {
        "cart": {
          "items": {
            "9839402pid": {
              "qty": 3,
              "product": {
                "price": 1000,
                "need_shipping": "1",
                "return_policy_id": "62",
                "weight": "1000",
                "pay_type": "63982",
                "name": "Samsung Galaxy Note 8 SM-N950F (MidnightBlack)",
                "mrp": "900",
                "product_type": "1",
                "paytm_sku": "MOBSAMSUNG-GALAPAVA7484763A38443A",
                "id": 9839402,
                "brand_id": 444
              },
              "child_site_id": "6",
              "product_id": 9839402,
              "in_stock": "true",
              "total_quantity": "98",
              "display_sequence": "1511624463000"
            },
            "9839406pid": {
              "qty": 3,
              "product": {
                "price": 1000,
                "need_shipping": "1",
                "return_policy_id": "62",
                "weight": "1000",
                "pay_type": "63982",
                "name": "Samsung Galaxy Note 8 SM-N950F (MidnightBlack)",
                "mrp": "900",
                "product_type": "1",
                "paytm_sku": "MOBSAMSUNG-GALAPAVA7484763A38443A",
                "id": 9839406,
                "brand_id": 444
              },
              "child_site_id": "6",
              "product_id": 9839406,
              "in_stock": "true",
              "total_quantity": "98",
              "display_sequence": "1511624463000"
            },
            "9839417pid": {
              "qty": 2,
              "product": {
                "price": 1000,
                "need_shipping": "1",
                "return_policy_id": "62",
                "weight": "1000",
                "pay_type": "63982",
                "name": "Samsung Galaxy Note 8 SM-N950F (MidnightBlack)",
                "mrp": "900",
                "product_type": "1",
                "paytm_sku": "MOBSAMSUNG-GALAPAVA7484763A38443A",
                "id": 9839417,
                "brand_id": 444
              },
              "child_site_id": "6",
              "product_id": 9839417,
              "in_stock": "true",
              "total_quantity": "98",
              "display_sequence": "1511624463000"
            }
          },
          "need_shipping": "1",
          "reqId": "1512640039.193-54.179.186.39-686-468383-1",
          "requested_action": "applypromo",
          "is_physical": "true",
          "fetch_requested_key": "ZBLgEGAgNNm_KUA.IlinRUMzEFQg6V8KPVMfng",
          "site_id": "2",
          "product_ids": [
            9839402
          ],
          "disabledPgModes": {
            "ESCROW": "true",
            "COD": "true",
            "cod": "true",
            "escrow": "true"
          },
          "id": "201793729",
          "cart_id": "ZBLgEGAgNNm_KUA.IlinRUMzEFQg6V8KPVMfng",
          "paymentOptions": {
            "EMI_OPTIONS": "BAJAJFN-DROP_ALL",
            "emi_OPTIONS": "BAJAJFN-DROP_ALL"
          },
          "product_category_ids": [
            "6442",
            "6442",
            "6442"
          ],
          "cod_applicable": "",
          "merchant_ids": [
            "748476"
          ],
          "fetched_against_key": "ZBLgEGAgNNm_KUA.IlinRUMzEFQg6V8KPVMfng",
          "brand_ids": [
            "2578"
          ]
        },
        "user": {
          "id": 306220250,
          "walletType": "123",
          "countryCode": "123",
          "email": "abc@paytm.com",
          "gender": "123",
          "created_at": "123",
          "customerGrade": "123",
          "firstName": "123",
          "is_verified_email": 0,
          "is_verified_mobile": 1
        },
        "clientDetails": {
          "client": "ANDROID",
          "deviceName": "asd",
          "deviceManufacturer": "ABC",
          "user_agent": "web-browser",
          "site_id": "1",
          "deviceIdentifier": "SAMSUNG-J5",
          "version": "0.2.51",
          "playStore": "YES"
        },
        "options": {
          "item_map": {
            "9839402pid": "SHOPNSAVE",
            "9839406pid": "SHOPNSAVE",
            "9839417pid": "SHOPNSAVE"
          },
          "action": "applypromo"
        }
      },
      "Response": {
        "promocode": "SHOPNSAVE",
        "disabledPgModes": {},
        "disablePGInstruments": {},
        "items": {
          "9839402pid": {
            "promocode": "SHOPNSAVE",
            "promotext_template": "Code applied ${code}. {type} of Rs. ${amount}",
            "goldback": 562.5,
            "usage_data": {
              "site_id": "1",
              "user_id": 306220250,
              "promocode_id": 532962,
              "promocode": "SHOPNSAVE",
              "campaign": "SHOPNSAVE",
              "fulfillment_time": "2020-05-07 13:52:22",
              "fulfillment_status": 0,
              "redemption_type": "goldback",
              "status": 1,
              "fraud1": "9bf8ca1208aa95a69863afc49cf4f8ec",
              "created_at": "2020-05-07T08:22:22.017Z",
              "flags": 0,
              "promo_gratification_data": {
                "action_type": "buyNAtR",
                "sub_redemption_type": null
              },
              "custom_text": {
                "userlocks": [
                  "LOCKSS:PARALLEL_PROM_DELAY:306220250",
                  "LOCKSS_SHOPNSAVE_SHOPNSAVE_1"
                ]
              },
              "amount": 562.5,
              "toBeInserted": true
            },
            "isNonCancellable": true,
            "splitQty": 3,
            "promo_info": {
              "visible_from": "2018-05-01T06:28:00.000Z",
              "visible_upto": "2020-10-31T06:28:00.000Z",
              "valid_from": "2018-05-01T06:28:00.000Z",
              "valid_upto": "2021-11-21T06:31:10.000Z",
              "is_flash_code": false,
              "offer_validation_text": "",
              "campaign": "SHOPNSAVE"
            },
            "product": {},
            "promotext": "Code applied SHOPNSAVE. {type} of Rs. 562.5"
          },
          "9839406pid": {
            "promocode": "SHOPNSAVE",
            "promotext_template": "Code applied ${code}. {type} of Rs. ${amount}",
            "goldback": 562.5,
            "usage_data": {
              "site_id": "1",
              "user_id": 306220250,
              "promocode_id": 532962,
              "promocode": "SHOPNSAVE",
              "campaign": "SHOPNSAVE",
              "fulfillment_time": "2020-05-07 13:52:22",
              "fulfillment_status": 0,
              "redemption_type": "goldback",
              "status": 1,
              "fraud1": "9bf8ca1208aa95a69863afc49cf4f8ec",
              "created_at": "2020-05-07T08:22:22.017Z",
              "flags": 0,
              "promo_gratification_data": {
                "action_type": "buyNAtR",
                "sub_redemption_type": null
              },
              "custom_text": {
                "userlocks": [
                  "LOCKSS:PARALLEL_PROM_DELAY:306220250",
                  "LOCKSS_SHOPNSAVE_SHOPNSAVE_1"
                ]
              },
              "amount": 562.5,
              "toBeInserted": true
            },
            "isNonCancellable": true,
            "splitQty": 3,
            "promo_info": {
              "visible_from": "2018-05-01T06:28:00.000Z",
              "visible_upto": "2020-10-31T06:28:00.000Z",
              "valid_from": "2018-05-01T06:28:00.000Z",
              "valid_upto": "2021-11-21T06:31:10.000Z",
              "is_flash_code": false,
              "offer_validation_text": "",
              "campaign": "SHOPNSAVE"
            },
            "product": {},
            "promotext": "Code applied SHOPNSAVE. {type} of Rs. 562.5"
          },
          "9839417pid": {
            "promocode": "SHOPNSAVE",
            "promotext_template": "Code applied ${code}. {type} of Rs. ${amount}",
            "goldback": 375,
            "usage_data": {
              "site_id": "1",
              "user_id": 306220250,
              "promocode_id": 532962,
              "promocode": "SHOPNSAVE",
              "campaign": "SHOPNSAVE",
              "fulfillment_time": "2020-05-07 13:52:22",
              "fulfillment_status": 0,
              "redemption_type": "goldback",
              "status": 1,
              "fraud1": "9bf8ca1208aa95a69863afc49cf4f8ec",
              "created_at": "2020-05-07T08:22:22.017Z",
              "flags": 0,
              "promo_gratification_data": {
                "action_type": "buyNAtR",
                "sub_redemption_type": null
              },
              "custom_text": {
                "userlocks": [
                  "LOCKSS:PARALLEL_PROM_DELAY:306220250",
                  "LOCKSS_SHOPNSAVE_SHOPNSAVE_1"
                ]
              },
              "amount": 375,
              "toBeInserted": true
            },
            "isNonCancellable": true,
            "splitQty": 2,
            "promo_info": {
              "visible_from": "2018-05-01T06:28:00.000Z",
              "visible_upto": "2020-10-31T06:28:00.000Z",
              "valid_from": "2018-05-01T06:28:00.000Z",
              "valid_upto": "2021-11-21T06:31:10.000Z",
              "is_flash_code": false,
              "offer_validation_text": "",
              "campaign": "SHOPNSAVE"
            },
            "product": {},
            "promotext": "Code applied SHOPNSAVE. {type} of Rs. 375"
          }
        },
        "enable_cod_applicability": true
      }
    },
    {
      "TestCaseName": "V3 promo apply for product validating condition category count using campaign SHOPNSAVE",
      "Request": {
        "cart": {
          "items": {
            "9839402pid": {
              "qty": 2,
              "product": {
                "price": "1600",
                "need_shipping": "1",
                "return_policy_id": "62",
                "weight": "1000",
                "pay_type": "63982",
                "name": "Samsung Galaxy Note 8 SM-N950F (MidnightBlack)",
                "mrp": "900",
                "product_type": "1",
                "paytm_sku": "MOBSAMSUNG-GALAPAVA7484763A38443A",
                "id": 9839402,
                "brand_id": 444
              },
              "child_site_id": "6",
              "product_id": 9839402,
              "in_stock": "true",
              "total_quantity": "98",
              "display_sequence": "1511624463000"
            },
            "9839406pid": {
              "qty": 2,
              "product": {
                "price": "1600",
                "need_shipping": "1",
                "return_policy_id": "62",
                "weight": "1000",
                "pay_type": "63982",
                "name": "Samsung Galaxy Note 8 SM-N950F (MidnightBlack)",
                "mrp": "900",
                "product_type": "1",
                "paytm_sku": "MOBSAMSUNG-GALAPAVA7484763A38443A",
                "id": 9839406,
                "brand_id": 444
              },
              "child_site_id": "6",
              "product_id": 9839406,
              "in_stock": "true",
              "total_quantity": "98",
              "display_sequence": "1511624463000"
            }
          },
          "need_shipping": "1",
          "reqId": "1512640039.193-54.179.186.39-686-468383-1",
          "requested_action": "applypromo",
          "is_physical": "true",
          "fetch_requested_key": "ZBLgEGAgNNm_KUA.IlinRUMzEFQg6V8KPVMfng",
          "site_id": "2",
          "product_ids": [
            9839402
          ],
          "disabledPgModes": {
            "ESCROW": "true",
            "COD": "true",
            "cod": "true",
            "escrow": "true"
          },
          "id": "201793729",
          "cart_id": "ZBLgEGAgNNm_KUA.IlinRUMzEFQg6V8KPVMfng",
          "paymentOptions": {
            "EMI_OPTIONS": "BAJAJFN-DROP_ALL",
            "emi_OPTIONS": "BAJAJFN-DROP_ALL"
          },
          "product_category_ids": [
            "6442",
            "6442",
            "6442"
          ],
          "cod_applicable": "",
          "merchant_ids": [
            "748476"
          ],
          "fetched_against_key": "ZBLgEGAgNNm_KUA.IlinRUMzEFQg6V8KPVMfng",
          "brand_ids": [
            "2578"
          ]
        },
        "user": {
          "id": 306220250,
          "walletType": "123",
          "countryCode": "123",
          "email": "abc@paytm.com",
          "gender": "123",
          "created_at": "123",
          "customerGrade": "123",
          "firstName": "123",
          "is_verified_email": 0,
          "is_verified_mobile": 1
        },
        "clientDetails": {
          "client": "ANDROID",
          "deviceName": "asd",
          "deviceManufacturer": "ABC",
          "user_agent": "web-browser",
          "site_id": "1",
          "deviceIdentifier": "SAMSUNG-J5",
          "version": "0.2.51",
          "playStore": "YES"
        },
        "options": {
          "item_map": {
            "9839402pid": "SHOPNSAVE",
            "9839406pid": "SHOPNSAVE"
          },
          "action": "applypromo"
        }
      },
      "Response": {
        "error": "Promocode is applicable on minimum 5 item per order",
        "code": 406,
        "errorCode": "PROMO_APP_4007",
        "title": "Please enter a valid promotional code",
        "data": {
          "basket_campaign": false
        }
      }
    },
    {
      "TestCaseName": "V3 promo apply for product validating condition category count operation less than or equal to using campaign SHOPNSAVE",
      "Request": {
        "cart": {
          "items": {
            "9839402pid": {
              "qty": 3,
              "product": {
                "price": "1600",
                "need_shipping": "1",
                "return_policy_id": "62",
                "weight": "1000",
                "pay_type": "63982",
                "name": "Samsung Galaxy Note 8 SM-N950F (MidnightBlack)",
                "mrp": "900",
                "product_type": "1",
                "paytm_sku": "MOBSAMSUNG-GALAPAVA7484763A38443A",
                "id": 9839402,
                "brand_id": 444
              },
              "child_site_id": "6",
              "product_id": 9839402,
              "in_stock": "true",
              "total_quantity": "98",
              "display_sequence": "1511624463000"
            },
            "9839406pid": {
              "qty": 3,
              "product": {
                "price": "1600",
                "need_shipping": "1",
                "return_policy_id": "62",
                "weight": "1000",
                "pay_type": "63982",
                "name": "Samsung Galaxy Note 8 SM-N950F (MidnightBlack)",
                "mrp": "900",
                "product_type": "1",
                "paytm_sku": "MOBSAMSUNG-GALAPAVA7484763A38443A",
                "id": 9839406,
                "brand_id": 444
              },
              "child_site_id": "6",
              "product_id": 9839406,
              "in_stock": "true",
              "total_quantity": "98",
              "display_sequence": "1511624463000"
            },
            "9839417pid": {
              "qty": 3,
              "product": {
                "price": "1600",
                "need_shipping": "1",
                "return_policy_id": "62",
                "weight": "1000",
                "pay_type": "63982",
                "name": "Samsung Galaxy Note 8 SM-N950F (MidnightBlack)",
                "mrp": "900",
                "product_type": "1",
                "paytm_sku": "MOBSAMSUNG-GALAPAVA7484763A38443A",
                "id": 9839417,
                "brand_id": 444
              },
              "child_site_id": "6",
              "product_id": 9839417,
              "in_stock": "true",
              "total_quantity": "98",
              "display_sequence": "1511624463000"
            }
          },
          "need_shipping": "1",
          "reqId": "1512640039.193-54.179.186.39-686-468383-1",
          "requested_action": "applypromo",
          "is_physical": "true",
          "fetch_requested_key": "ZBLgEGAgNNm_KUA.IlinRUMzEFQg6V8KPVMfng",
          "site_id": "2",
          "product_ids": [
            9839402
          ],
          "disabledPgModes": {
            "ESCROW": "true",
            "COD": "true",
            "cod": "true",
            "escrow": "true"
          },
          "id": "201793729",
          "cart_id": "ZBLgEGAgNNm_KUA.IlinRUMzEFQg6V8KPVMfng",
          "paymentOptions": {
            "EMI_OPTIONS": "BAJAJFN-DROP_ALL",
            "emi_OPTIONS": "BAJAJFN-DROP_ALL"
          },
          "product_category_ids": [
            "6442",
            "6442",
            "6442"
          ],
          "cod_applicable": "",
          "merchant_ids": [
            "748476"
          ],
          "fetched_against_key": "ZBLgEGAgNNm_KUA.IlinRUMzEFQg6V8KPVMfng",
          "brand_ids": [
            "2578"
          ]
        },
        "user": {
          "id": 306220250,
          "walletType": "123",
          "countryCode": "123",
          "email": "abc@paytm.com",
          "gender": "123",
          "created_at": "123",
          "customerGrade": "123",
          "firstName": "123",
          "is_verified_email": 0,
          "is_verified_mobile": 1
        },
        "clientDetails": {
          "client": "ANDROID",
          "deviceName": "asd",
          "deviceManufacturer": "ABC",
          "user_agent": "web-browser",
          "site_id": "1",
          "deviceIdentifier": "SAMSUNG-J5",
          "version": "0.2.51",
          "playStore": "YES"
        },
        "options": {
          "item_map": {
            "9839402pid": "SHOPNSAVE",
            "9839406pid": "SHOPNSAVE",
            "9839417pid": "SHOPNSAVE"
          },
          "action": "applypromo"
        }
      },
      "Response": {
        "error": "Promocode is applicable on maximum 8 items per order",
        "code": 406,
        "errorCode": "PROMO_APP_4007",
        "title": "Please enter a valid promotional code",
        "data": {
          "basket_campaign": false
        }
      }
    },
    {
      "TestCaseName": "V3 promo apply for product validating condition QTY using campaign SHOPNSAVE",
      "Request": {
        "cart": {
          "items": {
            "9839402pid": {
              "qty": 2,
              "product": {
                "price": "1600",
                "need_shipping": "1",
                "return_policy_id": "62",
                "weight": "1000",
                "pay_type": "63982",
                "name": "Samsung Galaxy Note 8 SM-N950F (MidnightBlack)",
                "mrp": "900",
                "product_type": "1",
                "paytm_sku": "MOBSAMSUNG-GALAPAVA7484763A38443A",
                "id": 9839402,
                "brand_id": 444
              },
              "child_site_id": "6",
              "product_id": 9839402,
              "in_stock": "true",
              "total_quantity": "98",
              "display_sequence": "1511624463000"
            },
            "9839406pid": {
              "qty": 2,
              "product": {
                "price": "1600",
                "need_shipping": "1",
                "return_policy_id": "62",
                "weight": "1000",
                "pay_type": "63982",
                "name": "Samsung Galaxy Note 8 SM-N950F (MidnightBlack)",
                "mrp": "900",
                "product_type": "1",
                "paytm_sku": "MOBSAMSUNG-GALAPAVA7484763A38443A",
                "id": 9839406,
                "brand_id": 444
              },
              "child_site_id": "6",
              "product_id": 9839406,
              "in_stock": "true",
              "total_quantity": "98",
              "display_sequence": "1511624463000"
            },
            "9839417pid": {
              "qty": 5,
              "product": {
                "price": "1600",
                "need_shipping": "1",
                "return_policy_id": "62",
                "weight": "1000",
                "pay_type": "63982",
                "name": "Samsung Galaxy Note 8 SM-N950F (MidnightBlack)",
                "mrp": "900",
                "product_type": "1",
                "paytm_sku": "MOBSAMSUNG-GALAPAVA7484763A38443A",
                "id": 9839417,
                "brand_id": 444
              },
              "child_site_id": "6",
              "product_id": 9839417,
              "in_stock": "true",
              "total_quantity": "98",
              "display_sequence": "1511624463000"
            }
          },
          "need_shipping": "1",
          "reqId": "1512640039.193-54.179.186.39-686-468383-1",
          "requested_action": "applypromo",
          "is_physical": "true",
          "fetch_requested_key": "ZBLgEGAgNNm_KUA.IlinRUMzEFQg6V8KPVMfng",
          "site_id": "2",
          "product_ids": [
            9839402
          ],
          "disabledPgModes": {
            "ESCROW": "true",
            "COD": "true",
            "cod": "true",
            "escrow": "true"
          },
          "id": "201793729",
          "cart_id": "ZBLgEGAgNNm_KUA.IlinRUMzEFQg6V8KPVMfng",
          "paymentOptions": {
            "EMI_OPTIONS": "BAJAJFN-DROP_ALL",
            "emi_OPTIONS": "BAJAJFN-DROP_ALL"
          },
          "product_category_ids": [
            "6442",
            "6442",
            "6442"
          ],
          "cod_applicable": "",
          "merchant_ids": [
            "748476"
          ],
          "fetched_against_key": "ZBLgEGAgNNm_KUA.IlinRUMzEFQg6V8KPVMfng",
          "brand_ids": [
            "2578"
          ]
        },
        "user": {
          "id": 306220250,
          "walletType": "123",
          "countryCode": "123",
          "email": "abc@paytm.com",
          "gender": "123",
          "created_at": "123",
          "customerGrade": "123",
          "firstName": "123",
          "is_verified_email": 0,
          "is_verified_mobile": 1
        },
        "clientDetails": {
          "client": "ANDROID",
          "deviceName": "asd",
          "deviceManufacturer": "ABC",
          "user_agent": "web-browser",
          "site_id": "1",
          "deviceIdentifier": "SAMSUNG-J5",
          "version": "0.2.51",
          "playStore": "YES"
        },
        "options": {
          "item_map": {
            "9839402pid": "SHOPNSAVE",
            "9839406pid": "SHOPNSAVE",
            "9839417pid": "SHOPNSAVE"
          },
          "action": "applypromo"
        }
      },
      "Response": {
        "error": "Promocode is applicable on maximum 8 items per order",
        "code": 406,
        "errorCode": "PROMO_APP_4007",
        "title": "Please enter a valid promotional code",
        "data": {
          "basket_campaign": false
        }
      }
    },

    {
      "TestCaseName": "V3 promo apply for product validating condition age using campaign ageCampaign",
      "Request": {
        "cart": {
          "items": {
            "109706199pid": {
              "qty": "1",
              "product": {
                "price": "600",
                "need_shipping": "1",
                "return_policy_id": "62",
                "weight": "1000",
                "pay_type": "63982",
                "name": "Samsung Galaxy Note 8 SM-N950F (MidnightBlack)",
                "mrp": "900",
                "product_type": "1",
                "paytm_sku": "MOBSAMSUNG-GALAPAVA7484763A38443A",
                "id": 109706199,
                "brand_id": 444,
                "merchant_id": 3
              },
              "child_site_id": "6",
              "product_id": "109706199",
              "in_stock": "true",
              "total_quantity": "98",
              "display_sequence": "1511624463000"
            }
          },
          "need_shipping": "1",
          "reqId": "1512640039.193-54.179.186.39-686-468383-1",
          "requested_action": "applypromo",
          "is_physical": "true",
          "fetch_requested_key": "ZBLgEGAgNNm_KUA.IlinRUMzEFQg6V8KPVMfng",
          "site_id": "2",
          "product_ids": [
            "109706199"
          ],
          "disabledPgModes": {
            "ESCROW": "true",
            "COD": "true",
            "cod": "true",
            "escrow": "true"
          },
          "id": "201793729",
          "cart_id": "ZBLgEGAgNNm_KUA.IlinRUMzEFQg6V8KPVMfng",
          "paymentOptions": {
            "EMI_OPTIONS": "BAJAJFN-DROP_ALL",
            "emi_OPTIONS": "BAJAJFN-DROP_ALL"
          },
          "product_category_ids": [
            "6442",
            "6442",
            "6442"
          ],
          "cod_applicable": "",
          "merchant_ids": [
            "748476"
          ],
          "fetched_against_key": "ZBLgEGAgNNm_KUA.IlinRUMzEFQg6V8KPVMfng",
          "brand_ids": [
            "2578"
          ]
        },
        "user": {
          "id": 306220250,
          "walletType": "123",
          "countryCode": "123",
          "email": "abc@paytm.com",
          "gender": "123",
          "created_at": 1480835026000,
          "customerGrade": "123",
          "firstName": "123",
          "is_verified_email": 0,
          "is_verified_mobile": 1
        },
        "clientDetails": {
          "client": "ANDROIDAPP",
          "deviceName": "asd",
          "deviceManufacturer": "ABC",
          "user_agent": "app",
          "site_id": 1,
          "deviceIdentifier": "SAMSUNG-J5",
          "version": "0.2.51",
          "playStore": "YES",
          "platform": "app"
        },
        "options": {
          "item_map": {
            "109706199pid": "ageCampaign"
          },
          "action": "applypromo"
        }
      },
      "Response": {
        "promocode": "ageCampaign",

        "disabledPgModes": {},
        "disablePGInstruments": {},
        "enable_cod_applicability": true
        },
        "items": {
          "109706199pid": {
            "promocode": "ageCampaign",
            "promotext": "Success",
            "promotext_template": "Success",
            "goldback": 30,
            "usage_data": {
              "site_id": 1,
              "user_id": 306220250,
              "promocode_id": 301115577,
              "campaign": "ageCampaign",
              "fulfillment_status": 0,
              "redemption_type": "goldback",
              "status": 1,
              "fraud1": "9bf8ca1208aa95a69863afc49cf4f8ec",
              "flags": 0,
              "amount": 30
            },
            "product": {}
          }
        }
      }

  ]
}