{
  "Request_Response": [
    {
      "TestCaseName": "V2 promo apply for movies valid request using campaign TICKET100",
      "Request": {
        "clientDetails": {
          "site_id": 1,
          "deviceIdentifier": "SAMSUNG-J5",
          "deviceManufacturer": "ABC",
          "deviceName": "asd",
          "playStore": "YES",
          "client": "ANDROID",
          "version": "0.2.51",
          "user_agent": "web-browser"
        },
        "user": {
          "id": 1107208277,
          "username": 123,
          "firstName": 123,
          "middleName": 123,
          "lastName": 123,
          "walletType": 123,
          "customerGrade": 123,
          "email": "abc@paytm.com",
          "type": 123,
          "status": 123,
          "customerIp": 123,
          "customerAreacode": 123,
          "created_at": 123,
          "gender": 123,
          "dateOfBirth": 123,
          "countryCode": 123,
          "mobile": 9650484926,
          "is_verified_email": "1",
          "is_verified_mobile": "1"
        },
        "cart": {
          "is_checkout": 1,
          "address": "123, 123, 123",
          "payment_method": "123",
          "need_shipping": "Yes",
          "items": {
            "123": {
              "meta_data": {
                "tokenFeeOnly": false,
                "freeSeating": false,
                "tokenFeePickupTime": 0,
                "seatCodes": [
                  "First Class-I-14,First Class-I-15"
                ],
                "movie": "Goutham Nanda",
                "cinema": "Gowthami Theatre: Anantapur",
                "showTime": "2017-08-21T16:00:00.000Z",
                "audi": "Screen 1",
                "ticketCount": 2,
                "providerId": "465",
                "cinemaId": "1797",
                "transId": "60029c1f61c8362d069958cd6c4e46f1",
                "sessionId": 301778,
                "isInsurancePresent": 0,
                "bookingId": "4fa0d194db68442ca347fbbf658277d9",
                "seatType": "First Class",
                "uniqueBookingId": "4fa0d194db68442ca347fbbf658277d9",
                "bookingIndex": "4fa0d194db68442ca347fbbf658277d9",
                "totalTicketPrice": 200,
                "seatIds": [
                  "First Class-I-14,First Class-I-15"
                ],
                "seatIdsReturned": "First Class-I-14,First Class-I-15",
                "branchCode": "0",
                "address": "Surya Road, Old Town, Anantapur, Andhra Pradesh 515001, India",
                "movieCode": "O9EQWO",
                "language": "Telugu",
                "multipleEticket": 0,
                "movieImageUrl": "assetscdn.paytm.com/images/cinema/MovieIcons/GOUTHAM-NANDA-WEB.jpg",
                "censor": "",
                "passenger": {
                  "name": "siddant",
                  "email": "sahusiddant@gmail.com",
                  "mobileNumber": 8410960010
                },
                "totalCommision": "35.40",
                "citySearched": "anantapur",
                "multipleEticketSelected": false,
                "source": "movie",
                "convFeeApiVersion": 2,
                "isFreeMovie": 0,
                "isFoodPresent": 0,
                "totalConvFee": "12.00",
                "totalPgCharges": "18.00",
                "totalCenterGstCharges": "2.70",
                "totalStateGstCharges": "2.70",
                "convFee": "6.00",
                "pgCharges": "9.00",
                "centerGstCharges": "1.35",
                "stateGstCharges": "1.35",
                "totalTax": [
                  {
                    "key": "totalConvFee",
                    "label": "Convenience Fee",
                    "value": "30.00"
                  },
                  {
                    "key": "totalPgCharges",
                    "label": "PG Charges",
                    "value": "0.00"
                  },
                  {
                    "key": "totalCenterGstCharges",
                    "label": "Central Goods and Service Tax",
                    "value": "2.70"
                  },
                  {
                    "key": "totalStateGstCharges",
                    "label": "State Goods and Service Tax",
                    "value": "2.70"
                  }
                ],
                "user_id": 7730034,
                "paytmCityName": "Anantapur",
                "available_seats": 51,
                "total_seats": 31,
                "singleTicketPrice": 100,
                "url": "https://apiproxy-moviesv2.paytm.com//v1/movies/get-insurance-eligiblity",
                "type": "MOVIE TICKETS",
                "isInsuranceLive": 1,
                "taxInfo": {
                  "totalConvFee": "Convenience Fee",
                  "totalPgCharges": "PG Charges",
                  "totalCenterGstCharges": "Central Goods and Service Tax",
                  "totalStateGstCharges": "State Goods and Service Tax"
                },
                "showTimeIST": "2017-08-21T21:30:00.000Z",
                "mapped_providers": "bo",
                "movie_order_summary": "Movie Tickets",
                "base_price": 183.48,
                "override_base_price": true,
                "origTicketPriceBreakUp": {
                  "total": 200,
                  "center": 16.52,
                  "state": 0,
                  "local": 0,
                  "union": 0
                },
                "centerTax": 16.52,
                "stateTax": 0,
                "unionTax": 0,
                "localTax": 0,
                "providerCinemaId": "270",
                "paytmCityId": 918,
                "paytmMovieName": "Goutham Nanda",
                "uber_available": false,
                "sac": 999615,
                "wid": 345864
              },
              "product": {
                "id": 9839402,
                "parent_id": 123,
                "sku": 123,
                "vertical_id": 123,
                "merchant_id": 123,
                "brand_id": 123,
                "price": 123,
                "need_shipping": 123,
                "selling_price_per_item": 123,
                "category_id": 123,
                "fulfillment_service_id": 123,
                "fulfillment_service": 123,
                "conv_fee": 123
              },
              "qty": 123,
              "fulfillment_req": {
                "recharge_number": 123,
                "travel_date": 123,
                "from": 123,
                "to": 123
              },
              "info": {
                "fulfillment_req": {
                  "recharge_number": 123,
                  "travel_date": 123,
                  "from": 123,
                  "to": 123
                },
                "meta_data": {
                  "due_date": 123
                }
              }
            }
          },
          "product_id": 123,
          "promo_meta_data": 123
        },
        "promocode": "TICKET100"
      },
      "Response":{
        "promocode": "TICKET100",
        "enable_cod_applicability": true,
        "items": {
          "123": {
            "promotext": "TICKET100applied. Rs.100 cashback will be added to your Paytm wallet within 24 hrs of successful transaction. Get your KYC done to receive the cashback. Please ignore if KYC is done.",
            "promotext_template": "${code}applied. Rs.${amount} cashback will be added to your Paytm wallet within 24 hrs of successful transaction. Get your KYC done to receive the cashback. Please ignore if KYC is done.",
            "goldback": 100,
            "product": {
              "conv_fee": 123,
              "selling_price_per_item": 123
            },
            "promo_info": {
              "visible_from": "2018-05-17T06:20:00.000Z",
              "valid_upto": "2020-07-31T06:20:00.000Z",
              "offer_validation_text": "",
              "valid_from": "2018-05-17T06:20:00.000Z",
              "campaign": "TICKET100",
              "is_flash_code": false,
              "visible_upto": "2020-07-31T06:20:00.000Z"
            },
            "promocode": "TICKET100",
            "usage_data": {
              "amount": 100,
              "fulfillment_status": 0,
              "fulfillment_time": "2019-06-18 16:02:12",
              "flags": 0,
              "promocode": "TICKET100",
              "created_at": "2019-06-18T10:32:12.289Z",
              "promocode_id": 301115162,
              "fraud1": "9bf8ca1208aa95a69863afc49cf4f8ec",
              "user_id": 1107208277,
              "site_id": 1,
              "campaign": "TICKET100",
              "redemption_type": "goldback",
              "status": 1
            }
          }
        }
      }
    },
    {
      "TestCaseName": "V2 promo apply for movies validating condition meta_data_ticketCount using campaign TICKET100",
      "Request": {
        "clientDetails": {
          "site_id": 1,
          "deviceIdentifier": "SAMSUNG-J5",
          "deviceManufacturer": "ABC",
          "deviceName": "asd",
          "playStore": "YES",
          "client": "ANDROID",
          "version": "0.2.51",
          "user_agent": "web-browser"
        },
        "user": {
          "id": 1107208277,
          "username": 123,
          "firstName": 123,
          "middleName": 123,
          "lastName": 123,
          "walletType": 123,
          "customerGrade": 123,
          "email": "abc@paytm.com",
          "type": 123,
          "status": 123,
          "customerIp": 123,
          "customerAreacode": 123,
          "created_at": 123,
          "gender": 123,
          "dateOfBirth": 123,
          "countryCode": 123,
          "mobile": 9650484926,
          "is_verified_email": "1",
          "is_verified_mobile": "1"
        },
        "cart": {
          "is_checkout": 1,
          "address": "123, 123, 123",
          "payment_method": "123",
          "need_shipping": "Yes",
          "items": {
            "123": {
              "meta_data": {
                "tokenFeeOnly": false,
                "freeSeating": false,
                "tokenFeePickupTime": 0,
                "seatCodes": [
                  "First Class-I-14,First Class-I-15"
                ],
                "movie": "Goutham Nanda",
                "cinema": "Gowthami Theatre: Anantapur",
                "showTime": "2017-08-21T16:00:00.000Z",
                "audi": "Screen 1",
                "ticketCount": 1,
                "providerId": "465",
                "cinemaId": "1797",
                "transId": "60029c1f61c8362d069958cd6c4e46f1",
                "sessionId": 301778,
                "isInsurancePresent": 0,
                "bookingId": "4fa0d194db68442ca347fbbf658277d9",
                "seatType": "First Class",
                "uniqueBookingId": "4fa0d194db68442ca347fbbf658277d9",
                "bookingIndex": "4fa0d194db68442ca347fbbf658277d9",
                "totalTicketPrice": 200,
                "seatIds": [
                  "First Class-I-14,First Class-I-15"
                ],
                "seatIdsReturned": "First Class-I-14,First Class-I-15",
                "branchCode": "0",
                "address": "Surya Road, Old Town, Anantapur, Andhra Pradesh 515001, India",
                "movieCode": "O9EQWO",
                "language": "Telugu",
                "multipleEticket": 0,
                "movieImageUrl": "assetscdn.paytm.com/images/cinema/MovieIcons/GOUTHAM-NANDA-WEB.jpg",
                "censor": "",
                "passenger": {
                  "name": "siddant",
                  "email": "sahusiddant@gmail.com",
                  "mobileNumber": 8410960010
                },
                "totalCommision": "35.40",
                "citySearched": "anantapur",
                "multipleEticketSelected": false,
                "source": "movie",
                "convFeeApiVersion": 2,
                "isFreeMovie": 0,
                "isFoodPresent": 0,
                "totalConvFee": "12.00",
                "totalPgCharges": "18.00",
                "totalCenterGstCharges": "2.70",
                "totalStateGstCharges": "2.70",
                "convFee": "6.00",
                "pgCharges": "9.00",
                "centerGstCharges": "1.35",
                "stateGstCharges": "1.35",
                "totalTax": [
                  {
                    "key": "totalConvFee",
                    "label": "Convenience Fee",
                    "value": "30.00"
                  },
                  {
                    "key": "totalPgCharges",
                    "label": "PG Charges",
                    "value": "0.00"
                  },
                  {
                    "key": "totalCenterGstCharges",
                    "label": "Central Goods and Service Tax",
                    "value": "2.70"
                  },
                  {
                    "key": "totalStateGstCharges",
                    "label": "State Goods and Service Tax",
                    "value": "2.70"
                  }
                ],
                "user_id": 7730034,
                "paytmCityName": "Anantapur",
                "available_seats": 51,
                "total_seats": 31,
                "singleTicketPrice": 100,
                "url": "https://apiproxy-moviesv2.paytm.com//v1/movies/get-insurance-eligiblity",
                "type": "MOVIE TICKETS",
                "isInsuranceLive": 1,
                "taxInfo": {
                  "totalConvFee": "Convenience Fee",
                  "totalPgCharges": "PG Charges",
                  "totalCenterGstCharges": "Central Goods and Service Tax",
                  "totalStateGstCharges": "State Goods and Service Tax"
                },
                "showTimeIST": "2017-08-21T21:30:00.000Z",
                "mapped_providers": "bo",
                "movie_order_summary": "Movie Tickets",
                "base_price": 183.48,
                "override_base_price": true,
                "origTicketPriceBreakUp": {
                  "total": 200,
                  "center": 16.52,
                  "state": 0,
                  "local": 0,
                  "union": 0
                },
                "centerTax": 16.52,
                "stateTax": 0,
                "unionTax": 0,
                "localTax": 0,
                "providerCinemaId": "270",
                "paytmCityId": 918,
                "paytmMovieName": "Goutham Nanda",
                "uber_available": false,
                "sac": 999615,
                "wid": 345864
              },
              "product": {
                "id": 9839402,
                "parent_id": 123,
                "sku": 123,
                "vertical_id": 123,
                "merchant_id": 123,
                "brand_id": 123,
                "price": 123,
                "need_shipping": 123,
                "selling_price_per_item": 123,
                "category_id": 123,
                "fulfillment_service_id": 123,
                "fulfillment_service": 123,
                "conv_fee": 123
              },
              "qty": 123,
              "fulfillment_req": {
                "recharge_number": 123,
                "travel_date": 123,
                "from": 123,
                "to": 123
              },
              "info": {
                "fulfillment_req": {
                  "recharge_number": 123,
                  "travel_date": 123,
                  "from": 123,
                  "to": 123
                },
                "meta_data": {
                  "due_date": 123
                }
              }
            }
          },
          "product_id": 123,
          "promo_meta_data": 123
        },
        "promocode": "TICKET100"
      },
      "Response": {
        "error": "Promocode is applicable on min 2 tickets per transaction.",
        "code": 406,
        "errorCode": "PC_VL_4002",
        "title": "Please enter a valid promotional code",
        "data": {
          "basket_campaign": false
        }
      }
    },
    {
      "TestCaseName": "V2 promo apply for movies validating condition merchant_id using campaign TICKET100",
      "Request": {
        "clientDetails": {
          "site_id": 1,
          "deviceIdentifier": "SAMSUNG-J5",
          "deviceManufacturer": "ABC",
          "deviceName": "asd",
          "playStore": "YES",
          "client": "ANDROID",
          "version": "0.2.51",
          "user_agent": "web-browser"
        },
        "user": {
          "id": 1107208277,
          "username": 123,
          "firstName": 123,
          "middleName": 123,
          "lastName": 123,
          "walletType": 123,
          "customerGrade": 123,
          "email": "abc@paytm.com",
          "type": 123,
          "status": 123,
          "customerIp": 123,
          "customerAreacode": 123,
          "created_at": 123,
          "gender": 123,
          "dateOfBirth": 123,
          "countryCode": 123,
          "mobile": 9650484926,
          "is_verified_email": "1",
          "is_verified_mobile": "1",
          "age": 1440000
        },
        "cart": {
          "is_checkout": 1,
          "address": "123, 123, 123",
          "payment_method": "123",
          "need_shipping": "Yes",
          "items": {
            "123": {
              "meta_data": {
                "tokenFeeOnly": false,
                "freeSeating": false,
                "tokenFeePickupTime": 0,
                "seatCodes": [
                  "First Class-I-14,First Class-I-15"
                ],
                "movie": "Goutham Nanda",
                "cinema": "Gowthami Theatre: Anantapur",
                "showTime": "2017-08-21T16:00:00.000Z",
                "audi": "Screen 1",
                "ticketCount": 2,
                "providerId": "465",
                "cinemaId": "1797",
                "transId": "60029c1f61c8362d069958cd6c4e46f1",
                "sessionId": 301778,
                "isInsurancePresent": 0,
                "bookingId": "4fa0d194db68442ca347fbbf658277d9",
                "seatType": "First Class",
                "uniqueBookingId": "4fa0d194db68442ca347fbbf658277d9",
                "bookingIndex": "4fa0d194db68442ca347fbbf658277d9",
                "totalTicketPrice": 200,
                "seatIds": [
                  "First Class-I-14,First Class-I-15"
                ],
                "seatIdsReturned": "First Class-I-14,First Class-I-15",
                "branchCode": "0",
                "address": "Surya Road, Old Town, Anantapur, Andhra Pradesh 515001, India",
                "movieCode": "O9EQWO",
                "language": "Telugu",
                "multipleEticket": 0,
                "movieImageUrl": "assetscdn.paytm.com/images/cinema/MovieIcons/GOUTHAM-NANDA-WEB.jpg",
                "censor": "",
                "passenger": {
                  "name": "siddant",
                  "email": "sahusiddant@gmail.com",
                  "mobileNumber": 8410960010
                },
                "totalCommision": "35.40",
                "citySearched": "anantapur",
                "multipleEticketSelected": false,
                "source": "movie",
                "convFeeApiVersion": 2,
                "isFreeMovie": 0,
                "isFoodPresent": 0,
                "totalConvFee": "12.00",
                "totalPgCharges": "18.00",
                "totalCenterGstCharges": "2.70",
                "totalStateGstCharges": "2.70",
                "convFee": "6.00",
                "pgCharges": "9.00",
                "centerGstCharges": "1.35",
                "stateGstCharges": "1.35",
                "totalTax": [
                  {
                    "key": "totalConvFee",
                    "label": "Convenience Fee",
                    "value": "30.00"
                  },
                  {
                    "key": "totalPgCharges",
                    "label": "PG Charges",
                    "value": "0.00"
                  },
                  {
                    "key": "totalCenterGstCharges",
                    "label": "Central Goods and Service Tax",
                    "value": "2.70"
                  },
                  {
                    "key": "totalStateGstCharges",
                    "label": "State Goods and Service Tax",
                    "value": "2.70"
                  }
                ],
                "user_id": 7730034,
                "paytmCityName": "Anantapur",
                "available_seats": 51,
                "total_seats": 31,
                "singleTicketPrice": 100,
                "url": "https://apiproxy-moviesv2.paytm.com//v1/movies/get-insurance-eligiblity",
                "type": "MOVIE TICKETS",
                "isInsuranceLive": 1,
                "taxInfo": {
                  "totalConvFee": "Convenience Fee",
                  "totalPgCharges": "PG Charges",
                  "totalCenterGstCharges": "Central Goods and Service Tax",
                  "totalStateGstCharges": "State Goods and Service Tax"
                },
                "showTimeIST": "2017-08-21T21:30:00.000Z",
                "mapped_providers": "bo",
                "movie_order_summary": "Movie Tickets",
                "base_price": 183.48,
                "override_base_price": true,
                "origTicketPriceBreakUp": {
                  "total": 200,
                  "center": 16.52,
                  "state": 0,
                  "local": 0,
                  "union": 0
                },
                "centerTax": 16.52,
                "stateTax": 0,
                "unionTax": 0,
                "localTax": 0,
                "providerCinemaId": "270",
                "paytmCityId": 918,
                "paytmMovieName": "Goutham Nanda",
                "uber_available": false,
                "sac": 999615,
                "wid": 345864
              },
              "product": {
                "id": 9839402,
                "parent_id": 123,
                "sku": 123,
                "vertical_id": 123,
                "merchant_id": 527647,
                "brand_id": 123,
                "price": 123,
                "need_shipping": 123,
                "selling_price_per_item": 123,
                "category_id": 123,
                "fulfillment_service_id": 123,
                "fulfillment_service": 123,
                "conv_fee": 123
              },
              "qty": 123,
              "fulfillment_req": {
                "recharge_number": 123,
                "travel_date": 123,
                "from": 123,
                "to": 123
              },
              "info": {
                "fulfillment_req": {
                  "recharge_number": 123,
                  "travel_date": 123,
                  "from": 123,
                  "to": 123
                },
                "meta_data": {
                  "due_date": 123
                }
              }
            }
          },
          "product_id": 123,
          "promo_meta_data": 123
        },
        "promocode": "TICKET100"
      },
      "Response": {
        "error": "This code is not applicable for this cinema. Please use MOVIE100 to get cashback upto Rs.100.",
        "code": 406,
        "errorCode": "PC_VL_4002",
        "title": "Please enter a valid promotional code",
        "data": {
          "basket_campaign": false
        }
      }
    },
    {
      "TestCaseName": "V2 promo apply for movies validating condition price using campaign TICKET100",
      "Request": {
        "clientDetails": {
          "site_id": 1,
          "deviceIdentifier": "SAMSUNG-J5",
          "deviceManufacturer": "ABC",
          "deviceName": "asd",
          "playStore": "YES",
          "client": "ANDROID",
          "version": "0.2.51",
          "user_agent": "web-browser"
        },
        "user": {
          "id": 1107208277,
          "username": 123,
          "firstName": 123,
          "middleName": 123,
          "lastName": 123,
          "walletType": 123,
          "customerGrade": 123,
          "email": "abc@paytm.com",
          "type": 123,
          "status": 123,
          "customerIp": 123,
          "customerAreacode": 123,
          "created_at": 123,
          "gender": 123,
          "dateOfBirth": 123,
          "countryCode": 123,
          "mobile": 9650484926,
          "is_verified_email": "1",
          "is_verified_mobile": "1",
          "age": 1440000
        },
        "cart": {
          "is_checkout": 1,
          "address": "123, 123, 123",
          "payment_method": "123",
          "need_shipping": "Yes",
          "items": {
            "123": {
              "meta_data": {
                "tokenFeeOnly": false,
                "freeSeating": false,
                "tokenFeePickupTime": 0,
                "seatCodes": [
                  "First Class-I-14,First Class-I-15"
                ],
                "movie": "Goutham Nanda",
                "cinema": "Gowthami Theatre: Anantapur",
                "showTime": "2017-08-21T16:00:00.000Z",
                "audi": "Screen 1",
                "ticketCount": 2,
                "providerId": "465",
                "cinemaId": "1797",
                "transId": "60029c1f61c8362d069958cd6c4e46f1",
                "sessionId": 301778,
                "isInsurancePresent": 0,
                "bookingId": "4fa0d194db68442ca347fbbf658277d9",
                "seatType": "First Class",
                "uniqueBookingId": "4fa0d194db68442ca347fbbf658277d9",
                "bookingIndex": "4fa0d194db68442ca347fbbf658277d9",
                "totalTicketPrice": 200,
                "seatIds": [
                  "First Class-I-14,First Class-I-15"
                ],
                "seatIdsReturned": "First Class-I-14,First Class-I-15",
                "branchCode": "0",
                "address": "Surya Road, Old Town, Anantapur, Andhra Pradesh 515001, India",
                "movieCode": "O9EQWO",
                "language": "Telugu",
                "multipleEticket": 0,
                "movieImageUrl": "assetscdn.paytm.com/images/cinema/MovieIcons/GOUTHAM-NANDA-WEB.jpg",
                "censor": "",
                "passenger": {
                  "name": "siddant",
                  "email": "sahusiddant@gmail.com",
                  "mobileNumber": 8410960010
                },
                "totalCommision": "35.40",
                "citySearched": "anantapur",
                "multipleEticketSelected": false,
                "source": "movie",
                "convFeeApiVersion": 2,
                "isFreeMovie": 0,
                "isFoodPresent": 0,
                "totalConvFee": "12.00",
                "totalPgCharges": "18.00",
                "totalCenterGstCharges": "2.70",
                "totalStateGstCharges": "2.70",
                "convFee": "6.00",
                "pgCharges": "9.00",
                "centerGstCharges": "1.35",
                "stateGstCharges": "1.35",
                "totalTax": [
                  {
                    "key": "totalConvFee",
                    "label": "Convenience Fee",
                    "value": "30.00"
                  },
                  {
                    "key": "totalPgCharges",
                    "label": "PG Charges",
                    "value": "0.00"
                  },
                  {
                    "key": "totalCenterGstCharges",
                    "label": "Central Goods and Service Tax",
                    "value": "2.70"
                  },
                  {
                    "key": "totalStateGstCharges",
                    "label": "State Goods and Service Tax",
                    "value": "2.70"
                  }
                ],
                "user_id": 7730034,
                "paytmCityName": "Anantapur",
                "available_seats": 51,
                "total_seats": 31,
                "singleTicketPrice": 100,
                "url": "https://apiproxy-moviesv2.paytm.com//v1/movies/get-insurance-eligiblity",
                "type": "MOVIE TICKETS",
                "isInsuranceLive": 1,
                "taxInfo": {
                  "totalConvFee": "Convenience Fee",
                  "totalPgCharges": "PG Charges",
                  "totalCenterGstCharges": "Central Goods and Service Tax",
                  "totalStateGstCharges": "State Goods and Service Tax"
                },
                "showTimeIST": "2017-08-21T21:30:00.000Z",
                "mapped_providers": "bo",
                "movie_order_summary": "Movie Tickets",
                "base_price": 183.48,
                "override_base_price": true,
                "origTicketPriceBreakUp": {
                  "total": 200,
                  "center": 16.52,
                  "state": 0,
                  "local": 0,
                  "union": 0
                },
                "centerTax": 16.52,
                "stateTax": 0,
                "unionTax": 0,
                "localTax": 0,
                "providerCinemaId": "270",
                "paytmCityId": 918,
                "paytmMovieName": "Goutham Nanda",
                "uber_available": false,
                "sac": 999615,
                "wid": 345864
              },
              "product": {
                "id": 9839402,
                "parent_id": 123,
                "sku": 123,
                "vertical_id": 123,
                "merchant_id": 123,
                "brand_id": 123,
                "price": 3,
                "need_shipping": 123,
                "selling_price_per_item": 123,
                "category_id": 123,
                "fulfillment_service_id": 123,
                "fulfillment_service": 123,
                "conv_fee": 123
              },
              "qty": 123,
              "fulfillment_req": {
                "recharge_number": 123,
                "travel_date": 123,
                "from": 123,
                "to": 123
              },
              "info": {
                "fulfillment_req": {
                  "recharge_number": 123,
                  "travel_date": 123,
                  "from": 123,
                  "to": 123
                },
                "meta_data": {
                  "due_date": 123
                }
              }
            }
          },
          "product_id": 123,
          "promo_meta_data": 123
        },
        "promocode": "TICKET100"
      },
      "Response": {
        "error": "The offer is not applicable on cinemas which accept Advance tokens only",
        "code": 406,
        "errorCode": "PC_VL_4002",
        "title": "Please enter a valid promotional code",
        "data": {
          "basket_campaign": false
        }
      }
    },
    {
      "TestCaseName": "V2 promo apply for movies validating condition meta_data_cinemaId using campaign TICKET100",
      "Request": {
        "clientDetails": {
          "site_id": 1,
          "deviceIdentifier": "SAMSUNG-J5",
          "deviceManufacturer": "ABC",
          "deviceName": "asd",
          "playStore": "YES",
          "client": "ANDROID",
          "version": "0.2.51",
          "user_agent": "web-browser"
        },
        "user": {
          "id": 1107208277,
          "username": 123,
          "firstName": 123,
          "middleName": 123,
          "lastName": 123,
          "walletType": 123,
          "customerGrade": 123,
          "email": "abc@paytm.com",
          "type": 123,
          "status": 123,
          "customerIp": 123,
          "customerAreacode": 123,
          "created_at": 123,
          "gender": 123,
          "dateOfBirth": 123,
          "countryCode": 123,
          "mobile": 9650484926,
          "is_verified_email": "1",
          "is_verified_mobile": "1"
        },
        "cart": {
          "is_checkout": 1,
          "address": "123, 123, 123",
          "payment_method": "123",
          "need_shipping": "Yes",
          "items": {
            "123": {
              "meta_data": {
                "tokenFeeOnly": false,
                "freeSeating": false,
                "tokenFeePickupTime": 0,
                "seatCodes": [
                  "First Class-I-14,First Class-I-15"
                ],
                "movie": "Goutham Nanda",
                "cinema": "Gowthami Theatre: Anantapur",
                "showTime": "2017-08-21T16:00:00.000Z",
                "audi": "Screen 1",
                "ticketCount": 2,
                "providerId": "465",
                "cinemaId": "2006",
                "transId": "60029c1f61c8362d069958cd6c4e46f1",
                "sessionId": 301778,
                "isInsurancePresent": 0,
                "bookingId": "4fa0d194db68442ca347fbbf658277d9",
                "seatType": "First Class",
                "uniqueBookingId": "4fa0d194db68442ca347fbbf658277d9",
                "bookingIndex": "4fa0d194db68442ca347fbbf658277d9",
                "totalTicketPrice": 200,
                "seatIds": [
                  "First Class-I-14,First Class-I-15"
                ],
                "seatIdsReturned": "First Class-I-14,First Class-I-15",
                "branchCode": "0",
                "address": "Surya Road, Old Town, Anantapur, Andhra Pradesh 515001, India",
                "movieCode": "O9EQWO",
                "language": "Telugu",
                "multipleEticket": 0,
                "movieImageUrl": "assetscdn.paytm.com/images/cinema/MovieIcons/GOUTHAM-NANDA-WEB.jpg",
                "censor": "",
                "passenger": {
                  "name": "siddant",
                  "email": "sahusiddant@gmail.com",
                  "mobileNumber": 8410960010
                },
                "totalCommision": "35.40",
                "citySearched": "anantapur",
                "multipleEticketSelected": false,
                "source": "movie",
                "convFeeApiVersion": 2,
                "isFreeMovie": 0,
                "isFoodPresent": 0,
                "totalConvFee": "12.00",
                "totalPgCharges": "18.00",
                "totalCenterGstCharges": "2.70",
                "totalStateGstCharges": "2.70",
                "convFee": "6.00",
                "pgCharges": "9.00",
                "centerGstCharges": "1.35",
                "stateGstCharges": "1.35",
                "totalTax": [
                  {
                    "key": "totalConvFee",
                    "label": "Convenience Fee",
                    "value": "30.00"
                  },
                  {
                    "key": "totalPgCharges",
                    "label": "PG Charges",
                    "value": "0.00"
                  },
                  {
                    "key": "totalCenterGstCharges",
                    "label": "Central Goods and Service Tax",
                    "value": "2.70"
                  },
                  {
                    "key": "totalStateGstCharges",
                    "label": "State Goods and Service Tax",
                    "value": "2.70"
                  }
                ],
                "user_id": 7730034,
                "paytmCityName": "Anantapur",
                "available_seats": 51,
                "total_seats": 31,
                "singleTicketPrice": 100,
                "url": "https://apiproxy-moviesv2.paytm.com//v1/movies/get-insurance-eligiblity",
                "type": "MOVIE TICKETS",
                "isInsuranceLive": 1,
                "taxInfo": {
                  "totalConvFee": "Convenience Fee",
                  "totalPgCharges": "PG Charges",
                  "totalCenterGstCharges": "Central Goods and Service Tax",
                  "totalStateGstCharges": "State Goods and Service Tax"
                },
                "showTimeIST": "2017-08-21T21:30:00.000Z",
                "mapped_providers": "bo",
                "movie_order_summary": "Movie Tickets",
                "base_price": 183.48,
                "override_base_price": true,
                "origTicketPriceBreakUp": {
                  "total": 200,
                  "center": 16.52,
                  "state": 0,
                  "local": 0,
                  "union": 0
                },
                "centerTax": 16.52,
                "stateTax": 0,
                "unionTax": 0,
                "localTax": 0,
                "providerCinemaId": "270",
                "paytmCityId": 918,
                "paytmMovieName": "Goutham Nanda",
                "uber_available": false,
                "sac": 999615,
                "wid": 345864
              },
              "product": {
                "id": 9839402,
                "parent_id": 123,
                "sku": 123,
                "vertical_id": 123,
                "merchant_id": 123,
                "brand_id": 123,
                "price": 123,
                "need_shipping": 123,
                "selling_price_per_item": 123,
                "category_id": 123,
                "fulfillment_service_id": 123,
                "fulfillment_service": 123,
                "conv_fee": 123
              },
              "qty": 123,
              "fulfillment_req": {
                "recharge_number": 123,
                "travel_date": 123,
                "from": 123,
                "to": 123
              },
              "info": {
                "fulfillment_req": {
                  "recharge_number": 123,
                  "travel_date": 123,
                  "from": 123,
                  "to": 123
                },
                "meta_data": {
                  "due_date": 123
                }
              }
            }
          },
          "product_id": 123,
          "promo_meta_data": 123
        },
        "promocode": "TICKET100"
      },
      "Response": {
        "error": "This Promocode is not applicable on this Cinema.Please use MOVIE200 to get upto Rs 200 cashback.",
        "code": 406,
        "errorCode": "PC_VL_4002",
        "title": "Please enter a valid promotional code",
        "data": {
          "basket_campaign": false
        }
      }
    }
  ]
}