code,site_id,flag
CASHBACK_TEST_1,2,normal
POSTACTIONS_TEST_1,2,normal
POSTACTIONS_TEST_2,2,normal
POSTACTIONS_TEST_20,2,normal
POSTACTIONS_TEST_21,2,normal
POSTACTIONS_TEST_6,2,normal
POSTACTIONS_TEST_7,2,normal
POSTACTIONS_TEST_8,2,normal
POSTACTIONS_TEST_9,2,normal
POSTACTIONS_TEST_10,2,normal
POSTACTIONS_TEST_11,2,normal
POSTACTIONS_TEST_14,2,normal
POSTACTIONS_TEST_15,2,normal
POSTACTIONS_TEST_16,2,normal
POSTACTIONS_TEST_17,2,normal
POSTACTIONS_TEST_18,2,normal
POSTACTIONS_TEST_19,2,normal
AUTESTESTMULTIPLE_1,2,normal
AUTESTESTMULTIPLE_2,2,normal
AUTOTEST32,2,normal
AUTOTEST33,2,normal
RANGE_MULTIPLE,2,normal
AUTOTEST40,2,normal
AUTOTEST41,2,normal
AUTOTEST42,2,normal
AUTOTEST50,2,normal
AUTOTEST54,2,normal
AUTOTEST53,2,normal
AUTOPPBLABSLT,2,normal
AUTOCROSSPROMO,2,normal
AUTOPGDISCOUNT_2,2,normal
WHOLEACTIONSTEST_1100,2,normal
GIVEUPICASHBACK,2,normal
ONEACTONTEST_1,2,normal
ONEACTONTEST_2,2,normal
ONEACTONTEST_3,2,normal
ONEACTIONTEST_4,2,normal
ONEACTIONTEST_5,2,normal
ONEACTIONTEST_6,2,normal
CTUF3XHAVC3U3EAV,1,normal
CTUGCARADELMELGF,1,normal
CTVLCLYTXUVXXGWA,1,normal
CTTYLKCRWCX2CC4M,1,normal
CTTX6K67F6W6N66A,1,normal
CTXX4T7WH7ZY2DYD,1,normal
CTVEFQ3F3PXQMFFC,1,normal
CTVRGPWWHPWWPWGW,1,normal
CTVF393E6LQRCH3T,1,normal
CTVX4NQZPUWNQ9QX,1,normal
CTVUAUMRNNZA9EMY,1,normal
CTTZL9GQYX9GVWVZ,1,normal
CTVTNKAA3J9YF2AE,1,normal
CTWH6TTTYTNNTTTY,1,normal
CTUEX9XDVUDLDDDX,1,normal
CTV9TWLRLLZEJQLC,1,normal
CTXRYENFWVPNMUEU,1,normal
CTXJPGXHVX9XGUKX,1,normal
CTWYMZUKFJN6XPPQ,1,normal
CTW2QYEFQULUUYE7,1,normal
CTXHNRCYGDQLGG4N,1,normal
CTUJAWEVALJTAE4A,1,normal
CTUHVWLDPNA7LKKF,1,normal
CTUKEM3U2CRM6RGL,1,normal
CTXKRW3WM3KEANEP,1,normal
CTW7ELQA9QALMW4W,1,normal
CTXEN3RUMLXNAJMQ,1,normal
CTWZ7Y6YEEEWEPEV,1,normal
CTVDFAXEDXPX4X4Z,1,normal
CTUW3WHUDKFUPQMA,1,normal
CTURTXGCA2GZJLGY,1,normal
CTVZQXZCFHMXZXX6,1,normal
CTT6LTCCUHLLCYKJ,1,normal
CTT4VNURUMGG63YH,1,normal
CTT3LYQK3NANR7NL,1,normal
CTT7THWN9ADAWJWY,1,normal
CTVYQUL4RQALYPYA,1,normal
CTU9V7PQCXRYTEUM,1,normal
CTX73YPYYRR29HCU,1,normal
CTX6JMURPCPUREKQ,1,normal
CTX4EMGXUYXHZMGA,1,normal
CTVMPMLQ2NDLGRUA,1,normal
CTWC6GGDVFJMGZE9,1,normal
CTUZKPU3EUUUFYME,1,normal
CTXYXXET2UXXQDXH,1,normal
CTWVY7DUDZJ3TUD3,1,normal
CTVKAEUXNFCVCRCX,1,normal
CTVJKTHKDEFL7LGV,1,normal
CTVH4VGCG7Y677WX,1,normal
CTWTJ7TNAXHEUZFC,1,normal
CTWRKTUMZ2LPGPKC,1,normal
CTU2DRPXKV4DVFEX,1,normal
CTW3AVDFRDRF4RUJ,1,normal
CTUYDRCJCDDZDWDC,1,normal
CTYDLY9XP49XQYCC,1,normal
CTXUF6ZHPG6H6Z6F,1,normal
CTX3DUZMZXAWDUGM,1,normal
CTUVXVGTPXCNCVYT,1,normal
CTXMXAAQWK7JXRMQ,1,normal
CTUXD4TJAFWWRGW9,1,normal
CTXDEHWEV7YNQWWE,1,normal
CTU3XATGTTN3WKT2,1,normal
CTV6UFTTP99XNF9F,1,normal
CTYAGZHTGEKQHGUM,1,normal
CTU4XZGXJADMLAAR,1,normal
CTW4FQDDA2QKNNUX,1,normal
CTW9Q9VXNN4NCJW4,1,normal
CTV2RU7YPWYZPN42,1,normal
CTV3PYDWZQWUCWWV,1,normal
CTWDJF9Y2LY9MGWJ,1,normal
CTV7PTEZXHYZP3PM,1,normal
CTXWVLEXJTQALJKN,1,normal
CTTVKTFAKVH4KYWU,1,normal
CTT2CTNNPTEWZEDQ,1,normal
CTT9JTNJEE44YD4J,1,normal
CTTRGLKY7ATTXAL7,1,normal
CTUC3ZKVQJZTZEZZ,1,normal
CTTQZDPXXCANKEKY,1,normal
CTWQANAGNZNATACK,1,normal
CTTWWHE6Z2ZFCMW6,1,normal
CTVNUDNFQ6WTVGWG,1,normal
CTVALZTTUQTFLCYC,1,normal
CTXNZTQD33ADGLCD,1,normal
CTXVQDFGYK2Y6YQC,1,normal
CTUDQZMAXGKKFCWA,1,normal
CTWXUWYKJURHJLET,1,normal
CTWPG3HJFNJKNHNG,1,normal
CTUM6X6ANP9AAYAM,1,normal
CTWFGCYAHMMQMMWG,1,normal
CTV4RQTYT6DTKTTV,1,normal
CTVP6AMJXGVUGXW6,1,normal
CTTTUYQXPQTQQTYG,1,normal
CTUTPFXMXR7AVFEP,1,normal
CTX2GL3RVLWGCNAP,1,normal
CTWUEDLLKT9MRFKZ,1,normal
CTWWQNHZVVWWDJQJ,1,normal
CTVWGXT46ZZWZZKT,1,normal
CTVVNQJJUZ2RZYZL,1,normal
CTWLD2NDAFZHD6G2,1,normal
CTWGDWNZ4FFTPD4F,1,normal
CTWAZJUMTN922ZTC,1,normal
CTXCZJKNHXUDRGKN,1,normal
CTXFKG7GW4XMAVER,1,normal
CTWJDT9TWTTHK7T7,1,normal
CTWKDUU2CN6QYLKY,1,normal
CTXL7RCVAALHRCLC,1,normal
CTULJJQ3FQQQQQQF,1,normal
CTYCYHFWVY9YYWCA,1,normal
CTU6UHTGDZ3UUYCF,1,normal
CTXQCN3MXKUWCPGP,1,normal
CTWNQ26HHGTEHQUT,1,normal
CTUQJAHAF7NJFC67,1,normal
CTXZL63RPAQAALA9,1,normal
CTW6MCEKZLEHLN4T,1,normal
CTTUFARWCFUZKZZV,1,normal
CTVCQ444M34RMW4Q,1,normal
CTUAQWEHWCLYFYWH,1,normal
CTXA6PPPYFDPEUYH,1,normal
CTWMJ3PANQM3LDAD,1,normal
CTX9EPPWCZYKVRMP,1,normal
CTUUJNHAR4WKQRQR,1,normal
CTYJAWMHVXNTRPAR,1,normal
AUTTASKUPICB,2,normal
PROMO7598_1,2,normal
MARKUNUSEDACTION,2,normal
TESTPROMO90,2,normal
MORETHANITEMPRICE,2,normal
PROMO66944,2,normal
AUTOMATEORDERTEST,2,normal
AUTTASKUPICB,2,normal
UPICB01,2,normal
