{
  "Request_Response": [
    {
      "TestCaseName": " v2 promo apply Bus ticket booking valid request using TESTSBUS150 campaign ",
      "Request": {
        "cart": {
          "items": {
            "109706199pid": {
              "qty": "2",
              "product": {
                "price": "600",
                "need_shipping": "1",
                "return_policy_id": "62",
                "weight": "1000",
                "pay_type": "63982",
                "name": "Samsung Galaxy Note 8 SM-N950F (MidnightBlack)",
                "mrp": "900",
                "product_type": "1",
                "paytm_sku": "MOBSAMSUNG-GALAPAVA7484763A38443A",
                "id": "109706199",
                "brand_id": 444,
                "merchant_id": 3
              },
              "child_site_id": "6",
              "product_id": "109706199",
              "in_stock": "true",
              "total_quantity": "98",
              "display_sequence": "1511624463000"
            }
          },
          "need_shipping": "1",
          "reqId": "1512640039.193-54.179.186.39-686-468383-1",
          "requested_action": "applypromo",
          "is_physical": "true",
          "fetch_requested_key": "ZBLgEGAgNNm_KUA.IlinRUMzEFQg6V8KPVMfng",
          "site_id": "2",
          "product_ids": [
            "109706199"
          ],
          "disabledPgModes": {
            "ESCROW": "true",
            "COD": "true",
            "cod": "true",
            "escrow": "true"
          },
          "id": "201793729",
          "cart_id": "ZBLgEGAgNNm_KUA.IlinRUMzEFQg6V8KPVMfng",
          "paymentOptions": {
            "EMI_OPTIONS": "BAJAJFN-DROP_ALL",
            "emi_OPTIONS": "BAJAJFN-DROP_ALL"
          },
          "product_category_ids": [
            "6442",
            "6442",
            "6442"
          ],
          "cod_applicable": "",
          "merchant_ids": [
            "748476"
          ],
          "fetched_against_key": "ZBLgEGAgNNm_KUA.IlinRUMzEFQg6V8KPVMfng",
          "brand_ids": [
            "2578"
          ]
        },
        "user": {
          "id": 306220250,
          "walletType": "123",
          "countryCode": "123",
          "email": "abc@paytm.com",
          "gender": "123",
          "created_at": "123",
          "customerGrade": "123",
          "firstName": "123",
          "is_verified_email": 0,
          "is_verified_mobile": 1
        },
        "clientDetails": {
          "client": "ANDROID",
          "deviceName": "asd",
          "deviceManufacturer": "ABC",
          "user_agent": "web-browser",
          "site_id": "1",
          "deviceIdentifier": "SAMSUNG-J5",
          "version": "0.2.51",
          "playStore": "YES"
        },
        "promocode": "TESTSBUS150"
      },
      "Response": {
        "promocode": "TESTSBUS150",
        "disabledPgModes": {},
        "disablePGInstruments": {},
        "items": {
          "109706199pid": {
            "promocode": "TESTSBUS150",
            "promotext_template": "Yay! You will get Rs.${amount} Cashback* after successful payment. Please apply promocode ONCEAMONTH to avail ₹200 Cashback. The offer can be used only once every month. Get your KYC done to receive the cashback. Please ignore if KYC is done.",
            "goldback": 36,
            "usage_data": {
              "site_id": "1",
              "user_id": 306220250,
              "promocode_id": 532958,
              "promocode": "TESTSBUS150",
              "campaign": "TESTSBUS150",
              "fulfillment_time": "2020-07-14 14:39:03",
              "fulfillment_status": 0,
              "redemption_type": "goldback",
              "status": 1,
              "fraud1": "9bf8ca1208aa95a69863afc49cf4f8ec",
              "created_at": "2020-07-14T09:09:03.514Z",
              "flags": 0,
              "promo_gratification_data": {
                "action_type": "giveCashback",
                "sub_redemption_type": "GOLDBACK",
                "processPostActions": null
              },
              "custom_text": {
                "userlocks": [
                  "LOCKSS:PARALLEL_PROM_DELAY:306220250",
                  "LOCKSS_TESTSBUS150_TESTSBUS150_1"
                ]
              },
              "amount": 36,
              "toBeInserted": true
            },
            "promo_info": {
              "visible_from": "2018-05-10T12:02:00.000Z",
              "visible_upto": "2020-06-30T12:02:00.000Z",
              "valid_from": "2018-05-10T12:02:00.000Z",
              "valid_upto": "2021-11-21T06:31:10.000Z",
              "is_flash_code": false,
              "offer_validation_text": "",
              "campaign": "TESTSBUS150"
            },
            "product": {},
            "promotext": "Yay! You will get Rs.36 Cashback* after successful payment. Please apply promocode ONCEAMONTH to avail ₹200 Cashback. The offer can be used only once every month. Get your KYC done to receive the cashback. Please ignore if KYC is done."
          }
        },
        "enable_cod_applicability": true
      }
    },

    {
      "TestCaseName": " v2 promo apply Bus ticket booking validating condition merchant_ids using TESTSBUS150 campaign ",
      "Request": {
        "cart": {
          "items": {
            "109706199pid": {
              "qty": "2",
              "product": {
                "price": "600",
                "need_shipping": "1",
                "return_policy_id": "62",
                "weight": "1000",
                "pay_type": "63982",
                "name": "Samsung Galaxy Note 8 SM-N950F (MidnightBlack)",
                "mrp": "900",
                "product_type": "1",
                "paytm_sku": "MOBSAMSUNG-GALAPAVA7484763A38443A",
                "id": "109706199",
                "brand_id": 444,
                "merchant_id": 111101
              },
              "child_site_id": "6",
              "product_id": "109706199",
              "in_stock": "true",
              "total_quantity": "98",
              "display_sequence": "1511624463000"
            }
          },
          "need_shipping": "1",
          "reqId": "1512640039.193-54.179.186.39-686-468383-1",
          "requested_action": "applypromo",
          "is_physical": "true",
          "fetch_requested_key": "ZBLgEGAgNNm_KUA.IlinRUMzEFQg6V8KPVMfng",
          "site_id": "2",
          "product_ids": [
            "109706199"
          ],
          "disabledPgModes": {
            "ESCROW": "true",
            "COD": "true",
            "cod": "true",
            "escrow": "true"
          },
          "id": "201793729",
          "cart_id": "ZBLgEGAgNNm_KUA.IlinRUMzEFQg6V8KPVMfng",
          "paymentOptions": {
            "EMI_OPTIONS": "BAJAJFN-DROP_ALL",
            "emi_OPTIONS": "BAJAJFN-DROP_ALL"
          },
          "product_category_ids": [
            "6442",
            "6442",
            "6442"
          ],
          "cod_applicable": "",
          "merchant_ids": [
            "748476"
          ],
          "fetched_against_key": "ZBLgEGAgNNm_KUA.IlinRUMzEFQg6V8KPVMfng",
          "brand_ids": [
            "2578"
          ]
        },
        "user": {
          "id": 306220250,
          "walletType": "123",
          "countryCode": "123",
          "email": "abc@paytm.com",
          "gender": "123",
          "created_at": "123",
          "customerGrade": "123",
          "firstName": "123",
          "is_verified_email": 0,
          "is_verified_mobile": 1
        },
        "clientDetails": {
          "client": "ANDROID",
          "deviceName": "asd",
          "deviceManufacturer": "ABC",
          "user_agent": "web-browser",
          "site_id": "1",
          "deviceIdentifier": "SAMSUNG-J5",
          "version": "0.2.51",
          "playStore": "YES"
        },
        "promocode": "TESTSBUS150"
      },
      "Response": {
        "error": "This code is applicable on bus tickets only",
        "code": 406,
        "errorCode": "PC_VL_4002",
        "title": "Please enter a valid promotional code",
        "data": {
          "basket_campaign": false
        }
      }
    },
    {
      "TestCaseName": "v2 promo apply bus ticket booking valid request for condition meta_data_total_order_fare using TESTBUS160 campaign",
      "Request": {
        "clientDetails": {
          "site_id": 1,
          "deviceIdentifier": "SAMSUNG-J5",
          "deviceManufacturer": "ABC",
          "deviceName": "asd",
          "playStore": "YES",
          "client": "ANDROID",
          "version": "0.2.51",
          "user_agent": "web-browser"
        },
        "user": {
          "id": 1107208277,
          "username": 123,
          "firstName": 123,
          "middleName": 123,
          "lastName": 123,
          "walletType": 123,
          "customerGrade": 123,
          "email": "abc@paytm.com",
          "type": 123,
          "status": 123,
          "customerIp": 123,
          "customerAreacode": 123,
          "created_at": 123,
          "gender": 123,
          "dateOfBirth": 123,
          "countryCode": 123,
          "mobile": 9650484926,
          "is_verified_email": "1",
          "is_verified_mobile": "1"
        },
        "cart": {
          "is_checkout": 1,
          "address": "123, 123, 123",
          "payment_method": "123",
          "need_shipping": "Yes",
          "items": {
            "123": {
              "meta_data": {
                "tokenFeeOnly": false,
                "freeSeating": false,
                "total_order_fare": 555,
                "seatCodes": [
                  "First Class-I-14,First Class-I-15"
                ],
                "movie": "Goutham Nanda",
                "cinema": "Gowthami Theatre: Anantapur",
                "showTime": "2017-08-21T16:00:00.000Z",
                "audi": "Screen 1",
                "ticketCount": 2,
                "providerId": "465",
                "cinemaId": "1797",
                "transId": "60029c1f61c8362d069958cd6c4e46f1",
                "sessionId": 301778,
                "isInsurancePresent": 0,
                "bookingId": "4fa0d194db68442ca347fbbf658277d9",
                "seatType": "First Class",
                "uniqueBookingId": "4fa0d194db68442ca347fbbf658277d9",
                "bookingIndex": "4fa0d194db68442ca347fbbf658277d9",
                "totalTicketPrice": 200,
                "seatIds": [
                  "First Class-I-14,First Class-I-15"
                ],
                "seatIdsReturned": "First Class-I-14,First Class-I-15",
                "branchCode": "0",
                "address": "Surya Road, Old Town, Anantapur, Andhra Pradesh 515001, India",
                "movieCode": "O9EQWO",
                "language": "Telugu",
                "multipleEticket": 0,
                "movieImageUrl": "assetscdn.paytm.com/images/cinema/MovieIcons/GOUTHAM-NANDA-WEB.jpg",
                "censor": "",
                "passenger": {
                  "name": "siddant",
                  "email": "sahusiddant@gmail.com",
                  "mobileNumber": 8410960010
                },
                "totalCommision": "35.40",
                "citySearched": "anantapur",
                "multipleEticketSelected": false,
                "source": "movie",
                "convFeeApiVersion": 2,
                "isFreeMovie": 0,
                "isFoodPresent": 0,
                "totalConvFee": "12.00",
                "totalPgCharges": "18.00",
                "totalCenterGstCharges": "2.70",
                "totalStateGstCharges": "2.70",
                "convFee": "6.00",
                "pgCharges": "9.00",
                "centerGstCharges": "1.35",
                "stateGstCharges": "1.35",
                "totalTax": [
                  {
                    "key": "totalConvFee",
                    "label": "Convenience Fee",
                    "value": "30.00"
                  },
                  {
                    "key": "totalPgCharges",
                    "label": "PG Charges",
                    "value": "0.00"
                  },
                  {
                    "key": "totalCenterGstCharges",
                    "label": "Central Goods and Service Tax",
                    "value": "2.70"
                  },
                  {
                    "key": "totalStateGstCharges",
                    "label": "State Goods and Service Tax",
                    "value": "2.70"
                  }
                ],
                "user_id": 7730034,
                "paytmCityName": "Anantapur",
                "available_seats": 51,
                "total_seats": 31,
                "singleTicketPrice": 100,
                "url": "https://apiproxy-moviesv2.paytm.com//v1/movies/get-insurance-eligiblity",
                "type": "MOVIE TICKETS",
                "isInsuranceLive": 1,
                "taxInfo": {
                  "totalConvFee": "Convenience Fee",
                  "totalPgCharges": "PG Charges",
                  "totalCenterGstCharges": "Central Goods and Service Tax",
                  "totalStateGstCharges": "State Goods and Service Tax"
                },
                "showTimeIST": "2017-08-21T21:30:00.000Z",
                "mapped_providers": "bo",
                "movie_order_summary": "Movie Tickets",
                "base_price": 183.48,
                "override_base_price": true,
                "origTicketPriceBreakUp": {
                  "total": 200,
                  "center": 16.52,
                  "state": 0,
                  "local": 0,
                  "union": 0
                },
                "centerTax": 16.52,
                "stateTax": 0,
                "unionTax": 0,
                "localTax": 0,
                "providerCinemaId": "270",
                "paytmCityId": 918,
                "paytmMovieName": "Goutham Nanda",
                "uber_available": false,
                "sac": 999615,
                "wid": 345864
              },
              "product": {
                "id": 9839402,
                "parent_id": 123,
                "sku": 123,
                "vertical_id": 123,
                "merchant_id": 123,
                "brand_id": 123,
                "price": 123,
                "need_shipping": 123,
                "selling_price_per_item": 123,
                "category_id": 123,
                "fulfillment_service_id": 123,
                "fulfillment_service": 123,
                "conv_fee": 123
              },
              "qty": 123,
              "fulfillment_req": {
                "recharge_number": 123,
                "travel_date": 123,
                "from": 123,
                "to": 123
              },
              "info": {
                "fulfillment_req": {
                  "recharge_number": 123,
                  "travel_date": 123,
                  "from": 123,
                  "to": 123
                },
                "meta_data": {
                  "due_date": 123
                }
              }
            }
          },
          "product_id": 123,
          "promo_meta_data": 123
        },
        "promocode": "TESTSBUS160"
      },
      "Response": {
        "promocode": "TESTSBUS160",
        "items": {
          "123": {
            "promocode": "TESTSBUS160",
            "promotext": "Yay! You will get Rs.756 Cashback* after successful payment. Please apply promocode ONCEAMONTH to avail ₹200 Cashback. The offer can be used only once every month. Get your KYC done to receive the cashback. Please ignore if KYC is done.",
            "promotext_template": "Yay! You will get Rs.${amount} Cashback* after successful payment. Please apply promocode ONCEAMONTH to avail ₹200 Cashback. The offer can be used only once every month. Get your KYC done to receive the cashback. Please ignore if KYC is done.",
            "goldback": 756,
            "usage_data": {
              "site_id": 1,
              "user_id": 1107208277,
              "promocode_id": 301115580,
              "campaign": "TESTSBUS160",
              "fulfillment_status": 0,
              "redemption_type": "goldback",
              "status": 1,
              "fraud1": "9bf8ca1208aa95a69863afc49cf4f8ec",
              "flags": 0,
              "amount": 756
            },
            "product": {
              "conv_fee": 123,
              "selling_price_per_item": 123
            }
          }
        }
      }
    },
    {
      "TestCaseName": "v2 promo apply bus ticket booking invalid request for condition meta_data_total_order_fare using TESTBUS160 campaign ",
      "Request": {
        "clientDetails": {
          "site_id": 1,
          "deviceIdentifier": "SAMSUNG-J5",
          "deviceManufacturer": "ABC",
          "deviceName": "asd",
          "playStore": "YES",
          "client": "ANDROID",
          "version": "0.2.51",
          "user_agent": "web-browser"
        },
        "user": {
          "id": 1107208277,
          "username": 123,
          "firstName": 123,
          "middleName": 123,
          "lastName": 123,
          "walletType": 123,
          "customerGrade": 123,
          "email": "abc@paytm.com",
          "type": 123,
          "status": 123,
          "customerIp": 123,
          "customerAreacode": 123,
          "created_at": 123,
          "gender": 123,
          "dateOfBirth": 123,
          "countryCode": 123,
          "mobile": 9650484926,
          "is_verified_email": "1",
          "is_verified_mobile": "1"
        },
        "cart": {
          "is_checkout": 1,
          "address": "123, 123, 123",
          "payment_method": "123",
          "need_shipping": "Yes",
          "items": {
            "123": {
              "meta_data": {
                "tokenFeeOnly": false,
                "freeSeating": false,
                "total_order_fare": 455,
                "seatCodes": [
                  "First Class-I-14,First Class-I-15"
                ],
                "movie": "Goutham Nanda",
                "cinema": "Gowthami Theatre: Anantapur",
                "showTime": "2017-08-21T16:00:00.000Z",
                "audi": "Screen 1",
                "ticketCount": 2,
                "providerId": "465",
                "cinemaId": "1797",
                "transId": "60029c1f61c8362d069958cd6c4e46f1",
                "sessionId": 301778,
                "isInsurancePresent": 0,
                "bookingId": "4fa0d194db68442ca347fbbf658277d9",
                "seatType": "First Class",
                "uniqueBookingId": "4fa0d194db68442ca347fbbf658277d9",
                "bookingIndex": "4fa0d194db68442ca347fbbf658277d9",
                "totalTicketPrice": 200,
                "seatIds": [
                  "First Class-I-14,First Class-I-15"
                ],
                "seatIdsReturned": "First Class-I-14,First Class-I-15",
                "branchCode": "0",
                "address": "Surya Road, Old Town, Anantapur, Andhra Pradesh 515001, India",
                "movieCode": "O9EQWO",
                "language": "Telugu",
                "multipleEticket": 0,
                "movieImageUrl": "assetscdn.paytm.com/images/cinema/MovieIcons/GOUTHAM-NANDA-WEB.jpg",
                "censor": "",
                "passenger": {
                  "name": "siddant",
                  "email": "sahusiddant@gmail.com",
                  "mobileNumber": 8410960010
                },
                "totalCommision": "35.40",
                "citySearched": "anantapur",
                "multipleEticketSelected": false,
                "source": "movie",
                "convFeeApiVersion": 2,
                "isFreeMovie": 0,
                "isFoodPresent": 0,
                "totalConvFee": "12.00",
                "totalPgCharges": "18.00",
                "totalCenterGstCharges": "2.70",
                "totalStateGstCharges": "2.70",
                "convFee": "6.00",
                "pgCharges": "9.00",
                "centerGstCharges": "1.35",
                "stateGstCharges": "1.35",
                "totalTax": [
                  {
                    "key": "totalConvFee",
                    "label": "Convenience Fee",
                    "value": "30.00"
                  },
                  {
                    "key": "totalPgCharges",
                    "label": "PG Charges",
                    "value": "0.00"
                  },
                  {
                    "key": "totalCenterGstCharges",
                    "label": "Central Goods and Service Tax",
                    "value": "2.70"
                  },
                  {
                    "key": "totalStateGstCharges",
                    "label": "State Goods and Service Tax",
                    "value": "2.70"
                  }
                ],
                "user_id": 7730034,
                "paytmCityName": "Anantapur",
                "available_seats": 51,
                "total_seats": 31,
                "singleTicketPrice": 100,
                "url": "https://apiproxy-moviesv2.paytm.com//v1/movies/get-insurance-eligiblity",
                "type": "MOVIE TICKETS",
                "isInsuranceLive": 1,
                "taxInfo": {
                  "totalConvFee": "Convenience Fee",
                  "totalPgCharges": "PG Charges",
                  "totalCenterGstCharges": "Central Goods and Service Tax",
                  "totalStateGstCharges": "State Goods and Service Tax"
                },
                "showTimeIST": "2017-08-21T21:30:00.000Z",
                "mapped_providers": "bo",
                "movie_order_summary": "Movie Tickets",
                "base_price": 183.48,
                "override_base_price": true,
                "origTicketPriceBreakUp": {
                  "total": 200,
                  "center": 16.52,
                  "state": 0,
                  "local": 0,
                  "union": 0
                },
                "centerTax": 16.52,
                "stateTax": 0,
                "unionTax": 0,
                "localTax": 0,
                "providerCinemaId": "270",
                "paytmCityId": 918,
                "paytmMovieName": "Goutham Nanda",
                "uber_available": false,
                "sac": 999615,
                "wid": 345864
              },
              "product": {
                "id": 9839402,
                "parent_id": 123,
                "sku": 123,
                "vertical_id": 123,
                "merchant_id": 123,
                "brand_id": 123,
                "price": 123,
                "need_shipping": 123,
                "selling_price_per_item": 123,
                "category_id": 123,
                "fulfillment_service_id": 123,
                "fulfillment_service": 123,
                "conv_fee": 123
              },
              "qty": 123,
              "fulfillment_req": {
                "recharge_number": 123,
                "travel_date": 123,
                "from": 123,
                "to": 123
              },
              "info": {
                "fulfillment_req": {
                  "recharge_number": 123,
                  "travel_date": 123,
                  "from": 123,
                  "to": 123
                },
                "meta_data": {
                  "due_date": 123
                }
              }
            }
          },
          "product_id": 123,
          "promo_meta_data": 123
        },
        "promocode": "TESTSBUS160"
      },
      "Response": {
        "error": "Total fare should be greater than 500",
        "code": 406,
        "errorCode": "PC_VL_4002",
        "title": "Please enter a valid promotional code",
        "data": {
          "basket_campaign": false
        }
      }
    }
  ]
}