{
  "Request_Response": [
    {
      "TestCaseName": "V3 remove promo for 1 product valid request using campaign MUSTBUY",
      "Request":{
        "clientDetails": {
          "deviceIdentifier": "SAMSUNG-J5",
          "playStore": "YES",
          "site_id": "1",
          "client": "ANDROID",
          "deviceManufacturer": "ABC",
          "deviceName": "asd",
          "version": "0.2.51",
          "user_agent": "web-browser"
        },
        "options": {
          "action": "cancelpromo",
          "removed_item": [
            "9839402pid"
          ]
        },
        "user": {
          "firstName": "123",
          "gender": "123",
          "walletType": "123",
          "countryCode": "123",
          "is_verified_email": 0,
          "created_at": "123",
          "is_verified_mobile": 1,
          "id": 306220250,
          "email": "abc@paytm.com",
          "customerGrade": "123"
        },
        "cart": {
          "disabledPgModes": {
            "COD": "true",
            "cod": "true",
            "escrow": "true",
            "ESCROW": "true"
          },
          "merchant_ids": [
            "748476"
          ],
          "cod_applicable": "",
          "reqId": "1512640039.193-54.179.186.39-686-468383-1",
          "is_physical": "true",
          "cart_id": "ZBLgEGAgNNm_KUA.IlinRUMzEFQg6V8KPVMfng",
          "fetched_against_key": "ZBLgEGAgNNm_KUA.IlinRUMzEFQg6V8KPVMfng",
          "product_ids": [
            9839402
          ],
          "paymentOptions": {
            "EMI_OPTIONS": "BAJAJFN-DROP_ALL",
            "emi_OPTIONS": "BAJAJFN-DROP_ALL"
          },
          "brand_ids": [
            "2578"
          ],
          "site_id": "2",
          "need_shipping": "1",
          "requested_action": "applypromo",
          "id": "201793729",
          "items": {
            "9839402pid": {
              "product": {
                "product_type": "1",
                "price": "900",
                "name": "Samsung Galaxy Note 8 SM-N950F (MidnightBlack)",
                "weight": "1000",
                "need_shipping": "1",
                "pay_type": "63982",
                "mrp": "900",
                "id": 9839402,
                "paytm_sku": "MOBSAMSUNG-GALAPAVA7484763A38443A",
                "return_policy_id": "62"
              },
              "child_site_id": "6",
              "qty": "2",
              "product_id": 9839402,
              "total_quantity": "98",
              "in_stock": "true",
              "display_sequence": "1511624463000"
            }
          },
          "fetch_requested_key": "ZBLgEGAgNNm_KUA.IlinRUMzEFQg6V8KPVMfng",
          "product_category_ids": [
            "6442",
            "6442",
            "6442"
          ]
        }
      },
      "Response": {
        "disabledPgModes": {},
        "disablePGInstruments": {}
      },
        "items": {
          "9839402pid": {
            "product": {}
          }
        },
        "enable_cod_applicability": true

    },
    {
      "TestCaseName": "V3 Remove promo for 2 product buy valid request using campaign MUSTBUY",
      "Request": {
        "clientDetails": {
          "deviceIdentifier": "SAMSUNG-J5",
          "playStore": "YES",
          "site_id": "1",
          "client": "ANDROID",
          "deviceManufacturer": "ABC",
          "deviceName": "asd",
          "version": "0.2.51",
          "user_agent": "web-browser"
        },
        "options": {
          "action": "cancelpromo",
          "removed_item": [
            "9839402pid",
            "109706198pid"
          ]
        },
        "user": {
          "firstName": "123",
          "gender": "123",
          "walletType": "123",
          "countryCode": "123",
          "is_verified_email": 0,
          "created_at": "123",
          "is_verified_mobile": 1,
          "id": 306220250,
          "email": "abc@paytm.com",
          "customerGrade": "123"
        },
        "cart": {
          "disabledPgModes": {
            "COD": "true",
            "cod": "true",
            "escrow": "true",
            "ESCROW": "true"
          },
          "merchant_ids": [
            "748476"
          ],
          "cod_applicable": "",
          "reqId": "1512640039.193-54.179.186.39-686-468383-1",
          "is_physical": "true",
          "cart_id": "ZBLgEGAgNNm_KUA.IlinRUMzEFQg6V8KPVMfng",
          "fetched_against_key": "ZBLgEGAgNNm_KUA.IlinRUMzEFQg6V8KPVMfng",
          "product_ids": [
            9839402
          ],
          "paymentOptions": {
            "EMI_OPTIONS": "BAJAJFN-DROP_ALL",
            "emi_OPTIONS": "BAJAJFN-DROP_ALL"
          },
          "brand_ids": [
            "2578"
          ],
          "site_id": "2",
          "need_shipping": "1",
          "requested_action": "cancelpromo",
          "id": "201793729",
          "items": {
            "9839402pid": {
              "product": {
                "product_type": "1",
                "price": "900",
                "name": "Samsung Galaxy Note 8 SM-N950F (MidnightBlack)",
                "weight": "1000",
                "need_shipping": "1",
                "pay_type": "63982",
                "mrp": "900",
                "id": 9839402,
                "paytm_sku": "MOBSAMSUNG-GALAPAVA7484763A38443A",
                "return_policy_id": "62"
              },
              "child_site_id": "6",
              "qty": "2",
              "product_id": 9839402,
              "total_quantity": "98",
              "in_stock": "true",
              "display_sequence": "1511624463000"
            },
            "109706198pid": {
              "product": {
                "product_type": "1",
                "price": "900",
                "name": "Samsung Galaxy Note 8 SM-N950F (MidnightBlack)",
                "weight": "1000",
                "need_shipping": "1",
                "pay_type": "63982",
                "mrp": "900",
                "id": 9839402,
                "paytm_sku": "MOBSAMSUNG-GALAPAVA7484763A38443A",
                "return_policy_id": "62"
              },
              "child_site_id": "6",
              "qty": "2",
              "product_id": 9839402,
              "total_quantity": "98",
              "in_stock": "true",
              "display_sequence": "1511624463000"
            }
          },
          "fetch_requested_key": "ZBLgEGAgNNm_KUA.IlinRUMzEFQg6V8KPVMfng",
          "product_category_ids": [
            "6442",
            "6442",
            "6442"
          ]
        }
      },
      "Response": {
        "disabledPgModes": {},
        "disablePGInstruments": {}
      },
        "items": {
          "9839402pid": {
            "product": {}
          },
          "109706198pid": {
            "product": {}
          }
        },
        "enable_cod_applicability": true
      }

  ]
}