{
  "RB1": {
    "stage0": {
      "0": "cashback",
      "0amount": "20",
      "1": "goldback",
      "1amount": "30"
    },
    "stage1": {
      "0": "deal",
      "0amount": "0",
      "1": "crosspromo",
      "1amount": "0"
    },
    "stage2": {
      "0": "upi",
      "0amount": "200",
      "1": "ppbl",
      "1amount": "250"
    },
    "stage3": {
      "0": "deal",
      "0amount": "0"
    }
  },
  "RB2": {
    "stage1": {
      "0": "crosspromo",
      "0amount": "0"
    },
    "stage2": {
      "0": "cashback",
      "0amount": "200",
      "1": "ppbl",
      "1amount": "300",
      "2": "upi",
      "2amount": "100"
    },
    "stage3": {
      "0": "cashback",
      "0amount": "720"
    }
  },
  "RB3": {
    "stage0": {
      "0": "deal",
      "0amount": "0",
      "1": "goldback",
      "1amount": "40"
    },
    "stage1": {
      "0": "goldback",
      "0amount": "40",
      "1": "goldback",
      "1amount": "70",
      "2": "goldback",
      "2amount": "30",
      "3": "goldback",
      "3amount": "50",
      "4": "goldback",
      "4amount": "60"
    }
    },
  "RBAvgTxn": {
    "stage0": {
      "0": "cashback",
      "0amount": "20",
      "1": "goldback",
      "1amount": "30"
    },
    "stage1": {
      "0": "deal",
      "0amount": "0",
      "1": "crosspromo",
      "1amount": "0"
    }
  }
}
