{
  "txn_data": {
    "reqId": "GJHGS67600AAWDS",
    "sourceSystemId": "RECHARGES",
    "customer_email": null,
    "phone": "87221253522",
    "user_id": 90010111,
    "payeeName": null,
    "merchantName": null,
    "orderName": "Prathiba PS, Bengaluru - Delhi, 20 Jun 2018",
    "sku": "Indigo_Eco",
    "price": 2521,
    "product_id": 12001386711,
    "merchant_id": 8918,
    "vertical_id": 12222211,
    "category_id": null,
    "created_time": "2021-11-11T13:42:48.000Z",
    "payments": [
      {
        "id": 429508462316,
        "order_id": 12527657910101202,
        "pg_amount": 274221,
        "transaction_number": "22212018015151112128001101688352700025420",
        "kind": 1,
        "fulfillment_id": 0,
        "payment_method": "Paytm00000111",
        "status": 2,
        "payment_bank": "WALLET",
        "gateway": "WALLET",
        "provider": "paytmnew",
        "mid": "Rechar320302494635322232",
        "pg_response_code": "01",
        "appkey": "web:2:1",
        "created_at": "2021-11-11T13:42:48.000Z",
        "updated_at": "2021-11-11T13:42:48.000Z"
      }
    ],
    "transaction_response": null,
    "txnId": "22212018015151112128001101688352700025420",
    "totalTxnAmount": 12123,
    "mid": "Rechar32004946322422",
    "order_id": "12527657910101202"
  }
}