[
    {
        "WorkflowSC1": {
            "id": 66,
            "status": "SCRATCHED",
            "redemptionMetaData": {
                "amount": 1,
                "redemptionType": "CASHBACK",
                "redemptionIconUrl": "https://paytm.s3-ap-southeast-1.amazonaws.com/promo_seller_panel_uploads/production/Cashback.png",
                "redeemedTime": null,
                "redemptionDelay": [
                    {
                        "delayUnit": "MINUTES",
                        "delay": 0
                    }
                ]
            },
            "sourceMetaData": {
                "type": "Supercash",
                "deeplink": "paytmmp://cash_wallet?featuretype=vip&screen=offerdetails&gameid=198830",
                "offerId": 198830,
                "stage": 1,
                "offerName": "Electricity Bill Payment - Upto ?110 cashback",
                "offerDescription": null,
                "offerIconUrl": null,
                "gameId": null
            },
            "noneRedemption": false,
            "redemptionText": "Cashback will be credited within 0 minutes",
            "winningText": "Congratulations! You won",
            "earnedText": "₹1 Cashback",
            "frontendRedemptionType": "Cashback"
        }
    },
    {
        "id": 100,
        "status": "SCRATCHED",
        "redemptionMetaData": {
            "amount": 10,
            "redemptionType": "CASHBACK",
            "redemptionIconUrl": "https://paytm.s3-ap-southeast-1.amazonaws.com/promo_seller_panel_uploads/production/Cashback.png",
            "redeemedTime": null,
            "redemptionDelay": [
                {
                    "delayUnit": "MINUTES",
                    "delay": 0
                }
            ]
        },
        "sourceMetaData": {
            "type": "Supercash",
            "deeplink": "paytmmp://cash_wallet?featuretype=vip&screen=offerdetails&gameid=200924",
            "offerId": 200924,
            "stage": 1,
            "offerName": "Electricity Bill Payment - Upto ₹110 cashbacka",
            "offerDescription": null,
            "offerIconUrl": null,
            "gameId": null
        },
        "noneRedemption": false,
        "redemptionText": "Cashback will be credited within 0 minutes",
        "winningText": "Congratulations! You won",
        "earnedText": "₹10 Cashback",
        "frontendRedemptionType": "Cashback"
    },
    {
        "id": 102,
        "status": "SCRATCHED",
        "redemptionMetaData": {
            "amount": 0,
            "redemptionType": "DEAL",
            "redemptionIconUrl": "https://paytm.s3-ap-southeast-1.amazonaws.com/promo_seller_panel_uploads/production/Cashback.png",
            "redeemedTime": null,
            "redemptionDelay": [
                {
                    "delayUnit": "MINUTES",
                    "delay": 0
                }
            ],
            "voucherName": null,
            "voucherCode": null,
            "validFrom": null,
            "validUpto": null,
            "voucherDeeplink": null
        },
        "sourceMetaData": {
            "type": "Supercash",
            "deeplink": "paytmmp://cash_wallet?featuretype=vip&screen=offerdetails&gameid=201620",
            "offerId": 201620,
            "stage": 1,
            "offerName": "Electricity Bill Payment - Upto ₹110 cashbacka",
            "offerDescription": null,
            "offerIconUrl": null,
            "gameId": null
        },
        "noneRedemption": false,
        "redemptionText": "{{frontendRedemptionType}} will be credited within 0 minutes",
        "winningText": "Congratulations! You won",
        "earnedText": "₹0 {{frontendRedemptionType}}",
        "frontendRedemptionType": null
    },
    {
        "id": 105,
        "status": "UNSCRATCHED",
        "redemptionMetaData": {
            "amount": 100,
            "redemptionType": "CROSS_PROMO",
            "redemptionIconUrl": "icon",
            "redeemedTime": null,
            "redemptionDelay": [
                {
                    "delayUnit": "MINUTES",
                    "delay": 0
                }
            ],
            "voucherName": null,
            "voucherCode": null,
            "validFrom": null,
            "validUpto": null,
            "voucherDeeplink": null
        },
        "sourceMetaData": {
            "type": "Supercash",
            "deeplink": "paytmmp://cash_wallet?featuretype=vip&screen=offerdetails&gameid=202893",
            "offerId": 202893,
            "stage": 1,
            "offerName": "Electricity Bill Payment - Upto ₹110 cashbacka",
            "offerDescription": null,
            "offerIconUrl": null,
            "gameId": null
        },
        "noneRedemption": false,
        "redemptionText": "{{frontendRedemptionType}} will be credited within 0 minutes",
        "winningText": "Congratulations! You won",
        "earnedText": "₹100 {{frontendRedemptionType}}",
        "frontendRedemptionType": null
    },
    {
        "id": 106,
        "status": "REDEEMED",
        "redemptionMetaData": {
            "amount": 100,
            "redemptionType": "CROSS_PROMO",
            "redemptionIconUrl": "icon",
            "redeemedTime": 1560435878704,
            "redemptionDelay": [
                {
                    "delayUnit": "MINUTES",
                    "delay": 0
                }
            ],
            "voucherName": "movie",
            "voucherCode": "1234",
            "validFrom": 1560434878701,
            "validUpto": 1560435878704,
            "voucherDeeplink": "test/Deeplink"
        },
        "sourceMetaData": {
            "type": "Supercash",
            "deeplink": "paytmmp://cash_wallet?featuretype=vip&screen=offerdetails&gameid=203508",
            "offerId": 203508,
            "stage": 1,
            "offerName": "Electricity Bill Payment - Upto ₹110 cashbacka",
            "offerDescription": null,
            "offerIconUrl": null,
            "gameId": null
        },
        "noneRedemption": false,
        "redemptionText": "movie has been credited",
        "winningText": "Congratulations! You won",
        "earnedText": "₹100 movie",
        "frontendRedemptionType": "movie"
    },
    {
        "id": 107,
        "status": "REDEEMED",
        "redemptionMetaData": {
            "amount": 100,
            "redemptionType": "CROSS_PROMO",
            "redemptionIconUrl": "icon",
            "redeemedTime": 1560435878704,
            "redemptionDelay": [
                {
                    "delayUnit": "MINUTES",
                    "delay": 0
                }
            ],
            "voucherName": "movie",
            "voucherCode": "1234",
            "validFrom": 1560434878701,
            "validUpto": 1560435878704,
            "voucherDeeplink": "test/Deeplink"
        },
        "sourceMetaData": {
            "type": "Supercash",
            "deeplink": "paytmmp://cash_wallet?featuretype=vip&screen=offerdetails&gameid=203703",
            "offerId": 203703,
            "stage": 1,
            "offerName": "Electricity Bill Payment - Upto ₹110 cashbacka",
            "offerDescription": null,
            "offerIconUrl": null,
            "gameId": null
        },
        "noneRedemption": false,
        "redemptionText": "movie has been credited",
        "winningText": "Congratulations! You won",
        "earnedText": "₹100 movie",
        "frontendRedemptionType": "movie"
    },
    {
        "id": 108,
        "status": "UNSCRATCHED",
        "redemptionMetaData": {
            "amount": 0,
            "redemptionType": "DEAL",
            "redemptionIconUrl": "https://paytm.s3-ap-southeast-1.amazonaws.com/promo_seller_panel_uploads/production/Cashback.png",
            "redeemedTime": null,
            "redemptionDelay": [
                {
                    "delayUnit": "MINUTES",
                    "delay": 0
                }
            ],
            "voucherName": null,
            "voucherCode": null,
            "validFrom": null,
            "validUpto": null,
            "voucherDeeplink": null
        },
        "sourceMetaData": {
            "type": "Supercash",
            "deeplink": "paytmmp://cash_wallet?featuretype=vip&screen=offerdetails&gameid=203987",
            "offerId": 203987,
            "stage": 1,
            "offerName": "Electricity Bill Payment - Upto ₹110 cashbacka",
            "offerDescription": null,
            "offerIconUrl": null,
            "gameId": null
        },
        "noneRedemption": false,
        "redemptionText": "{{frontendRedemptionType}} will be credited within 0 minutes",
        "winningText": "Congratulations! You won",
        "earnedText": "₹0 {{frontendRedemptionType}}",
        "frontendRedemptionType": null
    },
    {
        "id": 109,
        "status": "UNSCRATCHED",
        "redemptionMetaData": {
            "amount": 100,
            "redemptionType": "CROSS_PROMO",
            "redemptionIconUrl": "icon",
            "redeemedTime": null,
            "redemptionDelay": [
                {
                    "delayUnit": "MINUTES",
                    "delay": 0
                }
            ],
            "voucherName": "movies voucher",
            "voucherCode": null,
            "validFrom": null,
            "validUpto": null,
            "voucherDeeplink": null
        },
        "sourceMetaData": {
            "type": "Supercash",
            "deeplink": "paytmmp://cash_wallet?featuretype=vip&screen=offerdetails&gameid=203988",
            "offerId": 203988,
            "stage": 1,
            "offerName": "Electricity Bill Payment - Upto ₹110 cashbacka",
            "offerDescription": null,
            "offerIconUrl": null,
            "gameId": null
        },
        "noneRedemption": false,
        "redemptionText": "movies voucher will be credited within 0 minutes",
        "winningText": "Congratulations! You won",
        "earnedText": "₹100 movies voucher",
        "frontendRedemptionType": "movies voucher"
    },
    {
        "id": 113,
        "status": "REDEEMED",
        "redemptionMetaData": {
            "amount": 100,
            "redemptionType": "CROSS_PROMO",
            "redemptionIconUrl": "icon",
            "redeemedTime": 1566291083,
            "redemptionDelay": [
                {
                    "delayUnit": "MINUTES",
                    "delay": 0
                }
            ],
            "voucherName": "movie",
            "voucherCode": "1234",
            "validFrom": 1566291083,
            "validUpto": 1566291083,
            "voucherDeeplink": "test/Deeplink"
        },
        "sourceMetaData": {
            "type": "Supercash",
            "deeplink": "paytmmp://cash_wallet?featuretype=vip&screen=offerdetails&gameid=204230",
            "offerId": 204230,
            "stage": 1,
            "offerName": "Electricity Bill Payment - Upto ₹110 cashbacka",
            "offerDescription": null,
            "offerIconUrl": null,
            "gameId": null
        },
        "noneRedemption": false,
        "redemptionText": "movie has been credited",
        "winningText": "Congratulations! You won",
        "earnedText": "₹100 movie",
        "frontendRedemptionType": "movie"
    },
    {
        "id": 117,
        "status": "UNSCRATCHED",
        "redemptionMetaData": {
            "amount": 100,
            "redemptionType": "CROSS_PROMO",
            "redemptionIconUrl": "icon",
            "redeemedTime": null,
            "redemptionDelay": [
                {
                    "delayUnit": "HOURS",
                    "delay": 24
                }
            ],
            "voucherName": "movies voucher",
            "voucherCode": null,
            "validFrom": null,
            "validUpto": null,
            "voucherDeeplink": "paytmmp://cash_wallet?featuretype=vip&screen=voucherdetails&gameid=204560&txnnumber=2"
        },
        "sourceMetaData": {
            "type": "Supercash",
            "deeplink": "paytmmp://cash_wallet?featuretype=vip&screen=offerdetails&gameid=204560",
            "offerId": 204560,
            "stage": 1,
            "offerName": "Electricity Bill Payment - Upto ₹110 cashbacka",
            "offerDescription": "Make 8 electricity bill payments of more than ₹10000 within 30 minutes",
            "offerIconUrl": "https://s3-ap-southeast-1.amazonaws.com/assets.paytm.com/promotion/Rituraj/PNG+images/Electricity+Payment+Offer.png",
            "gameId": null
        },
        "noneRedemption": false,
        "redemptionText": "movies voucher will be credited within 24 hours",
        "winningText": "Congratulations! You won",
        "earnedText": "₹100 movies voucher",
        "frontendRedemptionType": "movies voucher"
    },
    {
        "id": 118,
        "status": "REDEEMED",
        "redemptionMetaData": {
            "amount": 100,
            "redemptionType": "CROSS_PROMO",
            "redemptionIconUrl": "icon",
            "redeemedTime": null,
            "redemptionDelay": [
                {
                    "delayUnit": "HOURS",
                    "delay": 24
                }
            ],
            "voucherName": null,
            "voucherCode": null,
            "validFrom": null,
            "validUpto": null,
            "voucherDeeplink": null
        },
        "sourceMetaData": {
            "type": "Supercash",
            "deeplink": "paytmmp://cash_wallet?featuretype=vip&screen=offerdetails&gameid=204565",
            "offerId": 204565,
            "stage": 1,
            "offerName": "Electricity Bill Payment - Upto ₹110 cashbacka",
            "offerDescription": "Make 8 electricity bill payments of more than ₹10000 within 30 minutes",
            "offerIconUrl": "https://s3-ap-southeast-1.amazonaws.com/assets.paytm.com/promotion/Rituraj/PNG+images/Electricity+Payment+Offer.png",
            "gameId": null
        },
        "noneRedemption": false,
        "redemptionText": "{{frontendRedemptionType}} has been credited",
        "winningText": "Congratulations! You won",
        "earnedText": "₹100 {{frontendRedemptionType}}",
        "frontendRedemptionType": null
    },
    {
        "id": 119,
        "status": "REDEEMED",
        "redemptionMetaData": {
            "amount": 100,
            "redemptionType": "CROSS_PROMO",
            "redemptionIconUrl": "icon",
            "redeemedTime": null,
            "redemptionDelay": [
                {
                    "delayUnit": "HOURS",
                    "delay": 24
                }
            ],
            "voucherName": null,
            "voucherCode": null,
            "validFrom": null,
            "validUpto": null,
            "voucherDeeplink": null
        },
        "sourceMetaData": {
            "type": "Supercash",
            "deeplink": "paytmmp://cash_wallet?featuretype=vip&screen=offerdetails&gameid=205028",
            "offerId": 205028,
            "stage": 1,
            "offerName": "Electricity Bill Payment - Upto ₹110 cashbacka",
            "offerDescription": "Make 8 electricity bill payments of more than ₹10000 within 30 minutes",
            "offerIconUrl": "https://s3-ap-southeast-1.amazonaws.com/assets.paytm.com/promotion/Rituraj/PNG+images/Electricity+Payment+Offer.png",
            "gameId": null
        },
        "noneRedemption": false,
        "redemptionText": "{{frontendRedemptionType}} has been credited",
        "winningText": "Congratulations! You won",
        "earnedText": "₹100 {{frontendRedemptionType}}",
        "frontendRedemptionType": null
    },
    {
        "id": 121,
        "status": "REDEEMED",
        "redemptionMetaData": {
            "amount": 100,
            "redemptionType": "CROSS_PROMO",
            "redemptionIconUrl": "icon",
            "redeemedTime": null,
            "redemptionDelay": [
                {
                    "delayUnit": "HOURS",
                    "delay": 24
                }
            ],
            "voucherName": "movies voucher",
            "voucherCode": null,
            "validFrom": 1565259371000,
            "validUpto": 1565172971000,
            "voucherDeeplink": null
        },
        "sourceMetaData": {
            "type": "Supercash",
            "deeplink": "paytmmp://cash_wallet?featuretype=vip&screen=offerdetails&gameid=205032",
            "offerId": 205032,
            "stage": 1,
            "offerName": "Electricity Bill Payment - Upto ₹110 cashbacka",
            "offerDescription": "Make 8 electricity bill payments of more than ₹10000 within 30 minutes",
            "offerIconUrl": "https://s3-ap-southeast-1.amazonaws.com/assets.paytm.com/promotion/Rituraj/PNG+images/Electricity+Payment+Offer.png",
            "gameId": null
        },
        "noneRedemption": false,
        "redemptionText": "movies voucher has been credited",
        "winningText": "Congratulations! You won",
        "earnedText": "₹100 movies voucher",
        "frontendRedemptionType": "movies voucher"
    },
    {
        "id": 122,
        "status": "REDEEMED",
        "redemptionMetaData": {
            "amount": 100,
            "redemptionType": "CROSS_PROMO",
            "redemptionIconUrl": "icon",
            "redeemedTime": null,
            "redemptionDelay": [
                {
                    "delayUnit": "HOURS",
                    "delay": 24
                }
            ],
            "voucherName": "movies voucher",
            "voucherCode": "PY2ZYQFRUTURUU",
            "validFrom": 1565259371000,
            "validUpto": 1565172971000,
            "voucherDeeplink": "paytmmp://cash_wallet?featuretype=vip&screen=voucherdetails&gameid=205190&txnnumber=2"
        },
        "sourceMetaData": {
            "type": "Supercash",
            "deeplink": "paytmmp://cash_wallet?featuretype=vip&screen=offerdetails&gameid=205190",
            "offerId": 205190,
            "stage": 1,
            "offerName": "Electricity Bill Payment - Upto ₹110 cashbacka",
            "offerDescription": "Make 8 electricity bill payments of more than ₹10000 within 30 minutes",
            "offerIconUrl": "https://s3-ap-southeast-1.amazonaws.com/assets.paytm.com/promotion/Rituraj/PNG+images/Electricity+Payment+Offer.png",
            "gameId": null
        },
        "noneRedemption": false,
        "redemptionText": "movies voucher has been credited",
        "winningText": "Congratulations! You won",
        "earnedText": "₹100 movies voucher",
        "frontendRedemptionType": "movies voucher"
    },
    {
        "id": 123,
        "status": "SCRATCHED",
        "redemptionMetaData": {
            "amount": 100,
            "redemptionType": "CASHBACK",
            "redemptionIconUrl": "https://paytm.s3-ap-southeast-1.amazonaws.com/promo_seller_panel_uploads/production/Cashback.png",
            "redeemedTime": null,
            "redemptionDelay": [
                {
                    "delayUnit": "HOURS",
                    "delay": 24
                }
            ]
        },
        "sourceMetaData": {
            "type": "Supercash",
            "deeplink": "paytmmp://cash_wallet?featuretype=vip&screen=offerdetails&gameid=205206",
            "offerId": 205206,
            "stage": 0,
            "offerName": "Electricity Bill Payment - Upto ₹190 cashback",
            "offerDescription": "Make 5 electricity bill payments of ₹5 within 30 minutes",
            "offerIconUrl": "https://s3-ap-southeast-1.amazonaws.com/assets.paytm.com/promotion/Rituraj/PNG+images/Electricity+Payment+Offer.png",
            "gameId": null
        },
        "noneRedemption": false,
        "redemptionText": "Cashback will be credited within 24 hours",
        "winningText": "Congratulations! You won",
        "earnedText": "₹100 Cashback",
        "frontendRedemptionType": "Cashback"
    },
    {
        "id": 124,
        "status": "SCRATCHED",
        "redemptionMetaData": {
            "amount": 100,
            "redemptionType": "GOLDBACK",
            "redemptionIconUrl": "https://paytm.s3-ap-southeast-1.amazonaws.com/promo_seller_panel_uploads/production/Gold%20coin.png",
            "redeemedTime": null,
            "redemptionDelay": [
                {
                    "delayUnit": "HOURS",
                    "delay": 24
                }
            ]
        },
        "sourceMetaData": {
            "type": "Supercash",
            "deeplink": "paytmmp://cash_wallet?featuretype=vip&screen=offerdetails&gameid=205208",
            "offerId": 205208,
            "stage": 0,
            "offerName": "Electricity Bill Payment - Upto ₹190 cashback",
            "offerDescription": "Make 5 electricity bill payments of ₹5 within 30 minutes",
            "offerIconUrl": "https://s3-ap-southeast-1.amazonaws.com/assets.paytm.com/promotion/Rituraj/PNG+images/Electricity+Payment+Offer.png",
            "gameId": null
        },
        "noneRedemption": false,
        "redemptionText": "Goldback will be credited within 24 hours",
        "winningText": "Congratulations! You won",
        "earnedText": "₹100 Goldback",
        "frontendRedemptionType": "Goldback"
    },
    {
        "id": 125,
        "status": "REDEEMED",
        "redemptionMetaData": {
            "amount": 100,
            "redemptionType": "CROSS_PROMO",
            "redemptionIconUrl": "icon",
            "redeemedTime": null,
            "redemptionDelay": [
                {
                    "delayUnit": "HOURS",
                    "delay": 24
                }
            ],
            "voucherName": "movies voucher",
            "voucherCode": "PY2ZYQFRUTURUU",
            "validFrom": 1565259371000,
            "validUpto": 1565172971000,
            "voucherDeeplink": "paytmmp://cash_wallet?featuretype=vip&screen=voucherdetails&gameid=205210&txnnumber=2"
        },
        "sourceMetaData": {
            "type": "Supercash",
            "deeplink": "paytmmp://cash_wallet?featuretype=vip&screen=offerdetails&gameid=205210",
            "offerId": 205210,
            "stage": 1,
            "offerName": "Electricity Bill Payment - Upto ₹110 cashbacka",
            "offerDescription": "Make 8 electricity bill payments of more than ₹10000 within 30 minutes",
            "offerIconUrl": "https://s3-ap-southeast-1.amazonaws.com/assets.paytm.com/promotion/Rituraj/PNG+images/Electricity+Payment+Offer.png",
            "gameId": null
        },
        "noneRedemption": false,
        "redemptionText": "movies voucher has been credited",
        "winningText": "Congratulations! You won",
        "earnedText": "₹100 movies voucher",
        "frontendRedemptionType": "movies voucher"
    },
    {
        "id": 126,
        "status": "REDEEMED",
        "redemptionMetaData": {
            "amount": 100,
            "redemptionType": "CROSS_PROMO",
            "redemptionIconUrl": "icon",
            "redeemedTime": null,
            "redemptionDelay": [
                {
                    "delayUnit": "HOURS",
                    "delay": 24
                }
            ],
            "voucherName": null,
            "voucherCode": null,
            "validFrom": null,
            "validUpto": null,
            "voucherDeeplink": "paytmmp://cash_wallet?featuretype=vip&screen=voucherdetails&gameid=205213&txnnumber=2"
        },
        "sourceMetaData": {
            "type": "Supercash",
            "deeplink": "paytmmp://cash_wallet?featuretype=vip&screen=offerdetails&gameid=205213",
            "offerId": 205213,
            "stage": 1,
            "offerName": "Electricity Bill Payment - Upto ₹110 cashbacka",
            "offerDescription": "Make 8 electricity bill payments of more than ₹10000 within 30 minutes",
            "offerIconUrl": "https://s3-ap-southeast-1.amazonaws.com/assets.paytm.com/promotion/Rituraj/PNG+images/Electricity+Payment+Offer.png",
            "gameId": null
        },
        "noneRedemption": false,
        "redemptionText": "{{frontendRedemptionType}} has been credited",
        "winningText": "Congratulations! You won",
        "earnedText": "₹100 {{frontendRedemptionType}}",
        "frontendRedemptionType": null
    },
    {
        "id": 127,
        "status": "REDEEMED",
        "redemptionMetaData": {
            "amount": 100,
            "redemptionType": "CROSS_PROMO",
            "redemptionIconUrl": "icon",
            "redeemedTime": null,
            "redemptionDelay": [
                {
                    "delayUnit": "HOURS",
                    "delay": 24
                }
            ],
            "voucherName": "movies voucher",
            "voucherCode": "PY2ZYQFRUTURUU",
            "validFrom": 1565259371000,
            "validUpto": 1565172971000,
            "voucherDeeplink": "paytmmp://cash_wallet?featuretype=vip&screen=voucherdetails&gameid=205221&txnnumber=2"
        },
        "sourceMetaData": {
            "type": "Supercash",
            "deeplink": "paytmmp://cash_wallet?featuretype=vip&screen=offerdetails&gameid=205221",
            "offerId": 205221,
            "stage": 1,
            "offerName": "Electricity Bill Payment - Upto ₹110 cashbacka",
            "offerDescription": "Make 8 electricity bill payments of more than ₹10000 within 30 minutes",
            "offerIconUrl": "https://s3-ap-southeast-1.amazonaws.com/assets.paytm.com/promotion/Rituraj/PNG+images/Electricity+Payment+Offer.png",
            "gameId": null
        },
        "noneRedemption": false,
        "redemptionText": "movies voucher has been credited",
        "winningText": "Congratulations! You won",
        "earnedText": "₹100 movies voucher",
        "frontendRedemptionType": "movies voucher"
    }
]