{
  "WorkflowSC1": {
    "Stage0": {
      "RIB1_0_0": {
        "amount": "100",
        "redemptionType": "GOLDBACK",
        "redemptionIconUrl": "https://paytm.s3-ap-southeast-1.amazonaws.com/promo_seller_panel_uploads/production/Goldcoin.png",
        "none_redemption": "false"
      },
      "RIB2_0_0": {
        "amount": "200",
        "redemptionType": "GOLDBACK",
        "redemptionIconUrl": "https://paytm.s3-ap-southeast-1.amazonaws.com/promo_seller_panel_uploads/production/Goldcoin.png",
        "none_redemption": "false"
      },
      "beneficiary_type": "CUSTOMER",
      "redeemedTime": null,
      "delay": "172799",
      "type": "Supercash",
      "deeplink": "paytmmp://cash_wallet?featuretype=vip&screen=offerdetails&gameid=",
      "offerName": "Mobile Recharge - Upto ₹440 cashback",
      "offerIconUrl": "https://s3-ap-southeast-1.amazonaws.com/assets.paytm.com/promotion/Rituraj/PNG+images/Mobile+Prepaid+Recharge+Offer.png",
      "offerDescription": "Do 4 mobile recharges of ₹600 or more within 10 minutes",
      "status": "UNSCRATCHED",
      "client_id": "SUPERCASH",
      "scratched_at": null,
      "unlocks_at": "null",
      "assured": "0",
      "version": "1",
      "display_type": "scratch_card"
    },
    "Stage1": {
      "RIB1_1_0": {
        "amount": "0",
        "redemptionType": "GOLDBACK",
        "redemptionIconUrl": "https://paytm.s3-ap-southeast-1.amazonaws.com/promo_seller_panel_uploads/production/2020-02-21.png",
        "none_redemption": "true"
      },
      "RIB2_1_0": {
        "amount": "100",
        "redemptionType": "CROSS_PROMO",
        "redemptionIconUrl": "icon",
        "none_redemption": "false"
      },
      "beneficiary_type": "CUSTOMER",
      "redeemedTime": null,
      "delay": "172799",
      "type": "Supercash",
      "deeplink": "paytmmp://cash_wallet?featuretype=vip&screen=offerdetails&gameid=",
      "offerName": "Mobile Recharge - Upto ₹440 cashback",
      "offerIconUrl": "https://s3-ap-southeast-1.amazonaws.com/assets.paytm.com/promotion/Rituraj/PNG+images/Mobile+Prepaid+Recharge+Offer.png",
      "offerDescription": "Do 4 mobile recharges of ₹600 or more within 10 minutes",
      "status": "UNSCRATCHED",
      "client_id": "SUPERCASH",
      "scratched_at": null,
      "unlocks_at": "null",
      "assured": "0",
      "version": "1",
      "display_type": "scratch_card"
    }
  },
  "WorkflowSC2": {
    "Stage0": {
      "RIB1_0_0": {
        "amount": "30",
        "redemptionType": "CROSS_PROMO",
        "redemptionIconUrl": "ICON",
        "none_redemption": "false"
      },
      "RIB2_0_0": {
        "amount": "300",
        "redemptionType": "CROSS_PROMO",
        "redemptionIconUrl": "Cross Promocode Icon",
        "none_redemption": "false"
      },
      "beneficiary_type": "CUSTOMER",
      "redeemedTime": null,
      "delay": "0",
      "type": "Supercash",
      "deeplink": "paytmmp://cash_wallet?featuretype=vip&screen=offerdetails&gameid=",
      "offerName": "Mobile Recharge - Upto ₹900 cashback",
      "offerIconUrl": "https://s3-ap-southeast-1.amazonaws.com/assets.paytm.com/promotion/Rituraj/PNG+images/Mobile+Prepaid+Recharge+Offer.png",
      "offerDescription": "Do 2 mobile recharges of ₹600 or more within 10 minutes",
      "status": "UNSCRATCHED",
      "client_id": "SUPERCASH",
      "scratched_at": null,
      "unlocks_at": "null",
      "assured": "0",
      "version": "1",
      "display_type": "scratch_card"
    },
    "Stage1": {

    }
  },
  "WorkflowSW1": {
    "Stage0": {
      "RIB1_0_0": {
        "amount": "20",
        "redemptionType": "DEAL",
        "redemptionIconUrl": "https://assetscdn1.paytm.com/images/catalog/product/D/DE/DEATEST-PRODUCTGIFT59610767E5D09A/1639379260319_0.jpeg",
        "none_redemption": "false"
      },
      "RIB2_0_0": {
        "amount": "100",
        "redemptionType": "UPI",
        "redemptionIconUrl": "#$*.*",
        "none_redemption": "false"
      },
      "RIB3_0_0": {
        "amount": "10",
        "redemptionType": "CROSS_PROMO",
        "redemptionIconUrl": "icon",
        "none_redemption": "false"
      },
      "RIB4_0_0": {
        "amount": "200",
        "redemptionType": "GOLDBACK",
        "redemptionIconUrl": "https://paytm.s3-ap-southeast-1.amazonaws.com/promo_seller_panel_uploads/production/Goldcoin.png",
        "none_redemption": "false"
      },
      "RIB5_0_0": {
        "amount": "300",
        "redemptionType": "CASHBACK",
        "redemptionIconUrl": "https://paytm.s3-ap-southeast-1.amazonaws.com/promo_seller_panel_uploads/production/Cashback.png",
        "none_redemption": "false"
      },
      "RIB6_0_0": {
        "amount": "20",
        "redemptionType": "PPBL",
        "redemptionIconUrl": "https://paytm.s3-ap-southeast-1.amazonaws.com/promo_seller_panel_uploads/production/Cashback.png",
        "none_redemption": "false"
      },
      "beneficiary_type": "CUSTOMER",
      "redeemedTime": null,
      "delay": "172799",
      "type": "Supercash",
      "deeplink": "paytmmp://cash_wallet?featuretype=vip&screen=offerdetails&gameid=",
      "offerName": "Mobile Recharge - Upto ₹600 cashback",
      "offerIconUrl": "https://s3-ap-southeast-1.amazonaws.com/assets.paytm.com/promotion/Rituraj/PNG+images/Mobile+Prepaid+Recharge+Offer.png",
      "offerDescription": "Do 2 mobile recharges of ₹600 or more within 10 minutes",
      "status": "UNSCRATCHED",
      "client_id": "SUPERCASH",
      "scratched_at": null,
      "unlocks_at": "null",
      "assured": "0",
      "version": "1",
      "display_type": "spin_wheel"
    }
  },
  "WorkflowSCServing1": {
    "Stage0": {
      "RIB1_0_0": {
        "amount": "100",
        "redemptionType": "CASHBACK",
        "redemptionIconUrl": "https://paytm.s3-ap-southeast-1.amazonaws.com/promo_seller_panel_uploads/production/Cashback.png",
        "none_redemption": "false"
      },
      "RIB2_0_0": {
        "amount": "200",
        "redemptionType": "GOLDBACK",
        "redemptionIconUrl": "https://paytm.s3-ap-southeast-1.amazonaws.com/promo_seller_panel_uploads/production/Goldcoin.png",
        "none_redemption": "false"
      },
      "beneficiary_type": "CUSTOMER",
      "redeemedTime": null,
      "delay": "172799",
      "type": "Supercash",
      "deeplink": "paytmmp://cash_wallet?featuretype=vip&screen=offerdetails&gameid=",
      "offerName": "Mobile Recharge - Upto ₹300 cashback",
      "offerIconUrl": "https://s3-ap-southeast-1.amazonaws.com/assets.paytm.com/promotion/Rituraj/PNG+images/Mobile+Prepaid+Recharge+Offer.png",
      "offerDescription": "Do 3 mobile recharges of ₹600 or more within 10 minutes",
      "status": "UNSCRATCHED",
      "client_id": "SUPERCASH",
      "scratched_at": null,
      "unlocks_at": "null",
      "assured": "0",
      "version": "1",
      "display_type": "scratch_card"
    },
    "Stage1": {
      "RIB1_1_0": {
        "amount": "20",
        "redemptionType": "DEAL",
        "redemptionIconUrl": "https://assetscdn1.paytm.com/images/catalog/product/D/DE/DEATEST-PRODUCTGIFT59610767E5D09A/1639379260319_0.jpeg",
        "none_redemption": "false"
      },
      "RIB2_1_0": {
        "amount": "100",
        "redemptionType": "CROSS_PROMO",
        "redemptionIconUrl": "icon",
        "none_redemption": "false"
      },
      "beneficiary_type": "CUSTOMER",
      "redeemedTime": null,
      "delay": "172799",
      "type": "Supercash",
      "deeplink": "paytmmp://cash_wallet?featuretype=vip&screen=offerdetails&gameid=",
      "offerName": "Mobile Recharge - Upto ₹300 cashback",
      "offerIconUrl": "https://s3-ap-southeast-1.amazonaws.com/assets.paytm.com/promotion/Rituraj/PNG+images/Mobile+Prepaid+Recharge+Offer.png",
      "offerDescription": "Do 3 mobile recharges of ₹600 or more within 10 minutes",
      "status": "UNSCRATCHED",
      "client_id": "SUPERCASH",
      "scratched_at": null,
      "unlocks_at": "null",
      "assured": "0",
      "version": "1",
      "display_type": "scratch_card"
    }
  },
  "WorkflowCoins": {
    "Stage0": {
      "RIB1_0_0": {
        "amount": "100",
        "redemptionType": "COINS",
        "redemptionIconUrl": "https://assetscdn1.paytm.com/images/catalog/view_item/854901/1626162244532.png",
        "none_redemption": "false"
      },
      "RIB2_0_0": {
        "amount": "200",
        "redemptionType": "COINS",
        "redemptionIconUrl": "https://assetscdn1.paytm.com/images/catalog/view_item/854901/1626162244532.png",
        "none_redemption": "false"
      },
      "beneficiary_type": "CUSTOMER",
      "redeemedTime": null,
      "delay": "599",
      "type": "Supercash",
      "deeplink": "paytmmp://cash_wallet?featuretype=vip&screen=offerdetails&gameid=",
      "offerName": "Mobile Recharge - Upto ₹500 cashback",
      "offerIconUrl": "https://s3-ap-southeast-1.amazonaws.com/assets.paytm.com/promotion/Rituraj/PNG+images/Mobile+Prepaid+Recharge+Offer.png",
      "offerDescription": "Do 2 mobile recharges of ₹600 or more within 5 hours",
      "status": "UNSCRATCHED",
      "client_id": "SUPERCASH",
      "scratched_at": null,
      "unlocks_at": "null",
      "assured": "0",
      "version": "1",
      "display_type": "scratch_card"
    }
  },
  "WorkflowGoldback": {
    "Stage0": {
      "RIB1_0_0": {
        "amount": "1",
        "redemptionType": "GOLDBACK",
        "redemptionIconUrl": "https://paytm.s3-ap-southeast-1.amazonaws.com/promo_seller_panel_uploads/production/Goldcoin.png",
        "none_redemption": "false"
      },
      "RIB2_0_0": {
        "amount": "2",
        "redemptionType": "GOLDBACK",
        "redemptionIconUrl": "https://paytm.s3-ap-southeast-1.amazonaws.com/promo_seller_panel_uploads/production/Goldcoin.png",
        "none_redemption": "false"
      },
      "beneficiary_type": "CUSTOMER",
      "redeemedTime": null,
      "delay": "172799",
      "type": "Supercash",
      "deeplink": "paytmmp://cash_wallet?featuretype=vip&screen=offerdetails&gameid=",
      "offerName": "Mobile Recharge - Upto ₹2 cashback",
      "offerIconUrl": "https://s3-ap-southeast-1.amazonaws.com/assets.paytm.com/promotion/Rituraj/PNG+images/Mobile+Prepaid+Recharge+Offer.png",
      "offerDescription": "Do 1 mobile recharges of ₹600 or more within 10 minutes",
      "status": "UNSCRATCHED",
      "client_id": "SUPERCASH",
      "scratched_at": null,
      "unlocks_at": "null",
      "assured": "0",
      "version": "1",
      "display_type": "spin_wheel"
    }
  },
  "WorkflowSC3": {
    "Stage0": {
        "amount": "40",
        "redemptionType": "CASHBACK",
        "redemptionIconUrl": "https://paytm.s3-ap-southeast-1.amazonaws.com/promo_seller_panel_uploads/production/Cashback.png",
        "none_redemption": "false",
      "beneficiary_type": "CUSTOMER",
      "redeemedTime": null,
      "delay": "180",
      "type": "Supercash",
      "deeplink": "paytmmp://cash_wallet?featuretype=vip&screen=offerdetails&gameid=1124977&stage=0",
      "offerName": "Mobile Recharge - Upto ₹440 cashback",
      "offerIconUrl": "https://s3-ap-southeast-1.amazonaws.com/assets.paytm.com/promotion/Rituraj/PNG+images/Mobile+Prepaid+Recharge+Offer.png",
      "offerDescription": "Recharge your mobile 1 time for more than ₹100 within 30 minutes",
      "status": "UNSCRATCHED",
      "client_id": "SUPERCASH",
      "scratched_at": null,
      "unlocks_at": "null",
      "assured": "0",
      "version": "1",
      "display_type": "scratch_card"
    }
  }
}