{
  "SC1": {
    "txn_data": {
      "sourceSystemId": "WALLET",
      "transactionId": "Scratchcard6353",
      "reqId": "76DC1EAF5C1EBD8DA7866BF66A69A1300D5862767630C0D2A2FF080BDB6738AB",
      "tag": "supercash",
      "type": "build",
      "order_id": "SM_FEAFFBA43D7F1F52",
      "payeeId": "123",
      "payeeName": "Vineet Mittal",
      "merchantName": null,
      "orderName": null,
      "payerId": "10987123",
      "cashback_fulfillment_time": "2019-09-23T18:46:11",
      "transactionType": "AutoScratchCard",
      "requestType": null,
      "createdTime": "2020-07-15 15:27:58",
      "orderAmount": "500",
      "status": "SUCCESS",
      "custMobileNum": "8960752004",
      "custEmailAddress": null
    }
  }
}