{
  "Response": {
    "id": 184,
    "status": "SCRATCHED",
    "redemptionMetaData": {
      "amount": 0,
      "redemptionType": "DEAL",
      "redemptionIconUrl": "https://paytm.s3-ap-southeast-1.amazonaws.com/promo_seller_panel_uploads/production/Cashback.png",
      "redeemedTime": null,
      "redemptionDelay": [
        {
          "delayUnit": "HOURS",
          "delay": 24
        }
      ],
      "voucherName": null,
      "voucherCode": null,
      "validFrom": null,
      "validUpto": null,
      "voucherDeeplink": "paytmmp://cash_wallet?featuretype=vip&screen=voucherdetails&gameid=206855&txnnumber=2"
    },
    "sourceMetaData": {
      "type": "Supercash",
      "deeplink": "paytmmp://cash_wallet?featuretype=vip&screen=offerdetails&gameid=206855",
      "offerId": 206855,
      "stage": 1,
      "offerName": "Electricity Bill Payment - Upto ₹110 cashbacka",
      "offerDescription": "Make 8 electricity bill payments of more than ₹10000 within 30 minutes",
      "offerIconUrl": "https://s3-ap-southeast-1.amazonaws.com/assets.paytm.com/promotion/Rituraj/PNG+images/Electricity+Payment+Offer.png",
      "gameId": null
    },
    "noneRedemption": false,
    "redemptionText": "{{frontendRedemptionType}} will be credited within 24 hours",
    "winningText": "Congratulations! You won",
    "earnedText": "₹0 {{frontendRedemptionType}}",
    "frontendRedemptionType": null
  },
  "Request": {
    "scratchCardAction": "SCRATCHED"
  }
}