{
  "Case1": {
    "txn_data": {
      "reqId": "GJHGS67600AAWD",
      "sourceSystemId": "RECHARGES",
      "customer_email": null,
      "phone": "8722125353",
      "user_id": 1566271718171,
      "payeeName": "H1 Garg",
      "subscriptionRenewOrder":true,
      "merchantName": null,
      "orderName": "Prathiba PS, Bengaluru - Delhi, 20 Jun 2018",
      "sku": "Indigo_Eco",
      "price": 2521,
      "product_id": 1200138677,
      "merchant_id": null,
      "vertical_id": "102",
      "category_id": null,
      "created_time": "2020-12-17T18:28:58.000Z",
      "payments": [{
        "id": 4295084637,
        "order_id": 125765791010107,
        "pg_amount": 2741,
        "transaction_number": "20180515111212800110168835700025420",
        "kind": 1,
        "fulfillment_id": 0,
        "payment_method": "Paytm Cash",
        "status": 2,
        "payment_bank": "WALLET",
        "gateway": "WALLET",
        "provider": "paytmnew",
        "mid": "Rechar32004946353223",
        "pg_response_code": "01",
        "appkey": "web:2:1",
        "created_at": "2020-02-05T00:05:00.000Z",
        "updated_at": "2020-02-05T00:05:00.000Z"
      }],
      "transaction_response": null,
      "txnId": "7474371524234",
      "totalTxnAmount": 1000,
      "mid": "Rechar32004946353225",
      "order_id": 8134234234243}
  },
  "Case2": {
  "txn_data": {
    "reqId": "GJHGS67600AAWD",
    "sourceSystemId": "RECHARGES",
    "customer_email": null,
    "phone": "8722125353",
    "user_id": 1566271718171,
    "payeeName": "H1 Garg",
    "subscriptionRenewOrder":true,
    "merchantName": null,
    "orderName": "Prathiba PS, Bengaluru - Delhi, 20 Jun 2018",
    "sku": "Indigo_Eco",
    "price": 2521,
    "product_id": 1200138677,
    "merchant_id": null,
    "vertical_id": "1023",
    "category_id": null,
    "created_time": "2020-12-17T18:28:58.000Z",
    "payments": [{
      "id": 4295084637,
      "order_id": 125765791010107,
      "pg_amount": 2741,
      "transaction_number": "20180515111212800110168835700025420",
      "kind": 1,
      "fulfillment_id": 0,
      "payment_method": "Paytm Cash",
      "status": 2,
      "payment_bank": "WALLET",
      "gateway": "WALLET",
      "provider": "paytmnew",
      "mid": "Rechar32004946353223",
      "pg_response_code": "01",
      "appkey": "web:2:1",
      "created_at": "2020-02-05T00:05:00.000Z",
      "updated_at": "2020-02-05T00:05:00.000Z"
    }],
    "transaction_response": null,
    "txnId": "7474371524234",
    "totalTxnAmount": 1000,
    "mid": "Rechar32004946353225",
    "order_id": 8134234234243}
},
  "Case3": {
    "txn_data": {
      "reqId": "GJHGS67600AAWD",
      "sourceSystemId": "RECHARGES",
      "customer_email": null,
      "phone": "8722125353",
      "user_id": 1566271718171,
      "payeeName": "H1 Garg",
      "subscriptionRenewOrder":false,
      "merchantName": null,
      "orderName": "Prathiba PS, Bengaluru - Delhi, 20 Jun 2018",
      "sku": "Indigo_Eco",
      "price": 2521,
      "product_id": 1200138677,
      "merchant_id": null,
      "vertical_id": "102",
      "category_id": null,
      "created_time": "2020-12-17T18:28:58.000Z",
      "payments": [{
        "id": 4295084637,
        "order_id": 125765791010107,
        "pg_amount": 2741,
        "transaction_number": "20180515111212800110168835700025420",
        "kind": 1,
        "fulfillment_id": 0,
        "payment_method": "Paytm Cash",
        "status": 2,
        "payment_bank": "WALLET",
        "gateway": "WALLET",
        "provider": "paytmnew",
        "mid": "Rechar32004946353223",
        "pg_response_code": "01",
        "appkey": "web:2:1",
        "created_at": "2020-02-05T00:05:00.000Z",
        "updated_at": "2020-02-05T00:05:00.000Z"
      }],
      "transaction_response": null,
      "txnId": "7474371524234",
      "totalTxnAmount": 1000,
      "mid": "Rechar32004946353225",
      "order_id": 8134234234243}
  },
  "Case4": {
    "txn_data": {
      "reqId": "GJHGS67600AAWD",
      "sourceSystemId": "RECHARGES",
      "customer_email": null,
      "phone": "8722125353",
      "user_id": 1566271718171,
      "payeeName": "H1 Garg",
      "subscriptionRenewOrder":false,
      "merchantName": null,
      "orderName": "Prathiba PS, Bengaluru - Delhi, 20 Jun 2018",
      "sku": "Indigo_Eco",
      "price": 2521,
      "product_id": 1200138677,
      "merchant_id": null,
      "vertical_id": "1023",
      "category_id": null,
      "created_time": "2020-12-17T18:28:58.000Z",
      "payments": [{
        "id": 4295084637,
        "order_id": 125765791010107,
        "pg_amount": 2741,
        "transaction_number": "20180515111212800110168835700025420",
        "kind": 1,
        "fulfillment_id": 0,
        "payment_method": "Paytm Cash",
        "status": 2,
        "payment_bank": "WALLET",
        "gateway": "WALLET",
        "provider": "paytmnew",
        "mid": "Rechar32004946353223",
        "pg_response_code": "01",
        "appkey": "web:2:1",
        "created_at": "2020-02-05T00:05:00.000Z",
        "updated_at": "2020-02-05T00:05:00.000Z"
      }],
      "transaction_response": null,
      "txnId": "7474371524234",
      "totalTxnAmount": 1000,
      "mid": "Rechar32004946353225",
      "order_id": 8134234234243}
  },
  "Case5": {
    "txn_data": {
      "reqId": "GJHGS67600AAWD",
      "sourceSystemId": "RECHARGES",
      "customer_email": null,
      "phone": "8722125353",
      "user_id": 1566271718171,
      "payeeName": "H1 Garg",
      "merchantName": null,
      "orderName": "Prathiba PS, Bengaluru - Delhi, 20 Jun 2018",
      "sku": "Indigo_Eco",
      "price": 2521,
      "product_id": 1200138677,
      "merchant_id": null,
      "vertical_id": "102",
      "category_id": null,
      "created_time": "2020-12-17T18:28:58.000Z",
      "payments": [{
        "id": 4295084637,
        "order_id": 125765791010107,
        "pg_amount": 2741,
        "transaction_number": "20180515111212800110168835700025420",
        "kind": 1,
        "fulfillment_id": 0,
        "payment_method": "Paytm Cash",
        "status": 2,
        "payment_bank": "WALLET",
        "gateway": "WALLET",
        "provider": "paytmnew",
        "mid": "Rechar32004946353223",
        "pg_response_code": "01",
        "appkey": "web:2:1",
        "created_at": "2020-02-05T00:05:00.000Z",
        "updated_at": "2020-02-05T00:05:00.000Z"
      }],
      "transaction_response": null,
      "txnId": "7474371524234",
      "totalTxnAmount": 1000,
      "mid": "Rechar32004946353225",
      "order_id": 8134234234243}
  },
  "Case6": {
    "txn_data": {
      "reqId": "GJHGS67600AAWD",
      "sourceSystemId": "RECHARGES",
      "customer_email": null,
      "phone": "8722125353",
      "user_id": 1566271718171,
      "payeeName": "H1 Garg",
      "merchantName": null,
      "orderName": "Prathiba PS, Bengaluru - Delhi, 20 Jun 2018",
      "sku": "Indigo_Eco",
      "price": 2521,
      "product_id": 1200138677,
      "merchant_id": null,
      "vertical_id": "1023",
      "category_id": null,
      "created_time": "2020-12-17T18:28:58.000Z",
      "payments": [{
        "id": 4295084637,
        "order_id": 125765791010107,
        "pg_amount": 2741,
        "transaction_number": "20180515111212800110168835700025420",
        "kind": 1,
        "fulfillment_id": 0,
        "payment_method": "Paytm Cash",
        "status": 2,
        "payment_bank": "WALLET",
        "gateway": "WALLET",
        "provider": "paytmnew",
        "mid": "Rechar32004946353223",
        "pg_response_code": "01",
        "appkey": "web:2:1",
        "created_at": "2020-02-05T00:05:00.000Z",
        "updated_at": "2020-02-05T00:05:00.000Z"
      }],
      "transaction_response": null,
      "txnId": "7474371524234",
      "totalTxnAmount": 1000,
      "mid": "Rechar32004946353225",
      "order_id": 8134234234243}
  },
  "Case7": {
    "txn_data": {
      "reqId": "GJHGS67600AAWD",
      "sourceSystemId": "RECHARGES",
      "customer_email": null,
      "phone": "8722125353",
      "user_id": 1566271718171,
      "payeeName": "H1 Garg",
      "merchantName": null,
      "orderName": "Prathiba PS, Bengaluru - Delhi, 20 Jun 2018",
      "sku": "Indigo_Eco",
      "price": 2521,
      "product_id": 1200138677,
      "merchant_id": null,
      "vertical_id": "1024",
      "category_id": null,
      "created_time": "2020-12-17T18:28:58.000Z",
      "payments": [{
        "id": 4295084637,
        "order_id": 125765791010107,
        "pg_amount": 2741,
        "transaction_number": "20180515111212800110168835700025420",
        "kind": 1,
        "fulfillment_id": 0,
        "payment_method": "Paytm Cash",
        "status": 2,
        "payment_bank": "WALLET",
        "gateway": "WALLET",
        "provider": "paytmnew",
        "mid": "Rechar32004946353223",
        "pg_response_code": "01",
        "appkey": "web:2:1",
        "created_at": "2020-02-05T00:05:00.000Z",
        "updated_at": "2020-02-05T00:05:00.000Z"
      }],
      "transaction_response": null,
      "txnId": "7474371524234",
      "totalTxnAmount": 1000,
      "mid": "Rechar32004946353225",
      "order_id": 8134234234243}
  },
  "Case8": {
    "txn_data": {
      "reqId": "GJHGS67600AAWD",
      "sourceSystemId": "RECHARGES",
      "customer_email": null,
      "phone": "8722125353",
      "user_id": 1566271718171,
      "payeeName": "H1 Garg",
      "subscriptionRenewOrder":true,
      "merchantName": null,
      "orderName": "Prathiba PS, Bengaluru - Delhi, 20 Jun 2018",
      "sku": "Indigo_Eco",
      "price": 2521,
      "product_id": 1200138677,
      "merchant_id": null,
      "vertical_id": "1024",
      "category_id": null,
      "created_time": "2020-12-17T18:28:58.000Z",
      "payments": [{
        "id": 4295084637,
        "order_id": 125765791010107,
        "pg_amount": 2741,
        "transaction_number": "20180515111212800110168835700025420",
        "kind": 1,
        "fulfillment_id": 0,
        "payment_method": "Paytm Cash",
        "status": 2,
        "payment_bank": "WALLET",
        "gateway": "WALLET",
        "provider": "paytmnew",
        "mid": "Rechar32004946353223",
        "pg_response_code": "01",
        "appkey": "web:2:1",
        "created_at": "2020-02-05T00:05:00.000Z",
        "updated_at": "2020-02-05T00:05:00.000Z"
      }],
      "transaction_response": null,
      "txnId": "7474371524234",
      "totalTxnAmount": 1000,
      "mid": "Rechar32004946353225",
      "order_id": 8134234234243}
  },
  "Case9": {
    "txn_data": {
      "reqId": "GJHGS67600AAWD",
      "sourceSystemId": "RECHARGES",
      "customer_email": null,
      "phone": "8722125353",
      "user_id": 1566271718171,
      "payeeName": "H1 Garg",
      "subscriptionRenewOrder":false,
      "merchantName": null,
      "orderName": "Prathiba PS, Bengaluru - Delhi, 20 Jun 2018",
      "sku": "Indigo_Eco",
      "price": 2521,
      "product_id": 1200138677,
      "merchant_id": null,
      "vertical_id": "1024",
      "category_id": null,
      "created_time": "2020-12-17T18:28:58.000Z",
      "payments": [{
        "id": 4295084637,
        "order_id": 125765791010107,
        "pg_amount": 2741,
        "transaction_number": "20180515111212800110168835700025420",
        "kind": 1,
        "fulfillment_id": 0,
        "payment_method": "Paytm Cash",
        "status": 2,
        "payment_bank": "WALLET",
        "gateway": "WALLET",
        "provider": "paytmnew",
        "mid": "Rechar32004946353223",
        "pg_response_code": "01",
        "appkey": "web:2:1",
        "created_at": "2020-02-05T00:05:00.000Z",
        "updated_at": "2020-02-05T00:05:00.000Z"
      }],
      "transaction_response": null,
      "txnId": "7474371524234",
      "totalTxnAmount": 1000,
      "mid": "Rechar32004946353225",
      "order_id": 8134234234243}
  }
}