{
  "txn_data": {
    "sourceSystemId": "WALLET",
    "transactionId": "19558800560",
    "reqId": "76DC1EAF5C1EBD8DA7866BF66A69A1300D5862767630C0D2A2FF080BDB6738AB",
    "tag": "supercash",
    "type": "build",
    "order_id": "SM_FEAFFBA43D7F1F52",
    "payeeId": "396698255",
    "payeeName": "Vineet Mittal",
    "merchantName": null,
    "orderName": null,
    "payerId": "5555555555",
    "transactionType": "Automation2",
    "requestType": null,
    "createdTime": "2020-07-15 15:27:58",
    "orderAmount": "25.0",
    "status": "SUCCESS",
    "custMobileNum": "8960752004",
    "custEmailAddress": null
  }
}