{
  "txn_data": {
    "sourceSystemId": "WALLET",
    "payeeId": "127",
    "payerId": "195428061",
    "reqId": "1222222222222222222222",
    "extendInfo": "{\"payerWalletId\":\"20013785\",\"payeeWalletId\":\"167890\"}",
    "orderAmount": {
      "currency": "INR",
      "value": "240000"
    },
    "payeeName": null,
    "parentTxnId": "6526",
    "txnTypeWallet": "2",
    "txnId": "123",
    "status": "SUCCESS",
    "orderId": null,
    "createdTime": "2018-12-28 13:19:19",
    "transactionType": "REFUND",
    "requestType": null,
    "custEmailAddress": null,
    "custMobileNum": 9873051912
  }
}