{
  "txn_data": {
    "sourceSystemId": "EDC",
    "reqId": "E04EAE3C9DF4323333497944851D481D8B11ED99AFC90BEA329ED8D3CBB1D508",
    "txnId": "1351198",
    "transactionType": null,
    "tag": "supercash",
    "type": "build",
    "userId": "1107221389",
    "merchantId": "FINALE32321107827478",
    "requestType": "EDC",
    "order_id": "052811003800000512346080",
    "bizType": "ACQUIRING",
    "paytmMerchantId": "FINALE32321107827478",
    "alipayMerchantId": "216820000000800915912",
    "merchantTransId": "052811003800000512346080",
    "createdTime": "2019-70-16T16:23:51+05:30",
    "bankMid": "5PT000000000026",
    "tid": "12346080",
    "bankTid": "5P000422",
    "customerLatLong": "28.5912548,77.3191532",
    "customerDeviceId": null,
    "merchantName": "EDCTestingMerchant",
    "merchantCategory": "TRAVEL",
    "merchantSubCategory": "BUS",
    "terminalLongitude": "28.5355",
    "terminalLatitude": "77.3910",
    "terminalAddress": "12/90",
    "paymentMode": "DEBIT_CARD",
    "maskedCardNo": "476173******0010",
    "gateway": "PEDC",
    "totalTxnAmount": 600,
    "currency": "INR",
    "extSerialNo": "90190528000147833501",
    "issuingBankName": "INGVysyaBankLimited",
    "cardScheme": "VISA",
    "gatewayPayment": "true",
    "payments": [
      {
        "payment_method": "DEBIT_CARD",
        "payAmount": null,
        "issuingBankName": "INGVysyaBankLimited"
      }
    ]
  }
}
