{
	"Workflow7": {
		"stages": {
			"afterAcceptingGame": {"data":{"offer_end_time":"","server_timestamp":"2022-02-21T09:01:50.429Z","success_txn_count":1,"game_expiry":"2022-02-21T18:29:59.000Z","opt_out_time":"","offer_status_info":"","unlock_text":"Recharge your mobile to unlock","Claim_CTA":null,"offer_expiry":"2022-02-21T18:29:59.000Z","updated_at":"2022-02-21T09:01:44.000Z","id":2184458,"current_stage":1,"total_txn_count":5,"txn_linked":null,"info":{"game_expiry_reason":"Your offer expired as you did not complete 4 out of 5 transactions.","campaign":{"short_description":"Recharge your mobile 5 times for \u20b9600 or more within a day","first_transaction_cta":"Do your first recharge","background_image_url":"BG URL","auto_activate":true,"isDeeplink":true,"stageObjectMap":{"0":{"gratifications":[{}]},"1":{"gratifications":[{}]},"2":{"gratifications":[{}]},"3":{"gratifications":[{}]}},"collectibles":null,"offer_text_override":"Get upto \u20b91120 cashback","surprise_text":"<p><span style=\"color: #FFA500;\">★<\/span><span style=\"color: #000000;\">Recharge your mobile 1st time, Get upto \u20b9400 cashback<p><span style=\"color: #FFA500;\">★<\/span><span style=\"color: #000000;\">Recharge your mobile 2nd time, Get \u20b9500 cashback<p><span style=\"color: #FFA500;\">★<\/span><span style=\"color: #000000;\">Recharge your mobile 4th time, Get \u20b9200 goldback<p><span style=\"color: #FFA500;\">★<\/span><span style=\"color: #000000;\">Recharge your mobile 5th time, Get upto \u20b920 Paytm offer<p>","id":64207,"event":"ACCEPT_OFFER","surprise_text_title":"Offer Details","offer_keyword":"Recharge your mobile","tnc":"https://gateway.paytm.com/papi/v2/promocard/supercash/campaign/tnc/64207","show_game_progress":true,"deeplink_url":"paytmmp://mobile_prepaid?url=https://catalog.paytm.com/v1/mobile/mobile-prepaid/17","unlock_text":"Recharge your mobile to unlock","valid_upto":"2022-10-18T09:37:00.000Z","journey_info":{"ctaText":null,"ctaDeeplink":null},"progress_screen_cta":"Recharge Now","campaign":"AUTOMATION_CB1_UPI2_GB3_D4","offer_image_url":"https://s3-ap-southeast-1.amazonaws.com/assets.paytm.com/promotion/Rituraj/PNG+images/Mobile+Prepaid+Recharge+Offer.png","new_offers_image_url":"https://s3-ap-southeast-1.amazonaws.com/assets.paytm.com/promotion/Rituraj/PNG+images/Mobile+Prepaid+Recharge+Offer.png","important_terms":"<p><span style=\"color: #FFA500;\">★<\/span><span style=\"color: #000000;\">This offer is applicable only when you Recharge your mobile for \u20b9600 or more<p><span style=\"color: #FFA500;\">★<\/span><span style=\"color: #000000;\">Offer can be availed 10000 times during the campaign validity<p>","background_overlay":false,"offer_type_id":1,"total_txn_count":5,"campaign_detail_deeplink":"paytmmp://cash_wallet?featuretype=vip&screen=topoffer&campaignid=64207"},"transactions":[{"txn_id":"1645528833","progress_screen_construct":"1st Payment","stage_object":{"stage_txn_count":1,"stage_progress_construct":"You won \u20b9240 cashback","stage_status":"COMPLETED","gratification_objects":[{"bucketName":null,"earned_text":"You won \u20b9240 cashback","bonus_amount":240,"cashback_text":"You will get upto \u20b9400 cashback","redemption_cta_text":null,"progress_text":"You Won","redemption_text":"Cashback will be credited within 48 hours to your Paytm Wallet. If any transaction is cancelled, you need to complete the offer before offer expiry to be eligible for cashback.","redemption_status":"REDEEM_REQUESTED","redemption_cta_deeplink":null,"redemption_type_icon":"https://paytm.s3-ap-southeast-1.amazonaws.com/promo_seller_panel_uploads/production/Cashback.png","crosspromo_data":null,"frontend_redemption_type":"cashback","collectible_data":null,"redemption_type":"cashback","winnning_title":"Congratulations!","scratchCardData":null,"supercashGameData":null,"deal_data":null}],"surprise_stage":false,"stage_success_txn_count":1},"stage":0,"created_at":"2022-02-21T09:01:43.000Z","txn_amount":"2400","txn_source":"WALLET","order_id":"SM_FEAFFBA43D7F1F52","status":"SUCCESS"},{"txn_id":"","progress_screen_construct":"2nd Payment","stage_object":{"stage_txn_count":1,"stage_progress_construct":"Recharge your mobile to get \u20b9500 cashback","stage_status":"INCOMPLETE","gratification_objects":[{"bucketName":null,"earned_text":"","bonus_amount":0,"cashback_text":"You will get \u20b9500 cashback","redemption_cta_text":null,"progress_text":"You have made a progress","redemption_text":"","redemption_status":null,"redemption_cta_deeplink":null,"redemption_type_icon":"https://paytm.s3-ap-southeast-1.amazonaws.com/promo_seller_panel_uploads/production/Cashback.png","crosspromo_data":null,"frontend_redemption_type":"cashback","collectible_data":null,"redemption_type":"upi","winnning_title":"","scratchCardData":null,"supercashGameData":null,"deal_data":null}],"surprise_stage":false,"stage_success_txn_count":0},"stage":1,"created_at":"","txn_source":"","order_id":"","status":""},{"txn_id":"","progress_screen_construct":"3rd Payment","stage":2,"created_at":"","txn_source":"","order_id":"","status":""},{"txn_id":"","progress_screen_construct":"4th Payment","stage_object":{"stage_txn_count":2,"stage_progress_construct":"Recharge your mobile 2 times to get \u20b9200 goldback","stage_status":"INCOMPLETE","gratification_objects":[{"bucketName":null,"earned_text":"","bonus_amount":0,"cashback_text":"You will get goldback worth \u20b9200","redemption_cta_text":null,"progress_text":"You have made a progress","redemption_text":"","redemption_status":null,"redemption_cta_deeplink":null,"redemption_type_icon":"https://paytm.s3-ap-southeast-1.amazonaws.com/promo_seller_panel_uploads/production/Goldcoin.png","crosspromo_data":null,"frontend_redemption_type":"goldback","collectible_data":null,"redemption_type":"goldback","winnning_title":"","scratchCardData":null,"supercashGameData":null,"deal_data":null}],"surprise_stage":false,"stage_success_txn_count":0},"stage":2,"created_at":"","txn_source":"","order_id":"","status":""},{"txn_id":"","progress_screen_construct":"5th Payment","stage_object":{"stage_txn_count":1,"stage_progress_construct":"Recharge your mobile to get \u20b920 Paytm discount coupon","stage_status":"INCOMPLETE","gratification_objects":[{"bucketName":null,"earned_text":"","bonus_amount":0,"cashback_text":"You will get \u20b920 Paytm discount coupon","redemption_cta_text":null,"progress_text":"You have made a progress","redemption_text":"","redemption_status":null,"redemption_cta_deeplink":null,"redemption_type_icon":"https://assetscdn1.paytm.com/images/catalog/product/D/DE/DEATEST-PRODUCTGIFT59610767E5D09A/1639379260319_0.jpeg","crosspromo_data":null,"frontend_redemption_type":"Paytm discount coupon","collectible_data":null,"redemption_type":"deal","winnning_title":"","scratchCardData":null,"supercashGameData":null,"deal_data":null}],"surprise_stage":false,"stage_success_txn_count":0},"stage":3,"created_at":"","txn_source":"","order_id":"","status":""}],"offer_expiry_reason":""},"status":"INPROGRESS"},"errors":[],"status":1},
			"afterStage1Complete": {
				"data": {
					"offer_end_time": "",
					"server_timestamp": "2022-02-17T15:41:53.679Z",
					"success_txn_count": 2,
					"game_expiry": "2022-02-17T18:29:59.000Z",
					"opt_out_time": "",
					"offer_status_info": "",
					"unlock_text": "Recharge your mobile 2 more times to unlock",
					"Claim_CTA": null,
					"offer_expiry": "2022-02-17T18:29:59.000Z",
					"updated_at": "2022-02-17T15:41:51.000Z",
					"id": 2181864,
					"current_stage": 2,
					"total_txn_count": 5,
					"txn_linked": null,
					"info": {
						"game_expiry_reason": "Your offer expired as you did not complete 3 out of 5 transactions.",
						"campaign": {
							"short_description": "Recharge your mobile 5 times for \u20b9600 or more within a day",
							"first_transaction_cta": "Do your first recharge",
							"background_image_url": "BG URL",
							"auto_activate": true,
							"isDeeplink": true,
							"stageObjectMap": {
								"0": {
									"gratifications": [
										{

										}
									]
								},
								"1": {
									"gratifications": [
										{

										}
									]
								},
								"2": {
									"gratifications": [
										{

										}
									]
								},
								"3": {
									"gratifications": [
										{

										}
									]
								}
							},
							"collectibles": null,
							"offer_text_override": "Get upto \u20b91120 cashback",
							"surprise_text": "<p><span style=\"color: #FFA500;\">★<\/span><span style=\"color: #000000;\">Recharge your mobile 1st time, Get upto \u20b9400 cashback<p><span style=\"color: #FFA500;\">★<\/span><span style=\"color: #000000;\">Recharge your mobile 2nd time, Get \u20b9500 cashback<p><span style=\"color: #FFA500;\">★<\/span><span style=\"color: #000000;\">Recharge your mobile 4th time, Get \u20b9200 goldback<p><span style=\"color: #FFA500;\">★<\/span><span style=\"color: #000000;\">Recharge your mobile 5th time, Get upto \u20b920 Paytm offer<p>",
							"id": 64207,
							"event": "ACCEPT_OFFER",
							"surprise_text_title": "Offer Details",
							"offer_keyword": "Recharge your mobile",
							"tnc": "https://gateway.paytm.com/papi/v2/promocard/supercash/campaign/tnc/64207",
							"show_game_progress": true,
							"deeplink_url": "paytmmp://mobile_prepaid?url=https://catalog.paytm.com/v1/mobile/mobile-prepaid/17",
							"unlock_text": "Recharge your mobile to unlock",
							"valid_upto": "2022-10-18T09:37:00.000Z",
							"journey_info": {
								"ctaText": null,
								"ctaDeeplink": null
							},
							"progress_screen_cta": "Recharge Now",
							"campaign": "AUTOMATION_CB1_UPI2_GB3_D4",
							"offer_image_url": "https://s3-ap-southeast-1.amazonaws.com/assets.paytm.com/promotion/Rituraj/PNG+images/Mobile+Prepaid+Recharge+Offer.png",
							"new_offers_image_url": "https://s3-ap-southeast-1.amazonaws.com/assets.paytm.com/promotion/Rituraj/PNG+images/Mobile+Prepaid+Recharge+Offer.png",
							"important_terms": "<p><span style=\"color: #FFA500;\">★<\/span><span style=\"color: #000000;\">This offer is applicable only when you Recharge your mobile for \u20b9600 or more<p><span style=\"color: #FFA500;\">★<\/span><span style=\"color: #000000;\">Offer can be availed 10000 times during the campaign validity<p>",
							"background_overlay": false,
							"offer_type_id": 1,
							"total_txn_count": 5,
							"campaign_detail_deeplink": "paytmmp://cash_wallet?featuretype=vip&screen=topoffer&campaignid=64207"
						},
						"transactions": [
							{
								"txn_id": "1645121525",
								"progress_screen_construct": "1st Payment",
								"stage_object": {
									"stage_txn_count": 1,
									"stage_progress_construct": "You won \u20b9240 cashback",
									"stage_status": "COMPLETED",
									"gratification_objects": [
										{
											"bucketName": null,
											"earned_text": "You won \u20b9240 cashback",
											"bonus_amount": 240,
											"cashback_text": "You will get upto \u20b9400 cashback",
											"redemption_cta_text": null,
											"progress_text": "You Won",
											"redemption_text": "Cashback will be credited within 48 hours to your Paytm Wallet. If any transaction is cancelled, you need to complete the offer before offer expiry to be eligible for cashback.",
											"redemption_status": "REDEEM_REQUESTED",
											"redemption_cta_deeplink": null,
											"redemption_type_icon": "https://paytm.s3-ap-southeast-1.amazonaws.com/promo_seller_panel_uploads/production/Cashback.png",
											"crosspromo_data": null,
											"frontend_redemption_type": "cashback",
											"collectible_data": null,
											"redemption_type": "cashback",
											"winnning_title": "Congratulations!",
											"scratchCardData": null,
											"supercashGameData": null,
											"deal_data": null
										}
									],
									"surprise_stage": false,
									"stage_success_txn_count": 1
								},
								"stage": 0,
								"created_at": "2022-02-17T15:41:42.000Z",
								"txn_amount": "2400",
								"txn_source": "WALLET",
								"order_id": "SM_FEAFFBA43D7F1F52",
								"status": "SUCCESS"
							},
							{
								"txn_id": "1645152585",
								"progress_screen_construct": "2nd Payment",
								"stage_object": {
									"stage_txn_count": 1,
									"stage_progress_construct": "You won \u20b9500 cashback",
									"stage_status": "COMPLETED",
									"gratification_objects": [
										{
											"bucketName": null,
											"earned_text": "You won \u20b9500 cashback",
											"bonus_amount": 500,
											"cashback_text": "You will get \u20b9500 cashback",
											"redemption_cta_text": null,
											"progress_text": "You Won",
											"redemption_text": "Cashback will be credited within 48 hours to your bank account linked with Paytm. If any transaction is cancelled, you need to complete the offer before offer expiry to be eligible for cashback.",
											"redemption_status": "REDEEM_REQUESTED",
											"redemption_cta_deeplink": null,
											"redemption_type_icon": "https://paytm.s3-ap-southeast-1.amazonaws.com/promo_seller_panel_uploads/production/Cashback.png",
											"crosspromo_data": null,
											"frontend_redemption_type": "cashback",
											"collectible_data": null,
											"redemption_type": "upi",
											"winnning_title": "Congratulations!",
											"scratchCardData": null,
											"supercashGameData": null,
											"deal_data": null
										}
									],
									"surprise_stage": false,
									"stage_success_txn_count": 1
								},
								"stage": 1,
								"created_at": "2022-02-17T15:41:50.000Z",
								"txn_amount": "2400",
								"txn_source": "WALLET",
								"order_id": "SM_FEAFFBA43D7F1F52",
								"status": "SUCCESS"
							},
							{
								"txn_id": "",
								"progress_screen_construct": "3rd Payment",
								"stage": 2,
								"created_at": "",
								"txn_source": "",
								"order_id": "",
								"status": ""
							},
							{
								"txn_id": "",
								"progress_screen_construct": "4th Payment",
								"stage_object": {
									"stage_txn_count": 2,
									"stage_progress_construct": "Recharge your mobile 2 times to get \u20b9200 goldback",
									"stage_status": "INCOMPLETE",
									"gratification_objects": [
										{
											"bucketName": null,
											"earned_text": "",
											"bonus_amount": 0,
											"cashback_text": "You will get goldback worth \u20b9200",
											"redemption_cta_text": null,
											"progress_text": "You have made a progress",
											"redemption_text": "",
											"redemption_status": null,
											"redemption_cta_deeplink": null,
											"redemption_type_icon": "https://paytm.s3-ap-southeast-1.amazonaws.com/promo_seller_panel_uploads/production/Goldcoin.png",
											"crosspromo_data": null,
											"frontend_redemption_type": "goldback",
											"collectible_data": null,
											"redemption_type": "goldback",
											"winnning_title": "",
											"scratchCardData": null,
											"supercashGameData": null,
											"deal_data": null
										}
									],
									"surprise_stage": false,
									"stage_success_txn_count": 0
								},
								"stage": 2,
								"created_at": "",
								"txn_source": "",
								"order_id": "",
								"status": ""
							},
							{
								"txn_id": "",
								"progress_screen_construct": "5th Payment",
								"stage_object": {
									"stage_txn_count": 1,
									"stage_progress_construct": "Recharge your mobile to get \u20b920 Paytm discount coupon",
									"stage_status": "INCOMPLETE",
									"gratification_objects": [
										{
											"bucketName": null,
											"earned_text": "",
											"bonus_amount": 0,
											"cashback_text": "You will get \u20b920 Paytm discount coupon",
											"redemption_cta_text": null,
											"progress_text": "You have made a progress",
											"redemption_text": "",
											"redemption_status": null,
											"redemption_cta_deeplink": null,
											"redemption_type_icon": "https://assetscdn1.paytm.com/images/catalog/product/D/DE/DEATEST-PRODUCTGIFT59610767E5D09A/1639379260319_0.jpeg",
											"crosspromo_data": null,
											"frontend_redemption_type": "Paytm discount coupon",
											"collectible_data": null,
											"redemption_type": "deal",
											"winnning_title": "",
											"scratchCardData": null,
											"supercashGameData": null,
											"deal_data": null
										}
									],
									"surprise_stage": false,
									"stage_success_txn_count": 0
								},
								"stage": 3,
								"created_at": "",
								"txn_source": "",
								"order_id": "",
								"status": ""
							}
						],
						"offer_expiry_reason": ""
					},
					"status": "INPROGRESS"
				},
				"errors": [

				],
				"status": 1
			},
			"stage2Txn1": {
				"data": {
					"offer_end_time": "",
					"server_timestamp": "2022-02-17T15:43:15.287Z",
					"success_txn_count": 3,
					"game_expiry": "2022-02-17T18:29:59.000Z",
					"opt_out_time": "",
					"offer_status_info": "",
					"unlock_text": "Recharge your mobile to unlock",
					"Claim_CTA": null,
					"offer_expiry": "2022-02-17T18:29:59.000Z",
					"updated_at": "2022-02-17T15:43:12.000Z",
					"id": 2181865,
					"current_stage": 2,
					"total_txn_count": 5,
					"txn_linked": null,
					"info": {
						"game_expiry_reason": "Your offer expired as you did not complete 2 out of 5 transactions.",
						"campaign": {
							"short_description": "Recharge your mobile 5 times for \u20b9600 or more within a day",
							"first_transaction_cta": "Do your first recharge",
							"background_image_url": "BG URL",
							"auto_activate": true,
							"isDeeplink": true,
							"stageObjectMap": {
								"0": {
									"gratifications": [
										{

										}
									]
								},
								"1": {
									"gratifications": [
										{

										}
									]
								},
								"2": {
									"gratifications": [
										{

										}
									]
								},
								"3": {
									"gratifications": [
										{

										}
									]
								}
							},
							"collectibles": null,
							"offer_text_override": "Get upto \u20b91120 cashback",
							"surprise_text": "<p><span style=\"color: #FFA500;\">★<\/span><span style=\"color: #000000;\">Recharge your mobile 1st time, Get upto \u20b9400 cashback<p><span style=\"color: #FFA500;\">★<\/span><span style=\"color: #000000;\">Recharge your mobile 2nd time, Get \u20b9500 cashback<p><span style=\"color: #FFA500;\">★<\/span><span style=\"color: #000000;\">Recharge your mobile 4th time, Get \u20b9200 goldback<p><span style=\"color: #FFA500;\">★<\/span><span style=\"color: #000000;\">Recharge your mobile 5th time, Get upto \u20b920 Paytm offer<p>",
							"id": 64207,
							"event": "ACCEPT_OFFER",
							"surprise_text_title": "Offer Details",
							"offer_keyword": "Recharge your mobile",
							"tnc": "https://gateway.paytm.com/papi/v2/promocard/supercash/campaign/tnc/64207",
							"show_game_progress": true,
							"deeplink_url": "paytmmp://mobile_prepaid?url=https://catalog.paytm.com/v1/mobile/mobile-prepaid/17",
							"unlock_text": "Recharge your mobile to unlock",
							"valid_upto": "2022-10-18T09:37:00.000Z",
							"journey_info": {
								"ctaText": null,
								"ctaDeeplink": null
							},
							"progress_screen_cta": "Recharge Now",
							"campaign": "AUTOMATION_CB1_UPI2_GB3_D4",
							"offer_image_url": "https://s3-ap-southeast-1.amazonaws.com/assets.paytm.com/promotion/Rituraj/PNG+images/Mobile+Prepaid+Recharge+Offer.png",
							"new_offers_image_url": "https://s3-ap-southeast-1.amazonaws.com/assets.paytm.com/promotion/Rituraj/PNG+images/Mobile+Prepaid+Recharge+Offer.png",
							"important_terms": "<p><span style=\"color: #FFA500;\">★<\/span><span style=\"color: #000000;\">This offer is applicable only when you Recharge your mobile for \u20b9600 or more<p><span style=\"color: #FFA500;\">★<\/span><span style=\"color: #000000;\">Offer can be availed 10000 times during the campaign validity<p>",
							"background_overlay": false,
							"offer_type_id": 1,
							"total_txn_count": 5,
							"campaign_detail_deeplink": "paytmmp://cash_wallet?featuretype=vip&screen=topoffer&campaignid=64207"
						},
						"transactions": [
							{
								"txn_id": "1645112685",
								"progress_screen_construct": "1st Payment",
								"stage_object": {
									"stage_txn_count": 1,
									"stage_progress_construct": "You won \u20b9240 cashback",
									"stage_status": "COMPLETED",
									"gratification_objects": [
										{
											"bucketName": null,
											"earned_text": "You won \u20b9240 cashback",
											"bonus_amount": 240,
											"cashback_text": "You will get upto \u20b9400 cashback",
											"redemption_cta_text": null,
											"progress_text": "You Won",
											"redemption_text": "Cashback will be credited within 48 hours to your Paytm Wallet. If any transaction is cancelled, you need to complete the offer before offer expiry to be eligible for cashback.",
											"redemption_status": "REDEEM_REQUESTED",
											"redemption_cta_deeplink": null,
											"redemption_type_icon": "https://paytm.s3-ap-southeast-1.amazonaws.com/promo_seller_panel_uploads/production/Cashback.png",
											"crosspromo_data": null,
											"frontend_redemption_type": "cashback",
											"collectible_data": null,
											"redemption_type": "cashback",
											"winnning_title": "Congratulations!",
											"scratchCardData": null,
											"supercashGameData": null,
											"deal_data": null
										}
									],
									"surprise_stage": false,
									"stage_success_txn_count": 1
								},
								"stage": 0,
								"created_at": "2022-02-17T15:43:00.000Z",
								"txn_amount": "2400",
								"txn_source": "WALLET",
								"order_id": "SM_FEAFFBA43D7F1F52",
								"status": "SUCCESS"
							},
							{
								"txn_id": "1645113030",
								"progress_screen_construct": "2nd Payment",
								"stage_object": {
									"stage_txn_count": 1,
									"stage_progress_construct": "You won \u20b9500 cashback",
									"stage_status": "COMPLETED",
									"gratification_objects": [
										{
											"bucketName": null,
											"earned_text": "You won \u20b9500 cashback",
											"bonus_amount": 500,
											"cashback_text": "You will get \u20b9500 cashback",
											"redemption_cta_text": null,
											"progress_text": "You Won",
											"redemption_text": "Cashback will be credited within 48 hours to your bank account linked with Paytm. If any transaction is cancelled, you need to complete the offer before offer expiry to be eligible for cashback.",
											"redemption_status": "REDEEM_REQUESTED",
											"redemption_cta_deeplink": null,
											"redemption_type_icon": "https://paytm.s3-ap-southeast-1.amazonaws.com/promo_seller_panel_uploads/production/Cashback.png",
											"crosspromo_data": null,
											"frontend_redemption_type": "cashback",
											"collectible_data": null,
											"redemption_type": "upi",
											"winnning_title": "Congratulations!",
											"scratchCardData": null,
											"supercashGameData": null,
											"deal_data": null
										}
									],
									"surprise_stage": false,
									"stage_success_txn_count": 1
								},
								"stage": 1,
								"created_at": "2022-02-17T15:43:07.000Z",
								"txn_amount": "2400",
								"txn_source": "WALLET",
								"order_id": "SM_FEAFFBA43D7F1F52",
								"status": "SUCCESS"
							},
							{
								"txn_id": "1645136527",
								"progress_screen_construct": "3rd Payment",
								"stage": 2,
								"created_at": "2022-02-17T15:43:11.000Z",
								"txn_amount": "2400",
								"txn_source": "WALLET",
								"order_id": "SM_FEAFFBA43D7F1F52",
								"status": "SUCCESS"
							},
							{
								"txn_id": "",
								"progress_screen_construct": "4th Payment",
								"stage_object": {
									"stage_txn_count": 2,
									"stage_progress_construct": "Recharge your mobile 1 more time to get \u20b9200 goldback",
									"stage_status": "INCOMPLETE",
									"gratification_objects": [
										{
											"bucketName": null,
											"earned_text": "",
											"bonus_amount": 0,
											"cashback_text": "You will get goldback worth \u20b9200",
											"redemption_cta_text": null,
											"progress_text": "You have made a progress",
											"redemption_text": "",
											"redemption_status": null,
											"redemption_cta_deeplink": null,
											"redemption_type_icon": "https://paytm.s3-ap-southeast-1.amazonaws.com/promo_seller_panel_uploads/production/Goldcoin.png",
											"crosspromo_data": null,
											"frontend_redemption_type": "goldback",
											"collectible_data": null,
											"redemption_type": "goldback",
											"winnning_title": "",
											"scratchCardData": null,
											"supercashGameData": null,
											"deal_data": null
										}
									],
									"surprise_stage": false,
									"stage_success_txn_count": 1
								},
								"stage": 2,
								"created_at": "",
								"txn_source": "",
								"order_id": "",
								"status": ""
							},
							{
								"txn_id": "",
								"progress_screen_construct": "5th Payment",
								"stage_object": {
									"stage_txn_count": 1,
									"stage_progress_construct": "Recharge your mobile to get \u20b920 Paytm discount coupon",
									"stage_status": "INCOMPLETE",
									"gratification_objects": [
										{
											"bucketName": null,
											"earned_text": "",
											"bonus_amount": 0,
											"cashback_text": "You will get \u20b920 Paytm discount coupon",
											"redemption_cta_text": null,
											"progress_text": "You have made a progress",
											"redemption_text": "",
											"redemption_status": null,
											"redemption_cta_deeplink": null,
											"redemption_type_icon": "https://assetscdn1.paytm.com/images/catalog/product/D/DE/DEATEST-PRODUCTGIFT59610767E5D09A/1639379260319_0.jpeg",
											"crosspromo_data": null,
											"frontend_redemption_type": "Paytm discount coupon",
											"collectible_data": null,
											"redemption_type": "deal",
											"winnning_title": "",
											"scratchCardData": null,
											"supercashGameData": null,
											"deal_data": null
										}
									],
									"surprise_stage": false,
									"stage_success_txn_count": 0
								},
								"stage": 3,
								"created_at": "",
								"txn_source": "",
								"order_id": "",
								"status": ""
							}
						],
						"offer_expiry_reason": ""
					},
					"status": "INPROGRESS"
				},
				"errors": [

				],
				"status": 1
			},
			"stage2Complete": {"data":{"offer_end_time":"","server_timestamp":"2022-02-17T15:44:56.878Z","success_txn_count":4,"game_expiry":"2022-02-17T18:29:59.000Z","opt_out_time":"","offer_status_info":"","unlock_text":"Recharge your mobile to unlock","Claim_CTA":null,"offer_expiry":"2022-02-17T18:29:59.000Z","updated_at":"2022-02-17T15:44:54.000Z","id":2181866,"current_stage":3,"total_txn_count":5,"txn_linked":null,"info":{"game_expiry_reason":"Your offer expired as you did not complete 1 out of 5 transactions.","campaign":{"short_description":"Recharge your mobile 5 times for \u20b9600 or more within a day","first_transaction_cta":"Do your first recharge","background_image_url":"BG URL","auto_activate":true,"isDeeplink":true,"stageObjectMap":{"0":{"gratifications":[{}]},"1":{"gratifications":[{}]},"2":{"gratifications":[{}]},"3":{"gratifications":[{}]}},"collectibles":null,"offer_text_override":"Get upto \u20b91120 cashback","surprise_text":"<p><span style=\"color: #FFA500;\">★<\/span><span style=\"color: #000000;\">Recharge your mobile 1st time, Get upto \u20b9400 cashback<p><span style=\"color: #FFA500;\">★<\/span><span style=\"color: #000000;\">Recharge your mobile 2nd time, Get \u20b9500 cashback<p><span style=\"color: #FFA500;\">★<\/span><span style=\"color: #000000;\">Recharge your mobile 4th time, Get \u20b9200 goldback<p><span style=\"color: #FFA500;\">★<\/span><span style=\"color: #000000;\">Recharge your mobile 5th time, Get upto \u20b920 Paytm offer<p>","id":64207,"event":"ACCEPT_OFFER","surprise_text_title":"Offer Details","offer_keyword":"Recharge your mobile","tnc":"https://gateway.paytm.com/papi/v2/promocard/supercash/campaign/tnc/64207","show_game_progress":true,"deeplink_url":"paytmmp://mobile_prepaid?url=https://catalog.paytm.com/v1/mobile/mobile-prepaid/17","unlock_text":"Recharge your mobile to unlock","valid_upto":"2022-10-18T09:37:00.000Z","journey_info":{"ctaText":null,"ctaDeeplink":null},"progress_screen_cta":"Recharge Now","campaign":"AUTOMATION_CB1_UPI2_GB3_D4","offer_image_url":"https://s3-ap-southeast-1.amazonaws.com/assets.paytm.com/promotion/Rituraj/PNG+images/Mobile+Prepaid+Recharge+Offer.png","new_offers_image_url":"https://s3-ap-southeast-1.amazonaws.com/assets.paytm.com/promotion/Rituraj/PNG+images/Mobile+Prepaid+Recharge+Offer.png","important_terms":"<p><span style=\"color: #FFA500;\">★<\/span><span style=\"color: #000000;\">This offer is applicable only when you Recharge your mobile for \u20b9600 or more<p><span style=\"color: #FFA500;\">★<\/span><span style=\"color: #000000;\">Offer can be availed 10000 times during the campaign validity<p>","background_overlay":false,"offer_type_id":1,"total_txn_count":5,"campaign_detail_deeplink":"paytmmp://cash_wallet?featuretype=vip&screen=topoffer&campaignid=64207"},"transactions":[{"txn_id":"1645125442","progress_screen_construct":"1st Payment","stage_object":{"stage_txn_count":1,"stage_progress_construct":"You won \u20b9240 cashback","stage_status":"COMPLETED","gratification_objects":[{"bucketName":null,"earned_text":"You won \u20b9240 cashback","bonus_amount":240,"cashback_text":"You will get upto \u20b9400 cashback","redemption_cta_text":null,"progress_text":"You Won","redemption_text":"Cashback will be credited within 48 hours to your Paytm Wallet. If any transaction is cancelled, you need to complete the offer before offer expiry to be eligible for cashback.","redemption_status":"REDEEM_REQUESTED","redemption_cta_deeplink":null,"redemption_type_icon":"https://paytm.s3-ap-southeast-1.amazonaws.com/promo_seller_panel_uploads/production/Cashback.png","crosspromo_data":null,"frontend_redemption_type":"cashback","collectible_data":null,"redemption_type":"cashback","winnning_title":"Congratulations!","scratchCardData":null,"supercashGameData":null,"deal_data":null}],"surprise_stage":false,"stage_success_txn_count":1},"stage":0,"created_at":"2022-02-17T15:44:37.000Z","txn_amount":"2400","txn_source":"WALLET","order_id":"SM_FEAFFBA43D7F1F52","status":"SUCCESS"},{"txn_id":"1645136858","progress_screen_construct":"2nd Payment","stage_object":{"stage_txn_count":1,"stage_progress_construct":"You won \u20b9500 cashback","stage_status":"COMPLETED","gratification_objects":[{"bucketName":null,"earned_text":"You won \u20b9500 cashback","bonus_amount":500,"cashback_text":"You will get \u20b9500 cashback","redemption_cta_text":null,"progress_text":"You Won","redemption_text":"Cashback will be credited within 48 hours to your bank account linked with Paytm. If any transaction is cancelled, you need to complete the offer before offer expiry to be eligible for cashback.","redemption_status":"REDEEM_REQUESTED","redemption_cta_deeplink":null,"redemption_type_icon":"https://paytm.s3-ap-southeast-1.amazonaws.com/promo_seller_panel_uploads/production/Cashback.png","crosspromo_data":null,"frontend_redemption_type":"cashback","collectible_data":null,"redemption_type":"upi","winnning_title":"Congratulations!","scratchCardData":null,"supercashGameData":null,"deal_data":null}],"surprise_stage":false,"stage_success_txn_count":1},"stage":1,"created_at":"2022-02-17T15:44:45.000Z","txn_amount":"2400","txn_source":"WALLET","order_id":"SM_FEAFFBA43D7F1F52","status":"SUCCESS"},{"txn_id":"1645113993","progress_screen_construct":"3rd Payment","stage":2,"created_at":"2022-02-17T15:44:48.000Z","txn_amount":"2400","txn_source":"WALLET","order_id":"SM_FEAFFBA43D7F1F52","status":"SUCCESS"},{"txn_id":"1645126481","progress_screen_construct":"4th Payment","stage_object":{"stage_txn_count":2,"stage_progress_construct":"You won \u20b9200 goldback","stage_status":"COMPLETED","gratification_objects":[{"bucketName":null,"earned_text":"You won \u20b9200 goldback","bonus_amount":200,"cashback_text":"You will get goldback worth \u20b9200","redemption_cta_text":null,"progress_text":"You Won","redemption_text":"Goldback will be credited within 48 hours to your Paytm Gold account. If any transaction is cancelled, you need to complete the offer before offer expiry to be eligible for goldback.","redemption_status":"REDEEM_REQUESTED","redemption_cta_deeplink":null,"redemption_type_icon":"https://paytm.s3-ap-southeast-1.amazonaws.com/promo_seller_panel_uploads/production/Goldcoin.png","crosspromo_data":null,"frontend_redemption_type":"goldback","collectible_data":null,"redemption_type":"goldback","winnning_title":"Congratulations!","scratchCardData":null,"supercashGameData":null,"deal_data":null}],"surprise_stage":false,"stage_success_txn_count":2},"stage":2,"created_at":"2022-02-17T15:44:52.000Z","txn_amount":"2400","txn_source":"WALLET","order_id":"SM_FEAFFBA43D7F1F52","status":"SUCCESS"},{"txn_id":"","progress_screen_construct":"5th Payment","stage_object":{"stage_txn_count":1,"stage_progress_construct":"Recharge your mobile to get \u20b920 Paytm discount coupon","stage_status":"INCOMPLETE","gratification_objects":[{"bucketName":null,"earned_text":"","bonus_amount":0,"cashback_text":"You will get \u20b920 Paytm discount coupon","redemption_cta_text":null,"progress_text":"You have made a progress","redemption_text":"","redemption_status":null,"redemption_cta_deeplink":null,"redemption_type_icon":"https://assetscdn1.paytm.com/images/catalog/product/D/DE/DEATEST-PRODUCTGIFT59610767E5D09A/1639379260319_0.jpeg","crosspromo_data":null,"frontend_redemption_type":"Paytm discount coupon","collectible_data":null,"redemption_type":"deal","winnning_title":"","scratchCardData":null,"supercashGameData":null,"deal_data":null}],"surprise_stage":false,"stage_success_txn_count":0},"stage":3,"created_at":"","txn_source":"","order_id":"","status":""}],"offer_expiry_reason":""},"status":"INPROGRESS"},"errors":[],"status":1},
			"stage3Complete": {
				"data": {
					"offer_end_time": "2022-02-17T15:46:03.000Z",
					"server_timestamp": "2022-02-17T15:46:07.621Z",
					"success_txn_count": 5,
					"game_expiry": "2022-02-17T18:29:59.000Z",
					"opt_out_time": "",
					"offer_status_info": "Offer completed on 17 Feb 22, 09:16 PM",
					"unlock_text": "Recharge your mobile to unlock",
					"Claim_CTA": null,
					"offer_expiry": "2022-02-17T18:29:59.000Z",
					"updated_at": "2022-02-17T15:46:04.000Z",
					"id": 2181867,
					"current_stage": 3,
					"total_txn_count": 5,
					"txn_linked": null,
					"info": {
						"game_expiry_reason": "Your offer expired as you did not complete 0 out of 5 transactions.",
						"campaign": {
							"short_description": "Recharge your mobile 5 times for \u20b9600 or more within a day",
							"first_transaction_cta": "Do your first recharge",
							"background_image_url": "BG URL",
							"auto_activate": true,
							"isDeeplink": true,
							"stageObjectMap": {
								"0": {
									"gratifications": [
										{

										}
									]
								},
								"1": {
									"gratifications": [
										{

										}
									]
								},
								"2": {
									"gratifications": [
										{

										}
									]
								},
								"3": {
									"gratifications": [
										{

										}
									]
								}
							},
							"collectibles": null,
							"offer_text_override": "Get upto \u20b91120 cashback",
							"surprise_text": "<p><span style=\"color: #FFA500;\">★<\/span><span style=\"color: #000000;\">Recharge your mobile 1st time, Get upto \u20b9400 cashback<p><span style=\"color: #FFA500;\">★<\/span><span style=\"color: #000000;\">Recharge your mobile 2nd time, Get \u20b9500 cashback<p><span style=\"color: #FFA500;\">★<\/span><span style=\"color: #000000;\">Recharge your mobile 4th time, Get \u20b9200 goldback<p><span style=\"color: #FFA500;\">★<\/span><span style=\"color: #000000;\">Recharge your mobile 5th time, Get upto \u20b920 Paytm offer<p>",
							"id": 64207,
							"event": "ACCEPT_OFFER",
							"surprise_text_title": "Offer Details",
							"offer_keyword": "Recharge your mobile",
							"tnc": "https://gateway.paytm.com/papi/v2/promocard/supercash/campaign/tnc/64207",
							"show_game_progress": true,
							"deeplink_url": "paytmmp://mobile_prepaid?url=https://catalog.paytm.com/v1/mobile/mobile-prepaid/17",
							"unlock_text": "Recharge your mobile to unlock",
							"valid_upto": "2022-10-18T09:37:00.000Z",
							"journey_info": {
								"ctaText": null,
								"ctaDeeplink": null
							},
							"progress_screen_cta": "Recharge Now",
							"campaign": "AUTOMATION_CB1_UPI2_GB3_D4",
							"offer_image_url": "https://s3-ap-southeast-1.amazonaws.com/assets.paytm.com/promotion/Rituraj/PNG+images/Mobile+Prepaid+Recharge+Offer.png",
							"new_offers_image_url": "https://s3-ap-southeast-1.amazonaws.com/assets.paytm.com/promotion/Rituraj/PNG+images/Mobile+Prepaid+Recharge+Offer.png",
							"important_terms": "<p><span style=\"color: #FFA500;\">★<\/span><span style=\"color: #000000;\">This offer is applicable only when you Recharge your mobile for \u20b9600 or more<p><span style=\"color: #FFA500;\">★<\/span><span style=\"color: #000000;\">Offer can be availed 10000 times during the campaign validity<p>",
							"background_overlay": false,
							"offer_type_id": 1,
							"total_txn_count": 5,
							"campaign_detail_deeplink": "paytmmp://cash_wallet?featuretype=vip&screen=topoffer&campaignid=64207"
						},
						"transactions": [
							{
								"txn_id": "1645121286",
								"progress_screen_construct": "1st Payment",
								"stage_object": {
									"stage_txn_count": 1,
									"stage_progress_construct": "You won \u20b9240 cashback",
									"stage_status": "COMPLETED",
									"gratification_objects": [
										{
											"bucketName": null,
											"earned_text": "You won \u20b9240 cashback",
											"bonus_amount": 240,
											"cashback_text": "You will get upto \u20b9400 cashback",
											"redemption_cta_text": null,
											"progress_text": "You Won",
											"redemption_text": "Cashback will be credited within 48 hours to your Paytm Wallet. If any transaction is cancelled, you need to complete the offer before offer expiry to be eligible for cashback.",
											"redemption_status": "REDEEM_REQUESTED",
											"redemption_cta_deeplink": null,
											"redemption_type_icon": "https://paytm.s3-ap-southeast-1.amazonaws.com/promo_seller_panel_uploads/production/Cashback.png",
											"crosspromo_data": null,
											"frontend_redemption_type": "cashback",
											"collectible_data": null,
											"redemption_type": "cashback",
											"winnning_title": "Congratulations!",
											"scratchCardData": null,
											"supercashGameData": null,
											"deal_data": null
										}
									],
									"surprise_stage": false,
									"stage_success_txn_count": 1
								},
								"stage": 0,
								"created_at": "2022-02-17T15:45:45.000Z",
								"txn_amount": "2400",
								"txn_source": "WALLET",
								"order_id": "SM_FEAFFBA43D7F1F52",
								"status": "SUCCESS"
							},
							{
								"txn_id": "1645113467",
								"progress_screen_construct": "2nd Payment",
								"stage_object": {
									"stage_txn_count": 1,
									"stage_progress_construct": "You won \u20b9500 cashback",
									"stage_status": "COMPLETED",
									"gratification_objects": [
										{
											"bucketName": null,
											"earned_text": "You won \u20b9500 cashback",
											"bonus_amount": 500,
											"cashback_text": "You will get \u20b9500 cashback",
											"redemption_cta_text": null,
											"progress_text": "You Won",
											"redemption_text": "Cashback will be credited within 48 hours to your bank account linked with Paytm. If any transaction is cancelled, you need to complete the offer before offer expiry to be eligible for cashback.",
											"redemption_status": "REDEEM_REQUESTED",
											"redemption_cta_deeplink": null,
											"redemption_type_icon": "https://paytm.s3-ap-southeast-1.amazonaws.com/promo_seller_panel_uploads/production/Cashback.png",
											"crosspromo_data": null,
											"frontend_redemption_type": "cashback",
											"collectible_data": null,
											"redemption_type": "upi",
											"winnning_title": "Congratulations!",
											"scratchCardData": null,
											"supercashGameData": null,
											"deal_data": null
										}
									],
									"surprise_stage": false,
									"stage_success_txn_count": 1
								},
								"stage": 1,
								"created_at": "2022-02-17T15:45:52.000Z",
								"txn_amount": "2400",
								"txn_source": "WALLET",
								"order_id": "SM_FEAFFBA43D7F1F52",
								"status": "SUCCESS"
							},
							{
								"txn_id": "1645146638",
								"progress_screen_construct": "3rd Payment",
								"stage": 2,
								"created_at": "2022-02-17T15:45:56.000Z",
								"txn_amount": "2400",
								"txn_source": "WALLET",
								"order_id": "SM_FEAFFBA43D7F1F52",
								"status": "SUCCESS"
							},
							{
								"txn_id": "1645117814",
								"progress_screen_construct": "4th Payment",
								"stage_object": {
									"stage_txn_count": 2,
									"stage_progress_construct": "You won \u20b9200 goldback",
									"stage_status": "COMPLETED",
									"gratification_objects": [
										{
											"bucketName": null,
											"earned_text": "You won \u20b9200 goldback",
											"bonus_amount": 200,
											"cashback_text": "You will get goldback worth \u20b9200",
											"redemption_cta_text": null,
											"progress_text": "You Won",
											"redemption_text": "Goldback will be credited within 48 hours to your Paytm Gold account. If any transaction is cancelled, you need to complete the offer before offer expiry to be eligible for goldback.",
											"redemption_status": "REDEEM_REQUESTED",
											"redemption_cta_deeplink": null,
											"redemption_type_icon": "https://paytm.s3-ap-southeast-1.amazonaws.com/promo_seller_panel_uploads/production/Goldcoin.png",
											"crosspromo_data": null,
											"frontend_redemption_type": "goldback",
											"collectible_data": null,
											"redemption_type": "goldback",
											"winnning_title": "Congratulations!",
											"scratchCardData": null,
											"supercashGameData": null,
											"deal_data": null
										}
									],
									"surprise_stage": false,
									"stage_success_txn_count": 2
								},
								"stage": 2,
								"created_at": "2022-02-17T15:46:00.000Z",
								"txn_amount": "2400",
								"txn_source": "WALLET",
								"order_id": "SM_FEAFFBA43D7F1F52",
								"status": "SUCCESS"
							},
							{
								"txn_id": "1645117057",
								"progress_screen_construct": "5th Payment",
								"stage_object": {
									"stage_txn_count": 1,
									"stage_progress_construct": "You won \u20b920 Paytm discount coupon",
									"stage_status": "COMPLETED",
									"gratification_objects": [
										{
											"bucketName": null,
											"earned_text": "You won \u20b920 Paytm discount coupon",
											"bonus_amount": 20,
											"cashback_text": "You will get \u20b920 Paytm discount coupon",
											"redemption_cta_text": null,
											"progress_text": "You Won",
											"redemption_text": "You will receive your Paytm discount coupon within 48 hours . If any transaction is cancelled, you need to complete the offer before offer expiry to be eligible for your voucher",
											"redemption_status": "REDEEM_REQUESTED",
											"redemption_cta_deeplink": null,
											"redemption_type_icon": "https://assetscdn1.paytm.com/images/catalog/product/D/DE/DEATEST-PRODUCTGIFT59610767E5D09A/1639379260319_0.jpeg",
											"crosspromo_data": null,
											"frontend_redemption_type": "Paytm discount coupon",
											"collectible_data": null,
											"redemption_type": "deal",
											"winnning_title": "Congratulations!",
											"scratchCardData": null,
											"supercashGameData": null,
											"deal_data": {
												"deal_valid_from": "21-06-2019",
												"deal_expiry": "31-12-2023",
												"deal_value": "20",
												"tnc_text": "<br><br>",
												"frontend_redemption_type": "Paytm discount coupon",
												"deal_icon": "https://assetscdn1.paytm.com/images/catalog/product/D/DE/DEATEST-PRODUCTGIFT59610767E5D09A/1639379260319_0.jpeg",
												"id": "1200145332",
												"secret": "",
												"landingPageUrl": "www.google.com",
												"deal_brand": "Paytm"
											}
										}
									],
									"surprise_stage": false,
									"stage_success_txn_count": 1
								},
								"stage": 3,
								"created_at": "2022-02-17T15:46:03.000Z",
								"txn_amount": "2400",
								"txn_source": "WALLET",
								"order_id": "SM_FEAFFBA43D7F1F52",
								"status": "SUCCESS"
							}
						],
						"offer_expiry_reason": ""
					},
					"status": "COMPLETED"
				},
				"errors": [

				],
				"status": 1
			}
		}
	}
}