
{
  "PG_Request": {
  "paymodes": [
    {
      "paymentMode": "BALANCE",
      "amount": 100
    },
    {
      "paymentMode": "PAYTM_DIGITAL_CREDIT",
      "amount": 100
    }
  ],
  "hybrid": false,
  "pgmid": "12212",
  "source": "PG",
  "amount": 100
},
  "ORDER_Request": {
    "paymodes": [
      {
        "paymentMode": "BALANCE",
        "amount": 100
      },
      {
        "paymentMode": "PAYTM_DIGITAL_CREDIT",
        "amount": 100
      }
    ],
    "hybrid": false,
    "promocontext":{},
    "source": "ORDER",
    "amount": 100
  },
  "PayModeMissing_Request": {
    "paymodes": [
    ],
    "pgmid": "12212",
    "hybrid": false,
    "promocontext":{},
    "source": "ORDER",
    "amount": 100
  },
  "PGmidMissing_Request": {
    "amount": 10,
    "hybrid": false,
    "paymodes": [
      {
        "amount": 61,
        "paymentMode": "BALANCE"
      },
      {
        "amount": 61,
        "paymentMode": "PAYTM_DIGITAL_CREDIT"
      }
    ],
    "source": "PG"
  }
}
