{
  "txn_data":
  {
    "sourceSystemId":"PPBL",
    "transactionId":"PPBL002294300100913",
    "txnText": "TXN001",
    "cbsTxnId": "CBS01",
    "reqId":"76DC1EAF5C1EBD8DA7866BF66A69A1300D5862767630C0D2A2FF080BDB6738AB",
    "merchantName":"Amazon",
    "transactionType":"NB Merchant New",
    "userId":"1107221317",
    "amount": 700,
    "createdTime":"2022-07-05T10:00:00",
    "cashback_fulfillment_time": "2021-10-25T11:30:11",
    "merchantId" : "TEST123",
    "merchantMCC" : "TEST123"
  }
}
