{
 "txn_data": {
 "sourceSystemId":"PGP",
"reqId":"BD4F6D7D214A1A7066AC143332221D22605147D2679D17320459DB8D74A46D9A",
"txnId":"2187hy534149911982",
"parentTxnId":"19558800560",
"createdTime":"2018-04-17T18:41:23+05:30",
"orderAmount":{
"value":"800"
},
"tag":"supercash",
"userId":"216810",
"merchantId":"216820000174414308564",
"requestType":"REFUND",
"createOrderTime":"2018-04-19T14:33:18+05:30",
"refundAmount":{
"value":"90000",
"currency":"INR"
},
"totalSuccessfulRefundedAmountOnOrder":{
"value":"500",
"currency":"INR"
},
"orderId":"PARCEL769667",
"refundFundChannelInfo":[
{
"payMethod":"BALANCE",
"cardCacheToken":"",
"cardIndexNo":"",
"maskedCardNo":"",
"extSerialNo":"",
"gateway":"",
"serviceInstId":"",
"assetTool":"",
"sourceAssetTool":"",
"amount":{
"value":"500",
"currency":"INR"
},
"accountNo":"",
"chargeAmountForBuyer":{
"value":"100",
"currency":"INR"
},
"addAndPay":"false"
}
]
}
}