{
  "txn_data": {
    "sourceSystemId": "UPI",
    "reqId": "3A9549A852F22DB093438E5A72F852ED4693CFE22F9D68932C1D1A1C7B1BF03BE",
    "tag": "supercash",
    "rrn": "818611422985",
    "transactionTimeStamp": 1530771309000,
    "amount": 50.0,
    "globalAddressType": null,
    "status": "SUCCESS",
    "transactionId": "PTMfe5bb05cf42aqqa04ae491208d80284c84198",
    "payer_va": "8871777585@paytm",
    "payer_cust_id": 123,
    "payer_account_ifsc": "PYTM67676",
    "payee_cust_id": 16751299,
    "payee_va": "@upi1",
    "payee_account": null,
    "payee_account_ifsc": "PYTM0123456",
    "payee_aadhar": null,
    "payee_type": "ENTITY",
    "merchant_txn_id": "20180705020664657687",
    "ref_id": "PTMfe5bb05cf4204ae491208d80284c84af",
    "txn_type": "P2P",
    "payer_mobile": "918871777585"
  }
}