{
  "InitPartialCancelResponse":{
    "data": {
      "max_cashback_value_initial_stage": "10",
      "created_at": "2019-05-24T09:48:41.000Z",
      "post_transaction_progress_status": "You are just 2 tests away from earning \u20b920 cashback",
      "remark": "s",
      "initial_amount": 10,
      "game_expiry": "2019-05-25T09:48:41.000Z",
      "max_cashback_value": "20",
      "stage_txn_count": 3,
      "redemption_text": "",
      "redemption_status": "NOT_REDEEMED",
      "response_string": "Cashback will be credited to your account by undefined in a few days",
      "updated_at": "2019-05-24T09:48:42.000Z",
      "redemption_type_icon": "https://paytm.s3-ap-southeast-1.amazonaws.com/promo_seller_panel_uploads/production/Cashback.png",
      "post_transaction_initialized": "Earn \u20b920 cashback by doing 2 more tests",
      "percent_redemption": "20",
      "post_transaction_collapsed_completed": "Congratulations! #\u20b920# on test",
      "frontend_redemption_type": "cashback",
      "initialized_transaction_construct": "You have done 1 test. Activate offer and do 2 more to get \u20b920 cashback",
      "redemption_type": "cashback",
      "id": 143830,
      "post_transaction_collapsed_progress": "Get cashback #\u20b920# on doing 2 more tests",
      "campaign_id": 28859,
      "post_transaction_collapsed_initialized": "Get cashback #\u20b920# on test",
      "info": {
        "cb_earned_at": null,
        "transaction_status": 1,
        "offer_reset_count": "",
        "campaign": {
          "auto_activate": false,
          "third_party_id": -1,
          "off_us_transaction_text": "test",
          "max_offer_allowed": "1",
          "multi_stage_campaign": false,
          "offerPerMerchantPerCampaignPerDay": {

          },
          "is_offus_transaction": false,
          "progress_screen_construct": "test",
          "promoMerchantAssociation": {

          },
          "action": {
            "isAllRandomAction": false,
            "global": {
              "data": [

              ]
            },
            "states": {
              "0": {
                "data": [
                  {
                    "frontend_redemption_type": "",
                    "name": "action-select",
                    "fields": [
                      {
                        "name": "type",
                        "value": "absolute"
                      },
                      {
                        "name": "value",
                        "value": "10"
                      },
                      {
                        "name": "cap",
                        "value": "10"
                      },
                      {
                        "name": "non_kyc_cashback_mode",
                        "value": "goldback"
                      },
                      {
                        "name": "cashback_text",
                        "value": "cashback text"
                      },
                      {
                        "name": "earned_text",
                        "value": "earned text"
                      }
                    ],
                    "value": "giveSuperCash"
                  }
                ]
              },
              "1": {
                "data": [
                  {
                    "frontend_redemption_type": "",
                    "name": "action-select",
                    "fields": [
                      {
                        "name": "type",
                        "value": "absolute"
                      },
                      {
                        "name": "value",
                        "value": "20"
                      },
                      {
                        "name": "cap",
                        "value": "20"
                      },
                      {
                        "name": "non_kyc_cashback_mode",
                        "value": "goldback"
                      },
                      {
                        "name": "cashback_text",
                        "value": "cashback text"
                      },
                      {
                        "name": "earned_text",
                        "value": "earned text"
                      }
                    ],
                    "value": "giveSuperCash"
                  }
                ]
              }
            }
          },
          "redemption_type": "cashback",
          "id": 28859,
          "info": {
            "background_image_url": "test",
            "auto_activate": false,
            "isDeeplink": false,
            "game_expiry": "1",
            "title": "test",
            "off_us_transaction_text": "test",
            "offer_text_override": "test",
            "progress_screen_construct": "test",
            "surprise_text": "Test_Auto_SuperCash_Wallet_Offer_Breach",
            "cashback_process_delay": "1",
            "time_unit": "1440",
            "offer_expiry_time_unit": "1440",
            "game_expiry_amount": "0",
            "offer_keyword": "test",
            "display_tags": [

            ],
            "cashback_process_delay_unit": "1440",
            "offer_expiry": "1",
            "offer_expiry_amount": "0",
            "progress_screen_cta": "test",
            "supercash_stages": {
              "0": {
                "event": "REJECT_OFFER"
              },
              "1": {

              }
            },
            "product_list_url": "",
            "offer_image_url": "test",
            "important_terms": "test",
            "new_offers_image_url": "test",
            "offer_type_id": "13"
          },
          "redemption_type_flat_percent": "flat",
          "tnc": "https://paytmmall.com/papi/v2/promocard/supercash/campaign/tnc/28859",
          "offer_keyword": "test",
          "bonus_amount": "20",
          "deeplink_url": "",
          "offerUserCondition": {
            "condition": true,
            "actualValue": 0,
            "value": "1",
            "operator": "lessThanEqual"
          },
          "offer_expiry": 1440,
          "condition": "{\"global\":{\"data\":{\"all\":[{\"name\":\"WALLET_payeeId\",\"operator\":\"isOneOf\",\"value\":[\"296698255\"],\"error\":\"\",\"meta\":\"\"},{\"name\":\"WALLET_transactionType\",\"operator\":\"equalTo\",\"value\":\"P2M\",\"error\":\"\",\"meta\":\"\"},{\"name\":\"WALLET_orderAmount\",\"operator\":\"greaterThan\",\"value\":\"2\",\"error\":\"\",\"meta\":\"\"},{\"name\":\"offers_per_user\",\"operator\":\"lessThanEqual\",\"value\":\"1\",\"error\":\"\",\"meta\":\"\"}]}},\"states\":{\"0\":{\"data\":{\"all\":[{\"name\":\"transactionCount\",\"operator\":\"equalTo\",\"value\":\"1\",\"error\":\"\",\"meta\":\"\"}]}},\"1\":{\"data\":{\"all\":[{\"name\":\"transactionCount\",\"operator\":\"equalTo\",\"value\":\"3\",\"error\":\"\",\"meta\":\"\"}]}}}}",
          "offer_expiry_amount": "0",
          "progress_screen_cta": "test",
          "offer_type_text": "General Offer",
          "campaign": "Test_Auto_SuperCash_Wallet_1",
          "new_offers_image_url": "test",
          "important_terms": "test",
          "offer_type_id": 13,
          "promoAssociation": {

          },
          "short_description": "offer updated (test-2)",
          "background_image_url": "test",
          "max_cashback_value_initial_stage": "10",
          "offerPerUserPerMonthCondition": {

          },
          "initial_amount": "10",
          "game_expiry": 1440,
          "offer_text_override": "test",
          "surprise_text": "Test_Auto_SuperCash_Wallet_Offer_Breach",
          "percent_redemption": "20",
          "cashback_process_delay": 1,
          "frontend_redemption_type": "cashback",
          "offerMerchantCondition": {

          },
          "game_expiry_amount": "0",
          "offerPerMerchantPerCampaignPerWeek": {

          },
          "max_cashback_value_bonus_stage": "20",
          "cashback_process_delay_unit": 1440,
          "merchantPerCampaignCondition": {

          },
          "valid_upto": "2020-08-31T07:06:00.000Z",
          "stages": {
            "0": {
              "event": "REJECT_OFFER"
            },
            "1": {

            }
          },
          "offer_image_url": "test",
          "background_overlay": ""
        },
        "cashback_delay": "2019-05-25T09:48:42.000Z",
        "cancelled_txn_count": 0,
        "transactions": [
          {
            "txn_id": 5869131634301,
            "progress_screen_construct": "1st test",
            "stage": 0,
            "txn_type": "P2M",
            "payee_name": "Vineet Mittal",
            "created_at": "2018-07-05T09:57:58.000Z",
            "merchant_name": "Vineet Mittal",
            "txn_amount": 2000,
            "merchant_id": "296698255",
            "txn_source": "WALLET",
            "order_id": "SM_FEAFFBA43D7F1F52"
          }
        ],
        "offer_expiry_reason": ""
      },
      "server_timestamp": "2019-05-24T09:48:42.943Z",
      "redemption_type_flat_percent": "flat",
      "game_expiry_amount": 0,
      "promocode": "",
      "bonus_amount": 20,
      "cancelled_txn_count": 0,
      "post_transaction_intialized_title": "Earn \u20b920 cashback",
      "offer_id": "143830",
      "max_cashback_value_bonus_stage": "20",
      "offer_progress_construct": "You are 2 tests away from earning \u20b920 cashback",
      "Claim_CTA": "Claim \u20b910 cashback now",
      "offer_expiry": "2019-05-25T09:48:41.000Z",
      "stage": 0,
      "offer_expiry_amount": 0,
      "expire_at": "2019-05-25T09:48:41.000Z",
      "total_txn_count": 1,
      "acknowledged_at": null,
      "status": "INITIALIZED"
    },
    "errors": [

    ],
    "status": 1
  },
  "InitCancelResponse":{
    "data": {
      "max_cashback_value_initial_stage": "10",
      "created_at": "2019-05-24T09:51:10.000Z",
      "remark": "s",
      "initial_amount": 10,
      "game_expiry": "2019-05-25T09:51:10.000Z",
      "max_cashback_value": "20",
      "stage_txn_count": 3,
      "redemption_text": "",
      "redemption_status": "NOT_REDEEMED",
      "response_string": "Cashback will be credited to your account by undefined in a few days",
      "updated_at": "2019-05-24T09:51:10.000Z",
      "redemption_type_icon": "https://paytm.s3-ap-southeast-1.amazonaws.com/promo_seller_panel_uploads/production/Cashback.png",
      "percent_redemption": "20",
      "frontend_redemption_type": "cashback",
      "redemption_type": "cashback",
      "id": 143833,
      "campaign_id": 28859,
      "info": {
        "cb_earned_at": null,
        "transaction_status": 5,
        "offer_reset_count": "",
        "campaign": {
          "auto_activate": false,
          "third_party_id": -1,
          "off_us_transaction_text": "test",
          "max_offer_allowed": "1",
          "multi_stage_campaign": false,
          "offerPerMerchantPerCampaignPerDay": {

          },
          "is_offus_transaction": false,
          "progress_screen_construct": "test",
          "promoMerchantAssociation": {

          },
          "action": {
            "isAllRandomAction": false,
            "global": {
              "data": [

              ]
            },
            "states": {
              "0": {
                "data": [
                  {
                    "frontend_redemption_type": "",
                    "name": "action-select",
                    "fields": [
                      {
                        "name": "type",
                        "value": "absolute"
                      },
                      {
                        "name": "value",
                        "value": "10"
                      },
                      {
                        "name": "cap",
                        "value": "10"
                      },
                      {
                        "name": "non_kyc_cashback_mode",
                        "value": "goldback"
                      },
                      {
                        "name": "cashback_text",
                        "value": "cashback text"
                      },
                      {
                        "name": "earned_text",
                        "value": "earned text"
                      }
                    ],
                    "value": "giveSuperCash"
                  }
                ]
              },
              "1": {
                "data": [
                  {
                    "frontend_redemption_type": "",
                    "name": "action-select",
                    "fields": [
                      {
                        "name": "type",
                        "value": "absolute"
                      },
                      {
                        "name": "value",
                        "value": "20"
                      },
                      {
                        "name": "cap",
                        "value": "20"
                      },
                      {
                        "name": "non_kyc_cashback_mode",
                        "value": "goldback"
                      },
                      {
                        "name": "cashback_text",
                        "value": "cashback text"
                      },
                      {
                        "name": "earned_text",
                        "value": "earned text"
                      }
                    ],
                    "value": "giveSuperCash"
                  }
                ]
              }
            }
          },
          "redemption_type": "cashback",
          "id": 28859,
          "info": {
            "background_image_url": "test",
            "auto_activate": false,
            "isDeeplink": false,
            "game_expiry": "1",
            "title": "test",
            "off_us_transaction_text": "test",
            "offer_text_override": "test",
            "progress_screen_construct": "test",
            "surprise_text": "Test_Auto_SuperCash_Wallet_Offer_Breach",
            "cashback_process_delay": "1",
            "time_unit": "1440",
            "offer_expiry_time_unit": "1440",
            "game_expiry_amount": "0",
            "offer_keyword": "test",
            "display_tags": [

            ],
            "cashback_process_delay_unit": "1440",
            "offer_expiry": "1",
            "offer_expiry_amount": "0",
            "progress_screen_cta": "test",
            "supercash_stages": {
              "0": {
                "event": "REJECT_OFFER"
              },
              "1": {

              }
            },
            "product_list_url": "",
            "offer_image_url": "test",
            "important_terms": "test",
            "new_offers_image_url": "test",
            "offer_type_id": "13"
          },
          "redemption_type_flat_percent": "flat",
          "tnc": "https://paytmmall.com/papi/v2/promocard/supercash/campaign/tnc/28859",
          "offer_keyword": "test",
          "bonus_amount": "20",
          "deeplink_url": "",
          "offerUserCondition": {
            "condition": true,
            "actualValue": 0,
            "value": "1",
            "operator": "lessThanEqual"
          },
          "offer_expiry": 1440,
          "condition": "{\"global\":{\"data\":{\"all\":[{\"name\":\"WALLET_payeeId\",\"operator\":\"isOneOf\",\"value\":[\"296698255\"],\"error\":\"\",\"meta\":\"\"},{\"name\":\"WALLET_transactionType\",\"operator\":\"equalTo\",\"value\":\"P2M\",\"error\":\"\",\"meta\":\"\"},{\"name\":\"WALLET_orderAmount\",\"operator\":\"greaterThan\",\"value\":\"2\",\"error\":\"\",\"meta\":\"\"},{\"name\":\"offers_per_user\",\"operator\":\"lessThanEqual\",\"value\":\"1\",\"error\":\"\",\"meta\":\"\"}]}},\"states\":{\"0\":{\"data\":{\"all\":[{\"name\":\"transactionCount\",\"operator\":\"equalTo\",\"value\":\"1\",\"error\":\"\",\"meta\":\"\"}]}},\"1\":{\"data\":{\"all\":[{\"name\":\"transactionCount\",\"operator\":\"equalTo\",\"value\":\"3\",\"error\":\"\",\"meta\":\"\"}]}}}}",
          "offer_expiry_amount": "0",
          "progress_screen_cta": "test",
          "offer_type_text": "General Offer",
          "campaign": "Test_Auto_SuperCash_Wallet_1",
          "new_offers_image_url": "test",
          "important_terms": "test",
          "offer_type_id": 13,
          "promoAssociation": {

          },
          "short_description": "offer updated (test-2)",
          "background_image_url": "test",
          "max_cashback_value_initial_stage": "10",
          "offerPerUserPerMonthCondition": {

          },
          "initial_amount": "10",
          "game_expiry": 1440,
          "offer_text_override": "test",
          "surprise_text": "Test_Auto_SuperCash_Wallet_Offer_Breach",
          "percent_redemption": "20",
          "cashback_process_delay": 1,
          "frontend_redemption_type": "cashback",
          "offerMerchantCondition": {

          },
          "game_expiry_amount": "0",
          "offerPerMerchantPerCampaignPerWeek": {

          },
          "max_cashback_value_bonus_stage": "20",
          "cashback_process_delay_unit": 1440,
          "merchantPerCampaignCondition": {

          },
          "valid_upto": "2020-08-31T07:06:00.000Z",
          "stages": {
            "0": {
              "event": "REJECT_OFFER"
            },
            "1": {

            }
          },
          "offer_image_url": "test",
          "background_overlay": ""
        },
        "cashback_delay": "2019-05-25T09:51:10.000Z",
        "cancelled_txn_count": 1,
        "transactions": [
          {
            "cancellation_time": "2018-07-05 15:27:58",
            "created_at": "2018-07-05T09:57:58.000Z",
            "merchant_name": "Vineet Mittal",
            "txn_amount": 2500,
            "merchant_id": "296698255",
            "txn_source": "WALLET",
            "txn_id": 5869146732541,
            "progress_screen_construct": "Cancelled test",
            "stage": 0,
            "txn_type": "P2M",
            "payee_name": "Vineet Mittal",
            "order_id": "SM_FEAFFBA43D7F1F52",
            "status": "CANCELLED"
          }
        ],
        "offer_expiry_reason": "CANCELLATION"
      },
      "server_timestamp": "2019-05-24T09:51:10.886Z",
      "redemption_type_flat_percent": "flat",
      "game_expiry_amount": 0,
      "promocode": "",
      "bonus_amount": 20,
      "cancelled_txn_count": 1,
      "offer_id": "143833",
      "max_cashback_value_bonus_stage": "20",
      "offer_expiry": "2019-05-25T09:51:10.000Z",
      "stage": 0,
      "offer_expiry_amount": 0,
      "expire_at": "2019-05-25T09:51:10.000Z",
      "total_txn_count": 0,
      "acknowledged_at": null,
      "status": "OFFER_EXPIRED"
    },
    "errors": [

    ],
    "status": 1
  },
  "InProgressCount1CancelResponse":{
    "data": {
      "max_cashback_value_initial_stage": "10",
      "created_at": "2019-05-24T09:46:53.000Z",
      "remark": "s",
      "initial_amount": 10,
      "game_expiry": "2019-05-25T09:46:53.000Z",
      "max_cashback_value": "20",
      "stage_txn_count": 3,
      "redemption_text": "",
      "redemption_status": "NOT_REDEEMED",
      "response_string": "Cashback will be credited to your account by undefined in a few days",
      "updated_at": "2019-05-24T09:46:54.000Z",
      "redemption_type_icon": "https://paytm.s3-ap-southeast-1.amazonaws.com/promo_seller_panel_uploads/production/Cashback.png",
      "percent_redemption": "20",
      "frontend_redemption_type": "cashback",
      "redemption_type": "cashback",
      "id": 143828,
      "campaign_id": 28859,
      "info": {
        "cb_earned_at": null,
        "transaction_status": 5,
        "offer_reset_count": "",
        "campaign": {
          "auto_activate": false,
          "third_party_id": -1,
          "off_us_transaction_text": "test",
          "max_offer_allowed": "1",
          "multi_stage_campaign": false,
          "offerPerMerchantPerCampaignPerDay": {

          },
          "is_offus_transaction": false,
          "progress_screen_construct": "test",
          "promoMerchantAssociation": {

          },
          "action": {
            "isAllRandomAction": false,
            "global": {
              "data": [

              ]
            },
            "states": {
              "0": {
                "data": [
                  {
                    "frontend_redemption_type": "",
                    "name": "action-select",
                    "fields": [
                      {
                        "name": "type",
                        "value": "absolute"
                      },
                      {
                        "name": "value",
                        "value": "10"
                      },
                      {
                        "name": "cap",
                        "value": "10"
                      },
                      {
                        "name": "non_kyc_cashback_mode",
                        "value": "goldback"
                      },
                      {
                        "name": "cashback_text",
                        "value": "cashback text"
                      },
                      {
                        "name": "earned_text",
                        "value": "earned text"
                      }
                    ],
                    "value": "giveSuperCash"
                  }
                ]
              },
              "1": {
                "data": [
                  {
                    "frontend_redemption_type": "",
                    "name": "action-select",
                    "fields": [
                      {
                        "name": "type",
                        "value": "absolute"
                      },
                      {
                        "name": "value",
                        "value": "20"
                      },
                      {
                        "name": "cap",
                        "value": "20"
                      },
                      {
                        "name": "non_kyc_cashback_mode",
                        "value": "goldback"
                      },
                      {
                        "name": "cashback_text",
                        "value": "cashback text"
                      },
                      {
                        "name": "earned_text",
                        "value": "earned text"
                      }
                    ],
                    "value": "giveSuperCash"
                  }
                ]
              }
            }
          },
          "redemption_type": "cashback",
          "id": 28859,
          "info": {
            "background_image_url": "test",
            "auto_activate": false,
            "isDeeplink": false,
            "game_expiry": "1",
            "title": "test",
            "off_us_transaction_text": "test",
            "offer_text_override": "test",
            "progress_screen_construct": "test",
            "surprise_text": "Test_Auto_SuperCash_Wallet_Offer_Breach",
            "cashback_process_delay": "1",
            "time_unit": "1440",
            "offer_expiry_time_unit": "1440",
            "game_expiry_amount": "0",
            "offer_keyword": "test",
            "display_tags": [

            ],
            "cashback_process_delay_unit": "1440",
            "offer_expiry": "1",
            "offer_expiry_amount": "0",
            "progress_screen_cta": "test",
            "supercash_stages": {
              "0": {
                "event": "REJECT_OFFER"
              },
              "1": {

              }
            },
            "product_list_url": "",
            "offer_image_url": "test",
            "important_terms": "test",
            "new_offers_image_url": "test",
            "offer_type_id": "13"
          },
          "redemption_type_flat_percent": "flat",
          "tnc": "https://paytmmall.com/papi/v2/promocard/supercash/campaign/tnc/28859",
          "offer_keyword": "test",
          "bonus_amount": "20",
          "deeplink_url": "",
          "offerUserCondition": {
            "condition": true,
            "actualValue": 0,
            "value": "1",
            "operator": "lessThanEqual"
          },
          "offer_expiry": 1440,
          "condition": "{\"global\":{\"data\":{\"all\":[{\"name\":\"WALLET_payeeId\",\"operator\":\"isOneOf\",\"value\":[\"296698255\"],\"error\":\"\",\"meta\":\"\"},{\"name\":\"WALLET_transactionType\",\"operator\":\"equalTo\",\"value\":\"P2M\",\"error\":\"\",\"meta\":\"\"},{\"name\":\"WALLET_orderAmount\",\"operator\":\"greaterThan\",\"value\":\"2\",\"error\":\"\",\"meta\":\"\"},{\"name\":\"offers_per_user\",\"operator\":\"lessThanEqual\",\"value\":\"1\",\"error\":\"\",\"meta\":\"\"}]}},\"states\":{\"0\":{\"data\":{\"all\":[{\"name\":\"transactionCount\",\"operator\":\"equalTo\",\"value\":\"1\",\"error\":\"\",\"meta\":\"\"}]}},\"1\":{\"data\":{\"all\":[{\"name\":\"transactionCount\",\"operator\":\"equalTo\",\"value\":\"3\",\"error\":\"\",\"meta\":\"\"}]}}}}",
          "offer_expiry_amount": "0",
          "progress_screen_cta": "test",
          "offer_type_text": "General Offer",
          "campaign": "Test_Auto_SuperCash_Wallet_1",
          "new_offers_image_url": "test",
          "important_terms": "test",
          "offer_type_id": 13,
          "promoAssociation": {

          },
          "short_description": "offer updated (test-2)",
          "background_image_url": "test",
          "max_cashback_value_initial_stage": "10",
          "offerPerUserPerMonthCondition": {

          },
          "initial_amount": "10",
          "game_expiry": 1440,
          "offer_text_override": "test",
          "surprise_text": "Test_Auto_SuperCash_Wallet_Offer_Breach",
          "percent_redemption": "20",
          "cashback_process_delay": 1,
          "frontend_redemption_type": "cashback",
          "offerMerchantCondition": {

          },
          "game_expiry_amount": "0",
          "offerPerMerchantPerCampaignPerWeek": {

          },
          "max_cashback_value_bonus_stage": "20",
          "cashback_process_delay_unit": 1440,
          "merchantPerCampaignCondition": {

          },
          "valid_upto": "2020-08-31T07:06:00.000Z",
          "stages": {
            "0": {
              "event": "REJECT_OFFER"
            },
            "1": {

            }
          },
          "offer_image_url": "test",
          "background_overlay": ""
        },
        "cashback_delay": "2019-05-25T09:46:53.000Z",
        "cancelled_txn_count": 1,
        "transactions": [
          {
            "cancellation_time": "2018-07-05 15:27:58",
            "created_at": "2018-07-05T09:57:58.000Z",
            "merchant_name": "Vineet Mittal",
            "txn_amount": 2500,
            "merchant_id": "296698255",
            "txn_source": "WALLET",
            "txn_id": 58691206389712,
            "progress_screen_construct": "Cancelled test",
            "stage": 0,
            "txn_type": "P2M",
            "payee_name": "Vineet Mittal",
            "order_id": "SM_FEAFFBA43D7F1F52",
            "status": "CANCELLED"
          }
        ],
        "offer_expiry_reason": "CANCELLATION"
      },
      "server_timestamp": "2019-05-24T09:46:54.401Z",
      "redemption_type_flat_percent": "flat",
      "game_expiry_amount": 0,
      "promocode": "",
      "bonus_amount": 20,
      "cancelled_txn_count": 1,
      "offer_id": "143828",
      "max_cashback_value_bonus_stage": "20",
      "offer_expiry": "2019-05-25T09:46:53.000Z",
      "stage": 0,
      "offer_expiry_amount": 0,
      "expire_at": "2019-05-25T09:46:53.000Z",
      "total_txn_count": 0,
      "acknowledged_at": null,
      "status": "OFFER_EXPIRED"
    },
    "errors": [

    ],
    "status": 1
  },
  "InProgressCount2CancelResponse":{
    "data": {
      "max_cashback_value_initial_stage": "10",
      "created_at": "2019-05-24T13:21:54.000Z",
      "remark": "s",
      "initial_amount": 10,
      "game_expiry": "2019-05-25T13:21:54.000Z",
      "max_cashback_value": "20",
      "stage_txn_count": 3,
      "redemption_text": "",
      "redemption_status": "NOT_REDEEMED",
      "response_string": "Cashback will be credited to your account by undefined in a few days",
      "updated_at": "2019-05-24T13:21:55.000Z",
      "redemption_type_icon": "https://paytm.s3-ap-southeast-1.amazonaws.com/promo_seller_panel_uploads/production/Cashback.png",
      "percent_redemption": "20",
      "frontend_redemption_type": "cashback",
      "redemption_type": "cashback",
      "id": 144747,
      "campaign_id": 28859,
      "info": {
        "cb_earned_at": null,
        "transaction_status": 5,
        "offer_reset_count": "",
        "campaign": {
          "auto_activate": false,
          "third_party_id": -1,
          "off_us_transaction_text": "test",
          "max_offer_allowed": "1",
          "multi_stage_campaign": false,
          "offerPerMerchantPerCampaignPerDay": {

          },
          "is_offus_transaction": false,
          "progress_screen_construct": "test",
          "promoMerchantAssociation": {

          },
          "action": {
            "isAllRandomAction": false,
            "global": {
              "data": [

              ]
            },
            "states": {
              "0": {
                "data": [
                  {
                    "frontend_redemption_type": "",
                    "name": "action-select",
                    "fields": [
                      {
                        "name": "type",
                        "value": "absolute"
                      },
                      {
                        "name": "value",
                        "value": "10"
                      },
                      {
                        "name": "cap",
                        "value": "10"
                      },
                      {
                        "name": "non_kyc_cashback_mode",
                        "value": "goldback"
                      },
                      {
                        "name": "cashback_text",
                        "value": "cashback text"
                      },
                      {
                        "name": "earned_text",
                        "value": "earned text"
                      }
                    ],
                    "value": "giveSuperCash"
                  }
                ]
              },
              "1": {
                "data": [
                  {
                    "frontend_redemption_type": "",
                    "name": "action-select",
                    "fields": [
                      {
                        "name": "type",
                        "value": "absolute"
                      },
                      {
                        "name": "value",
                        "value": "20"
                      },
                      {
                        "name": "cap",
                        "value": "20"
                      },
                      {
                        "name": "non_kyc_cashback_mode",
                        "value": "goldback"
                      },
                      {
                        "name": "cashback_text",
                        "value": "cashback text"
                      },
                      {
                        "name": "earned_text",
                        "value": "earned text"
                      }
                    ],
                    "value": "giveSuperCash"
                  }
                ]
              }
            }
          },
          "redemption_type": "cashback",
          "id": 28859,
          "info": {
            "background_image_url": "test",
            "auto_activate": false,
            "isDeeplink": false,
            "game_expiry": "1",
            "title": "test",
            "off_us_transaction_text": "test",
            "offer_text_override": "test",
            "progress_screen_construct": "test",
            "surprise_text": "Test_Auto_SuperCash_Wallet_Offer_Breach",
            "cashback_process_delay": "1",
            "time_unit": "1440",
            "offer_expiry_time_unit": "1440",
            "game_expiry_amount": "0",
            "offer_keyword": "test",
            "display_tags": [

            ],
            "cashback_process_delay_unit": "1440",
            "offer_expiry": "1",
            "offer_expiry_amount": "0",
            "progress_screen_cta": "test",
            "supercash_stages": {
              "0": {
                "event": "REJECT_OFFER"
              },
              "1": {

              }
            },
            "product_list_url": "",
            "offer_image_url": "test",
            "important_terms": "test",
            "new_offers_image_url": "test",
            "offer_type_id": "13"
          },
          "redemption_type_flat_percent": "flat",
          "tnc": "https://paytmmall.com/papi/v2/promocard/supercash/campaign/tnc/28859",
          "offer_keyword": "test",
          "bonus_amount": "20",
          "deeplink_url": "",
          "offerUserCondition": {
            "condition": true,
            "actualValue": 0,
            "value": "1",
            "operator": "lessThanEqual"
          },
          "offer_expiry": 1440,
          "condition": "{\"global\":{\"data\":{\"all\":[{\"name\":\"WALLET_payeeId\",\"operator\":\"isOneOf\",\"value\":[\"296698255\"],\"error\":\"\",\"meta\":\"\"},{\"name\":\"WALLET_transactionType\",\"operator\":\"equalTo\",\"value\":\"P2M\",\"error\":\"\",\"meta\":\"\"},{\"name\":\"WALLET_orderAmount\",\"operator\":\"greaterThan\",\"value\":\"2\",\"error\":\"\",\"meta\":\"\"},{\"name\":\"offers_per_user\",\"operator\":\"lessThanEqual\",\"value\":\"1\",\"error\":\"\",\"meta\":\"\"}]}},\"states\":{\"0\":{\"data\":{\"all\":[{\"name\":\"transactionCount\",\"operator\":\"equalTo\",\"value\":\"1\",\"error\":\"\",\"meta\":\"\"}]}},\"1\":{\"data\":{\"all\":[{\"name\":\"transactionCount\",\"operator\":\"equalTo\",\"value\":\"3\",\"error\":\"\",\"meta\":\"\"}]}}}}",
          "offer_expiry_amount": "0",
          "progress_screen_cta": "test",
          "offer_type_text": "General Offer",
          "campaign": "Test_Auto_SuperCash_Wallet_1",
          "new_offers_image_url": "test",
          "important_terms": "test",
          "offer_type_id": 13,
          "promoAssociation": {

          },
          "short_description": "offer updated (test-2)",
          "background_image_url": "test",
          "max_cashback_value_initial_stage": "10",
          "offerPerUserPerMonthCondition": {

          },
          "initial_amount": "10",
          "game_expiry": 1440,
          "offer_text_override": "test",
          "surprise_text": "Test_Auto_SuperCash_Wallet_Offer_Breach",
          "percent_redemption": "20",
          "cashback_process_delay": 1,
          "frontend_redemption_type": "cashback",
          "offerMerchantCondition": {

          },
          "game_expiry_amount": "0",
          "offerPerMerchantPerCampaignPerWeek": {

          },
          "max_cashback_value_bonus_stage": "20",
          "cashback_process_delay_unit": 1440,
          "merchantPerCampaignCondition": {

          },
          "valid_upto": "2020-08-31T07:06:00.000Z",
          "stages": {
            "0": {
              "event": "REJECT_OFFER"
            },
            "1": {

            }
          },
          "offer_image_url": "test",
          "background_overlay": ""
        },
        "cashback_delay": "2019-05-25T13:21:54.000Z",
        "cancelled_txn_count": 1,
        "transactions": [
          {
            "cancellation_time": "2018-07-05 15:27:58",
            "created_at": "2018-07-05T09:57:58.000Z",
            "merchant_name": "Vineet Mittal",
            "txn_amount": 2500,
            "merchant_id": "296698255",
            "txn_source": "WALLET",
            "txn_id": 5870411231961,
            "progress_screen_construct": "Cancelled test",
            "stage": 0,
            "txn_type": "P2M",
            "payee_name": "Vineet Mittal",
            "order_id": "SM_FEAFFBA43D7F1F52",
            "status": "CANCELLED"
          }
        ],
        "offer_expiry_reason": "CANCELLATION"
      },
      "server_timestamp": "2019-05-24T13:21:55.460Z",
      "redemption_type_flat_percent": "flat",
      "game_expiry_amount": 0,
      "promocode": "",
      "bonus_amount": 20,
      "cancelled_txn_count": 1,
      "offer_id": "144747",
      "max_cashback_value_bonus_stage": "20",
      "offer_expiry": "2019-05-25T13:21:54.000Z",
      "stage": 0,
      "offer_expiry_amount": 0,
      "expire_at": "2019-05-25T13:21:54.000Z",
      "total_txn_count": 0,
      "acknowledged_at": null,
      "status": "OFFER_EXPIRED"
    },
    "errors": [

    ],
    "status": 1
  },
  "CompleteGameCancelResponse":{
    "data": {
      "max_cashback_value_initial_stage": "10",
      "created_at": "2019-05-24T09:42:51.000Z",
      "remark": "s",
      "initial_amount": 10,
      "game_expiry": "2019-05-25T09:42:51.000Z",
      "max_cashback_value": "20",
      "stage_txn_count": 3,
      "redemption_text": "",
      "redemption_status": "NOT_REDEEMED",
      "response_string": "Cashback will be credited to your account by undefined in a few days",
      "updated_at": "2019-05-24T09:42:53.000Z",
      "redemption_type_icon": "https://paytm.s3-ap-southeast-1.amazonaws.com/promo_seller_panel_uploads/production/Cashback.png",
      "percent_redemption": "20",
      "frontend_redemption_type": "cashback",
      "redemption_type": "cashback",
      "id": 143804,
      "campaign_id": 28859,
      "info": {
        "cb_earned_at": null,
        "transaction_status": 5,
        "offer_reset_count": "",
        "campaign": {
          "auto_activate": false,
          "third_party_id": -1,
          "off_us_transaction_text": "test",
          "max_offer_allowed": "1",
          "multi_stage_campaign": false,
          "offerPerMerchantPerCampaignPerDay": {

          },
          "is_offus_transaction": false,
          "progress_screen_construct": "test",
          "promoMerchantAssociation": {

          },
          "action": {
            "isAllRandomAction": false,
            "global": {
              "data": [

              ]
            },
            "states": {
              "0": {
                "data": [
                  {
                    "frontend_redemption_type": "",
                    "name": "action-select",
                    "fields": [
                      {
                        "name": "type",
                        "value": "absolute"
                      },
                      {
                        "name": "value",
                        "value": "10"
                      },
                      {
                        "name": "cap",
                        "value": "10"
                      },
                      {
                        "name": "non_kyc_cashback_mode",
                        "value": "goldback"
                      },
                      {
                        "name": "cashback_text",
                        "value": "cashback text"
                      },
                      {
                        "name": "earned_text",
                        "value": "earned text"
                      }
                    ],
                    "value": "giveSuperCash"
                  }
                ]
              },
              "1": {
                "data": [
                  {
                    "frontend_redemption_type": "",
                    "name": "action-select",
                    "fields": [
                      {
                        "name": "type",
                        "value": "absolute"
                      },
                      {
                        "name": "value",
                        "value": "20"
                      },
                      {
                        "name": "cap",
                        "value": "20"
                      },
                      {
                        "name": "non_kyc_cashback_mode",
                        "value": "goldback"
                      },
                      {
                        "name": "cashback_text",
                        "value": "cashback text"
                      },
                      {
                        "name": "earned_text",
                        "value": "earned text"
                      }
                    ],
                    "value": "giveSuperCash"
                  }
                ]
              }
            }
          },
          "redemption_type": "cashback",
          "id": 28859,
          "info": {
            "background_image_url": "test",
            "auto_activate": false,
            "isDeeplink": false,
            "game_expiry": "1",
            "title": "test",
            "off_us_transaction_text": "test",
            "offer_text_override": "test",
            "progress_screen_construct": "test",
            "surprise_text": "Test_Auto_SuperCash_Wallet_Offer_Breach",
            "cashback_process_delay": "1",
            "time_unit": "1440",
            "offer_expiry_time_unit": "1440",
            "game_expiry_amount": "0",
            "offer_keyword": "test",
            "display_tags": [

            ],
            "cashback_process_delay_unit": "1440",
            "offer_expiry": "1",
            "offer_expiry_amount": "0",
            "progress_screen_cta": "test",
            "supercash_stages": {
              "0": {
                "event": "REJECT_OFFER"
              },
              "1": {

              }
            },
            "product_list_url": "",
            "offer_image_url": "test",
            "important_terms": "test",
            "new_offers_image_url": "test",
            "offer_type_id": "13"
          },
          "redemption_type_flat_percent": "flat",
          "tnc": "https://paytmmall.com/papi/v2/promocard/supercash/campaign/tnc/28859",
          "offer_keyword": "test",
          "bonus_amount": "20",
          "deeplink_url": "",
          "offerUserCondition": {
            "condition": true,
            "actualValue": 0,
            "value": "1",
            "operator": "lessThanEqual"
          },
          "offer_expiry": 1440,
          "condition": "{\"global\":{\"data\":{\"all\":[{\"name\":\"WALLET_payeeId\",\"operator\":\"isOneOf\",\"value\":[\"296698255\"],\"error\":\"\",\"meta\":\"\"},{\"name\":\"WALLET_transactionType\",\"operator\":\"equalTo\",\"value\":\"P2M\",\"error\":\"\",\"meta\":\"\"},{\"name\":\"WALLET_orderAmount\",\"operator\":\"greaterThan\",\"value\":\"2\",\"error\":\"\",\"meta\":\"\"},{\"name\":\"offers_per_user\",\"operator\":\"lessThanEqual\",\"value\":\"1\",\"error\":\"\",\"meta\":\"\"}]}},\"states\":{\"0\":{\"data\":{\"all\":[{\"name\":\"transactionCount\",\"operator\":\"equalTo\",\"value\":\"1\",\"error\":\"\",\"meta\":\"\"}]}},\"1\":{\"data\":{\"all\":[{\"name\":\"transactionCount\",\"operator\":\"equalTo\",\"value\":\"3\",\"error\":\"\",\"meta\":\"\"}]}}}}",
          "offer_expiry_amount": "0",
          "progress_screen_cta": "test",
          "offer_type_text": "General Offer",
          "campaign": "Test_Auto_SuperCash_Wallet_1",
          "new_offers_image_url": "test",
          "important_terms": "test",
          "offer_type_id": 13,
          "promoAssociation": {

          },
          "short_description": "offer updated (test-2)",
          "background_image_url": "test",
          "max_cashback_value_initial_stage": "10",
          "offerPerUserPerMonthCondition": {

          },
          "initial_amount": "10",
          "game_expiry": 1440,
          "offer_text_override": "test",
          "surprise_text": "Test_Auto_SuperCash_Wallet_Offer_Breach",
          "percent_redemption": "20",
          "cashback_process_delay": 1,
          "frontend_redemption_type": "cashback",
          "offerMerchantCondition": {

          },
          "game_expiry_amount": "0",
          "offerPerMerchantPerCampaignPerWeek": {

          },
          "max_cashback_value_bonus_stage": "20",
          "cashback_process_delay_unit": 1440,
          "merchantPerCampaignCondition": {

          },
          "valid_upto": "2020-08-31T07:06:00.000Z",
          "stages": {
            "0": {
              "event": "REJECT_OFFER"
            },
            "1": {

            }
          },
          "offer_image_url": "test",
          "background_overlay": ""
        },
        "cashback_delay": "2019-05-25T09:42:51.000Z",
        "cancelled_txn_count": 1,
        "transactions": [
          {
            "cancellation_time": "2018-07-05 15:27:58",
            "created_at": "2018-07-05T09:57:58.000Z",
            "merchant_name": "Vineet Mittal",
            "txn_amount": 2500,
            "merchant_id": "296698255",
            "txn_source": "WALLET",
            "txn_id": 58690969396312,
            "progress_screen_construct": "Cancelled test",
            "stage": 0,
            "txn_type": "P2M",
            "payee_name": "Vineet Mittal",
            "order_id": "SM_FEAFFBA43D7F1F52",
            "status": "CANCELLED"
          }
        ],
        "offer_expiry_reason": "CANCELLATION"
      },
      "server_timestamp": "2019-05-24T09:42:53.512Z",
      "redemption_type_flat_percent": "flat",
      "game_expiry_amount": 0,
      "promocode": "",
      "bonus_amount": 20,
      "cancelled_txn_count": 1,
      "offer_id": "143804",
      "max_cashback_value_bonus_stage": "20",
      "offer_expiry": "2019-05-25T09:42:51.000Z",
      "stage": 0,
      "offer_expiry_amount": 0,
      "expire_at": "2019-05-25T09:42:51.000Z",
      "total_txn_count": 0,
      "acknowledged_at": null,
      "status": "OFFER_EXPIRED"
    },
    "errors": [

    ],
    "status": 1
  }
}
