{
  "initGameV1":{
    "max_cashback_value_initial_stage": "100",
    "created_at": "2019-05-22T07:22:44.000Z",
    "remark": null,
    "initial_amount": 100,
    "game_expiry": "2019-05-23T07:22:44.000Z",
    "stage_txn_count": 3,
    "redemption_status": "NOT_REDEEMED",
    "response_string": "Cashback will be credited to your account by undefined in a few days",
    "updated_at": "2019-05-22T07:22:44.000Z",
    "percent_redemption": "75",
    "redemption_type": "cashback",
    "id": "139320",
    "campaign_id": 27992,
    "info": {
      "campaign": {
        "auto_activate": false,
        "isDeeplink": false,
        "third_party_id": -1,
        "off_us_transaction_text": "test",
        "max_offer_allowed": "1000",
        "offerPerMerchantPerCampaignPerDay": {

        },
        "stage_txn_count": 3,
        "progress_screen_construct": "test",
        "promoMerchantAssociation": {

        },
        "action": {
          "isAllRandomAction": false,
          "global": {
            "data": [

            ]
          },
          "states": {
            "0": {
              "data": [
                {
                  "frontend_redemption_type": "",
                  "name": "action-select",
                  "fields": [
                    {
                      "name": "type",
                      "value": "percentage"
                    },
                    {
                      "name": "value",
                      "value": "50"
                    },
                    {
                      "name": "cap",
                      "value": "100"
                    },
                    {
                      "name": "non_kyc_cashback_mode",
                      "value": "goldback"
                    }
                  ],
                  "value": "giveSuperCash",
                  "surprise_stage": false
                }
              ]
            },
            "1": {
              "data": [
                {
                  "frontend_redemption_type": "",
                  "name": "action-select",
                  "fields": [
                    {
                      "name": "type",
                      "value": "percentage"
                    },
                    {
                      "name": "value",
                      "value": "75"
                    },
                    {
                      "name": "cap",
                      "value": "200"
                    },
                    {
                      "name": "non_kyc_cashback_mode",
                      "value": "goldback"
                    }
                  ],
                  "value": "giveSuperCash",
                  "surprise_stage": false
                }
              ]
            }
          }
        },
        "redemption_type": "cashback",
        "id": 27992,
        "info": {
          "background_image_url": "test",
          "auto_activate": false,
          "isDeeplink": false,
          "game_expiry_amount": "0",
          "offer_keyword": "test",
          "game_expiry": "1",
          "title": "test",
          "off_us_transaction_text": "test",
          "display_tags": [

          ],
          "offer_text_override": "test",
          "cashback_process_delay_unit": "1440",
          "offer_expiry": "1",
          "progress_screen_construct": "test",
          "surprise_text": "tested",
          "offer_expiry_amount": "0",
          "progress_screen_cta": "test",
          "cashback_process_delay": "1",
          "supercash_stages": {
            "0": {
              "event": "REJECT_OFFER"
            },
            "1": {

            }
          },
          "time_unit": "1440",
          "offer_image_url": "test",
          "important_terms": "test",
          "new_offers_image_url": "test",
          "offer_type_id": "13",
          "offer_expiry_time_unit": "1440"
        },
        "redemption_type_flat_percent": "percentage",
        "tnc": "https://paytmmall.com/papi/v1/promocard/promo-supercash/campaign/tnc/27992",
        "offer_keyword": "test",
        "bonus_amount": "200",
        "deeplink_url": "",
        "offerUserCondition": {
          "condition": true,
          "actualValue": 0,
          "value": "1000",
          "operator": "lessThanEqual"
        },
        "offer_expiry": 1440,
        "condition": "{\"global\":{\"data\":{\"all\":[{\"name\":\"WALLET_payeeId\",\"operator\":\"isOneOf\",\"value\":[\"396698255\"],\"error\":\"\",\"meta\":\"\"},{\"name\":\"WALLET_transactionType\",\"operator\":\"isOneOf\",\"value\":[\"P2M\"],\"error\":\"\",\"meta\":\"\"},{\"name\":\"WALLET_orderAmount\",\"operator\":\"greaterThan\",\"value\":\"2\",\"error\":\"\",\"meta\":\"\"},{\"name\":\"offers_per_user\",\"operator\":\"lessThanEqual\",\"value\":\"1000\",\"error\":\"\",\"meta\":\"\"}]}},\"states\":{\"0\":{\"data\":{\"all\":[{\"name\":\"transactionCount\",\"operator\":\"equalTo\",\"value\":\"1\",\"error\":\"\",\"meta\":\"\"}]}},\"1\":{\"data\":{\"all\":[{\"name\":\"transactionCount\",\"operator\":\"equalTo\",\"value\":\"3\",\"error\":\"\",\"meta\":\"\"}]}}}}",
        "offer_expiry_amount": "0",
        "progress_screen_cta": "test",
        "offer_type_text": "General Offer",
        "campaign": "Percent_SuperCash_Wallet",
        "new_offers_image_url": "test",
        "important_terms": "test",
        "offer_type_id": 13,
        "promoAssociation": {

        },
        "short_description": "offer updated (test-2)",
        "background_image_url": "test",
        "max_cashback_value_initial_stage": "100",
        "offerPerUserPerMonthCondition": {

        },
        "description": "offer",
        "initial_amount": "100",
        "game_expiry": 1440,
        "title": "test",
        "offer_text_override": "test",
        "surprise_text": "tested",
        "percent_redemption": "75",
        "cashback_process_delay": 1,
        "offerMerchantCondition": {

        },
        "game_expiry_amount": "0",
        "offerPerMerchantPerCampaignPerWeek": {

        },
        "max_cashback_value_bonus_stage": "200",
        "cashback_process_delay_unit": 1440,
        "merchantPerCampaignCondition": {

        },
        "valid_upto": "2020-08-31T07:06:00.000Z",
        "stages": {
          "0": {
            "event": "REJECT_OFFER"
          },
          "1": {

          }
        },
        "offer_image_url": "test",
        "background_overlay": "",
        "total_txn_count": 3
      },
      "transactions": [
        {
          "txn_id": 585097623913941,
          "stage": 0,
          "txn_type": "P2M",
          "payee_name": "Vineet Mittal",
          "created_at": "2018-07-05T09:57:58.000Z",
          "merchant_name": "Vineet Mittal",
          "txn_amount": 2500,
          "merchant_id": "396698255",
          "txn_source": "WALLET",
          "order_id": "SM_FEAFFBA43D7F1F52"
        }
      ]
    },
    "server_timestamp": "2019-05-22T07:22:44.880Z",
    "redemption_type_flat_percent": "percentage",
    "game_expiry_amount": 0,
    "promocode": "",
    "bonus_amount": 200,
    "max_cashback_value_bonus_stage": "200",
    "offer_expiry": "2019-05-23T07:22:44.000Z",
    "stage": 0,
    "offer_expiry_amount": 0,
    "total_txn_count": 1,
    "status": "INITIALIZED"
  },
  "initGameV2":{
    "data": {
      "max_cashback_value_initial_stage": "100",
      "created_at": "2019-05-22T07:16:34.000Z",
      "post_transaction_progress_status": "You are just 2 tests away from earning upto \u20b9200 cashback",
      "remark": null,
      "initial_amount": 100,
      "game_expiry": "2019-05-23T07:16:34.000Z",
      "max_cashback_value": "200",
      "stage_txn_count": 3,
      "redemption_text": "",
      "redemption_status": "NOT_REDEEMED",
      "response_string": "Cashback will be credited to your account by undefined in a few days",
      "updated_at": "2019-05-22T07:16:35.000Z",
      "redemption_type_icon": "https://paytm.s3-ap-southeast-1.amazonaws.com/promo_seller_panel_uploads/production/Cashback.png",
      "post_transaction_initialized": "Earn upto \u20b9200 cashback by doing 2 more tests",
      "percent_redemption": "75",
      "post_transaction_collapsed_completed": "Congratulations! upto #\u20b9200# on test",
      "frontend_redemption_type": "cashback",
      "initialized_transaction_construct": "You have done 1 test. Activate offer and do 2 more to get upto \u20b9200 cashback",
      "redemption_type": "cashback",
      "id": 139151,
      "post_transaction_collapsed_progress": "Get cashback upto #\u20b9200# on doing 2 more tests",
      "campaign_id": 27992,
      "post_transaction_collapsed_initialized": "Get cashback upto #\u20b9200# on test",
      "info": {
        "cb_earned_at": null,
        "transaction_status": 1,
        "offer_reset_count": "",
        "campaign": {
          "auto_activate": false,
          "third_party_id": -1,
          "off_us_transaction_text": "test",
          "max_offer_allowed": "1000",
          "multi_stage_campaign": false,
          "offerPerMerchantPerCampaignPerDay": {

          },
          "is_offus_transaction": false,
          "progress_screen_construct": "test",
          "promoMerchantAssociation": {

          },
          "action": {
            "isAllRandomAction": false,
            "global": {
              "data": [

              ]
            },
            "states": {
              "0": {
                "data": [
                  {
                    "frontend_redemption_type": "",
                    "name": "action-select",
                    "fields": [
                      {
                        "name": "type",
                        "value": "percentage"
                      },
                      {
                        "name": "value",
                        "value": "50"
                      },
                      {
                        "name": "cap",
                        "value": "100"
                      },
                      {
                        "name": "non_kyc_cashback_mode",
                        "value": "goldback"
                      }
                    ],
                    "value": "giveSuperCash",
                    "surprise_stage": false
                  }
                ]
              },
              "1": {
                "data": [
                  {
                    "frontend_redemption_type": "",
                    "name": "action-select",
                    "fields": [
                      {
                        "name": "type",
                        "value": "percentage"
                      },
                      {
                        "name": "value",
                        "value": "75"
                      },
                      {
                        "name": "cap",
                        "value": "200"
                      },
                      {
                        "name": "non_kyc_cashback_mode",
                        "value": "goldback"
                      }
                    ],
                    "value": "giveSuperCash",
                    "surprise_stage": false
                  }
                ]
              }
            }
          },
          "redemption_type": "cashback",
          "id": 27992,
          "info": {
            "background_image_url": "test",
            "auto_activate": false,
            "isDeeplink": false,
            "game_expiry_amount": "0",
            "offer_keyword": "test",
            "game_expiry": "1",
            "title": "test",
            "off_us_transaction_text": "test",
            "display_tags": [

            ],
            "offer_text_override": "test",
            "cashback_process_delay_unit": "1440",
            "offer_expiry": "1",
            "progress_screen_construct": "test",
            "surprise_text": "tested",
            "offer_expiry_amount": "0",
            "progress_screen_cta": "test",
            "cashback_process_delay": "1",
            "supercash_stages": {
              "0": {
                "event": "REJECT_OFFER"
              },
              "1": {

              }
            },
            "time_unit": "1440",
            "offer_image_url": "test",
            "important_terms": "test",
            "new_offers_image_url": "test",
            "offer_type_id": "13",
            "offer_expiry_time_unit": "1440"
          },
          "redemption_type_flat_percent": "percentage",
          "tnc": "https://paytmmall.com/papi/v2/promocard/supercash/campaign/tnc/27992",
          "offer_keyword": "test",
          "bonus_amount": "200",
          "deeplink_url": "",
          "offerUserCondition": {
            "condition": true,
            "actualValue": 0,
            "value": "1000",
            "operator": "lessThanEqual"
          },
          "offer_expiry": 1440,
          "condition": "{\"global\":{\"data\":{\"all\":[{\"name\":\"WALLET_payeeId\",\"operator\":\"isOneOf\",\"value\":[\"396698255\"],\"error\":\"\",\"meta\":\"\"},{\"name\":\"WALLET_transactionType\",\"operator\":\"isOneOf\",\"value\":[\"P2M\"],\"error\":\"\",\"meta\":\"\"},{\"name\":\"WALLET_orderAmount\",\"operator\":\"greaterThan\",\"value\":\"2\",\"error\":\"\",\"meta\":\"\"},{\"name\":\"offers_per_user\",\"operator\":\"lessThanEqual\",\"value\":\"1000\",\"error\":\"\",\"meta\":\"\"}]}},\"states\":{\"0\":{\"data\":{\"all\":[{\"name\":\"transactionCount\",\"operator\":\"equalTo\",\"value\":\"1\",\"error\":\"\",\"meta\":\"\"}]}},\"1\":{\"data\":{\"all\":[{\"name\":\"transactionCount\",\"operator\":\"equalTo\",\"value\":\"3\",\"error\":\"\",\"meta\":\"\"}]}}}}",
          "offer_expiry_amount": "0",
          "progress_screen_cta": "test",
          "offer_type_text": "General Offer",
          "campaign": "Percent_SuperCash_Wallet",
          "new_offers_image_url": "test",
          "important_terms": "test",
          "offer_type_id": 13,
          "promoAssociation": {

          },
          "short_description": "offer updated (test-2)",
          "background_image_url": "test",
          "max_cashback_value_initial_stage": "100",
          "offerPerUserPerMonthCondition": {

          },
          "initial_amount": "100",
          "game_expiry": 1440,
          "offer_text_override": "test",
          "surprise_text": "tested",
          "percent_redemption": "75",
          "cashback_process_delay": 1,
          "frontend_redemption_type": "cashback",
          "offerMerchantCondition": {

          },
          "game_expiry_amount": "0",
          "offerPerMerchantPerCampaignPerWeek": {

          },
          "max_cashback_value_bonus_stage": "200",
          "cashback_process_delay_unit": 1440,
          "merchantPerCampaignCondition": {

          },
          "valid_upto": "2020-08-31T07:06:00.000Z",
          "stages": {
            "0": {
              "event": "REJECT_OFFER"
            },
            "1": {

            }
          },
          "offer_image_url": "test",
          "background_overlay": ""
        },
        "cashback_delay": "2019-05-23T07:16:34.000Z",
        "cancelled_txn_count": 0,
        "transactions": [
          {
            "txn_id": 585093933891811,
            "progress_screen_construct": "1st test",
            "stage": 0,
            "txn_type": "P2M",
            "payee_name": "Vineet Mittal",
            "created_at": "2018-07-05T09:57:58.000Z",
            "merchant_name": "Vineet Mittal",
            "txn_amount": 2500,
            "merchant_id": "396698255",
            "txn_source": "WALLET",
            "order_id": "SM_FEAFFBA43D7F1F52"
          }
        ],
        "offer_expiry_reason": ""
      },
      "server_timestamp": "2019-05-22T07:16:35.051Z",
      "redemption_type_flat_percent": "percentage",
      "game_expiry_amount": 0,
      "promocode": "",
      "bonus_amount": 200,
      "cancelled_txn_count": 0,
      "post_transaction_intialized_title": "Earn upto \u20b9200 cashback",
      "offer_id": "139151",
      "max_cashback_value_bonus_stage": "200",
      "offer_progress_construct": "You are 2 tests away from earning upto \u20b9200 cashback",
      "Claim_CTA": "Claim \u20b9100 cashback now",
      "offer_expiry": "2019-05-23T07:16:34.000Z",
      "stage": 0,
      "offer_expiry_amount": 0,
      "expire_at": "2019-05-23T07:16:34.000Z",
      "total_txn_count": 1,
      "acknowledged_at": null,
      "status": "INITIALIZED"
    },
    "errors": [

    ],
    "status": 1
  },
  "deniedGameV1":{
    "server_timestamp": "2019-05-22T07:21:17.534Z",
    "game_expiry_amount": 0,
    "created_at": "2019-05-22T07:21:16.000Z",
    "promocode": "",
    "bonus_amount": 200,
    "remark": null,
    "initial_amount": 100,
    "game_expiry": "2019-05-23T07:21:16.000Z",
    "offer_expiry": "2019-05-23T07:21:16.000Z",
    "stage_txn_count": 3,
    "redemption_status": "REDEEM_REQUESTED",
    "response_string": "Cashback will be credited to your account by undefined in a few days",
    "stage": 0,
    "updated_at": "2019-05-22T07:21:16.000Z",
    "offer_expiry_amount": 0,
    "redemption_type": "cashback",
    "id": "139311",
    "total_txn_count": 1,
    "campaign_id": 27992,
    "acknowledged_at": "2019-05-22 12:51:17",
    "status": "DENIED",
    "info": {
      "cb_earned_at": "2019-05-22T07:21:17.526Z",
      "campaign": {
        "auto_activate": false,
        "isDeeplink": false,
        "third_party_id": -1,
        "off_us_transaction_text": "test",
        "max_offer_allowed": "1000",
        "offerPerMerchantPerCampaignPerDay": {

        },
        "stage_txn_count": 3,
        "progress_screen_construct": "test",
        "promoMerchantAssociation": {

        },
        "action": {
          "isAllRandomAction": false,
          "global": {
            "data": [

            ]
          },
          "states": {
            "0": {
              "data": [
                {
                  "frontend_redemption_type": "",
                  "name": "action-select",
                  "fields": [
                    {
                      "name": "type",
                      "value": "percentage"
                    },
                    {
                      "name": "value",
                      "value": "50"
                    },
                    {
                      "name": "cap",
                      "value": "100"
                    },
                    {
                      "name": "non_kyc_cashback_mode",
                      "value": "goldback"
                    }
                  ],
                  "value": "giveSuperCash",
                  "surprise_stage": false
                }
              ]
            },
            "1": {
              "data": [
                {
                  "frontend_redemption_type": "",
                  "name": "action-select",
                  "fields": [
                    {
                      "name": "type",
                      "value": "percentage"
                    },
                    {
                      "name": "value",
                      "value": "75"
                    },
                    {
                      "name": "cap",
                      "value": "200"
                    },
                    {
                      "name": "non_kyc_cashback_mode",
                      "value": "goldback"
                    }
                  ],
                  "value": "giveSuperCash",
                  "surprise_stage": false
                }
              ]
            }
          }
        },
        "redemption_type": "cashback",
        "id": 27992,
        "info": {
          "background_image_url": "test",
          "auto_activate": false,
          "isDeeplink": false,
          "game_expiry_amount": "0",
          "offer_keyword": "test",
          "game_expiry": "1",
          "title": "test",
          "off_us_transaction_text": "test",
          "display_tags": [

          ],
          "offer_text_override": "test",
          "cashback_process_delay_unit": "1440",
          "offer_expiry": "1",
          "progress_screen_construct": "test",
          "surprise_text": "tested",
          "offer_expiry_amount": "0",
          "progress_screen_cta": "test",
          "cashback_process_delay": "1",
          "supercash_stages": {
            "0": {
              "event": "REJECT_OFFER"
            },
            "1": {

            }
          },
          "time_unit": "1440",
          "offer_image_url": "test",
          "important_terms": "test",
          "new_offers_image_url": "test",
          "offer_type_id": "13",
          "offer_expiry_time_unit": "1440"
        },
        "redemption_type_flat_percent": "percentage",
        "tnc": "https://paytmmall.com/papi/v1/promocard/promo-supercash/campaign/tnc/27992",
        "offer_keyword": "test",
        "bonus_amount": "200",
        "deeplink_url": "",
        "offerUserCondition": {
          "condition": true,
          "actualValue": 0,
          "value": "1000",
          "operator": "lessThanEqual"
        },
        "offer_expiry": 1440,
        "condition": "{\"global\":{\"data\":{\"all\":[{\"name\":\"WALLET_payeeId\",\"operator\":\"isOneOf\",\"value\":[\"396698255\"],\"error\":\"\",\"meta\":\"\"},{\"name\":\"WALLET_transactionType\",\"operator\":\"isOneOf\",\"value\":[\"P2M\"],\"error\":\"\",\"meta\":\"\"},{\"name\":\"WALLET_orderAmount\",\"operator\":\"greaterThan\",\"value\":\"2\",\"error\":\"\",\"meta\":\"\"},{\"name\":\"offers_per_user\",\"operator\":\"lessThanEqual\",\"value\":\"1000\",\"error\":\"\",\"meta\":\"\"}]}},\"states\":{\"0\":{\"data\":{\"all\":[{\"name\":\"transactionCount\",\"operator\":\"equalTo\",\"value\":\"1\",\"error\":\"\",\"meta\":\"\"}]}},\"1\":{\"data\":{\"all\":[{\"name\":\"transactionCount\",\"operator\":\"equalTo\",\"value\":\"3\",\"error\":\"\",\"meta\":\"\"}]}}}}",
        "offer_expiry_amount": "0",
        "progress_screen_cta": "test",
        "offer_type_text": "General Offer",
        "campaign": "Percent_SuperCash_Wallet",
        "new_offers_image_url": "test",
        "important_terms": "test",
        "offer_type_id": 13,
        "promoAssociation": {

        },
        "short_description": "offer updated (test-2)",
        "background_image_url": "test",
        "max_cashback_value_initial_stage": "100",
        "offerPerUserPerMonthCondition": {

        },
        "description": "offer",
        "initial_amount": "100",
        "game_expiry": 1440,
        "title": "test",
        "offer_text_override": "test",
        "surprise_text": "tested",
        "percent_redemption": "75",
        "cashback_process_delay": 1,
        "offerMerchantCondition": {

        },
        "game_expiry_amount": "0",
        "offerPerMerchantPerCampaignPerWeek": {

        },
        "max_cashback_value_bonus_stage": "200",
        "cashback_process_delay_unit": 1440,
        "merchantPerCampaignCondition": {

        },
        "valid_upto": "2020-08-31T07:06:00.000Z",
        "stages": {
          "0": {
            "event": "REJECT_OFFER"
          },
          "1": {

          }
        },
        "offer_image_url": "test",
        "background_overlay": "",
        "total_txn_count": 3
      },
      "transactions": [
        {
          "txn_id": 585096743538791,
          "stage": 0,
          "txn_type": "P2M",
          "payee_name": "Vineet Mittal",
          "created_at": "2018-07-05T09:57:58.000Z",
          "merchant_name": "Vineet Mittal",
          "txn_amount": 2500,
          "merchant_id": "396698255",
          "txn_source": "WALLET",
          "order_id": "SM_FEAFFBA43D7F1F52"
        }
      ]
    }
  },
  "deniedGameV2":{
    "data": {
      "max_cashback_value_initial_stage": "100",
      "created_at": "2019-05-21T11:57:11.000Z",
      "remark": null,
      "initial_amount": 100,
      "game_expiry": "2019-05-22T11:57:11.000Z",
      "max_cashback_value": "200",
      "stage_txn_count": 3,
      "redemption_text": "",
      "redemption_status": "REDEEM_REQUESTED",
      "response_string": "Cashback will be credited to your account by undefined in a few days",
      "updated_at": "2019-05-21T11:57:12.000Z",
      "redemption_type_icon": "https://paytm.s3-ap-southeast-1.amazonaws.com/promo_seller_panel_uploads/production/Cashback.png",
      "percent_redemption": "75",
      "frontend_redemption_type": "cashback",
      "redemption_type": "cashback",
      "id": 137083,
      "campaign_id": 27992,
      "info": {
        "cb_earned_at": "2019-05-21T11:57:13.325Z",
        "transaction_status": 7,
        "offer_reset_count": "",
        "campaign": {
          "auto_activate": false,
          "third_party_id": -1,
          "off_us_transaction_text": "test",
          "max_offer_allowed": "1000",
          "multi_stage_campaign": false,
          "offerPerMerchantPerCampaignPerDay": {

          },
          "is_offus_transaction": false,
          "progress_screen_construct": "test",
          "promoMerchantAssociation": {

          },
          "action": {
            "isAllRandomAction": false,
            "global": {
              "data": [

              ]
            },
            "states": {
              "0": {
                "data": [
                  {
                    "frontend_redemption_type": "",
                    "name": "action-select",
                    "fields": [
                      {
                        "name": "type",
                        "value": "percentage"
                      },
                      {
                        "name": "value",
                        "value": "50"
                      },
                      {
                        "name": "cap",
                        "value": "100"
                      },
                      {
                        "name": "non_kyc_cashback_mode",
                        "value": "goldback"
                      }
                    ],
                    "value": "giveSuperCash",
                    "surprise_stage": false
                  }
                ]
              },
              "1": {
                "data": [
                  {
                    "frontend_redemption_type": "",
                    "name": "action-select",
                    "fields": [
                      {
                        "name": "type",
                        "value": "percentage"
                      },
                      {
                        "name": "value",
                        "value": "75"
                      },
                      {
                        "name": "cap",
                        "value": "200"
                      },
                      {
                        "name": "non_kyc_cashback_mode",
                        "value": "goldback"
                      }
                    ],
                    "value": "giveSuperCash",
                    "surprise_stage": false
                  }
                ]
              }
            }
          },
          "redemption_type": "cashback",
          "id": 27992,
          "info": {
            "background_image_url": "test",
            "auto_activate": false,
            "isDeeplink": false,
            "game_expiry_amount": "0",
            "offer_keyword": "test",
            "game_expiry": "1",
            "title": "test",
            "off_us_transaction_text": "test",
            "display_tags": [

            ],
            "offer_text_override": "test",
            "cashback_process_delay_unit": "1440",
            "offer_expiry": "1",
            "progress_screen_construct": "test",
            "surprise_text": "tested",
            "offer_expiry_amount": "0",
            "progress_screen_cta": "test",
            "cashback_process_delay": "1",
            "supercash_stages": {
              "0": {
                "event": "REJECT_OFFER"
              },
              "1": {

              }
            },
            "time_unit": "1440",
            "offer_image_url": "test",
            "important_terms": "test",
            "new_offers_image_url": "test",
            "offer_type_id": "13",
            "offer_expiry_time_unit": "1440"
          },
          "redemption_type_flat_percent": "percentage",
          "tnc": "https://paytmmall.com/papi/v2/promocard/supercash/campaign/tnc/27992",
          "offer_keyword": "test",
          "bonus_amount": "200",
          "deeplink_url": "",
          "offerUserCondition": {
            "condition": true,
            "actualValue": 0,
            "value": "1000",
            "operator": "lessThanEqual"
          },
          "offer_expiry": 1440,
          "condition": "{\"global\":{\"data\":{\"all\":[{\"name\":\"WALLET_payeeId\",\"operator\":\"isOneOf\",\"value\":[\"396698255\"],\"error\":\"\",\"meta\":\"\"},{\"name\":\"WALLET_transactionType\",\"operator\":\"isOneOf\",\"value\":[\"P2M\"],\"error\":\"\",\"meta\":\"\"},{\"name\":\"WALLET_orderAmount\",\"operator\":\"greaterThan\",\"value\":\"2\",\"error\":\"\",\"meta\":\"\"},{\"name\":\"offers_per_user\",\"operator\":\"lessThanEqual\",\"value\":\"1000\",\"error\":\"\",\"meta\":\"\"}]}},\"states\":{\"0\":{\"data\":{\"all\":[{\"name\":\"transactionCount\",\"operator\":\"equalTo\",\"value\":\"1\",\"error\":\"\",\"meta\":\"\"}]}},\"1\":{\"data\":{\"all\":[{\"name\":\"transactionCount\",\"operator\":\"equalTo\",\"value\":\"3\",\"error\":\"\",\"meta\":\"\"}]}}}}",
          "offer_expiry_amount": "0",
          "progress_screen_cta": "test",
          "offer_type_text": "General Offer",
          "campaign": "Percent_SuperCash_Wallet",
          "new_offers_image_url": "test",
          "important_terms": "test",
          "offer_type_id": 13,
          "promoAssociation": {

          },
          "short_description": "offer updated (test-2)",
          "background_image_url": "test",
          "max_cashback_value_initial_stage": "100",
          "offerPerUserPerMonthCondition": {

          },
          "initial_amount": "100",
          "game_expiry": 1440,
          "offer_text_override": "test",
          "surprise_text": "tested",
          "percent_redemption": "75",
          "cashback_process_delay": 1,
          "frontend_redemption_type": "cashback",
          "offerMerchantCondition": {

          },
          "game_expiry_amount": "0",
          "offerPerMerchantPerCampaignPerWeek": {

          },
          "max_cashback_value_bonus_stage": "200",
          "cashback_process_delay_unit": 1440,
          "merchantPerCampaignCondition": {

          },
          "valid_upto": "2020-08-31T07:06:00.000Z",
          "stages": {
            "0": {
              "event": "REJECT_OFFER"
            },
            "1": {

            }
          },
          "offer_image_url": "test",
          "background_overlay": ""
        },
        "cashback_delay": "2019-05-22 17:27:13",
        "cancelled_txn_count": 0,
        "transactions": [
          {
            "txn_id": 584398303263171,
            "progress_screen_construct": "1st test",
            "stage": 0,
            "txn_type": "P2M",
            "payee_name": "Vineet Mittal",
            "created_at": "2018-07-05T09:57:58.000Z",
            "merchant_name": "Vineet Mittal",
            "txn_amount": 2500,
            "merchant_id": "396698255",
            "txn_source": "WALLET",
            "order_id": "SM_FEAFFBA43D7F1F52"
          }
        ],
        "offer_expiry_reason": ""
      },
      "server_timestamp": "2019-05-21T11:57:13.332Z",
      "redemption_type_flat_percent": "percentage",
      "game_expiry_amount": 0,
      "promocode": "",
      "bonus_amount": 200,
      "cancelled_txn_count": 0,
      "offer_id": "137083",
      "max_cashback_value_bonus_stage": "200",
      "offer_expiry": "2019-05-22T11:57:11.000Z",
      "stage": 0,
      "offer_expiry_amount": 0,
      "expire_at": "2019-05-22T11:57:11.000Z",
      "total_txn_count": 1,
      "acknowledged_at": "2019-05-21 17:27:13",
      "status": "DENIED"
    },
    "errors": [

    ],
    "status": 1
  },
  "inprogressGameV1":{
    "server_timestamp": "2019-05-21T11:57:31.765Z",
    "game_expiry_amount": 0,
    "created_at": "2019-05-21T11:57:30.000Z",
    "promocode": "",
    "bonus_amount": 200,
    "remark": null,
    "initial_amount": 13,
    "game_expiry": "2019-05-22T11:57:30.000Z",
    "offer_expiry": "2019-05-22T11:57:30.000Z",
    "stage_txn_count": 3,
    "redemption_status": "NO_REDEMPTION_REQUIRED",
    "response_string": "Cashback will be credited to your account by undefined in a few days",
    "stage": 1,
    "updated_at": "2019-05-21T11:57:31.000Z",
    "offer_expiry_amount": 0,
    "redemption_type": "cashback",
    "id": "137090",
    "total_txn_count": 1,
    "campaign_id": 27992,
    "acknowledged_at": "2019-05-21 17:27:31",
    "status": "INPROGRESS",
    "info": {
      "campaign": {
        "auto_activate": false,
        "isDeeplink": false,
        "third_party_id": -1,
        "off_us_transaction_text": "test",
        "max_offer_allowed": "1000",
        "offerPerMerchantPerCampaignPerDay": {

        },
        "stage_txn_count": 3,
        "progress_screen_construct": "test",
        "promoMerchantAssociation": {

        },
        "action": {
          "isAllRandomAction": false,
          "global": {
            "data": [

            ]
          },
          "states": {
            "0": {
              "data": [
                {
                  "frontend_redemption_type": "",
                  "name": "action-select",
                  "fields": [
                    {
                      "name": "type",
                      "value": "percentage"
                    },
                    {
                      "name": "value",
                      "value": "50"
                    },
                    {
                      "name": "cap",
                      "value": "100"
                    },
                    {
                      "name": "non_kyc_cashback_mode",
                      "value": "goldback"
                    }
                  ],
                  "value": "giveSuperCash",
                  "surprise_stage": false
                }
              ]
            },
            "1": {
              "data": [
                {
                  "frontend_redemption_type": "",
                  "name": "action-select",
                  "fields": [
                    {
                      "name": "type",
                      "value": "percentage"
                    },
                    {
                      "name": "value",
                      "value": "75"
                    },
                    {
                      "name": "cap",
                      "value": "200"
                    },
                    {
                      "name": "non_kyc_cashback_mode",
                      "value": "goldback"
                    }
                  ],
                  "value": "giveSuperCash",
                  "surprise_stage": false
                }
              ]
            }
          }
        },
        "redemption_type": "cashback",
        "id": 27992,
        "info": {
          "background_image_url": "test",
          "auto_activate": false,
          "isDeeplink": false,
          "game_expiry_amount": "0",
          "offer_keyword": "test",
          "game_expiry": "1",
          "title": "test",
          "off_us_transaction_text": "test",
          "display_tags": [

          ],
          "offer_text_override": "test",
          "cashback_process_delay_unit": "1440",
          "offer_expiry": "1",
          "progress_screen_construct": "test",
          "surprise_text": "tested",
          "offer_expiry_amount": "0",
          "progress_screen_cta": "test",
          "cashback_process_delay": "1",
          "supercash_stages": {
            "0": {
              "event": "REJECT_OFFER"
            },
            "1": {

            }
          },
          "time_unit": "1440",
          "offer_image_url": "test",
          "important_terms": "test",
          "new_offers_image_url": "test",
          "offer_type_id": "13",
          "offer_expiry_time_unit": "1440"
        },
        "redemption_type_flat_percent": "percentage",
        "tnc": "https://paytmmall.com/papi/v1/promocard/promo-supercash/campaign/tnc/27992",
        "offer_keyword": "test",
        "bonus_amount": "200",
        "deeplink_url": "",
        "offerUserCondition": {
          "condition": true,
          "actualValue": 0,
          "value": "1000",
          "operator": "lessThanEqual"
        },
        "offer_expiry": 1440,
        "condition": {
          "global": {
            "data": {
              "all": [
                {
                  "meta": "",
                  "name": "WALLET_payeeId",
                  "error": "",
                  "value": [
                    "396698255"
                  ],
                  "operator": "isOneOf"
                },
                {
                  "meta": "",
                  "name": "WALLET_transactionType",
                  "error": "",
                  "value": [
                    "P2M"
                  ],
                  "operator": "isOneOf"
                },
                {
                  "meta": "",
                  "name": "WALLET_orderAmount",
                  "error": "",
                  "value": "2",
                  "operator": "greaterThan"
                },
                {
                  "meta": "",
                  "name": "offers_per_user",
                  "error": "",
                  "value": "1000",
                  "operator": "lessThanEqual"
                }
              ]
            }
          },
          "states": {
            "0": {
              "data": {
                "all": [
                  {
                    "meta": "",
                    "name": "transactionCount",
                    "error": "",
                    "value": "1",
                    "operator": "equalTo"
                  }
                ]
              }
            },
            "1": {
              "data": {
                "all": [
                  {
                    "meta": "",
                    "name": "transactionCount",
                    "error": "",
                    "value": "3",
                    "operator": "equalTo"
                  }
                ]
              }
            }
          }
        },
        "offer_expiry_amount": "0",
        "progress_screen_cta": "test",
        "offer_type_text": "General Offer",
        "campaign": "Percent_SuperCash_Wallet",
        "new_offers_image_url": "test",
        "important_terms": "test",
        "offer_type_id": 13,
        "promoAssociation": {

        },
        "short_description": "offer updated (test-2)",
        "background_image_url": "test",
        "max_cashback_value_initial_stage": "100",
        "offerPerUserPerMonthCondition": {

        },
        "description": "offer",
        "initial_amount": "100",
        "game_expiry": 1440,
        "title": "test",
        "offer_text_override": "test",
        "surprise_text": "tested",
        "percent_redemption": "75",
        "cashback_process_delay": 1,
        "offerMerchantCondition": {

        },
        "game_expiry_amount": "0",
        "offerPerMerchantPerCampaignPerWeek": {

        },
        "max_cashback_value_bonus_stage": "200",
        "cashback_process_delay_unit": 1440,
        "merchantPerCampaignCondition": {

        },
        "valid_upto": "2020-08-31T07:06:00.000Z",
        "stages": {
          "0": {
            "event": "REJECT_OFFER"
          },
          "1": {

          }
        },
        "offer_image_url": "test",
        "background_overlay": "",
        "total_txn_count": 3
      },
      "transactions": [
        {
          "txn_id": 584398483822541,
          "stage": 0,
          "txn_type": "P2M",
          "payee_name": "Vineet Mittal",
          "created_at": "2018-07-05T09:57:58.000Z",
          "merchant_name": "Vineet Mittal",
          "txn_amount": 25,
          "merchant_id": "396698255",
          "txn_source": "WALLET",
          "order_id": "SM_FEAFFBA43D7F1F52"
        }
      ]
    }
  },
  "inprogressGameV2":{
    "data": {
      "max_cashback_value_initial_stage": "100",
      "created_at": "2019-05-21T11:57:37.000Z",
      "remark": null,
      "initial_amount": 13,
      "game_expiry": "2019-05-22T11:57:37.000Z",
      "max_cashback_value": "200",
      "stage_txn_count": 3,
      "redemption_text": "",
      "redemption_status": "NO_REDEMPTION_REQUIRED",
      "response_string": "Cashback will be credited to your account by undefined in a few days",
      "updated_at": "2019-05-21T11:57:38.000Z",
      "redemption_type_icon": "https://paytm.s3-ap-southeast-1.amazonaws.com/promo_seller_panel_uploads/production/Cashback.png",
      "percent_redemption": "75",
      "frontend_redemption_type": "cashback",
      "initialized_transaction_construct": "You have done 1 test. Activate offer and do 2 more to get upto \u20b9200 cashback",
      "redemption_type": "cashback",
      "id": 137092,
      "campaign_id": 27992,
      "info": {
        "cb_earned_at": null,
        "transaction_status": 2,
        "offer_reset_count": "",
        "campaign": {
          "auto_activate": false,
          "third_party_id": -1,
          "off_us_transaction_text": "test",
          "max_offer_allowed": "1000",
          "multi_stage_campaign": false,
          "offerPerMerchantPerCampaignPerDay": {

          },
          "is_offus_transaction": false,
          "progress_screen_construct": "test",
          "promoMerchantAssociation": {

          },
          "action": {
            "isAllRandomAction": false,
            "global": {
              "data": [

              ]
            },
            "states": {
              "0": {
                "data": [
                  {
                    "frontend_redemption_type": "",
                    "name": "action-select",
                    "fields": [
                      {
                        "name": "type",
                        "value": "percentage"
                      },
                      {
                        "name": "value",
                        "value": "50"
                      },
                      {
                        "name": "cap",
                        "value": "100"
                      },
                      {
                        "name": "non_kyc_cashback_mode",
                        "value": "goldback"
                      }
                    ],
                    "value": "giveSuperCash",
                    "surprise_stage": false
                  }
                ]
              },
              "1": {
                "data": [
                  {
                    "frontend_redemption_type": "",
                    "name": "action-select",
                    "fields": [
                      {
                        "name": "type",
                        "value": "percentage"
                      },
                      {
                        "name": "value",
                        "value": "75"
                      },
                      {
                        "name": "cap",
                        "value": "200"
                      },
                      {
                        "name": "non_kyc_cashback_mode",
                        "value": "goldback"
                      }
                    ],
                    "value": "giveSuperCash",
                    "surprise_stage": false
                  }
                ]
              }
            }
          },
          "redemption_type": "cashback",
          "id": 27992,
          "info": {
            "background_image_url": "test",
            "auto_activate": false,
            "isDeeplink": false,
            "game_expiry_amount": "0",
            "offer_keyword": "test",
            "game_expiry": "1",
            "title": "test",
            "off_us_transaction_text": "test",
            "display_tags": [

            ],
            "offer_text_override": "test",
            "cashback_process_delay_unit": "1440",
            "offer_expiry": "1",
            "progress_screen_construct": "test",
            "surprise_text": "tested",
            "offer_expiry_amount": "0",
            "progress_screen_cta": "test",
            "cashback_process_delay": "1",
            "supercash_stages": {
              "0": {
                "event": "REJECT_OFFER"
              },
              "1": {

              }
            },
            "time_unit": "1440",
            "offer_image_url": "test",
            "important_terms": "test",
            "new_offers_image_url": "test",
            "offer_type_id": "13",
            "offer_expiry_time_unit": "1440"
          },
          "redemption_type_flat_percent": "percentage",
          "tnc": "https://paytmmall.com/papi/v2/promocard/supercash/campaign/tnc/27992",
          "offer_keyword": "test",
          "bonus_amount": "200",
          "deeplink_url": "",
          "offerUserCondition": {
            "condition": true,
            "actualValue": 0,
            "value": "1000",
            "operator": "lessThanEqual"
          },
          "offer_expiry": 1440,
          "condition": {
            "global": {
              "data": {
                "all": [
                  {
                    "meta": "",
                    "name": "WALLET_payeeId",
                    "error": "",
                    "value": [
                      "396698255"
                    ],
                    "operator": "isOneOf"
                  },
                  {
                    "meta": "",
                    "name": "WALLET_transactionType",
                    "error": "",
                    "value": [
                      "P2M"
                    ],
                    "operator": "isOneOf"
                  },
                  {
                    "meta": "",
                    "name": "WALLET_orderAmount",
                    "error": "",
                    "value": "2",
                    "operator": "greaterThan"
                  },
                  {
                    "meta": "",
                    "name": "offers_per_user",
                    "error": "",
                    "value": "1000",
                    "operator": "lessThanEqual"
                  }
                ]
              }
            },
            "states": {
              "0": {
                "data": {
                  "all": [
                    {
                      "meta": "",
                      "name": "transactionCount",
                      "error": "",
                      "value": "1",
                      "operator": "equalTo"
                    }
                  ]
                }
              },
              "1": {
                "data": {
                  "all": [
                    {
                      "meta": "",
                      "name": "transactionCount",
                      "error": "",
                      "value": "3",
                      "operator": "equalTo"
                    }
                  ]
                }
              }
            }
          },
          "offer_expiry_amount": "0",
          "progress_screen_cta": "test",
          "offer_type_text": "General Offer",
          "campaign": "Percent_SuperCash_Wallet",
          "new_offers_image_url": "test",
          "important_terms": "test",
          "offer_type_id": 13,
          "promoAssociation": {

          },
          "short_description": "offer updated (test-2)",
          "background_image_url": "test",
          "max_cashback_value_initial_stage": "100",
          "offerPerUserPerMonthCondition": {

          },
          "initial_amount": "100",
          "game_expiry": 1440,
          "offer_text_override": "test",
          "surprise_text": "tested",
          "percent_redemption": "75",
          "cashback_process_delay": 1,
          "frontend_redemption_type": "cashback",
          "offerMerchantCondition": {

          },
          "game_expiry_amount": "0",
          "offerPerMerchantPerCampaignPerWeek": {

          },
          "max_cashback_value_bonus_stage": "200",
          "cashback_process_delay_unit": 1440,
          "merchantPerCampaignCondition": {

          },
          "valid_upto": "2020-08-31T07:06:00.000Z",
          "stages": {
            "0": {
              "event": "REJECT_OFFER"
            },
            "1": {

            }
          },
          "offer_image_url": "test",
          "background_overlay": ""
        },
        "cashback_delay": "2019-05-22T11:57:37.000Z",
        "cancelled_txn_count": 0,
        "transactions": [
          {
            "txn_id": 584398563712011,
            "progress_screen_construct": "1st test",
            "stage": 0,
            "txn_type": "P2M",
            "payee_name": "Vineet Mittal",
            "created_at": "2018-07-05T09:57:58.000Z",
            "merchant_name": "Vineet Mittal",
            "txn_amount": 25,
            "merchant_id": "396698255",
            "txn_source": "WALLET",
            "order_id": "SM_FEAFFBA43D7F1F52"
          }
        ],
        "offer_expiry_reason": ""
      },
      "server_timestamp": "2019-05-21T11:57:39.092Z",
      "redemption_type_flat_percent": "percentage",
      "game_expiry_amount": 0,
      "promocode": "",
      "bonus_amount": 200,
      "cancelled_txn_count": 0,
      "offer_id": "137092",
      "max_cashback_value_bonus_stage": "200",
      "offer_progress_construct": "You are 2 tests away from earning upto \u20b9200 cashback",
      "Claim_CTA": "Claim \u20b913 cashback now",
      "offer_expiry": "2019-05-22T11:57:37.000Z",
      "stage": 1,
      "offer_expiry_amount": 0,
      "expire_at": "2019-05-22T11:57:37.000Z",
      "total_txn_count": 1,
      "acknowledged_at": "2019-05-21 17:27:39",
      "status": "INPROGRESS"
    },
    "errors": [

    ],
    "status": 1
  },
  "completedGameV1":{
    "server_timestamp": "2019-05-21T12:18:00.101Z",
    "game_expiry_amount": 0,
    "created_at": "2019-05-21T12:17:55.000Z",
    "promocode": "",
    "bonus_amount": 19,
    "remark": null,
    "initial_amount": 13,
    "game_expiry": "2019-05-22T12:17:55.000Z",
    "offer_expiry": "2019-05-22T12:17:55.000Z",
    "stage_txn_count": 3,
    "redemption_status": "REDEEM_REQUESTED",
    "response_string": "Cashback will be credited to your account by undefined in a few days",
    "stage": 1,
    "updated_at": "2019-05-21T12:18:00.000Z",
    "offer_expiry_amount": 0,
    "redemption_type": "cashback",
    "id": "137149",
    "total_txn_count": 3,
    "campaign_id": 27992,
    "status": "COMPLETED",
    "info": {
      "cb_earned_at": "2019-05-21T12:17:59.674Z",
      "campaign": {
        "auto_activate": false,
        "isDeeplink": false,
        "third_party_id": -1,
        "off_us_transaction_text": "test",
        "max_offer_allowed": "1000",
        "offerPerMerchantPerCampaignPerDay": {

        },
        "stage_txn_count": 3,
        "progress_screen_construct": "test",
        "promoMerchantAssociation": {

        },
        "action": {
          "isAllRandomAction": false,
          "global": {
            "data": [

            ]
          },
          "states": {
            "0": {
              "data": [
                {
                  "frontend_redemption_type": "",
                  "name": "action-select",
                  "fields": [
                    {
                      "name": "type",
                      "value": "percentage"
                    },
                    {
                      "name": "value",
                      "value": "50"
                    },
                    {
                      "name": "cap",
                      "value": "100"
                    },
                    {
                      "name": "non_kyc_cashback_mode",
                      "value": "goldback"
                    }
                  ],
                  "value": "giveSuperCash",
                  "surprise_stage": false
                }
              ]
            },
            "1": {
              "data": [
                {
                  "frontend_redemption_type": "",
                  "name": "action-select",
                  "fields": [
                    {
                      "name": "type",
                      "value": "percentage"
                    },
                    {
                      "name": "value",
                      "value": "75"
                    },
                    {
                      "name": "cap",
                      "value": "200"
                    },
                    {
                      "name": "non_kyc_cashback_mode",
                      "value": "goldback"
                    }
                  ],
                  "value": "giveSuperCash",
                  "surprise_stage": false
                }
              ]
            }
          }
        },
        "redemption_type": "cashback",
        "id": 27992,
        "info": {
          "background_image_url": "test",
          "auto_activate": false,
          "isDeeplink": false,
          "game_expiry_amount": "0",
          "offer_keyword": "test",
          "game_expiry": "1",
          "title": "test",
          "off_us_transaction_text": "test",
          "display_tags": [

          ],
          "offer_text_override": "test",
          "cashback_process_delay_unit": "1440",
          "offer_expiry": "1",
          "progress_screen_construct": "test",
          "surprise_text": "tested",
          "offer_expiry_amount": "0",
          "progress_screen_cta": "test",
          "cashback_process_delay": "1",
          "supercash_stages": {
            "0": {
              "event": "REJECT_OFFER"
            },
            "1": {

            }
          },
          "time_unit": "1440",
          "offer_image_url": "test",
          "important_terms": "test",
          "new_offers_image_url": "test",
          "offer_type_id": "13",
          "offer_expiry_time_unit": "1440"
        },
        "redemption_type_flat_percent": "percentage",
        "tnc": "https://paytmmall.com/papi/v1/promocard/promo-supercash/campaign/tnc/27992",
        "offer_keyword": "test",
        "bonus_amount": "200",
        "deeplink_url": "",
        "offerUserCondition": {
          "condition": true,
          "actualValue": 0,
          "value": "1000",
          "operator": "lessThanEqual"
        },
        "offer_expiry": 1440,
        "condition": "{\"global\":{\"data\":{\"all\":[{\"name\":\"WALLET_payeeId\",\"operator\":\"isOneOf\",\"value\":[\"396698255\"],\"error\":\"\",\"meta\":\"\"},{\"name\":\"WALLET_transactionType\",\"operator\":\"isOneOf\",\"value\":[\"P2M\"],\"error\":\"\",\"meta\":\"\"},{\"name\":\"WALLET_orderAmount\",\"operator\":\"greaterThan\",\"value\":\"2\",\"error\":\"\",\"meta\":\"\"},{\"name\":\"offers_per_user\",\"operator\":\"lessThanEqual\",\"value\":\"1000\",\"error\":\"\",\"meta\":\"\"}]}},\"states\":{\"0\":{\"data\":{\"all\":[{\"name\":\"transactionCount\",\"operator\":\"equalTo\",\"value\":\"1\",\"error\":\"\",\"meta\":\"\"}]}},\"1\":{\"data\":{\"all\":[{\"name\":\"transactionCount\",\"operator\":\"equalTo\",\"value\":\"3\",\"error\":\"\",\"meta\":\"\"}]}}}}",
        "offer_expiry_amount": "0",
        "progress_screen_cta": "test",
        "offer_type_text": "General Offer",
        "campaign": "Percent_SuperCash_Wallet",
        "new_offers_image_url": "test",
        "important_terms": "test",
        "offer_type_id": 13,
        "promoAssociation": {

        },
        "short_description": "offer updated (test-2)",
        "background_image_url": "test",
        "max_cashback_value_initial_stage": "100",
        "offerPerUserPerMonthCondition": {

        },
        "description": "offer",
        "initial_amount": "100",
        "game_expiry": 1440,
        "title": "test",
        "offer_text_override": "test",
        "surprise_text": "tested",
        "percent_redemption": "75",
        "cashback_process_delay": 1,
        "offerMerchantCondition": {

        },
        "game_expiry_amount": "0",
        "offerPerMerchantPerCampaignPerWeek": {

        },
        "max_cashback_value_bonus_stage": "200",
        "cashback_process_delay_unit": 1440,
        "merchantPerCampaignCondition": {

        },
        "valid_upto": "2020-08-31T07:06:00.000Z",
        "stages": {
          "0": {
            "event": "REJECT_OFFER"
          },
          "1": {

          }
        },
        "offer_image_url": "test",
        "background_overlay": "",
        "total_txn_count": 3
      },
      "transactions": [
        {
          "txn_id": 584410743567971,
          "stage": 0,
          "txn_type": "P2M",
          "payee_name": "Vineet Mittal",
          "created_at": "2018-07-05T09:57:58.000Z",
          "merchant_name": "Vineet Mittal",
          "txn_amount": 25,
          "merchant_id": "396698255",
          "txn_source": "WALLET",
          "order_id": "SM_FEAFFBA43D7F1F52"
        },
        {
          "txn_id": 584410773484711,
          "stage": 1,
          "txn_type": "P2M",
          "payee_name": "Vineet Mittal",
          "created_at": "2018-07-05T09:57:58.000Z",
          "merchant_name": "Vineet Mittal",
          "txn_amount": 25,
          "merchant_id": "396698255",
          "txn_source": "WALLET",
          "order_id": "SM_FEAFFBA43D7F1F52"
        },
        {
          "txn_id": 584410783591961,
          "stage": 1,
          "txn_type": "P2M",
          "payee_name": "Vineet Mittal",
          "created_at": "2018-07-05T09:57:58.000Z",
          "merchant_name": "Vineet Mittal",
          "txn_amount": 25,
          "merchant_id": "396698255",
          "txn_source": "WALLET",
          "order_id": "SM_FEAFFBA43D7F1F52"
        }
      ]
    }
  },
  "completedGameV2":{
    "data": {
      "max_cashback_value_initial_stage": "100",
      "created_at": "2019-05-22T07:12:15.000Z",
      "remark": null,
      "initial_amount": 13,
      "game_expiry": "2019-05-23T07:12:15.000Z",
      "max_cashback_value": "200",
      "stage_txn_count": 3,
      "redemption_text": "Cashback will be credited within 48 hours to your paytm wallet. If any transaction is cancelled, you need to complete the offer before offer expiry to be eligible for cashback.",
      "redemption_status": "REDEEM_REQUESTED",
      "response_string": "Cashback will be credited to your account by undefined in a few days",
      "updated_at": "2019-05-22T07:12:39.000Z",
      "redemption_type_icon": "https://paytm.s3-ap-southeast-1.amazonaws.com/promo_seller_panel_uploads/production/Cashback.png",
      "percent_redemption": "75",
      "frontend_redemption_type": "cashback",
      "redemption_type": "cashback",
      "id": 139136,
      "campaign_id": 27992,
      "info": {
        "cb_earned_at": "2019-05-22T07:12:38.856Z",
        "transaction_status": 3,
        "offer_reset_count": "",
        "campaign": {
          "auto_activate": false,
          "third_party_id": -1,
          "off_us_transaction_text": "test",
          "max_offer_allowed": "1000",
          "multi_stage_campaign": false,
          "offerPerMerchantPerCampaignPerDay": {

          },
          "is_offus_transaction": false,
          "progress_screen_construct": "test",
          "promoMerchantAssociation": {

          },
          "action": {
            "isAllRandomAction": false,
            "global": {
              "data": [

              ]
            },
            "states": {
              "0": {
                "data": [
                  {
                    "frontend_redemption_type": "",
                    "name": "action-select",
                    "fields": [
                      {
                        "name": "type",
                        "value": "percentage"
                      },
                      {
                        "name": "value",
                        "value": "50"
                      },
                      {
                        "name": "cap",
                        "value": "100"
                      },
                      {
                        "name": "non_kyc_cashback_mode",
                        "value": "goldback"
                      }
                    ],
                    "value": "giveSuperCash",
                    "surprise_stage": false
                  }
                ]
              },
              "1": {
                "data": [
                  {
                    "frontend_redemption_type": "",
                    "name": "action-select",
                    "fields": [
                      {
                        "name": "type",
                        "value": "percentage"
                      },
                      {
                        "name": "value",
                        "value": "75"
                      },
                      {
                        "name": "cap",
                        "value": "200"
                      },
                      {
                        "name": "non_kyc_cashback_mode",
                        "value": "goldback"
                      }
                    ],
                    "value": "giveSuperCash",
                    "surprise_stage": false
                  }
                ]
              }
            }
          },
          "redemption_type": "cashback",
          "id": 27992,
          "info": {
            "background_image_url": "test",
            "auto_activate": false,
            "isDeeplink": false,
            "game_expiry_amount": "0",
            "offer_keyword": "test",
            "game_expiry": "1",
            "title": "test",
            "off_us_transaction_text": "test",
            "display_tags": [

            ],
            "offer_text_override": "test",
            "cashback_process_delay_unit": "1440",
            "offer_expiry": "1",
            "progress_screen_construct": "test",
            "surprise_text": "tested",
            "offer_expiry_amount": "0",
            "progress_screen_cta": "test",
            "cashback_process_delay": "1",
            "supercash_stages": {
              "0": {
                "event": "REJECT_OFFER"
              },
              "1": {

              }
            },
            "time_unit": "1440",
            "offer_image_url": "test",
            "important_terms": "test",
            "new_offers_image_url": "test",
            "offer_type_id": "13",
            "offer_expiry_time_unit": "1440"
          },
          "redemption_type_flat_percent": "percentage",
          "tnc": "https://paytmmall.com/papi/v2/promocard/supercash/campaign/tnc/27992",
          "offer_keyword": "test",
          "bonus_amount": "200",
          "deeplink_url": "",
          "offerUserCondition": {
            "condition": true,
            "actualValue": 0,
            "value": "1000",
            "operator": "lessThanEqual"
          },
          "offer_expiry": 1440,
          "condition": "{\"global\":{\"data\":{\"all\":[{\"name\":\"WALLET_payeeId\",\"operator\":\"isOneOf\",\"value\":[\"396698255\"],\"error\":\"\",\"meta\":\"\"},{\"name\":\"WALLET_transactionType\",\"operator\":\"isOneOf\",\"value\":[\"P2M\"],\"error\":\"\",\"meta\":\"\"},{\"name\":\"WALLET_orderAmount\",\"operator\":\"greaterThan\",\"value\":\"2\",\"error\":\"\",\"meta\":\"\"},{\"name\":\"offers_per_user\",\"operator\":\"lessThanEqual\",\"value\":\"1000\",\"error\":\"\",\"meta\":\"\"}]}},\"states\":{\"0\":{\"data\":{\"all\":[{\"name\":\"transactionCount\",\"operator\":\"equalTo\",\"value\":\"1\",\"error\":\"\",\"meta\":\"\"}]}},\"1\":{\"data\":{\"all\":[{\"name\":\"transactionCount\",\"operator\":\"equalTo\",\"value\":\"3\",\"error\":\"\",\"meta\":\"\"}]}}}}",
          "offer_expiry_amount": "0",
          "progress_screen_cta": "test",
          "offer_type_text": "General Offer",
          "campaign": "Percent_SuperCash_Wallet",
          "new_offers_image_url": "test",
          "important_terms": "test",
          "offer_type_id": 13,
          "promoAssociation": {

          },
          "short_description": "offer updated (test-2)",
          "background_image_url": "test",
          "max_cashback_value_initial_stage": "100",
          "offerPerUserPerMonthCondition": {

          },
          "initial_amount": "100",
          "game_expiry": 1440,
          "offer_text_override": "test",
          "surprise_text": "tested",
          "percent_redemption": "75",
          "cashback_process_delay": 1,
          "frontend_redemption_type": "cashback",
          "offerMerchantCondition": {

          },
          "game_expiry_amount": "0",
          "offerPerMerchantPerCampaignPerWeek": {

          },
          "max_cashback_value_bonus_stage": "200",
          "cashback_process_delay_unit": 1440,
          "merchantPerCampaignCondition": {

          },
          "valid_upto": "2020-08-31T07:06:00.000Z",
          "stages": {
            "0": {
              "event": "REJECT_OFFER"
            },
            "1": {

            }
          },
          "offer_image_url": "test",
          "background_overlay": ""
        },
        "cashback_delay": "2019-05-23 12:42:38",
        "cancelled_txn_count": 0,
        "transactions": [
          {
            "txn_id": 585091333928381,
            "progress_screen_construct": "1st test",
            "stage": 0,
            "txn_type": "P2M",
            "payee_name": "Vineet Mittal",
            "created_at": "2018-07-05T09:57:58.000Z",
            "merchant_name": "Vineet Mittal",
            "txn_amount": 25,
            "merchant_id": "396698255",
            "txn_source": "WALLET",
            "order_id": "SM_FEAFFBA43D7F1F52"
          },
          {
            "txn_id": 585091543500081,
            "progress_screen_construct": "2nd test",
            "stage": 1,
            "txn_type": "P2M",
            "payee_name": "Vineet Mittal",
            "created_at": "2018-07-05T09:57:58.000Z",
            "merchant_name": "Vineet Mittal",
            "txn_amount": 25,
            "merchant_id": "396698255",
            "txn_source": "WALLET",
            "order_id": "SM_FEAFFBA43D7F1F52"
          },
          {
            "txn_id": 585091553439921,
            "progress_screen_construct": "3rd test",
            "stage": 1,
            "txn_type": "P2M",
            "payee_name": "Vineet Mittal",
            "created_at": "2018-07-05T09:57:58.000Z",
            "merchant_name": "Vineet Mittal",
            "txn_amount": 25,
            "merchant_id": "396698255",
            "txn_source": "WALLET",
            "order_id": "SM_FEAFFBA43D7F1F52"
          }
        ],
        "offer_expiry_reason": ""
      },
      "server_timestamp": "2019-05-22T07:12:39.267Z",
      "redemption_type_flat_percent": "percentage",
      "game_expiry_amount": 0,
      "promocode": "",
      "bonus_amount": 56,
      "cancelled_txn_count": 0,
      "offer_id": "139136",
      "max_cashback_value_bonus_stage": "200",
      "offer_expiry": "2019-05-23T07:12:15.000Z",
      "stage": 1,
      "offer_expiry_amount": 0,
      "expire_at": "2019-05-23T07:12:15.000Z",
      "total_txn_count": 3,
      "acknowledged_at": "2019-05-22T07:12:16.000Z",
      "status": "COMPLETED"
    },
    "errors": [

    ],
    "status": 1
  },
  "gameListV1":{
    "is_next": false,
    "supercashs": [
      {
        "max_cashback_value_initial_stage": "100",
        "created_at": "2019-05-22T06:42:28.000Z",
        "remark": null,
        "initial_amount": 13,
        "game_expiry": "2019-05-23T06:42:28.000Z",
        "stage_txn_count": 3,
        "redemption_status": "REDEEM_REQUESTED",
        "response_string": "Cashback will be credited to your account by undefined in a few days",
        "updated_at": "2019-05-22T06:42:32.000Z",
        "percent_redemption": "75",
        "redemption_type": "cashback",
        "id": "138560",
        "campaign_id": 27992,
        "info": {
          "cb_earned_at": "2019-05-22T06:42:32.308Z",
          "campaign": {
            "auto_activate": false,
            "isDeeplink": false,
            "third_party_id": -1,
            "off_us_transaction_text": "test",
            "max_offer_allowed": "1000",
            "offerPerMerchantPerCampaignPerDay": {

            },
            "stage_txn_count": 3,
            "progress_screen_construct": "test",
            "promoMerchantAssociation": {

            },
            "action": {
              "isAllRandomAction": false,
              "global": {
                "data": [

                ]
              },
              "states": {
                "0": {
                  "data": [
                    {
                      "frontend_redemption_type": "",
                      "name": "action-select",
                      "fields": [
                        {
                          "name": "type",
                          "value": "percentage"
                        },
                        {
                          "name": "value",
                          "value": "50"
                        },
                        {
                          "name": "cap",
                          "value": "100"
                        },
                        {
                          "name": "non_kyc_cashback_mode",
                          "value": "goldback"
                        }
                      ],
                      "value": "giveSuperCash",
                      "surprise_stage": false
                    }
                  ]
                },
                "1": {
                  "data": [
                    {
                      "frontend_redemption_type": "",
                      "name": "action-select",
                      "fields": [
                        {
                          "name": "type",
                          "value": "percentage"
                        },
                        {
                          "name": "value",
                          "value": "75"
                        },
                        {
                          "name": "cap",
                          "value": "200"
                        },
                        {
                          "name": "non_kyc_cashback_mode",
                          "value": "goldback"
                        }
                      ],
                      "value": "giveSuperCash",
                      "surprise_stage": false
                    }
                  ]
                }
              }
            },
            "redemption_type": "cashback",
            "id": 27992,
            "info": {
              "background_image_url": "test",
              "auto_activate": false,
              "isDeeplink": false,
              "game_expiry_amount": "0",
              "offer_keyword": "test",
              "game_expiry": "1",
              "title": "test",
              "off_us_transaction_text": "test",
              "display_tags": [

              ],
              "offer_text_override": "test",
              "cashback_process_delay_unit": "1440",
              "offer_expiry": "1",
              "progress_screen_construct": "test",
              "surprise_text": "tested",
              "offer_expiry_amount": "0",
              "progress_screen_cta": "test",
              "cashback_process_delay": "1",
              "supercash_stages": {
                "0": {
                  "event": "REJECT_OFFER"
                },
                "1": {

                }
              },
              "time_unit": "1440",
              "offer_image_url": "test",
              "important_terms": "test",
              "new_offers_image_url": "test",
              "offer_type_id": "13",
              "offer_expiry_time_unit": "1440"
            },
            "redemption_type_flat_percent": "percentage",
            "tnc": "https://paytmmall.com/papi/v1/promocard/promo-supercash/campaign/tnc/27992",
            "offer_keyword": "test",
            "bonus_amount": "200",
            "deeplink_url": "",
            "offerUserCondition": {
              "condition": true,
              "actualValue": 0,
              "value": "1000",
              "operator": "lessThanEqual"
            },
            "offer_expiry": 1440,
            "condition": "{\"global\":{\"data\":{\"all\":[{\"name\":\"WALLET_payeeId\",\"operator\":\"isOneOf\",\"value\":[\"396698255\"],\"error\":\"\",\"meta\":\"\"},{\"name\":\"WALLET_transactionType\",\"operator\":\"isOneOf\",\"value\":[\"P2M\"],\"error\":\"\",\"meta\":\"\"},{\"name\":\"WALLET_orderAmount\",\"operator\":\"greaterThan\",\"value\":\"2\",\"error\":\"\",\"meta\":\"\"},{\"name\":\"offers_per_user\",\"operator\":\"lessThanEqual\",\"value\":\"1000\",\"error\":\"\",\"meta\":\"\"}]}},\"states\":{\"0\":{\"data\":{\"all\":[{\"name\":\"transactionCount\",\"operator\":\"equalTo\",\"value\":\"1\",\"error\":\"\",\"meta\":\"\"}]}},\"1\":{\"data\":{\"all\":[{\"name\":\"transactionCount\",\"operator\":\"equalTo\",\"value\":\"3\",\"error\":\"\",\"meta\":\"\"}]}}}}",
            "offer_expiry_amount": "0",
            "progress_screen_cta": "test",
            "offer_type_text": "General Offer",
            "campaign": "Percent_SuperCash_Wallet",
            "new_offers_image_url": "test",
            "important_terms": "test",
            "offer_type_id": 13,
            "promoAssociation": {

            },
            "short_description": "offer updated (test-2)",
            "background_image_url": "test",
            "max_cashback_value_initial_stage": "100",
            "offerPerUserPerMonthCondition": {

            },
            "description": "offer",
            "initial_amount": "100",
            "game_expiry": 1440,
            "title": "test",
            "offer_text_override": "test",
            "surprise_text": "tested",
            "percent_redemption": "75",
            "cashback_process_delay": 1,
            "offerMerchantCondition": {

            },
            "game_expiry_amount": "0",
            "offerPerMerchantPerCampaignPerWeek": {

            },
            "max_cashback_value_bonus_stage": "200",
            "cashback_process_delay_unit": 1440,
            "merchantPerCampaignCondition": {

            },
            "valid_upto": "2020-08-31T07:06:00.000Z",
            "stages": {
              "0": {
                "event": "REJECT_OFFER"
              },
              "1": {

              }
            },
            "offer_image_url": "test",
            "background_overlay": "",
            "total_txn_count": 3
          },
          "transactions": [
            {
              "txn_id": 585073463634401,
              "stage": 0,
              "txn_type": "P2M",
              "payee_name": "Vineet Mittal",
              "created_at": "2018-07-05T09:57:58.000Z",
              "merchant_name": "Vineet Mittal",
              "txn_amount": 25,
              "merchant_id": "396698255",
              "txn_source": "WALLET",
              "order_id": "SM_FEAFFBA43D7F1F52"
            },
            {
              "txn_id": 585073493141561,
              "stage": 1,
              "txn_type": "P2M",
              "payee_name": "Vineet Mittal",
              "created_at": "2018-07-05T09:57:58.000Z",
              "merchant_name": "Vineet Mittal",
              "txn_amount": 25,
              "merchant_id": "396698255",
              "txn_source": "WALLET",
              "order_id": "SM_FEAFFBA43D7F1F52"
            },
            {
              "txn_id": 585073503895481,
              "stage": 1,
              "txn_type": "P2M",
              "payee_name": "Vineet Mittal",
              "created_at": "2018-07-05T09:57:58.000Z",
              "merchant_name": "Vineet Mittal",
              "txn_amount": 25,
              "merchant_id": "396698255",
              "txn_source": "WALLET",
              "order_id": "SM_FEAFFBA43D7F1F52"
            }
          ]
        },
        "server_timestamp": "2019-05-22T06:42:32.755Z",
        "redemption_type_flat_percent": "percentage",
        "game_expiry_amount": 0,
        "promocode": "",
        "bonus_amount": 19,
        "max_cashback_value_bonus_stage": "200",
        "offer_expiry": "2019-05-23T06:42:28.000Z",
        "stage": 1,
        "offer_expiry_amount": 0,
        "total_txn_count": 3,
        "acknowledged_at": "2019-05-22T06:42:29.000Z",
        "status": "COMPLETED"
      }
    ]
  },
  "gameListV2":{
    "data": {
      "is_next": false,
      "supercash_list": [
        {
          "max_cashback_value_initial_stage": "100",
          "created_at": "2019-05-22T06:42:44.000Z",
          "remark": null,
          "initial_amount": 13,
          "game_expiry": "2019-05-23T06:42:44.000Z",
          "max_cashback_value": "200",
          "stage_txn_count": 3,
          "redemption_text": "Cashback will be credited within 48 hours to your paytm wallet. If any transaction is cancelled, you need to complete the offer before offer expiry to be eligible for cashback.",
          "redemption_status": "REDEEM_REQUESTED",
          "response_string": "Cashback will be credited to your account by undefined in a few days",
          "updated_at": "2019-05-22T06:42:48.000Z",
          "redemption_type_icon": "https://paytm.s3-ap-southeast-1.amazonaws.com/promo_seller_panel_uploads/production/Cashback.png",
          "percent_redemption": "75",
          "frontend_redemption_type": "cashback",
          "redemption_type": "cashback",
          "id": 138589,
          "campaign_id": 27992,
          "info": {
            "cb_earned_at": "2019-05-22T06:42:48.486Z",
            "transaction_status": 3,
            "offer_reset_count": "",
            "campaign": {
              "auto_activate": false,
              "third_party_id": -1,
              "off_us_transaction_text": "test",
              "max_offer_allowed": "1000",
              "multi_stage_campaign": false,
              "offerPerMerchantPerCampaignPerDay": {

              },
              "is_offus_transaction": false,
              "progress_screen_construct": "test",
              "promoMerchantAssociation": {

              },
              "action": {
                "isAllRandomAction": false,
                "global": {
                  "data": [

                  ]
                },
                "states": {
                  "0": {
                    "data": [
                      {
                        "frontend_redemption_type": "",
                        "name": "action-select",
                        "fields": [
                          {
                            "name": "type",
                            "value": "percentage"
                          },
                          {
                            "name": "value",
                            "value": "50"
                          },
                          {
                            "name": "cap",
                            "value": "100"
                          },
                          {
                            "name": "non_kyc_cashback_mode",
                            "value": "goldback"
                          }
                        ],
                        "value": "giveSuperCash",
                        "surprise_stage": false
                      }
                    ]
                  },
                  "1": {
                    "data": [
                      {
                        "frontend_redemption_type": "",
                        "name": "action-select",
                        "fields": [
                          {
                            "name": "type",
                            "value": "percentage"
                          },
                          {
                            "name": "value",
                            "value": "75"
                          },
                          {
                            "name": "cap",
                            "value": "200"
                          },
                          {
                            "name": "non_kyc_cashback_mode",
                            "value": "goldback"
                          }
                        ],
                        "value": "giveSuperCash",
                        "surprise_stage": false
                      }
                    ]
                  }
                }
              },
              "redemption_type": "cashback",
              "id": 27992,
              "info": {
                "background_image_url": "test",
                "auto_activate": false,
                "isDeeplink": false,
                "game_expiry_amount": "0",
                "offer_keyword": "test",
                "game_expiry": "1",
                "title": "test",
                "off_us_transaction_text": "test",
                "display_tags": [

                ],
                "offer_text_override": "test",
                "cashback_process_delay_unit": "1440",
                "offer_expiry": "1",
                "progress_screen_construct": "test",
                "surprise_text": "tested",
                "offer_expiry_amount": "0",
                "progress_screen_cta": "test",
                "cashback_process_delay": "1",
                "supercash_stages": {
                  "0": {
                    "event": "REJECT_OFFER"
                  },
                  "1": {

                  }
                },
                "time_unit": "1440",
                "offer_image_url": "test",
                "important_terms": "test",
                "new_offers_image_url": "test",
                "offer_type_id": "13",
                "offer_expiry_time_unit": "1440"
              },
              "redemption_type_flat_percent": "percentage",
              "tnc": "https://paytmmall.com/papi/v2/promocard/supercash/campaign/tnc/27992",
              "offer_keyword": "test",
              "bonus_amount": "200",
              "deeplink_url": "",
              "offerUserCondition": {
                "condition": true,
                "actualValue": 0,
                "value": "1000",
                "operator": "lessThanEqual"
              },
              "offer_expiry": 1440,
              "condition": "{\"global\":{\"data\":{\"all\":[{\"name\":\"WALLET_payeeId\",\"operator\":\"isOneOf\",\"value\":[\"396698255\"],\"error\":\"\",\"meta\":\"\"},{\"name\":\"WALLET_transactionType\",\"operator\":\"isOneOf\",\"value\":[\"P2M\"],\"error\":\"\",\"meta\":\"\"},{\"name\":\"WALLET_orderAmount\",\"operator\":\"greaterThan\",\"value\":\"2\",\"error\":\"\",\"meta\":\"\"},{\"name\":\"offers_per_user\",\"operator\":\"lessThanEqual\",\"value\":\"1000\",\"error\":\"\",\"meta\":\"\"}]}},\"states\":{\"0\":{\"data\":{\"all\":[{\"name\":\"transactionCount\",\"operator\":\"equalTo\",\"value\":\"1\",\"error\":\"\",\"meta\":\"\"}]}},\"1\":{\"data\":{\"all\":[{\"name\":\"transactionCount\",\"operator\":\"equalTo\",\"value\":\"3\",\"error\":\"\",\"meta\":\"\"}]}}}}",
              "offer_expiry_amount": "0",
              "progress_screen_cta": "test",
              "offer_type_text": "General Offer",
              "campaign": "Percent_SuperCash_Wallet",
              "new_offers_image_url": "test",
              "important_terms": "test",
              "offer_type_id": 13,
              "promoAssociation": {

              },
              "short_description": "offer updated (test-2)",
              "background_image_url": "test",
              "max_cashback_value_initial_stage": "100",
              "offerPerUserPerMonthCondition": {

              },
              "initial_amount": "100",
              "game_expiry": 1440,
              "offer_text_override": "test",
              "surprise_text": "tested",
              "percent_redemption": "75",
              "cashback_process_delay": 1,
              "frontend_redemption_type": "cashback",
              "offerMerchantCondition": {

              },
              "game_expiry_amount": "0",
              "offerPerMerchantPerCampaignPerWeek": {

              },
              "max_cashback_value_bonus_stage": "200",
              "cashback_process_delay_unit": 1440,
              "merchantPerCampaignCondition": {

              },
              "valid_upto": "2020-08-31T07:06:00.000Z",
              "stages": {
                "0": {
                  "event": "REJECT_OFFER"
                },
                "1": {

                }
              },
              "offer_image_url": "test",
              "background_overlay": ""
            },
            "cashback_delay": "2019-05-23 12:12:48",
            "cancelled_txn_count": 0,
            "transactions": [
              {
                "txn_id": 585073633451171,
                "progress_screen_construct": "1st test",
                "stage": 0,
                "txn_type": "P2M",
                "payee_name": "Vineet Mittal",
                "created_at": "2018-07-05T09:57:58.000Z",
                "merchant_name": "Vineet Mittal",
                "txn_amount": 25,
                "merchant_id": "396698255",
                "txn_source": "WALLET",
                "order_id": "SM_FEAFFBA43D7F1F52"
              },
              {
                "txn_id": 585073653704571,
                "progress_screen_construct": "2nd test",
                "stage": 1,
                "txn_type": "P2M",
                "payee_name": "Vineet Mittal",
                "created_at": "2018-07-05T09:57:58.000Z",
                "merchant_name": "Vineet Mittal",
                "txn_amount": 25,
                "merchant_id": "396698255",
                "txn_source": "WALLET",
                "order_id": "SM_FEAFFBA43D7F1F52"
              },
              {
                "txn_id": 585073673620721,
                "progress_screen_construct": "3rd test",
                "stage": 1,
                "txn_type": "P2M",
                "payee_name": "Vineet Mittal",
                "created_at": "2018-07-05T09:57:58.000Z",
                "merchant_name": "Vineet Mittal",
                "txn_amount": 25,
                "merchant_id": "396698255",
                "txn_source": "WALLET",
                "order_id": "SM_FEAFFBA43D7F1F52"
              }
            ],
            "offer_expiry_reason": ""
          },
          "server_timestamp": "2019-05-22T06:42:48.940Z",
          "redemption_type_flat_percent": "percentage",
          "game_expiry_amount": 0,
          "promocode": "",
          "bonus_amount": 56,
          "cancelled_txn_count": 0,
          "offer_id": "138589",
          "max_cashback_value_bonus_stage": "200",
          "offer_expiry": "2019-05-23T06:42:44.000Z",
          "stage": 1,
          "offer_expiry_amount": 0,
          "expire_at": "2019-05-23T06:42:44.000Z",
          "total_txn_count": 3,
          "acknowledged_at": "2019-05-22T06:42:45.000Z",
          "status": "COMPLETED"
        }
      ]
    },
    "errors": [

    ],
    "status": 1
  },
  "campaignGames":{
    "data": {
      "campaign": {

      },
      "supercash_list": [
        {
          "max_cashback_value_initial_stage": "100",
          "created_at": "2019-05-22T06:42:51.000Z",
          "remark": null,
          "initial_amount": 13,
          "game_expiry": "2019-05-23T06:42:51.000Z",
          "max_cashback_value": "200",
          "stage_txn_count": 3,
          "redemption_text": "",
          "redemption_status": "NOT_REDEEMED",
          "response_string": "Cashback will be credited to your account by undefined in a few days",
          "updated_at": "2019-05-22T06:42:52.000Z",
          "redemption_type_icon": "https://paytm.s3-ap-southeast-1.amazonaws.com/promo_seller_panel_uploads/production/Cashback.png",
          "percent_redemption": "75",
          "frontend_redemption_type": "cashback",
          "initialized_transaction_construct": "You have done 1 test. Activate offer and do 2 more to get upto \u20b9200 cashback",
          "redemption_type": "cashback",
          "id": 138593,
          "campaign_id": 27992,
          "info": {
            "cb_earned_at": null,
            "transaction_status": 2,
            "offer_reset_count": "",
            "campaign": {
              "auto_activate": false,
              "third_party_id": -1,
              "off_us_transaction_text": "test",
              "max_offer_allowed": "1000",
              "multi_stage_campaign": false,
              "offerPerMerchantPerCampaignPerDay": {

              },
              "is_offus_transaction": false,
              "progress_screen_construct": "test",
              "promoMerchantAssociation": {

              },
              "action": {
                "isAllRandomAction": false,
                "global": {
                  "data": [

                  ]
                },
                "states": {
                  "0": {
                    "data": [
                      {
                        "frontend_redemption_type": "",
                        "name": "action-select",
                        "fields": [
                          {
                            "name": "type",
                            "value": "percentage"
                          },
                          {
                            "name": "value",
                            "value": "50"
                          },
                          {
                            "name": "cap",
                            "value": "100"
                          },
                          {
                            "name": "non_kyc_cashback_mode",
                            "value": "goldback"
                          }
                        ],
                        "value": "giveSuperCash",
                        "surprise_stage": false
                      }
                    ]
                  },
                  "1": {
                    "data": [
                      {
                        "frontend_redemption_type": "",
                        "name": "action-select",
                        "fields": [
                          {
                            "name": "type",
                            "value": "percentage"
                          },
                          {
                            "name": "value",
                            "value": "75"
                          },
                          {
                            "name": "cap",
                            "value": "200"
                          },
                          {
                            "name": "non_kyc_cashback_mode",
                            "value": "goldback"
                          }
                        ],
                        "value": "giveSuperCash",
                        "surprise_stage": false
                      }
                    ]
                  }
                }
              },
              "redemption_type": "cashback",
              "id": 27992,
              "info": {
                "background_image_url": "test",
                "auto_activate": false,
                "isDeeplink": false,
                "game_expiry_amount": "0",
                "offer_keyword": "test",
                "game_expiry": "1",
                "title": "test",
                "off_us_transaction_text": "test",
                "display_tags": [

                ],
                "offer_text_override": "test",
                "cashback_process_delay_unit": "1440",
                "offer_expiry": "1",
                "progress_screen_construct": "test",
                "surprise_text": "tested",
                "offer_expiry_amount": "0",
                "progress_screen_cta": "test",
                "cashback_process_delay": "1",
                "supercash_stages": {
                  "0": {
                    "event": "REJECT_OFFER"
                  },
                  "1": {

                  }
                },
                "time_unit": "1440",
                "offer_image_url": "test",
                "important_terms": "test",
                "new_offers_image_url": "test",
                "offer_type_id": "13",
                "offer_expiry_time_unit": "1440"
              },
              "redemption_type_flat_percent": "percentage",
              "tnc": "https://paytmmall.com/papi/v2/promocard/supercash/campaign/tnc/27992",
              "offer_keyword": "test",
              "bonus_amount": "200",
              "deeplink_url": "",
              "offerUserCondition": {
                "condition": true,
                "actualValue": 0,
                "value": "1000",
                "operator": "lessThanEqual"
              },
              "offer_expiry": 1440,
              "condition": "{\"global\":{\"data\":{\"all\":[{\"name\":\"WALLET_payeeId\",\"operator\":\"isOneOf\",\"value\":[\"396698255\"],\"error\":\"\",\"meta\":\"\"},{\"name\":\"WALLET_transactionType\",\"operator\":\"isOneOf\",\"value\":[\"P2M\"],\"error\":\"\",\"meta\":\"\"},{\"name\":\"WALLET_orderAmount\",\"operator\":\"greaterThan\",\"value\":\"2\",\"error\":\"\",\"meta\":\"\"},{\"name\":\"offers_per_user\",\"operator\":\"lessThanEqual\",\"value\":\"1000\",\"error\":\"\",\"meta\":\"\"}]}},\"states\":{\"0\":{\"data\":{\"all\":[{\"name\":\"transactionCount\",\"operator\":\"equalTo\",\"value\":\"1\",\"error\":\"\",\"meta\":\"\"}]}},\"1\":{\"data\":{\"all\":[{\"name\":\"transactionCount\",\"operator\":\"equalTo\",\"value\":\"3\",\"error\":\"\",\"meta\":\"\"}]}}}}",
              "offer_expiry_amount": "0",
              "progress_screen_cta": "test",
              "offer_type_text": "General Offer",
              "campaign": "Percent_SuperCash_Wallet",
              "new_offers_image_url": "test",
              "important_terms": "test",
              "offer_type_id": 13,
              "promoAssociation": {

              },
              "short_description": "offer updated (test-2)",
              "background_image_url": "test",
              "max_cashback_value_initial_stage": "100",
              "offerPerUserPerMonthCondition": {

              },
              "initial_amount": "100",
              "game_expiry": 1440,
              "offer_text_override": "test",
              "surprise_text": "tested",
              "percent_redemption": "75",
              "cashback_process_delay": 1,
              "frontend_redemption_type": "cashback",
              "offerMerchantCondition": {

              },
              "game_expiry_amount": "0",
              "offerPerMerchantPerCampaignPerWeek": {

              },
              "max_cashback_value_bonus_stage": "200",
              "cashback_process_delay_unit": 1440,
              "merchantPerCampaignCondition": {

              },
              "valid_upto": "2020-08-31T07:06:00.000Z",
              "stages": {
                "0": {
                  "event": "REJECT_OFFER"
                },
                "1": {

                }
              },
              "offer_image_url": "test",
              "background_overlay": ""
            },
            "cashback_delay": "2019-05-23T06:42:51.000Z",
            "cancelled_txn_count": 0,
            "transactions": [
              {
                "txn_id": 58507370353811,
                "progress_screen_construct": "1st test",
                "stage": 0,
                "txn_type": "P2M",
                "payee_name": "Vineet Mittal",
                "created_at": "2018-07-05T09:57:58.000Z",
                "merchant_name": "Vineet Mittal",
                "txn_amount": 25,
                "merchant_id": "396698255",
                "txn_source": "WALLET",
                "order_id": "SM_FEAFFBA43D7F1F52"
              }
            ],
            "offer_expiry_reason": ""
          },
          "server_timestamp": "2019-05-22T06:42:52.987Z",
          "redemption_type_flat_percent": "percentage",
          "game_expiry_amount": 0,
          "promocode": "",
          "bonus_amount": 19,
          "cancelled_txn_count": 0,
          "offer_id": "138593",
          "max_cashback_value_bonus_stage": "200",
          "offer_progress_construct": "You are 2 tests away from earning upto \u20b9200 cashback",
          "Claim_CTA": "Claim \u20b913 cashback now",
          "offer_expiry": "2019-05-23T06:42:51.000Z",
          "stage": 1,
          "offer_expiry_amount": 0,
          "expire_at": "2019-05-23T06:42:51.000Z",
          "total_txn_count": 1,
          "acknowledged_at": "2019-05-22T06:42:52.000Z",
          "status": "INPROGRESS"
        }
      ]
    },
    "errors": [

    ],
    "status": 1
  }

}