{"txn_data":{
  "sourceSystemId": "UPI_LINK_PIPELINE",
  "reqId": "808AE0260CADF5565136F0D9B850B765E48F36C597FFE77A1F2CCB7230907508",
  "txnId": "1107405115760056030806O7AryihIZ%3D%40%7C%7C%7C%3F%3F%3F%2F%2F%214",
  "transactionType": null,
  "tag": "supercash",
  "userId": "1107221389",
  "extendInfo": {
    "userMobile": "8410960011",
    "campaignName": null,
    "campaignId": null,
    "gameId": 0,
    "deviceId": "97fdfd049585ec00",
    "accountNumber": "6O7AryihIZ=@|||???///",
    "upiActionType": "PROFILE_RESTORED"
  },
  "createdTime": 1594796049000,
  "totalTxnAmount": 0.0
}
}
