{
  "EDC1": {
    "stages": {
      "afterInitilizingGame": {
        "initialized_transaction_construct": "Activate offer and do 4 more mobile recharges to earn upto ₹115",
        "post_transaction_initialized": "Earn upto ₹115 by doing 4 more mobile recharges",
        "post_transaction_collapsed_initialized": "Get cashback upto #₹100# on mobile recharge",
        "Claim_CTA": "Claim upto ₹100 cashback now",
        "frontend_redemption_type": "cashback"
      },
      "afterAcceptingGame": {
        "offer_progress_construct": "You are 1 mobile recharge away from earning upto ₹10 goldback",
        "post_transaction_progress_status": "You just 1 Offer Keyword away from earning upto ₹300 cashback",
        "post_transaction_collapsed_progress": "Get cashback upto #₹300# on doing 1 more Offer Keyword",
        "offer_summary": "You have earned ₹0",
        "cashback_text": "Get 10% upto ₹300 cashback",
        "frontend_redemption_type": "cashback",
        "status": "INPROGRESS",
        "earned_text": ""
      },
      "afterStage1Complete": {
        "offer_progress_construct": "mobile recharge%s 2 more times to get ₹20 Paytm discount coupon",
        "post_transaction_progress_status": "mobile recharge%s 2 more times to get ₹20 Paytm discount coupon",
        "post_transaction_collapsed_progress": "mobile recharge%s 2 more times to get Paytm discount coupon worth #₹20#",
        "post_transaction_collapsed_completed": "Congratulations! #₹10# goldback earned",
        "post_transaction_completed_status": "You have earned ₹10 goldback",
        "redemption_text": "Goldback will be credited within 72 hours to your Paytm Gold account. If any transaction is cancelled, you need to do another transaction to be eligible for goldback.",
        "offer_summary": "You have earned ₹70",
        "cashback_text": "Get 10% upto ₹100 goldback",
        "earned_text": "You won ₹10 goldback",
        "frontend_redemption_type": "goldback"
      },
      "stage2Txn1": {
        "offer_progress_construct": "mobile recharge%s to get ₹20 Paytm discount coupon",
        "post_transaction_progress_status": "mobile recharge%s to get ₹20 Paytm discount coupon",
        "post_transaction_collapsed_progress": "mobile recharge%s to get Paytm discount coupon worth #₹20#",
        "offer_summary": "You have earned ₹70",
        "cashback_text": "You will get ₹20 Paytm discount coupon",
        "frontend_redemption_type": "Paytm discount coupon"
      },
      "stage2Complete": {
        "offer_progress_construct": "mobile recharge%s to get ₹5 movies voucher",
        "post_transaction_progress_status": "mobile recharge%s to get ₹5 movies voucher",
        "post_transaction_collapsed_progress": "mobile recharge%s to get movies voucher worth #₹5#",
        "post_transaction_collapsed_completed": "Congratulations! #₹20# Paytm discount coupon earned",
        "post_transaction_completed_status": "You have earned ₹20 Paytm discount coupon",
        "redemption_text": "You will receive your Paytm discount coupon within 72 hours . If any transaction is cancelled, you need to do another transaction to be eligible for your voucher",
        "offer_summary": "You have earned ₹90",
        "cashback_text": "You will get ₹20 Paytm discount coupon",
        "earned_text": "You won ₹20 Paytm discount coupon",
        "frontend_redemption_type": "Paytm discount coupon"
      },
      "stage3Complete": {
        "post_transaction_collapsed_completed": "Congratulations! #₹5# movies voucher earned",
        "post_transaction_completed_status": "You have earned ₹5 movies voucher",
        "redemption_text": "You will receive your movies voucher within 72 hours . If any transaction is cancelled, you need to do another transaction to be eligible for your voucher",
        "offer_summary": "You have earned ₹95",
        "cashback_text": "Get ₹20 Paytm discount coupon",
        "earned_text": "You won ₹5 movies voucher",
        "frontend_redemption_type": "movies voucher",
        "status": "COMPLETED"
      },
      "afterRejectingGame": {
        "frontend_redemption_type": "movies voucher",
        "earned_text": "You have earned ₹5 movies voucher",
        "offer_summary": "You have earned ₹20",
        "redemption_text": "You will receive your movies voucher within 72 hours . If any transaction is cancelled, you need to do another transaction to be eligible for your voucher",
        "status": "DENIED"
      }
    }
  },
  "PPBL1": {
    "stages": {
      "afterInitilizingGame": {
        "initialized_transaction_construct": "Activate offer and do 4 more mobile recharges to earn upto ₹115",
        "post_transaction_initialized": "Earn upto ₹115 by doing 4 more mobile recharges",
        "post_transaction_collapsed_initialized": "Get cashback upto #₹100# on mobile recharge",
        "Claim_CTA": "Claim upto ₹100 cashback now",
        "frontend_redemption_type": "cashback"
      },
      "afterAcceptingGame": {
        "offer_progress_construct": "You are 1 mobile recharge away from earning upto ₹10 goldback",
        "post_transaction_progress_status": "You just 1 Offer Keyword away from earning upto ₹300 cashback",
        "post_transaction_collapsed_progress": "Get cashback upto #₹300# on doing 1 more Offer Keyword",
        "offer_summary": "You have earned ₹0",
        "cashback_text": "Get 10% upto ₹300 cashback",
        "frontend_redemption_type": "cashback",
        "status": "INPROGRESS",
        "earned_text": ""
      },
      "afterStage1Complete": {
        "offer_progress_construct": "mobile recharge%s 2 more times to get ₹20 Paytm discount coupon",
        "post_transaction_progress_status": "mobile recharge%s 2 more times to get ₹20 Paytm discount coupon",
        "post_transaction_collapsed_progress": "mobile recharge%s 2 more times to get Paytm discount coupon worth #₹20#",
        "post_transaction_collapsed_completed": "Congratulations! #₹10# goldback earned",
        "post_transaction_completed_status": "You have earned ₹10 goldback",
        "redemption_text": "Goldback will be credited within 72 hours to your Paytm Gold account. If any transaction is cancelled, you need to do another transaction to be eligible for goldback.",
        "offer_summary": "You have earned ₹70",
        "cashback_text": "Get 10% upto ₹100 goldback",
        "earned_text": "You won ₹10 goldback",
        "frontend_redemption_type": "goldback"
      },
      "stage2Txn1": {
        "offer_progress_construct": "mobile recharge%s to get ₹20 Paytm discount coupon",
        "post_transaction_progress_status": "mobile recharge%s to get ₹20 Paytm discount coupon",
        "post_transaction_collapsed_progress": "mobile recharge%s to get Paytm discount coupon worth #₹20#",
        "offer_summary": "You have earned ₹70",
        "cashback_text": "You will get ₹20 Paytm discount coupon",
        "frontend_redemption_type": "Paytm discount coupon"
      },
      "stage2Complete": {
        "offer_progress_construct": "mobile recharge%s to get ₹5 movies voucher",
        "post_transaction_progress_status": "mobile recharge%s to get ₹5 movies voucher",
        "post_transaction_collapsed_progress": "mobile recharge%s to get movies voucher worth #₹5#",
        "post_transaction_collapsed_completed": "Congratulations! #₹20# Paytm discount coupon earned",
        "post_transaction_completed_status": "You have earned ₹20 Paytm discount coupon",
        "redemption_text": "You will receive your Paytm discount coupon within 72 hours . If any transaction is cancelled, you need to do another transaction to be eligible for your voucher",
        "offer_summary": "You have earned ₹90",
        "cashback_text": "You will get ₹20 Paytm discount coupon",
        "earned_text": "You won ₹20 Paytm discount coupon",
        "frontend_redemption_type": "Paytm discount coupon"
      },
      "stage3Complete": {
        "post_transaction_collapsed_completed": "Congratulations! #₹5# movies voucher earned",
        "post_transaction_completed_status": "You have earned ₹5 movies voucher",
        "redemption_text": "You will receive your movies voucher within 72 hours . If any transaction is cancelled, you need to do another transaction to be eligible for your voucher",
        "offer_summary": "You have earned ₹95",
        "cashback_text": "Get ₹20 Paytm discount coupon",
        "earned_text": "You won ₹5 movies voucher",
        "frontend_redemption_type": "movies voucher",
        "status": "COMPLETED"
      },
      "afterRejectingGame": {
        "frontend_redemption_type": "movies voucher",
        "earned_text": "You have earned ₹5 movies voucher",
        "offer_summary": "You have earned ₹20",
        "redemption_text": "You will receive your movies voucher within 72 hours . If any transaction is cancelled, you need to do another transaction to be eligible for your voucher",
        "status": "DENIED"
      }
    }
  }
}