{
"GameData":{
    "status": 1,
    "errors": [],
    "data": {
        "campaign": null,
        "supercash_game": {
            "id": 403108,
            "info": {
                "transactions": [
                    {
                        "txn_id": "991g3661",
                        "txn_source": "COLLECTIBLE",
                        "stage": 0,
                        "status": "SUCCESS",
                        "created_at": "2020-07-16T07:23:58.013Z",
                        "txn_amount": "0",
                        "collectible_id": 639,
                        "progress_screen_construct": "1st Payment",
                        "stage_object": {
                            "stage_status": "COMPLETED",
                            "stage_txn_count": 1,
                            "stage_success_txn_count": 1,
                            "surprise_stage": false,
                            "stage_progress_construct": "You won ₹10 goldback",
                            "gratification_objects": [
                                {
                                    "scratchCardData": null,
                                    "supercashGameData": null,
                                    "redemption_type": "goldback",
                                    "frontend_redemption_type": "goldback",
                                    "cashback_text": "You will get goldback worth ₹10",
                                    "redemption_status": "REDEEM_REQUESTED",
                                    "redemption_text": "Goldback will be credited within 48 hours to your Paytm Gold account.",
                                    "earned_text": "You won ₹10 goldback",
                                    "bonus_amount": 10,
                                    "deal_data": null,
                                    "crosspromo_data": null,
                                    "redemption_type_icon": "https://paytm.s3-ap-southeast-1.amazonaws.com/promo_seller_panel_uploads/production/Goldcoin.png",
                                    "winnning_title": "Congratulations!",
                                    "progress_text": "You Won"
                                }
                            ]
                        }
                    },
                    {
                        "txn_id": "",
                        "txn_source": "",
                        "order_id": "",
                        "stage": 1,
                        "status": "",
                        "created_at": "",
                        "progress_screen_construct": "2nd Payment"
                    },
                    {
                        "txn_id": "",
                        "txn_source": "",
                        "order_id": "",
                        "stage": 1,
                        "status": "",
                        "created_at": "",
                        "progress_screen_construct": "3rd Payment",
                        "stage_object": {
                            "stage_status": "INCOMPLETE",
                            "stage_txn_count": 2,
                            "stage_success_txn_count": 0,
                            "surprise_stage": false,
                            "stage_progress_construct": "Recharge your mobile 2 times to get a scratch card worth ₹50",
                            "gratification_objects": [
                                {
                                    "scratchCardData": null,
                                    "supercashGameData": null,
                                    "redemption_type": "goldback",
                                    "frontend_redemption_type": "goldback",
                                    "cashback_text": "You will get a scratch card worth ₹50",
                                    "redemption_status": null,
                                    "redemption_text": "",
                                    "earned_text": "",
                                    "bonus_amount": 0,
                                    "deal_data": null,
                                    "crosspromo_data": null,
                                    "redemption_type_icon": "https://paytm.s3-ap-southeast-1.amazonaws.com/promo_seller_panel_uploads/production/Goldcoin.png",
                                    "winnning_title": "",
                                    "progress_text": "You have made a progress"
                                }
                            ]
                        }
                    }
                ],
                "offer_expiry_reason": "",
                "game_expiry_reason": "Your offer expired as you did not complete 2 out of 3 transactions.",
                "campaign": {
                    "id": 43167,
                    "event": "ACCEPT_OFFER",
                    "deeplink": true,
                    "deeplink_url": "paytmmp://mobile_prepaid?url=https://catalog.paytm.com/v1/mobile/mobile-prepaid/17",
                    "offer_text_override": "Get ₹60 cashback",
                    "background_image_url": "Image",
                    "new_offers_image_url": "https://s3-ap-southeast-1.amazonaws.com/assets.paytm.com/promotion/Rituraj/PNG+images/Mobile+Prepaid+Recharge+Offer.png",
                    "offer_keyword": "Recharge your mobile",
                    "progress_screen_cta": "Recharge Now",
                    "important_terms": "<p><span style=\"color: #FFA500;\">★</span><span style=\"color: #000000;\">Offer can be availed 99999 times during the campaign validity</span></p>\n\n<p> </p>\n",
                    "surprise_text": "<p><span style=\"color: #FFA500;\">★</span><span style=\"color: #000000;\">Recharge your mobile 1st time, Get ₹10 goldback<p><span style=\"color: #FFA500;\">★</span><span style=\"color: #000000;\">Recharge your mobile 3rd time, Get ₹50 goldback<p>",
                    "tnc": "https://paytmmall.com/papi/v2/promocard/supercash/campaign/tnc/43167",
                    "campaign": "AUTOMATION_COLLECT_GAME",
                    "valid_upto": "2021-06-30T09:30:00.000Z",
                    "short_description": "Recharge your mobile 3 times for  within ",
                    "offer_image_url": "https://s3-ap-southeast-1.amazonaws.com/assets.paytm.com/promotion/Rituraj/PNG+images/Mobile+Prepaid+Recharge+Offer.png",
                    "auto_activate": true,
                    "show_game_progress": true,
                    "offer_type_id": 1,
                    "background_overlay": false,
                    "first_transaction_cta": "Do your first recharge",
                    "surprise_text_title": "Offer Details",
                    "unlock_text": "Recharge your mobile to unlock",
                    "total_txn_count": 3,
                    "collectibles": {
                        "663": {
                            "displayName": "Add Money Wallet",
                            "attributes": {
                                "type": "NON_TOURN_COLL_INFO",
                                "displayName": "Add Money Wallet",
                                "ctaText": "Add Money in wallet",
                                "description": "Get a scratch card with upto 100 Rs CashBack",
                                "deepLink": "paytmmp://cash_wallet?featuretype=add_money",
                                "attributesMap": {}
                            },
                            "maxCount": 3,
                            "iconUrl": "https://assetscdn1.paytm.com/images/promo-engine/prod/newuserjourney/First+Sticker%403x.png"
                        },
                        "633": {
                            "displayName": "Add Money Badge",
                            "attributes": {
                                "type": "NON_TOURN_COLL_INFO",
                                "displayName": "Add Money Badge",
                                "ctaText": "Add Money",
                                "description": "Get a scratch card with upto 100 Rs CashBack",
                                "deepLink": "paytmmp://cash_wallet?featuretype=add_money",
                                "attributesMap": {}
                            },
                            "maxCount": 3,
                            "iconUrl": "https://assetscdn1.paytm.com/images/promo-engine/prod/newuserjourney/First+Sticker%403x.png"
                        },
                        "670": {
                            "displayName": "Add Money Badge",
                            "attributes": {
                                "type": "NON_TOURN_COLL_INFO",
                                "displayName": "Add Money Badge",
                                "ctaText": "Add Money",
                                "description": "Get a scratch card with upto 100 Rs CashBack",
                                "deepLink": "paytmmp://cash_wallet?featuretype=add_money",
                                "attributesMap": {}
                            },
                            "maxCount": 3,
                            "iconUrl": "https://assetscdn1.paytm.com/images/promo-engine/prod/newuserjourney/First+Sticker%403x.png"
                        },
                        "638": {
                            "displayName": "Add Money Badge",
                            "attributes": {
                                "type": "NON_TOURN_COLL_INFO",
                                "displayName": "Add Money Badge",
                                "ctaText": "Add Money",
                                "description": "Get a scratch card with upto 100 Rs CashBack",
                                "deepLink": "paytmmp://cash_wallet?featuretype=add_money",
                                "attributesMap": {}
                            },
                            "maxCount": 3,
                            "iconUrl": "https://assetscdn1.paytm.com/images/promo-engine/prod/userjourney/Mobile-recharge%402x.png"
                        },
                        "639": {
                            "displayName": "DTH Badge",
                            "attributes": {
                                "type": "NON_TOURN_COLL_INFO",
                                "displayName": "DTH Badge",
                                "ctaText": "Recharge DTH",
                                "description": "Get a scratch card with upto 100 Rs CashBack",
                                "deepLink": "paytmmp://dth?url=https://catalog.paytm.com/v1/mobile/DTH/18",
                                "attributesMap": {}
                            },
                            "maxCount": 3,
                            "iconUrl": "https://assetscdn1.paytm.com/images/promo-engine/prod/userjourney/Mobile-recharge%402x.png"
                        }
                    },
                    "campaign_detail_deeplink": "paytmmp://cash_wallet?featuretype=vip&screen=topoffer&campaignid=43167"
                }
            },
            "updated_at": "2020-07-16T07:24:50.000Z",
            "success_txn_count": 1,
            "total_txn_count": 3,
            "status": "INPROGRESS",
            "offer_expiry": "2020-07-16T07:25:49.000Z",
            "game_expiry": "2020-07-16T07:25:49.000Z",
            "opt_out_time": "",
            "offer_status_info": "",
            "current_stage": 1,
            "txn_linked": null,
            "Claim_CTA": null,
            "unlock_text": "Recharge your mobile 2 more times to unlock",
            "offer_end_time": "",
            "server_timestamp": "2020-07-16T07:26:40.990Z"
        }
    }
},
"CampaignData":{
    "status": 1,
    "errors": [],
    "data": {
        "campaign": {
            "id": 43167,
            "event": "ACCEPT_OFFER",
            "deeplink_url": "paytmmp://mobile_prepaid?url=https://catalog.paytm.com/v1/mobile/mobile-prepaid/17",
            "offer_text_override": "Get ₹60 cashback",
            "background_image_url": "Image",
            "new_offers_image_url": "https://s3-ap-southeast-1.amazonaws.com/assets.paytm.com/promotion/Rituraj/PNG+images/Mobile+Prepaid+Recharge+Offer.png",
            "offer_keyword": "Recharge your mobile",
            "progress_screen_cta": "Recharge Now",
            "important_terms": "<p><span style=\"color: #FFA500;\">★</span><span style=\"color: #000000;\">Offer can be availed 99999 times during the campaign validity</span></p>\n\n<p> </p>\n",
            "surprise_text": "<p><span style=\"color: #FFA500;\">★</span><span style=\"color: #000000;\">Recharge your mobile 1st time, Get ₹10 goldback<p><span style=\"color: #FFA500;\">★</span><span style=\"color: #000000;\">Recharge your mobile 3rd time, Get ₹50 goldback<p>",
            "tnc": "https://paytmmall.com/papi/v2/promocard/supercash/campaign/tnc/43167",
            "campaign": "AUTOMATION_COLLECT_GAME",
            "isDeeplink": true,
            "valid_upto": "2021-06-30T09:30:00.000Z",
            "short_description": "Recharge your mobile 3 times for  within ",
            "offer_image_url": "https://s3-ap-southeast-1.amazonaws.com/assets.paytm.com/promotion/Rituraj/PNG+images/Mobile+Prepaid+Recharge+Offer.png",
            "auto_activate": true,
            "show_game_progress": true,
            "offer_type_id": 1,
            "background_overlay": false,
            "first_transaction_cta": "Do your first recharge",
            "surprise_text_title": "Offer Details",
            "unlock_text": "Recharge your mobile to unlock",
            "total_txn_count": 3,
            "collectibles": {
                "660": {
                    "displayName": "Add Money Badge",
                    "attributes": {
                        "type": "NON_TOURN_COLL_INFO",
                        "displayName": "Add Money Badge",
                        "ctaText": "Add Money",
                        "description": "Get a scratch card with upto 100 Rs CashBack",
                        "deepLink": "paytmmp://cash_wallet?featuretype=add_money",
                        "attributesMap": {}
                    },
                    "maxCount": 3,
                    "iconUrl": "abc.com"
                },
                "663": {
                    "displayName": "Add Money Wallet",
                    "attributes": {
                        "type": "NON_TOURN_COLL_INFO",
                        "displayName": "Add Money Wallet",
                        "ctaText": "Add Money in wallet",
                        "description": "Get a scratch card with upto 100 Rs CashBack",
                        "deepLink": "paytmmp://cash_wallet?featuretype=add_money",
                        "attributesMap": {}
                    },
                    "maxCount": 3,
                    "iconUrl": "https://assetscdn1.paytm.com/images/promo-engine/prod/newuserjourney/First+Sticker%403x.png"
                },
                "633": {
                    "displayName": "Add Money Badge",
                    "attributes": {
                        "type": "NON_TOURN_COLL_INFO",
                        "displayName": "Add Money Badge",
                        "ctaText": "Add Money",
                        "description": "Get a scratch card with upto 100 Rs CashBack",
                        "deepLink": "paytmmp://cash_wallet?featuretype=add_money",
                        "attributesMap": {}
                    },
                    "maxCount": 3,
                    "iconUrl": "https://assetscdn1.paytm.com/images/promo-engine/prod/newuserjourney/First+Sticker%403x.png"
                },
                "670": {
                    "displayName": "Add Money Badge",
                    "attributes": {
                        "type": "NON_TOURN_COLL_INFO",
                        "displayName": "Add Money Badge",
                        "ctaText": "Add Money",
                        "description": "Get a scratch card with upto 100 Rs CashBack",
                        "deepLink": "paytmmp://cash_wallet?featuretype=add_money",
                        "attributesMap": {}
                    },
                    "maxCount": 3,
                    "iconUrl": "https://assetscdn1.paytm.com/images/promo-engine/prod/newuserjourney/First+Sticker%403x.png"
                },
                "638": {
                    "displayName": "Add Money Badge",
                    "attributes": {
                        "type": "NON_TOURN_COLL_INFO",
                        "displayName": "Add Money Badge",
                        "ctaText": "Add Money",
                        "description": "Get a scratch card with upto 100 Rs CashBack",
                        "deepLink": "paytmmp://cash_wallet?featuretype=add_money",
                        "attributesMap": {}
                    },
                    "maxCount": 3,
                    "iconUrl": "https://assetscdn1.paytm.com/images/promo-engine/prod/userjourney/Mobile-recharge%402x.png"
                },
                "639": {
                    "displayName": "DTH Badge",
                    "attributes": {
                        "type": "NON_TOURN_COLL_INFO",
                        "displayName": "DTH Badge",
                        "ctaText": "Recharge DTH",
                        "description": "Get a scratch card with upto 100 Rs CashBack",
                        "deepLink": "paytmmp://dth?url=https://catalog.paytm.com/v1/mobile/DTH/18",
                        "attributesMap": {}
                    },
                    "maxCount": 3,
                    "iconUrl": "https://assetscdn1.paytm.com/images/promo-engine/prod/userjourney/Mobile-recharge%402x.png"
                }
            },
            "campaign_detail_deeplink": "paytmmp://cash_wallet?featuretype=vip&screen=topoffer&campaignid=43167"
        },
        "supercash_game": null
    }
},
"CompletedGame":{
    "status": 1,
    "errors": [],
    "data": {
        "campaign": null,
        "supercash_game": {
            "id": 405242,
            "info": {
                "transactions": [
                    {
                        "txn_id": "991g3667",
                        "txn_source": "COLLECTIBLE",
                        "stage": 0,
                        "status": "SUCCESS",
                        "created_at": "2020-07-17T05:27:22.460Z",
                        "txn_amount": "0",
                        "collectible_id": 639,
                        "progress_screen_construct": "1st Payment",
                        "stage_object": {
                            "stage_status": "COMPLETED",
                            "stage_txn_count": 1,
                            "stage_success_txn_count": 1,
                            "surprise_stage": false,
                            "stage_progress_construct": "You won ₹10 goldback",
                            "gratification_objects": [
                                {
                                    "scratchCardData": null,
                                    "supercashGameData": null,
                                    "redemption_type": "goldback",
                                    "frontend_redemption_type": "goldback",
                                    "cashback_text": "You will get goldback worth ₹10",
                                    "redemption_status": "REDEEM_REQUESTED",
                                    "redemption_text": "Goldback will be credited within 24 hours to your Paytm Gold account.",
                                    "earned_text": "You won ₹10 goldback",
                                    "bonus_amount": 10,
                                    "deal_data": null,
                                    "crosspromo_data": null,
                                    "redemption_type_icon": "https://paytm.s3-ap-southeast-1.amazonaws.com/promo_seller_panel_uploads/production/Goldcoin.png",
                                    "winnning_title": "Congratulations!",
                                    "progress_text": "You Won"
                                }
                            ]
                        }
                    },
                    {
                        "txn_id": "991g3668",
                        "txn_source": "COLLECTIBLE",
                        "stage": 1,
                        "status": "SUCCESS",
                        "created_at": "2020-07-17T05:27:22.460Z",
                        "txn_amount": "0",
                        "collectible_id": 639,
                        "progress_screen_construct": "2nd Payment"
                    },
                    {
                        "txn_id": "991g3669",
                        "txn_source": "COLLECTIBLE",
                        "stage": 1,
                        "status": "SUCCESS",
                        "created_at": "2020-07-17T05:27:22.460Z",
                        "txn_amount": "0",
                        "collectible_id": 639,
                        "progress_screen_construct": "3rd Payment",
                        "stage_object": {
                            "stage_status": "COMPLETED",
                            "stage_txn_count": 2,
                            "stage_success_txn_count": 2,
                            "surprise_stage": false,
                            "stage_progress_construct": "You won a scratch card",
                            "gratification_objects": [
                                {
                                    "scratchCardData": {
                                        "id": 30824483346,
                                        "scratched": false,
                                        "randomBucketName": null,
                                        "displayType": "SCRATCH_CARD",
                                        "unlockText": null,
                                        "randomBucketMap": null
                                    },
                                    "supercashGameData": null,
                                    "redemption_type": "goldback",
                                    "frontend_redemption_type": "goldback",
                                    "cashback_text": "You will get a scratch card worth ₹50",
                                    "redemption_status": "REDEEM_REQUESTED",
                                    "redemption_text": "Goldback will be credited within 24 hours to your Paytm Gold account.",
                                    "earned_text": "You won a scratch card",
                                    "bonus_amount": 0,
                                    "deal_data": null,
                                    "crosspromo_data": null,
                                    "redemption_type_icon": "https://paytm.s3-ap-southeast-1.amazonaws.com/promo_seller_panel_uploads/production/Goldcoin.png",
                                    "winnning_title": "Congratulations!",
                                    "progress_text": "You Won"
                                }
                            ]
                        }
                    }
                ],
                "offer_expiry_reason": "",
                "game_expiry_reason": "Your offer expired as you did not complete 0 out of 3 transactions.",
                "campaign": {
                    "id": 43258,
                    "event": "ACCEPT_OFFER",
                    "deeplink_url": "paytmmp://mobile_prepaid?url=https://catalog.paytm.com/v1/mobile/mobile-prepaid/17",
                    "offer_text_override": "Get ₹60 cashback",
                    "background_image_url": "Image",
                    "new_offers_image_url": "https://s3-ap-southeast-1.amazonaws.com/assets.paytm.com/promotion/Rituraj/PNG+images/Mobile+Prepaid+Recharge+Offer.png",
                    "offer_keyword": "Recharge your mobile",
                    "progress_screen_cta": "Recharge Now",
                    "important_terms": "<p><span style=\"color: #FFA500;\">★</span><span style=\"color: #000000;\">Offer can be availed 1 time during the campaign validity<p>",
                    "surprise_text": "<p><span style=\"color: #FFA500;\">★</span><span style=\"color: #000000;\">Recharge your mobile 1st time, Get ₹10 goldback<p><span style=\"color: #FFA500;\">★</span><span style=\"color: #000000;\">Recharge your mobile 3rd time, Get ₹50 goldback<p>",
                    "tnc": "https://paytmmall.com/papi/v2/promocard/supercash/campaign/tnc/43258",
                    "campaign": "AUTOMATION_COLLECT_GAME3",
                    "isDeeplink": true,
                    "valid_upto": "2021-06-30T09:30:00.000Z",
                    "short_description": "Recharge your mobile 3 times for  within 15 minutes",
                    "offer_image_url": "https://s3-ap-southeast-1.amazonaws.com/assets.paytm.com/promotion/Rituraj/PNG+images/Mobile+Prepaid+Recharge+Offer.png",
                    "auto_activate": true,
                    "show_game_progress": true,
                    "offer_type_id": 1,
                    "background_overlay": false,
                    "first_transaction_cta": "Do your first recharge",
                    "surprise_text_title": "Offer Details",
                    "unlock_text": "Recharge your mobile to unlock",
                    "total_txn_count": 3,
                    "collectibles": {
                        "660": {
                            "displayName": "Add Money Badge",
                            "attributes": {
                                "type": "NON_TOURN_COLL_INFO",
                                "displayName": "Add Money Badge",
                                "ctaText": "Add Money",
                                "description": "Get a scratch card with upto 100 Rs CashBack",
                                "deepLink": "paytmmp://cash_wallet?featuretype=add_money",
                                "attributesMap": {}
                            },
                            "maxCount": 3,
                            "iconUrl": "abc.com"
                        },
                        "663": {
                            "displayName": "Add Money Wallet",
                            "attributes": {
                                "type": "NON_TOURN_COLL_INFO",
                                "displayName": "Add Money Wallet",
                                "ctaText": "Add Money in wallet",
                                "description": "Get a scratch card with upto 100 Rs CashBack",
                                "deepLink": "paytmmp://cash_wallet?featuretype=add_money",
                                "attributesMap": {}
                            },
                            "maxCount": 3,
                            "iconUrl": "https://assetscdn1.paytm.com/images/promo-engine/prod/newuserjourney/First+Sticker%403x.png"
                        },
                        "633": {
                            "displayName": "Add Money Badge",
                            "attributes": {
                                "type": "NON_TOURN_COLL_INFO",
                                "displayName": "Add Money Badge",
                                "ctaText": "Add Money",
                                "description": "Get a scratch card with upto 100 Rs CashBack",
                                "deepLink": "paytmmp://cash_wallet?featuretype=add_money",
                                "attributesMap": {}
                            },
                            "maxCount": 3,
                            "iconUrl": "https://assetscdn1.paytm.com/images/promo-engine/prod/newuserjourney/First+Sticker%403x.png"
                        },
                        "670": {
                            "displayName": "Add Money Badge",
                            "attributes": {
                                "type": "NON_TOURN_COLL_INFO",
                                "displayName": "Add Money Badge",
                                "ctaText": "Add Money",
                                "description": "Get a scratch card with upto 100 Rs CashBack",
                                "deepLink": "paytmmp://cash_wallet?featuretype=add_money",
                                "attributesMap": {}
                            },
                            "maxCount": 3,
                            "iconUrl": "https://assetscdn1.paytm.com/images/promo-engine/prod/newuserjourney/First+Sticker%403x.png"
                        },
                        "638": {
                            "displayName": "Add Money Badge",
                            "attributes": {
                                "type": "NON_TOURN_COLL_INFO",
                                "displayName": "Add Money Badge",
                                "ctaText": "Add Money",
                                "description": "Get a scratch card with upto 100 Rs CashBack",
                                "deepLink": "paytmmp://cash_wallet?featuretype=add_money",
                                "attributesMap": {}
                            },
                            "maxCount": 3,
                            "iconUrl": "https://assetscdn1.paytm.com/images/promo-engine/prod/userjourney/Mobile-recharge%402x.png"
                        },
                        "639": {
                            "displayName": "DTH Badge",
                            "attributes": {
                                "type": "NON_TOURN_COLL_INFO",
                                "displayName": "DTH Badge",
                                "ctaText": "Recharge DTH",
                                "description": "Get a scratch card with upto 100 Rs CashBack",
                                "deepLink": "paytmmp://dth?url=https://catalog.paytm.com/v1/mobile/DTH/18",
                                "attributesMap": {}
                            },
                            "maxCount": 3,
                            "iconUrl": "https://assetscdn1.paytm.com/images/promo-engine/prod/userjourney/Mobile-recharge%402x.png"
                        }
                    },
                    "campaign_detail_deeplink": "paytmmp://cash_wallet?featuretype=vip&screen=topoffer&campaignid=43258"
                }
            },
            "updated_at": "2020-07-17T05:27:57.000Z",
            "success_txn_count": 3,
            "total_txn_count": 3,
            "status": "COMPLETED",
            "offer_expiry": "2020-07-17T05:28:33.000Z",
            "game_expiry": "2020-07-17T05:42:33.000Z",
            "opt_out_time": "",
            "offer_status_info": "Offer completed on 17 Jul 20, 10:57 AM",
            "current_stage": 1,
            "txn_linked": null,
            "Claim_CTA": null,
            "unlock_text": "Recharge your mobile to unlock",
            "offer_end_time": "2020-07-17T05:27:22.460Z",
            "server_timestamp": "2020-07-17T09:01:31.531Z"
        }
    }
},
"EXPIRED_GAME":{
    "status": 1,
    "errors": [],
    "data": {
        "campaign": null,
        "supercash_game": {
            "id": 405243,
            "info": {
                "transactions": [
                    {
                        "txn_id": "991g36691",
                        "txn_source": "COLLECTIBLE",
                        "stage": 0,
                        "status": "SUCCESS",
                        "created_at": "2020-07-17T05:27:22.460Z",
                        "txn_amount": "0",
                        "collectible_id": 639,
                        "progress_screen_construct": "1st Payment",
                        "stage_object": {
                            "stage_status": "COMPLETED",
                            "stage_txn_count": 1,
                            "stage_success_txn_count": 1,
                            "surprise_stage": false,
                            "stage_progress_construct": "You won ₹10 goldback",
                            "gratification_objects": [
                                {
                                    "scratchCardData": null,
                                    "supercashGameData": null,
                                    "redemption_type": "goldback",
                                    "frontend_redemption_type": "goldback",
                                    "cashback_text": "You will get goldback worth ₹10",
                                    "redemption_status": "REDEEM_REQUESTED",
                                    "redemption_text": "Goldback will be credited within 24 hours to your Paytm Gold account.",
                                    "earned_text": "You won ₹10 goldback",
                                    "bonus_amount": 10,
                                    "deal_data": null,
                                    "crosspromo_data": null,
                                    "redemption_type_icon": "https://paytm.s3-ap-southeast-1.amazonaws.com/promo_seller_panel_uploads/production/Goldcoin.png",
                                    "winnning_title": "Congratulations!",
                                    "progress_text": "You Won"
                                }
                            ]
                        }
                    },
                    {
                        "txn_id": "",
                        "txn_source": "",
                        "order_id": "",
                        "stage": 1,
                        "status": "",
                        "created_at": "",
                        "progress_screen_construct": "2nd Payment"
                    },
                    {
                        "txn_id": "",
                        "txn_source": "",
                        "order_id": "",
                        "stage": 1,
                        "status": "",
                        "created_at": "",
                        "progress_screen_construct": "3rd Payment",
                        "stage_object": {
                            "stage_status": "INCOMPLETE",
                            "stage_txn_count": 2,
                            "stage_success_txn_count": 0,
                            "surprise_stage": false,
                            "stage_progress_construct": "Recharge your mobile 2 times to get a scratch card worth ₹50",
                            "gratification_objects": [
                                {
                                    "scratchCardData": null,
                                    "supercashGameData": null,
                                    "redemption_type": "goldback",
                                    "frontend_redemption_type": "goldback",
                                    "cashback_text": "You will get a scratch card worth ₹50",
                                    "redemption_status": null,
                                    "redemption_text": "",
                                    "earned_text": "",
                                    "bonus_amount": 0,
                                    "deal_data": null,
                                    "crosspromo_data": null,
                                    "redemption_type_icon": "https://paytm.s3-ap-southeast-1.amazonaws.com/promo_seller_panel_uploads/production/Goldcoin.png",
                                    "winnning_title": "",
                                    "progress_text": "You have made a progress"
                                }
                            ]
                        }
                    }
                ],
                "offer_expiry_reason": "",
                "game_expiry_reason": "Your offer expired as you did not complete 2 out of 3 transactions.",
                "campaign": {
                    "id": 43258,
                    "event": "ACCEPT_OFFER",
                    "deeplink_url": "paytmmp://mobile_prepaid?url=https://catalog.paytm.com/v1/mobile/mobile-prepaid/17",
                    "offer_text_override": "Get ₹60 cashback",
                    "background_image_url": "Image",
                    "new_offers_image_url": "https://s3-ap-southeast-1.amazonaws.com/assets.paytm.com/promotion/Rituraj/PNG+images/Mobile+Prepaid+Recharge+Offer.png",
                    "offer_keyword": "Recharge your mobile",
                    "progress_screen_cta": "Recharge Now",
                    "important_terms": "<p><span style=\"color: #FFA500;\">★</span><span style=\"color: #000000;\">Offer can be availed 1 time during the campaign validity<p>",
                    "surprise_text": "<p><span style=\"color: #FFA500;\">★</span><span style=\"color: #000000;\">Recharge your mobile 1st time, Get ₹10 goldback<p><span style=\"color: #FFA500;\">★</span><span style=\"color: #000000;\">Recharge your mobile 3rd time, Get ₹50 goldback<p>",
                    "tnc": "https://paytmmall.com/papi/v2/promocard/supercash/campaign/tnc/43258",
                    "campaign": "AUTOMATION_COLLECT_GAME3",
                    "isDeeplink": true,
                    "valid_upto": "2021-06-30T09:30:00.000Z",
                    "short_description": "Recharge your mobile 3 times for  within 15 minutes",
                    "offer_image_url": "https://s3-ap-southeast-1.amazonaws.com/assets.paytm.com/promotion/Rituraj/PNG+images/Mobile+Prepaid+Recharge+Offer.png",
                    "auto_activate": true,
                    "show_game_progress": true,
                    "offer_type_id": 1,
                    "background_overlay": false,
                    "first_transaction_cta": "Do your first recharge",
                    "surprise_text_title": "Offer Details",
                    "unlock_text": "Recharge your mobile to unlock",
                    "total_txn_count": 3,
                    "collectibles": {
                        "660": {
                            "displayName": "Add Money Badge",
                            "attributes": {
                                "type": "NON_TOURN_COLL_INFO",
                                "displayName": "Add Money Badge",
                                "ctaText": "Add Money",
                                "description": "Get a scratch card with upto 100 Rs CashBack",
                                "deepLink": "paytmmp://cash_wallet?featuretype=add_money",
                                "attributesMap": {}
                            },
                            "maxCount": 3,
                            "iconUrl": "abc.com"
                        },
                        "663": {
                            "displayName": "Add Money Wallet",
                            "attributes": {
                                "type": "NON_TOURN_COLL_INFO",
                                "displayName": "Add Money Wallet",
                                "ctaText": "Add Money in wallet",
                                "description": "Get a scratch card with upto 100 Rs CashBack",
                                "deepLink": "paytmmp://cash_wallet?featuretype=add_money",
                                "attributesMap": {}
                            },
                            "maxCount": 3,
                            "iconUrl": "https://assetscdn1.paytm.com/images/promo-engine/prod/newuserjourney/First+Sticker%403x.png"
                        },
                        "633": {
                            "displayName": "Add Money Badge",
                            "attributes": {
                                "type": "NON_TOURN_COLL_INFO",
                                "displayName": "Add Money Badge",
                                "ctaText": "Add Money",
                                "description": "Get a scratch card with upto 100 Rs CashBack",
                                "deepLink": "paytmmp://cash_wallet?featuretype=add_money",
                                "attributesMap": {}
                            },
                            "maxCount": 3,
                            "iconUrl": "https://assetscdn1.paytm.com/images/promo-engine/prod/newuserjourney/First+Sticker%403x.png"
                        },
                        "670": {
                            "displayName": "Add Money Badge",
                            "attributes": {
                                "type": "NON_TOURN_COLL_INFO",
                                "displayName": "Add Money Badge",
                                "ctaText": "Add Money",
                                "description": "Get a scratch card with upto 100 Rs CashBack",
                                "deepLink": "paytmmp://cash_wallet?featuretype=add_money",
                                "attributesMap": {}
                            },
                            "maxCount": 3,
                            "iconUrl": "https://assetscdn1.paytm.com/images/promo-engine/prod/newuserjourney/First+Sticker%403x.png"
                        },
                        "638": {
                            "displayName": "Add Money Badge",
                            "attributes": {
                                "type": "NON_TOURN_COLL_INFO",
                                "displayName": "Add Money Badge",
                                "ctaText": "Add Money",
                                "description": "Get a scratch card with upto 100 Rs CashBack",
                                "deepLink": "paytmmp://cash_wallet?featuretype=add_money",
                                "attributesMap": {}
                            },
                            "maxCount": 3,
                            "iconUrl": "https://assetscdn1.paytm.com/images/promo-engine/prod/userjourney/Mobile-recharge%402x.png"
                        },
                        "639": {
                            "displayName": "DTH Badge",
                            "attributes": {
                                "type": "NON_TOURN_COLL_INFO",
                                "displayName": "DTH Badge",
                                "ctaText": "Recharge DTH",
                                "description": "Get a scratch card with upto 100 Rs CashBack",
                                "deepLink": "paytmmp://dth?url=https://catalog.paytm.com/v1/mobile/DTH/18",
                                "attributesMap": {}
                            },
                            "maxCount": 3,
                            "iconUrl": "https://assetscdn1.paytm.com/images/promo-engine/prod/userjourney/Mobile-recharge%402x.png"
                        }
                    },
                    "campaign_detail_deeplink": "paytmmp://cash_wallet?featuretype=vip&screen=topoffer&campaignid=43258"
                }
            },
            "updated_at": "2020-07-17T05:29:18.000Z",
            "success_txn_count": 1,
            "total_txn_count": 3,
            "status": "GAME_EXPIRED",
            "offer_expiry": "2020-07-17T05:29:20.000Z",
            "game_expiry": "2020-07-17T05:43:20.000Z",
            "opt_out_time": "",
            "offer_status_info": "Offer expired on 17 Jul 20, 11:13 AM",
            "current_stage": 1,
            "txn_linked": null,
            "Claim_CTA": null,
            "unlock_text": "Recharge your mobile 2 more times to unlock",
            "offer_end_time": "2020-07-17T05:43:20.000Z",
            "server_timestamp": "2020-07-17T09:06:30.738Z"
        }
    }
},
"EXPIRED_OFFER":{
    "status": 1,
    "errors": [],
    "data": {
        "campaign": null,
        "supercash_game": {
            "id": 405244,
            "info": {
                "transactions": [
                    {
                        "txn_id": "991g36692",
                        "txn_source": "COLLECTIBLE",
                        "stage": 0,
                        "status": "SUCCESS",
                        "created_at": "2020-07-17T05:27:22.460Z",
                        "txn_amount": "0",
                        "collectible_id": 639,
                        "progress_screen_construct": "1st Payment",
                        "stage_object": {
                            "stage_status": "COMPLETED",
                            "stage_txn_count": 1,
                            "stage_success_txn_count": 1,
                            "surprise_stage": false,
                            "stage_progress_construct": "You won ₹10 goldback",
                            "gratification_objects": [
                                {
                                    "scratchCardData": null,
                                    "supercashGameData": null,
                                    "redemption_type": "goldback",
                                    "frontend_redemption_type": "goldback",
                                    "cashback_text": "You will get goldback worth ₹10",
                                    "redemption_status": "REDEEM_REQUESTED",
                                    "redemption_text": "Goldback will be credited within 24 hours to your Paytm Gold account.",
                                    "earned_text": "You won ₹10 goldback",
                                    "bonus_amount": 10,
                                    "deal_data": null,
                                    "crosspromo_data": null,
                                    "redemption_type_icon": "https://paytm.s3-ap-southeast-1.amazonaws.com/promo_seller_panel_uploads/production/Goldcoin.png",
                                    "winnning_title": "Congratulations!",
                                    "progress_text": "You Won"
                                }
                            ]
                        }
                    },
                    {
                        "txn_id": "",
                        "txn_source": "",
                        "order_id": "",
                        "stage": 1,
                        "status": "",
                        "created_at": "",
                        "progress_screen_construct": "2nd Payment"
                    },
                    {
                        "txn_id": "",
                        "txn_source": "",
                        "order_id": "",
                        "stage": 1,
                        "status": "",
                        "created_at": "",
                        "progress_screen_construct": "3rd Payment",
                        "stage_object": {
                            "stage_status": "INCOMPLETE",
                            "stage_txn_count": 2,
                            "stage_success_txn_count": 0,
                            "surprise_stage": false,
                            "stage_progress_construct": "Recharge your mobile 2 times to get a scratch card worth ₹50",
                            "gratification_objects": [
                                {
                                    "scratchCardData": null,
                                    "supercashGameData": null,
                                    "redemption_type": "goldback",
                                    "frontend_redemption_type": "goldback",
                                    "cashback_text": "You will get a scratch card worth ₹50",
                                    "redemption_status": null,
                                    "redemption_text": "",
                                    "earned_text": "",
                                    "bonus_amount": 0,
                                    "deal_data": null,
                                    "crosspromo_data": null,
                                    "redemption_type_icon": "https://paytm.s3-ap-southeast-1.amazonaws.com/promo_seller_panel_uploads/production/Goldcoin.png",
                                    "winnning_title": "",
                                    "progress_text": "You have made a progress"
                                }
                            ]
                        }
                    }
                ],
                "offer_expiry_reason": "",
                "game_expiry_reason": "Your offer expired as you did not complete 2 out of 3 transactions.",
                "campaign": {
                    "id": 43258,
                    "event": "ACCEPT_OFFER",
                    "deeplink_url": "paytmmp://mobile_prepaid?url=https://catalog.paytm.com/v1/mobile/mobile-prepaid/17",
                    "offer_text_override": "Get ₹60 cashback",
                    "background_image_url": "Image",
                    "new_offers_image_url": "https://s3-ap-southeast-1.amazonaws.com/assets.paytm.com/promotion/Rituraj/PNG+images/Mobile+Prepaid+Recharge+Offer.png",
                    "offer_keyword": "Recharge your mobile",
                    "progress_screen_cta": "Recharge Now",
                    "important_terms": "<p><span style=\"color: #FFA500;\">★</span><span style=\"color: #000000;\">Offer can be availed 1 time during the campaign validity<p>",
                    "surprise_text": "<p><span style=\"color: #FFA500;\">★</span><span style=\"color: #000000;\">Recharge your mobile 1st time, Get ₹10 goldback<p><span style=\"color: #FFA500;\">★</span><span style=\"color: #000000;\">Recharge your mobile 3rd time, Get ₹50 goldback<p>",
                    "tnc": "https://paytmmall.com/papi/v2/promocard/supercash/campaign/tnc/43258",
                    "campaign": "AUTOMATION_COLLECT_GAME3",
                    "isDeeplink": true,
                    "valid_upto": "2021-06-30T09:30:00.000Z",
                    "short_description": "Recharge your mobile 3 times for  within 15 minutes",
                    "offer_image_url": "https://s3-ap-southeast-1.amazonaws.com/assets.paytm.com/promotion/Rituraj/PNG+images/Mobile+Prepaid+Recharge+Offer.png",
                    "auto_activate": true,
                    "show_game_progress": true,
                    "offer_type_id": 1,
                    "background_overlay": false,
                    "first_transaction_cta": "Do your first recharge",
                    "surprise_text_title": "Offer Details",
                    "unlock_text": "Recharge your mobile to unlock",
                    "total_txn_count": 3,
                    "collectibles": {
                        "660": {
                            "displayName": "Add Money Badge",
                            "attributes": {
                                "type": "NON_TOURN_COLL_INFO",
                                "displayName": "Add Money Badge",
                                "ctaText": "Add Money",
                                "description": "Get a scratch card with upto 100 Rs CashBack",
                                "deepLink": "paytmmp://cash_wallet?featuretype=add_money",
                                "attributesMap": {}
                            },
                            "maxCount": 3,
                            "iconUrl": "abc.com"
                        },
                        "663": {
                            "displayName": "Add Money Wallet",
                            "attributes": {
                                "type": "NON_TOURN_COLL_INFO",
                                "displayName": "Add Money Wallet",
                                "ctaText": "Add Money in wallet",
                                "description": "Get a scratch card with upto 100 Rs CashBack",
                                "deepLink": "paytmmp://cash_wallet?featuretype=add_money",
                                "attributesMap": {}
                            },
                            "maxCount": 3,
                            "iconUrl": "https://assetscdn1.paytm.com/images/promo-engine/prod/newuserjourney/First+Sticker%403x.png"
                        },
                        "633": {
                            "displayName": "Add Money Badge",
                            "attributes": {
                                "type": "NON_TOURN_COLL_INFO",
                                "displayName": "Add Money Badge",
                                "ctaText": "Add Money",
                                "description": "Get a scratch card with upto 100 Rs CashBack",
                                "deepLink": "paytmmp://cash_wallet?featuretype=add_money",
                                "attributesMap": {}
                            },
                            "maxCount": 3,
                            "iconUrl": "https://assetscdn1.paytm.com/images/promo-engine/prod/newuserjourney/First+Sticker%403x.png"
                        },
                        "670": {
                            "displayName": "Add Money Badge",
                            "attributes": {
                                "type": "NON_TOURN_COLL_INFO",
                                "displayName": "Add Money Badge",
                                "ctaText": "Add Money",
                                "description": "Get a scratch card with upto 100 Rs CashBack",
                                "deepLink": "paytmmp://cash_wallet?featuretype=add_money",
                                "attributesMap": {}
                            },
                            "maxCount": 3,
                            "iconUrl": "https://assetscdn1.paytm.com/images/promo-engine/prod/newuserjourney/First+Sticker%403x.png"
                        },
                        "638": {
                            "displayName": "Add Money Badge",
                            "attributes": {
                                "type": "NON_TOURN_COLL_INFO",
                                "displayName": "Add Money Badge",
                                "ctaText": "Add Money",
                                "description": "Get a scratch card with upto 100 Rs CashBack",
                                "deepLink": "paytmmp://cash_wallet?featuretype=add_money",
                                "attributesMap": {}
                            },
                            "maxCount": 3,
                            "iconUrl": "https://assetscdn1.paytm.com/images/promo-engine/prod/userjourney/Mobile-recharge%402x.png"
                        },
                        "639": {
                            "displayName": "DTH Badge",
                            "attributes": {
                                "type": "NON_TOURN_COLL_INFO",
                                "displayName": "DTH Badge",
                                "ctaText": "Recharge DTH",
                                "description": "Get a scratch card with upto 100 Rs CashBack",
                                "deepLink": "paytmmp://dth?url=https://catalog.paytm.com/v1/mobile/DTH/18",
                                "attributesMap": {}
                            },
                            "maxCount": 3,
                            "iconUrl": "https://assetscdn1.paytm.com/images/promo-engine/prod/userjourney/Mobile-recharge%402x.png"
                        }
                    },
                    "campaign_detail_deeplink": "paytmmp://cash_wallet?featuretype=vip&screen=topoffer&campaignid=43258"
                }
            },
            "updated_at": "2020-07-17T05:29:27.000Z",
            "success_txn_count": 1,
            "total_txn_count": 3,
            "status": "OFFER_EXPIRED",
            "offer_expiry": "2020-07-17T05:29:47.000Z",
            "game_expiry": "2020-07-17T05:43:47.000Z",
            "opt_out_time": "",
            "offer_status_info": "Offer expired on 17 Jul 20, 10:59 AM",
            "current_stage": 1,
            "txn_linked": null,
            "Claim_CTA": null,
            "unlock_text": "Recharge your mobile 2 more times to unlock",
            "offer_end_time": "2020-07-17T05:29:47.000Z",
            "server_timestamp": "2020-07-17T09:11:04.454Z"
        }
    }
},
"OfferEligibilityError":{
    "status": 0,
    "errors": [
        {
            "status": 400,
            "code": null,
            "message": "You are not eligible for this campaign. Checkout other cashback offers for you.",
            "title": "Campaign Eligibility",
            "errorCode": "SUCASH_4008"
        }
    ],
    "data": null
},
"AllStatus":{
    "status": 1,
    "errors": [],
    "data": {
        "campaign": null,
        "supercash_game": {
            "id": 405801,
            "info": {
                "transactions": [
                    {
                        "txn_id": "991g36698",
                        "txn_source": "COLLECTIBLE",
                        "stage": 0,
                        "status": "SUCCESS",
                        "created_at": "2020-07-17T11:09:33.539Z",
                        "txn_amount": "0",
                        "collectible_id": 639,
                        "progress_screen_construct": "1st Payment",
                        "stage_object": {
                            "stage_status": "COMPLETED",
                            "stage_txn_count": 1,
                            "stage_success_txn_count": 1,
                            "surprise_stage": false,
                            "stage_progress_construct": "You won ₹10 goldback",
                            "gratification_objects": [
                                {
                                    "scratchCardData": null,
                                    "supercashGameData": null,
                                    "redemption_type": "goldback",
                                    "frontend_redemption_type": "goldback",
                                    "cashback_text": "You will get goldback worth ₹10",
                                    "redemption_status": "REDEEM_REQUESTED",
                                    "redemption_text": "Goldback will be credited within 48 hours to your Paytm Gold account. If any transaction is cancelled, you need to do another transaction to be eligible for goldback.",
                                    "earned_text": "You won ₹10 goldback",
                                    "bonus_amount": 10,
                                    "deal_data": null,
                                    "crosspromo_data": null,
                                    "redemption_type_icon": "https://paytm.s3-ap-southeast-1.amazonaws.com/promo_seller_panel_uploads/production/Goldcoin.png",
                                    "winnning_title": "Congratulations!",
                                    "progress_text": "You Won"
                                }
                            ]
                        }
                    },
                    {
                        "txn_id": "",
                        "txn_source": "",
                        "order_id": "",
                        "stage": 1,
                        "status": "",
                        "created_at": "",
                        "progress_screen_construct": "2nd Payment"
                    },
                    {
                        "txn_id": "",
                        "txn_source": "",
                        "order_id": "",
                        "stage": 1,
                        "status": "",
                        "created_at": "",
                        "progress_screen_construct": "3rd Payment",
                        "stage_object": {
                            "stage_status": "INCOMPLETE",
                            "stage_txn_count": 2,
                            "stage_success_txn_count": 0,
                            "surprise_stage": false,
                            "stage_progress_construct": "Recharge your mobile 2 times to get a scratch card worth ₹50",
                            "gratification_objects": [
                                {
                                    "scratchCardData": null,
                                    "supercashGameData": null,
                                    "redemption_type": "goldback",
                                    "frontend_redemption_type": "goldback",
                                    "cashback_text": "You will get a scratch card worth ₹50",
                                    "redemption_status": null,
                                    "redemption_text": "",
                                    "earned_text": "",
                                    "bonus_amount": 0,
                                    "deal_data": null,
                                    "crosspromo_data": null,
                                    "redemption_type_icon": "https://paytm.s3-ap-southeast-1.amazonaws.com/promo_seller_panel_uploads/production/Goldcoin.png",
                                    "winnning_title": "",
                                    "progress_text": "You have made a progress"
                                }
                            ]
                        }
                    }
                ],
                "offer_expiry_reason": "",
                "game_expiry_reason": "Your offer expired as you did not complete 2 out of 3 transactions.",
                "campaign": {
                    "id": 43329,
                    "event": "ACCEPT_OFFER",
                    "deeplink_url": "paytmmp://mobile_prepaid?url=https://catalog.paytm.com/v1/mobile/mobile-prepaid/17",
                    "offer_text_override": "Get ₹60 cashback",
                    "background_image_url": "Image",
                    "new_offers_image_url": "https://s3-ap-southeast-1.amazonaws.com/assets.paytm.com/promotion/Rituraj/PNG+images/Mobile+Prepaid+Recharge+Offer.png",
                    "offer_keyword": "Recharge your mobile",
                    "progress_screen_cta": "Recharge Now",
                    "important_terms": "<p><span style=\"color: #FFA500;\">★</span><span style=\"color: #000000;\">Offer can be availed 3 times during the campaign validity</span></p>\n\n<p> </p>\n",
                    "surprise_text": "<p><span style=\"color: #FFA500;\">★</span><span style=\"color: #000000;\">Recharge your mobile 1st time, Get ₹10 goldback<p><span style=\"color: #FFA500;\">★</span><span style=\"color: #000000;\">Recharge your mobile 3rd time, Get ₹50 goldback<p>",
                    "tnc": "https://paytmmall.com/papi/v2/promocard/supercash/campaign/tnc/43329",
                    "campaign": "AUTOMATION_COLLECT_GAME4",
                    "isDeeplink": true,
                    "valid_upto": "2021-06-30T09:30:00.000Z",
                    "short_description": "Recharge your mobile 3 times for  within 15 minutes",
                    "offer_image_url": "https://s3-ap-southeast-1.amazonaws.com/assets.paytm.com/promotion/Rituraj/PNG+images/Mobile+Prepaid+Recharge+Offer.png",
                    "auto_activate": true,
                    "show_game_progress": true,
                    "offer_type_id": 1,
                    "background_overlay": false,
                    "first_transaction_cta": "Do your first recharge",
                    "surprise_text_title": "Offer Details",
                    "unlock_text": "Recharge your mobile to unlock",
                    "total_txn_count": 3,
                    "collectibles": {
                        "660": {
                            "displayName": "Add Money Badge",
                            "attributes": {
                                "type": "NON_TOURN_COLL_INFO",
                                "displayName": "Add Money Badge",
                                "ctaText": "Add Money",
                                "description": "Get a scratch card with upto 100 Rs CashBack",
                                "deepLink": "paytmmp://cash_wallet?featuretype=add_money",
                                "attributesMap": {}
                            },
                            "maxCount": 3,
                            "iconUrl": "abc.com"
                        },
                        "663": {
                            "displayName": "Add Money Wallet",
                            "attributes": {
                                "type": "NON_TOURN_COLL_INFO",
                                "displayName": "Add Money Wallet",
                                "ctaText": "Add Money in wallet",
                                "description": "Get a scratch card with upto 100 Rs CashBack",
                                "deepLink": "paytmmp://cash_wallet?featuretype=add_money",
                                "attributesMap": {}
                            },
                            "maxCount": 3,
                            "iconUrl": "https://assetscdn1.paytm.com/images/promo-engine/prod/newuserjourney/First+Sticker%403x.png"
                        },
                        "633": {
                            "displayName": "Add Money Badge",
                            "attributes": {
                                "type": "NON_TOURN_COLL_INFO",
                                "displayName": "Add Money Badge",
                                "ctaText": "Add Money",
                                "description": "Get a scratch card with upto 100 Rs CashBack",
                                "deepLink": "paytmmp://cash_wallet?featuretype=add_money",
                                "attributesMap": {}
                            },
                            "maxCount": 3,
                            "iconUrl": "https://assetscdn1.paytm.com/images/promo-engine/prod/newuserjourney/First+Sticker%403x.png"
                        },
                        "670": {
                            "displayName": "Add Money Badge",
                            "attributes": {
                                "type": "NON_TOURN_COLL_INFO",
                                "displayName": "Add Money Badge",
                                "ctaText": "Add Money",
                                "description": "Get a scratch card with upto 100 Rs CashBack",
                                "deepLink": "paytmmp://cash_wallet?featuretype=add_money",
                                "attributesMap": {}
                            },
                            "maxCount": 3,
                            "iconUrl": "https://assetscdn1.paytm.com/images/promo-engine/prod/newuserjourney/First+Sticker%403x.png"
                        },
                        "638": {
                            "displayName": "Add Money Badge",
                            "attributes": {
                                "type": "NON_TOURN_COLL_INFO",
                                "displayName": "Add Money Badge",
                                "ctaText": "Add Money",
                                "description": "Get a scratch card with upto 100 Rs CashBack",
                                "deepLink": "paytmmp://cash_wallet?featuretype=add_money",
                                "attributesMap": {}
                            },
                            "maxCount": 3,
                            "iconUrl": "https://assetscdn1.paytm.com/images/promo-engine/prod/userjourney/Mobile-recharge%402x.png"
                        },
                        "639": {
                            "displayName": "DTH Badge",
                            "attributes": {
                                "type": "NON_TOURN_COLL_INFO",
                                "displayName": "DTH Badge",
                                "ctaText": "Recharge DTH",
                                "description": "Get a scratch card with upto 100 Rs CashBack",
                                "deepLink": "paytmmp://dth?url=https://catalog.paytm.com/v1/mobile/DTH/18",
                                "attributesMap": {}
                            },
                            "maxCount": 3,
                            "iconUrl": "https://assetscdn1.paytm.com/images/promo-engine/prod/userjourney/Mobile-recharge%402x.png"
                        }
                    },
                    "campaign_detail_deeplink": "paytmmp://cash_wallet?featuretype=vip&screen=topoffer&campaignid=43329"
                }
            },
            "updated_at": "2020-07-17T11:11:09.000Z",
            "success_txn_count": 1,
            "total_txn_count": 3,
            "status": "OFFER_EXPIRED",
            "offer_expiry": "2020-07-17T11:11:58.000Z",
            "game_expiry": "2020-07-17T11:25:58.000Z",
            "opt_out_time": "",
            "offer_status_info": "Offer expired on 17 Jul 20, 04:41 PM",
            "current_stage": 1,
            "txn_linked": null,
            "Claim_CTA": null,
            "unlock_text": "Recharge your mobile 2 more times to unlock",
            "offer_end_time": "2020-07-17T11:11:58.000Z",
            "server_timestamp": "2020-07-17T11:18:47.723Z"
        }
    }
},
"javaInternal":{
    "status": 1,
    "errors": [],
    "data": {
        "campaign": null,
        "supercash_game": {
            "id": 487041,
            "info": {
                "transactions": [
                    {
                        "txn_id": "PTMb0c1bf5",
                        "txn_source": "PGP",
                        "order_id": "5515431212",
                        "stage": 0,
                        "status": "SUCCESS",
                        "created_at": "2020-10-21T08:06:52.000Z",
                        "txn_amount": "900",
                        "progress_screen_construct": "1st rt",
                        "stage_object": {
                            "stage_status": "COMPLETED",
                            "stage_txn_count": 1,
                            "stage_success_txn_count": 1,
                            "surprise_stage": true,
                            "stage_progress_construct": "You won a scratch card and 10 Paytm First Points",
                            "gratification_objects": [
                                {
                                    "scratchCardData": null,
                                    "bucketName": "B3_0_0",
                                    "supercashGameData": null,
                                    "redemption_type": "coins",
                                    "frontend_redemption_type": "Paytm First Points",
                                    "cashback_text": "You will get surprise bonus worth upto ₹20",
                                    "redemption_status": "REDEEM_REQUESTED",
                                    "redemption_text": "Paytm First Points will be credited within 24 hours. You can redeem these in Paytm Points Passbook",
                                    "earned_text": "You won 10 Paytm First Points",
                                    "bonus_amount": 10,
                                    "deal_data": null,
                                    "crosspromo_data": null,
                                    "redemption_type_icon": "https://paytm.s3-ap-southeast-1.amazonaws.com/promo_seller_panel_uploads/production/group13%403x.png",
                                    "winnning_title": "Congratulations!",
                                    "progress_text": "You Won",
                                    "collectible_data": null
                                },
                                {
                                    "scratchCardData": {
                                        "id": 17928833662,
                                        "scratched": false,
                                        "randomBucketName": "B1_0_1",
                                        "displayType": "SCRATCH_CARD",
                                        "unlockText": null,
                                        "randomBucketMap": null
                                    },
                                    "bucketName": "B1_0_1",
                                    "supercashGameData": null,
                                    "redemption_type": "cashback",
                                    "frontend_redemption_type": "cashback",
                                    "cashback_text": "You will get a scratch card worth upto ₹45",
                                    "redemption_status": "REDEEM_REQUESTED",
                                    "redemption_text": "Cashback will be credited within 24 hours to your Paytm Wallet.",
                                    "earned_text": "You won a scratch card",
                                    "bonus_amount": 0,
                                    "deal_data": null,
                                    "crosspromo_data": null,
                                    "redemption_type_icon": "https://paytm.s3-ap-southeast-1.amazonaws.com/promo_seller_panel_uploads/production/Cashback.png",
                                    "winnning_title": "Congratulations!",
                                    "progress_text": "You Won",
                                    "collectible_data": null
                                }
                            ]
                        }
                    },
                    {
                        "txn_id": "",
                        "txn_source": "",
                        "order_id": "",
                        "stage": 1,
                        "status": "",
                        "created_at": "",
                        "progress_screen_construct": "2nd Payment",
                        "stage_object": {
                            "stage_status": "INCOMPLETE",
                            "stage_txn_count": 1,
                            "stage_success_txn_count": 0,
                            "surprise_stage": true,
                            "stage_progress_construct": "Recharge your mobile to get a scratch card worth upto ₹12",
                            "gratification_objects": [
                                {
                                    "scratchCardData": null,
                                    "bucketName": null,
                                    "supercashGameData": null,
                                    "redemption_type": "random_bonus",
                                    "frontend_redemption_type": "surprise bonus",
                                    "cashback_text": "You will get a scratch card worth upto ₹12",
                                    "redemption_status": null,
                                    "redemption_text": "",
                                    "earned_text": "",
                                    "bonus_amount": 0,
                                    "deal_data": null,
                                    "crosspromo_data": null,
                                    "redemption_type_icon": "https://paytm.s3-ap-southeast-1.amazonaws.com/promo_seller_panel_uploads/production/Cashback.png",
                                    "winnning_title": "",
                                    "progress_text": "You have made a progress",
                                    "collectible_data": null
                                }
                            ]
                        }
                    }
                ],
                "offer_expiry_reason": "",
                "game_expiry_reason": "Your offer expired as you did not complete 1 out of 2 transactions.",
                "campaign": {
                    "id": 51695,
                    "event": "ACCEPT_OFFER",
                    "stageObjectMap": {
                        "0": {
                            "gratifications": [
                                {
                                    "randomBucketMap": {
                                        "B3_0_0": {
                                            "amount": 10,
                                            "frontendRedemptionType": "Paytm First Points",
                                            "frontendRedemptionTypeIconUrl": "https://paytm.s3-ap-southeast-1.amazonaws.com/promo_seller_panel_uploads/production/group13%403x.png"
                                        },
                                        "B4_0_0": {
                                            "amount": 20,
                                            "frontendRedemptionType": "Paytm First Games Bonus Cash",
                                            "frontendRedemptionTypeIconUrl": "https://assetscdn1.paytm.com/images/promo-engine/prod/PFG_icon_100px.png"
                                        },
                                        "B2_0_0": {
                                            "amount": 15,
                                            "frontendRedemptionType": "goldback",
                                            "frontendRedemptionTypeIconUrl": "https://paytm.s3-ap-southeast-1.amazonaws.com/promo_seller_panel_uploads/production/Goldcoin.png"
                                        },
                                        "B1_0_0": {
                                            "amount": 4,
                                            "frontendRedemptionType": "cashback",
                                            "frontendRedemptionTypeIconUrl": "https://paytm.s3-ap-southeast-1.amazonaws.com/promo_seller_panel_uploads/production/Cashback.png"
                                        }
                                    }
                                },
                                {
                                    "randomBucketMap": {
                                        "B1_0_1": {
                                            "amount": 12,
                                            "frontendRedemptionType": "cashback",
                                            "frontendRedemptionTypeIconUrl": "https://paytm.s3-ap-southeast-1.amazonaws.com/promo_seller_panel_uploads/production/Cashback.png"
                                        },
                                        "B3_0_1": {
                                            "amount": 45,
                                            "frontendRedemptionType": "goldback",
                                            "frontendRedemptionTypeIconUrl": "https://paytm.s3-ap-southeast-1.amazonaws.com/promo_seller_panel_uploads/production/Goldcoin.png"
                                        },
                                        "B2_0_1": {
                                            "amount": 17,
                                            "frontendRedemptionType": "cashback",
                                            "frontendRedemptionTypeIconUrl": "https://paytm.s3-ap-southeast-1.amazonaws.com/promo_seller_panel_uploads/production/Cashback.png"
                                        }
                                    }
                                }
                            ]
                        },
                        "1": {
                            "gratifications": [
                                {
                                    "randomBucketMap": {
                                        "B1_1_0": {
                                            "amount": 10,
                                            "frontendRedemptionType": "Movies voucher",
                                            "frontendRedemptionTypeIconUrl": "dhcdsbs"
                                        },
                                        "B3_1_0": {
                                            "amount": 1,
                                            "frontendRedemptionType": "goldback",
                                            "frontendRedemptionTypeIconUrl": "https://paytm.s3-ap-southeast-1.amazonaws.com/promo_seller_panel_uploads/production/Goldcoin.png"
                                        },
                                        "B2_1_0": {
                                            "amount": 12,
                                            "frontendRedemptionType": "cashback",
                                            "frontendRedemptionTypeIconUrl": "https://paytm.s3-ap-southeast-1.amazonaws.com/promo_seller_panel_uploads/production/Cashback.png"
                                        }
                                    }
                                }
                            ]
                        }
                    },
                    "deeplink_url": "paytmmp://mobile_prepaid?url=https://catalog.paytm.com/v1/mobile/mobile-prepaid/17",
                    "offer_text_override": "Get upto ₹77 cashback",
                    "background_image_url": "fdfdf",
                    "new_offers_image_url": "https://s3-ap-southeast-1.amazonaws.com/assets.paytm.com/promotion/Rituraj/PNG+images/Mobile+Prepaid+Recharge+Offer.png",
                    "offer_keyword": "Recharge your mobile",
                    "progress_screen_cta": "Recharge Now",
                    "important_terms": "<p><span style=\"color: #FFA500;\">★</span><span style=\"color: #000000;\">This offer is applicable only when you Recharge your mobile for more than ₹500<p><span style=\"color: #FFA500;\">★</span><span style=\"color: #000000;\">Offer can be availed 200 times during the campaign validity<p>",
                    "surprise_text": "<p><span style=\"color: #FFA500;\">★</span><span style=\"color: #000000;\">Recharge your mobile 1st time, Get anything worth ₹4 to ₹20<p><span style=\"color: #FFA500;\">★</span><span style=\"color: #000000;\">Recharge your mobile 2nd time, Get anything worth ₹1 to ₹12<p>",
                    "tnc": "https://paytmmall.com/papi/v2/promocard/supercash/campaign/tnc/51695",
                    "campaign": "GAURAV_JAVA_RB3",
                    "isDeeplink": true,
                    "valid_upto": "2020-10-31T06:54:00.000Z",
                    "short_description": "Recharge your mobile 2 times for more than ₹500 within 2 hours",
                    "offer_image_url": "https://s3-ap-southeast-1.amazonaws.com/assets.paytm.com/promotion/Rituraj/PNG+images/Mobile+Prepaid+Recharge+Offer.png",
                    "auto_activate": true,
                    "show_game_progress": true,
                    "offer_type_id": 1,
                    "background_overlay": false,
                    "first_transaction_cta": "Do your first recharge",
                    "surprise_text_title": "Offer Details",
                    "unlock_text": "Recharge your mobile to unlock",
                    "total_txn_count": 2,
                    "collectibles": null,
                    "campaign_detail_deeplink": "paytmmp://cash_wallet?featuretype=vip&screen=topoffer&campaignid=51695",
                    "journey_info": null
                }
            },
            "updated_at": "2020-10-21T08:55:12.000Z",
            "success_txn_count": 1,
            "total_txn_count": 2,
            "status": "INPROGRESS",
            "offer_expiry": "2020-10-21T09:25:12.000Z",
            "game_expiry": "2020-10-21T10:55:12.000Z",
            "opt_out_time": "",
            "offer_status_info": "",
            "current_stage": 1,
            "txn_linked": null,
            "Claim_CTA": null,
            "unlock_text": "Recharge your mobile to unlock",
            "offer_end_time": "",
            "server_timestamp": "2020-10-21T09:17:17.978Z"
        }
    }
},
"CollectibleCamp": {
        "status": 1,
        "errors": [],
        "data": {
            "campaign": {
                "id": 1010581,
                "event": "ACCEPT_OFFER",
                "stageObjectMap": {
                    "0": {
                        "gratifications": [
                            {}
                        ]
                    }
                },
                "deeplink_url": "paytmmp://mobile_prepaid?url=https://catalog.paytm.com/v1/mobile/mobile-prepaid/17",
                "offer_text_override": "Get ₹2 cashback",
                "background_image_url": "bgurl",
                "new_offers_image_url": "https://s3-ap-southeast-1.amazonaws.com/assets.paytm.com/promotion/Rituraj/PNG+images/Mobile+Prepaid+Recharge+Offer.png",
                "offer_keyword": "Recharge your mobile",
                "progress_screen_cta": "Recharge Now",
                "important_terms": "<p><span style=\"color: #FFA500;\">★</span><span style=\"color: #000000;\">Offer can be availed 123 times during the campaign validity</span></p>\n\n<p> </p>\n",
                "surprise_text": "<p><span style=\"color: #FFA500;\">★</span><span style=\"color: #000000;\">Recharge your mobile 1st time, Get ₹2 cashback<p>",
                "tnc": "https://gateway.paytm.com/papi/v2/promocard/supercash/campaign/tnc/1010581",
                "campaign": "AUTOMATION_COLLECTIBLECAMP01",
                "isDeeplink": true,
                "valid_upto": "2022-06-30T04:28:00.000Z",
                "short_description": "Recharge your mobile 1 time for  within a day",
                "offer_image_url": "https://s3-ap-southeast-1.amazonaws.com/assets.paytm.com/promotion/Rituraj/PNG+images/Mobile+Prepaid+Recharge+Offer.png",
                "auto_activate": true,
                "show_game_progress": true,
                "offer_type_id": 1,
                "background_overlay": false,
                "first_transaction_cta": "Do your first recharge",
                "surprise_text_title": "Offer Details",
                "unlock_text": "Recharge your mobile to unlock",
                "total_txn_count": 1,
                "collectibles": {
                    "911": {
                        "displayName": "Axax Patel",
                        "attributes": {
                            "type": "TOURN_COLL_INFO",
                            "displayName": "Axax Patel",
                            "ctaText": null,
                            "description": null,
                            "deepLink": null,
                            "team": "DEL",
                            "teamDisplayName": "Delhi",
                            "teamIconUrl": null,
                            "playerType": "Bowler",
                            "playerFullName": "Axax Patel",
                            "teamColorCoding": ""
                        },
                        "maxCount": 1,
                        "iconUrl": "https://assetscdn1.paytm.com/images/promo-engine/prod/cricket/S+Thakur.png"
                    }
                },
                "campaign_detail_deeplink": "paytmmp://cash_wallet?featuretype=vip&screen=topoffer&campaignid=1010581",
                "journey_info": {
                    "ctaText": null,
                    "ctaDeeplink": null
                }
            },
            "supercash_game": null
        }
    }



}