	{
	  "txn_data": {
	    "sourceSystemId": "WALLET",
	    "txnId": 19558800560,
	    "reqId": "76DC1EAF5C1EBD8DA7866BF66A69A1300D5862767630C0D2A2FF080BDB6738AB",
	    "tag": "supercash",
	    "type": "build",
	    "order_id": "SM_FEAFFBA43D7F1F52",
	    "payeeId": "296698255",
	    "payeeName": "Vineet Mittal",
	    "merchantName": null,
	    "orderName": null,
	    "payerId": "5555555555",
	    "transactionType": "P2M",
	    "requestType": null,
	    "createdTime": "2018-07-05 15:27:58",
	    "parentTxnId":1234,
	    "orderAmount": "2500.0",
	    "status": "SUCCESS",
	    "custMobileNum": "8960752004",
	    "custEmailAddress": null
	  }
	}