{
  "Order_Request":
{
  "paymodes": [
    {
      "paymentMode": "BALANCE",
      "amount": 1000
    },
    {
      "paymentMode": "PAYTM_DIGITAL_CREDIT",
      "amount": 1000
    }
  ],
  "hybrid": false,
  "promocontext": {
    "cart":"{\"items\":{\"224826563\":{\"price\":5000,\"product\":{\"id\":\"224826563\",\"merchant_id\":\"1064019\",\"brand_id\":\"506801\",\"vertical_id\":\"4\",\"category_ids\":[\"123\"]}},\"224826564\":{\"price\":5000,\"product\":{\"id\":\"224826564\",\"brand_id\":\"506801\",\"merchant_id\":\"1064019\",\"vertical_id\":\"4\",\"category_ids\":[\"1\"]}},\"224826565\":{\"promocode\":\"SID_TESTDISCOUNT\",\"price\":500,\"product\":{\"id\":\"224826565\",\"brand_id\":\"506801\",\"merchant_id\":\"1064019\",\"vertical_id\":\"4\",\"category_ids\":[\"3\",\"4\"]}}}}"
  },
  "source": "ORDER",
  "amount": 1000
},
  "PayModeMissing_Request":
  {
    "paymodes": [
      {
        "paymentMode": "",
        "amount": 1000
      },
      {
        "paymentMode": "",
        "amount": 1000
      }
    ],
    "hybrid": false,
    "promocontext": {
      "cart":"{\"items\":{\"224826563\":{\"price\":5000,\"product\":{\"id\":\"224826563\",\"merchant_id\":\"1064019\",\"brand_id\":\"506801\",\"vertical_id\":\"4\",\"category_ids\":[\"123\"]}},\"224826564\":{\"price\":5000,\"product\":{\"id\":\"224826564\",\"brand_id\":\"506801\",\"merchant_id\":\"1064019\",\"vertical_id\":\"4\",\"category_ids\":[\"1\"]}},\"224826565\":{\"promocode\":\"SID_TESTDISCOUNT\",\"price\":500,\"product\":{\"id\":\"224826565\",\"brand_id\":\"506801\",\"merchant_id\":\"1064019\",\"vertical_id\":\"4\",\"category_ids\":[\"3\",\"4\"]}}}}"
    },
    "source": "ORDER",
    "amount": 1000
  }
}