{
"txnOrderStatus":{
    "status": 1,
    "errors": [],
    "data": [
        {
            "id": 394319,
            "info": {
                "transactions": [
                    {
                        "txn_id": "1593070014",
                        "txn_source": "WALLET",
                        "order_id": "SM_FEAFFBA43D7F1F52",
                        "stage": 0,
                        "status": "SUCCESS",
                        "created_at": "2018-07-05T09:57:58.000Z",
                        "txn_amount": "2400",
                        "progress_screen_construct": "1st Payment",
                        "stage_object": {
                            "stage_status": "COMPLETED",
                            "stage_txn_count": 1,
                            "stage_success_txn_count": 1,
                            "surprise_stage": false,
                            "stage_progress_construct": "You won ₹240 cashback",
                            "gratification_objects": [
                                {
                                    "scratchCardData": null,
                                    "supercashGameData": null,
                                    "redemption_type": "cashback",
                                    "frontend_redemption_type": "cashback",
                                    "cashback_text": "You will get upto ₹99999999 cashback",
                                    "redemption_status": "REDEEM_REQUESTED",
                                    "redemption_text": "Cashback will be credited within 48 hours to your Paytm Wallet. If any transaction is cancelled, you need to do another transaction to be eligible for cashback.",
                                    "earned_text": "You won ₹240 cashback",
                                    "bonus_amount": 240,
                                    "deal_data": null,
                                    "crosspromo_data": null,
                                    "redemption_type_icon": "https://paytm.s3-ap-southeast-1.amazonaws.com/promo_seller_panel_uploads/production/Cashback.png",
                                    "winnning_title": "Congratulations!",
                                    "progress_text": "You Won"
                                }
                            ]
                        }
                    },
                    {
                        "txn_id": "",
                        "txn_source": "",
                        "order_id": "",
                        "stage": 1,
                        "status": "",
                        "created_at": "",
                        "progress_screen_construct": "2nd Payment"
                    },
                    {
                        "txn_id": "",
                        "txn_source": "",
                        "order_id": "",
                        "stage": 1,
                        "status": "",
                        "created_at": "",
                        "progress_screen_construct": "3rd Payment"
                    },
                    {
                        "txn_id": "",
                        "txn_source": "",
                        "order_id": "",
                        "stage": 1,
                        "status": "",
                        "created_at": "",
                        "progress_screen_construct": "4th Payment"
                    },
                    {
                        "txn_id": "",
                        "txn_source": "",
                        "order_id": "",
                        "stage": 1,
                        "status": "",
                        "created_at": "",
                        "progress_screen_construct": "5th Payment",
                        "stage_object": {
                            "stage_status": "INCOMPLETE",
                            "stage_txn_count": 4,
                            "stage_success_txn_count": 0,
                            "surprise_stage": false,
                            "stage_progress_construct": "Recharge your mobile 4 times to get upto ₹99999999 cashback",
                            "gratification_objects": [
                                {
                                    "scratchCardData": null,
                                    "supercashGameData": null,
                                    "redemption_type": "cashback",
                                    "frontend_redemption_type": "cashback",
                                    "cashback_text": "You will get upto ₹99999999 cashback",
                                    "redemption_status": null,
                                    "redemption_text": "",
                                    "earned_text": "",
                                    "bonus_amount": 0,
                                    "deal_data": null,
                                    "crosspromo_data": null,
                                    "redemption_type_icon": "https://paytm.s3-ap-southeast-1.amazonaws.com/promo_seller_panel_uploads/production/Cashback.png",
                                    "winnning_title": "",
                                    "progress_text": "You have made a progress"
                                }
                            ]
                        }
                    }
                ],
                "offer_expiry_reason": "",
                "game_expiry_reason": "Your offer expired as you did not complete 4 out of 5 transactions.",
                "campaign": {
                    "id": 39830,
                    "event": "ACCEPT_OFFER",
                    "deeplink_url": "paytmmp://mobile_prepaid?url=https://catalog.paytm.com/v1/mobile/mobile-prepaid/17",
                    "offer_text_override": "Get upto ₹199999998 cashback",
                    "background_image_url": "BG URL",
                    "new_offers_image_url": "https://s3-ap-southeast-1.amazonaws.com/assets.paytm.com/promotion/Rituraj/PNG+images/Mobile+Prepaid+Recharge+Offer.png",
                    "offer_keyword": "Recharge your mobile",
                    "progress_screen_cta": "Recharge Now",
                    "important_terms": "<p><span style=\"color: #FFA500;\">★</span><span style=\"color: #000000;\">This offer is applicable only when you Recharge your mobile for ₹100 or more</span></p>\n\n<p><span style=\"color: #FFA500;\">★</span><span style=\"color: #000000;\">Offer can be availed 100000 times during the campaign validity</span></p>\n\n<p> </p>\n",
                    "surprise_text": "<p><span style=\"color: #FFA500;\">★</span><span style=\"color: #000000;\">Recharge your mobile 1st time, Get upto ₹99999999 cashback<p><span style=\"color: #FFA500;\">★</span><span style=\"color: #000000;\">Recharge your mobile 5th time, Get upto ₹99999999 cashback<p>",
                    "tnc": "https://paytmmall.com/papi/v2/promocard/supercash/campaign/tnc/39830",
                    "campaign": "AUTOMATION_GROUPD",
                    "valid_upto": "2021-05-31T07:16:00.000Z",
                    "isDeeplink": true,
                    "short_description": "Recharge your mobile 5 times for ₹100 or more within 5 minutes",
                    "show_game_progress": true,
                    "offer_image_url": "https://s3-ap-southeast-1.amazonaws.com/assets.paytm.com/promotion/Rituraj/PNG+images/Mobile+Prepaid+Recharge+Offer.png",
                    "offer_type_id": 1,
                    "background_overlay": false,
                    "auto_activate": true,
                    "unlock_text": null,
                    "first_transaction_cta": "Do your first recharge",
                    "surprise_text_title": "Offer Details",
                    "campaign_detail_deeplink": null
                }
            },
            "updated_at": "2020-06-24T11:34:39.000Z",
            "success_txn_count": 1,
            "total_txn_count": 5,
            "status": "INPROGRESS",
            "offer_expiry": "2020-06-24T11:36:37.000Z",
            "game_expiry": "2020-06-24T11:39:37.000Z",
            "opt_out_time": "",
            "offer_status_info": "",
            "current_stage": 1,
            "txn_linked": {
                "id": "1593070014",
                "stage": 0
            },
            "Claim_CTA": null,
            "unlock_text": "Recharge your mobile 4 more times to unlock",
            "offer_end_time": "",
            "server_timestamp": "2020-06-24T11:37:28.317Z"
        },
        {
            "id": 394320,
            "info": {
                "transactions": [
                    {
                        "txn_id": "1593070014",
                        "txn_source": "WALLET",
                        "order_id": "SM_FEAFFBA43D7F1F52",
                        "stage": 0,
                        "status": "SUCCESS",
                        "created_at": "2018-07-05T09:57:58.000Z",
                        "txn_amount": "2400",
                        "progress_screen_construct": "1st Payment",
                        "stage_object": {
                            "stage_status": "COMPLETED",
                            "stage_txn_count": 1,
                            "stage_success_txn_count": 1,
                            "surprise_stage": false,
                            "stage_progress_construct": "You won ₹240 cashback",
                            "gratification_objects": [
                                {
                                    "scratchCardData": null,
                                    "supercashGameData": null,
                                    "redemption_type": "cashback",
                                    "frontend_redemption_type": "cashback",
                                    "cashback_text": "You will get upto ₹99999999 cashback",
                                    "redemption_status": "REDEEM_REQUESTED",
                                    "redemption_text": "Cashback will be credited within 48 hours to your Paytm Wallet. If any transaction is cancelled, you need to do another transaction to be eligible for cashback.",
                                    "earned_text": "You won ₹240 cashback",
                                    "bonus_amount": 240,
                                    "deal_data": null,
                                    "crosspromo_data": null,
                                    "redemption_type_icon": "https://paytm.s3-ap-southeast-1.amazonaws.com/promo_seller_panel_uploads/production/Cashback.png",
                                    "winnning_title": "Congratulations!",
                                    "progress_text": "You Won"
                                }
                            ]
                        }
                    },
                    {
                        "txn_id": "",
                        "txn_source": "",
                        "order_id": "",
                        "stage": 1,
                        "status": "",
                        "created_at": "",
                        "progress_screen_construct": "2nd Payment"
                    },
                    {
                        "txn_id": "",
                        "txn_source": "",
                        "order_id": "",
                        "stage": 1,
                        "status": "",
                        "created_at": "",
                        "progress_screen_construct": "3rd Payment"
                    },
                    {
                        "txn_id": "",
                        "txn_source": "",
                        "order_id": "",
                        "stage": 1,
                        "status": "",
                        "created_at": "",
                        "progress_screen_construct": "4th Payment"
                    },
                    {
                        "txn_id": "",
                        "txn_source": "",
                        "order_id": "",
                        "stage": 1,
                        "status": "",
                        "created_at": "",
                        "progress_screen_construct": "5th Payment",
                        "stage_object": {
                            "stage_status": "INCOMPLETE",
                            "stage_txn_count": 4,
                            "stage_success_txn_count": 0,
                            "surprise_stage": false,
                            "stage_progress_construct": "Recharge your mobile 4 times to get upto ₹99999999 cashback",
                            "gratification_objects": [
                                {
                                    "scratchCardData": null,
                                    "supercashGameData": null,
                                    "redemption_type": "cashback",
                                    "frontend_redemption_type": "cashback",
                                    "cashback_text": "You will get upto ₹99999999 cashback",
                                    "redemption_status": null,
                                    "redemption_text": "",
                                    "earned_text": "",
                                    "bonus_amount": 0,
                                    "deal_data": null,
                                    "crosspromo_data": null,
                                    "redemption_type_icon": "https://paytm.s3-ap-southeast-1.amazonaws.com/promo_seller_panel_uploads/production/Cashback.png",
                                    "winnning_title": "",
                                    "progress_text": "You have made a progress"
                                }
                            ]
                        }
                    }
                ],
                "offer_expiry_reason": "",
                "game_expiry_reason": "Your offer expired as you did not complete 4 out of 5 transactions.",
                "campaign": {
                    "id": 39831,
                    "event": "ACCEPT_OFFER",
                    "deeplink_url": "paytmmp://mobile_prepaid?url=https://catalog.paytm.com/v1/mobile/mobile-prepaid/17",
                    "offer_text_override": "Get upto ₹199999998 cashback",
                    "background_image_url": "BG URL",
                    "new_offers_image_url": "https://s3-ap-southeast-1.amazonaws.com/assets.paytm.com/promotion/Rituraj/PNG+images/Mobile+Prepaid+Recharge+Offer.png",
                    "offer_keyword": "Recharge your mobile",
                    "progress_screen_cta": "Recharge Now",
                    "important_terms": "<p><span style=\"color: #FFA500;\">★</span><span style=\"color: #000000;\">This offer is applicable only when you Recharge your mobile for ₹100 or more<p><span style=\"color: #FFA500;\">★</span><span style=\"color: #000000;\">Offer can be availed 100000 times during the campaign validity<p>",
                    "surprise_text": "<p><span style=\"color: #FFA500;\">★</span><span style=\"color: #000000;\">Recharge your mobile 1st time, Get upto ₹99999999 cashback<p><span style=\"color: #FFA500;\">★</span><span style=\"color: #000000;\">Recharge your mobile 5th time, Get upto ₹99999999 cashback<p>",
                    "tnc": "https://paytmmall.com/papi/v2/promocard/supercash/campaign/tnc/39831",
                    "campaign": "AUTOMATION_GROUP1",
                    "valid_upto": "2021-05-31T07:16:00.000Z",
                    "isDeeplink": true,
                    "short_description": "Recharge your mobile 5 times for ₹100 or more within 5 minutes",
                    "show_game_progress": true,
                    "offer_image_url": "https://s3-ap-southeast-1.amazonaws.com/assets.paytm.com/promotion/Rituraj/PNG+images/Mobile+Prepaid+Recharge+Offer.png",
                    "offer_type_id": 1,
                    "background_overlay": false,
                    "auto_activate": true,
                    "unlock_text": null,
                    "first_transaction_cta": "Do your first recharge",
                    "surprise_text_title": "Offer Details",
                    "campaign_detail_deeplink": null
                }
            },
            "updated_at": "2020-06-24T11:34:39.000Z",
            "success_txn_count": 1,
            "total_txn_count": 5,
            "status": "INPROGRESS",
            "offer_expiry": "2020-06-24T11:36:37.000Z",
            "game_expiry": "2020-06-24T11:39:37.000Z",
            "opt_out_time": "",
            "offer_status_info": "",
            "current_stage": 1,
            "txn_linked": {
                "id": "1593070014",
                "stage": 0
            },
            "Claim_CTA": null,
            "unlock_text": "Recharge your mobile 4 more times to unlock",
            "offer_end_time": "",
            "server_timestamp": "2020-06-24T11:37:28.318Z"
        }
    ]
},
 "transaction2":{

    "status": 1,
    "errors": [],
    "data": [
        {
            "id": 487041,
            "info": {
                "transactions": [
                    {
                        "txn_id": "PTMb0c1bf5",
                        "txn_source": "PGP",
                        "order_id": "5515431212",
                        "stage": 0,
                        "status": "SUCCESS",
                        "created_at": "2020-10-21T08:06:52.000Z",
                        "txn_amount": "900",
                        "progress_screen_construct": "1st rt",
                        "stage_object": {
                            "stage_status": "COMPLETED",
                            "stage_txn_count": 1,
                            "stage_success_txn_count": 1,
                            "surprise_stage": true,
                            "stage_progress_construct": "You won a scratch card and 10 Paytm First Points",
                            "gratification_objects": [
                                {
                                    "scratchCardData": null,
                                    "bucketName": "B3_0_0",
                                    "supercashGameData": null,
                                    "redemption_type": "coins",
                                    "frontend_redemption_type": "Paytm First Points",
                                    "cashback_text": "You will get surprise bonus worth upto ₹20",
                                    "redemption_status": "REDEEM_REQUESTED",
                                    "redemption_text": "Paytm First Points will be credited within 48 hours. You can redeem these in Paytm Points Passbook",
                                    "earned_text": "You won 10 Paytm First Points",
                                    "bonus_amount": 10,
                                    "deal_data": null,
                                    "crosspromo_data": null,
                                    "redemption_type_icon": "https://paytm.s3-ap-southeast-1.amazonaws.com/promo_seller_panel_uploads/production/group13%403x.png",
                                    "winnning_title": "Congratulations!",
                                    "progress_text": "You Won",
                                    "collectible_data": null
                                },
                                {
                                    "scratchCardData": {
                                        "id": 17928833662,
                                        "scratched": false,
                                        "randomBucketName": "B1_0_1",
                                        "displayType": "SCRATCH_CARD",
                                        "unlockText": null,
                                        "randomBucketMap": null
                                    },
                                    "bucketName": "B1_0_1",
                                    "supercashGameData": null,
                                    "redemption_type": "cashback",
                                    "frontend_redemption_type": "cashback",
                                    "cashback_text": "You will get a scratch card worth upto ₹45",
                                    "redemption_status": "REDEEM_REQUESTED",
                                    "redemption_text": "Cashback will be credited within 48 hours to your Paytm Wallet. If any transaction is cancelled, you need to do another transaction to be eligible for cashback.",
                                    "earned_text": "You won a scratch card",
                                    "bonus_amount": 0,
                                    "deal_data": null,
                                    "crosspromo_data": null,
                                    "redemption_type_icon": "https://paytm.s3-ap-southeast-1.amazonaws.com/promo_seller_panel_uploads/production/Cashback.png",
                                    "winnning_title": "Congratulations!",
                                    "progress_text": "You Won",
                                    "collectible_data": null
                                }
                            ]
                        }
                    },
                    {
                        "txn_id": "",
                        "txn_source": "",
                        "order_id": "",
                        "stage": 1,
                        "status": "",
                        "created_at": "",
                        "progress_screen_construct": "2nd Payment",
                        "stage_object": {
                            "stage_status": "INCOMPLETE",
                            "stage_txn_count": 1,
                            "stage_success_txn_count": 0,
                            "surprise_stage": true,
                            "stage_progress_construct": "Recharge your mobile to get a scratch card worth upto ₹12",
                            "gratification_objects": [
                                {
                                    "scratchCardData": null,
                                    "bucketName": null,
                                    "supercashGameData": null,
                                    "redemption_type": "random_bonus",
                                    "frontend_redemption_type": "surprise bonus",
                                    "cashback_text": "You will get a scratch card worth upto ₹12",
                                    "redemption_status": null,
                                    "redemption_text": "",
                                    "earned_text": "",
                                    "bonus_amount": 0,
                                    "deal_data": null,
                                    "crosspromo_data": null,
                                    "redemption_type_icon": "https://paytm.s3-ap-southeast-1.amazonaws.com/promo_seller_panel_uploads/production/Cashback.png",
                                    "winnning_title": "",
                                    "progress_text": "You have made a progress",
                                    "collectible_data": null
                                }
                            ]
                        }
                    }
                ],
                "offer_expiry_reason": "",
                "game_expiry_reason": "Your offer expired as you did not complete 1 out of 2 transactions.",
                "campaign": {
                    "id": 51695,
                    "event": "ACCEPT_OFFER",
                    "stageObjectMap": {
                        "0": {
                            "gratifications": [
                                {
                                    "randomBucketMap": {
                                        "B3_0_0": {
                                            "amount": 10,
                                            "frontendRedemptionType": "Paytm First Points",
                                            "frontendRedemptionTypeIconUrl": "https://paytm.s3-ap-southeast-1.amazonaws.com/promo_seller_panel_uploads/production/group13%403x.png"
                                        },
                                        "B4_0_0": {
                                            "amount": 20,
                                            "frontendRedemptionType": "Paytm First Games Bonus Cash",
                                            "frontendRedemptionTypeIconUrl": "https://assetscdn1.paytm.com/images/promo-engine/prod/PFG_icon_100px.png"
                                        },
                                        "B2_0_0": {
                                            "amount": 15,
                                            "frontendRedemptionType": "goldback",
                                            "frontendRedemptionTypeIconUrl": "https://paytm.s3-ap-southeast-1.amazonaws.com/promo_seller_panel_uploads/production/Goldcoin.png"
                                        },
                                        "B1_0_0": {
                                            "amount": 4,
                                            "frontendRedemptionType": "cashback",
                                            "frontendRedemptionTypeIconUrl": "https://paytm.s3-ap-southeast-1.amazonaws.com/promo_seller_panel_uploads/production/Cashback.png"
                                        }
                                    }
                                },
                                {
                                    "randomBucketMap": {
                                        "B1_0_1": {
                                            "amount": 12,
                                            "frontendRedemptionType": "cashback",
                                            "frontendRedemptionTypeIconUrl": "https://paytm.s3-ap-southeast-1.amazonaws.com/promo_seller_panel_uploads/production/Cashback.png"
                                        },
                                        "B3_0_1": {
                                            "amount": 45,
                                            "frontendRedemptionType": "goldback",
                                            "frontendRedemptionTypeIconUrl": "https://paytm.s3-ap-southeast-1.amazonaws.com/promo_seller_panel_uploads/production/Goldcoin.png"
                                        },
                                        "B2_0_1": {
                                            "amount": 17,
                                            "frontendRedemptionType": "cashback",
                                            "frontendRedemptionTypeIconUrl": "https://paytm.s3-ap-southeast-1.amazonaws.com/promo_seller_panel_uploads/production/Cashback.png"
                                        }
                                    }
                                }
                            ]
                        },
                        "1": {
                            "gratifications": [
                                {
                                    "randomBucketMap": {
                                        "B1_1_0": {
                                            "amount": 10,
                                            "frontendRedemptionType": "Movies voucher",
                                            "frontendRedemptionTypeIconUrl": "dhcdsbs"
                                        },
                                        "B3_1_0": {
                                            "amount": 1,
                                            "frontendRedemptionType": "goldback",
                                            "frontendRedemptionTypeIconUrl": "https://paytm.s3-ap-southeast-1.amazonaws.com/promo_seller_panel_uploads/production/Goldcoin.png"
                                        },
                                        "B2_1_0": {
                                            "amount": 12,
                                            "frontendRedemptionType": "cashback",
                                            "frontendRedemptionTypeIconUrl": "https://paytm.s3-ap-southeast-1.amazonaws.com/promo_seller_panel_uploads/production/Cashback.png"
                                        }
                                    }
                                }
                            ]
                        }
                    },
                    "deeplink_url": "paytmmp://mobile_prepaid?url=https://catalog.paytm.com/v1/mobile/mobile-prepaid/17",
                    "offer_text_override": "Get upto ₹77 cashback",
                    "background_image_url": "fdfdf",
                    "new_offers_image_url": "https://s3-ap-southeast-1.amazonaws.com/assets.paytm.com/promotion/Rituraj/PNG+images/Mobile+Prepaid+Recharge+Offer.png",
                    "offer_keyword": "Recharge your mobile",
                    "progress_screen_cta": "Recharge Now",
                    "important_terms": "<p><span style=\"color: #FFA500;\">★</span><span style=\"color: #000000;\">This offer is applicable only when you Recharge your mobile for more than ₹500<p><span style=\"color: #FFA500;\">★</span><span style=\"color: #000000;\">Offer can be availed 200 times during the campaign validity<p>",
                    "surprise_text": "<p><span style=\"color: #FFA500;\">★</span><span style=\"color: #000000;\">Recharge your mobile 1st time, Get anything worth ₹4 to ₹20<p><span style=\"color: #FFA500;\">★</span><span style=\"color: #000000;\">Recharge your mobile 2nd time, Get anything worth ₹1 to ₹12<p>",
                    "tnc": "https://paytmmall.com/papi/v2/promocard/supercash/campaign/tnc/51695",
                    "campaign": "GAURAV_JAVA_RB3",
                    "isDeeplink": true,
                    "valid_upto": "2020-10-31T06:54:00.000Z",
                    "short_description": "Recharge your mobile 2 times for more than ₹500 within 2 hours",
                    "offer_image_url": "https://s3-ap-southeast-1.amazonaws.com/assets.paytm.com/promotion/Rituraj/PNG+images/Mobile+Prepaid+Recharge+Offer.png",
                    "auto_activate": true,
                    "show_game_progress": true,
                    "offer_type_id": 1,
                    "background_overlay": false,
                    "first_transaction_cta": "Do your first recharge",
                    "surprise_text_title": "Offer Details",
                    "unlock_text": "Recharge your mobile to unlock",
                    "total_txn_count": 2,
                    "collectibles": null,
                    "campaign_detail_deeplink": "paytmmp://cash_wallet?featuretype=vip&screen=topoffer&campaignid=51695",
                    "journey_info": null
                }
            },
            "updated_at": "2020-10-21T08:55:12.000Z",
            "success_txn_count": 1,
            "total_txn_count": 2,
            "status": "INPROGRESS",
            "offer_expiry": "2020-10-21T09:25:12.000Z",
            "game_expiry": "2020-10-21T10:55:12.000Z",
            "opt_out_time": "",
            "offer_status_info": "",
            "current_stage": 1,
            "txn_linked": {
                "id": "PTMb0c1bf5",
                "stage": 0
            },
            "Claim_CTA": null,
            "unlock_text": "Recharge your mobile to unlock",
            "offer_end_time": "",
            "server_timestamp": "2020-10-21T08:55:53.068Z"
        }
    ]
}

}

