{
"txn_data":{
"payerDeviceId":"fhue7454ffw1221",
"sourceSystemId":"PGP",
"reqId":"1257",
"txnId":"27hc9762491132",
"transactionType":"GAURAV_JAVA_RB3",
"tag":"supercash",
"type":"build",
"userId":"29534623371",
"merchantId":"33321",
"requestType":"",
"order_id":"5515431212",
"payeeName":"zx",
"merchantName":"qw",
"orderName":"rt",
"paytmMerchantId":"8675645",
"alipayMerhantId":"216820000000353775041",
"merchantTransId":"5515431212",
"createdTime":"2020-10-21T13:35:52+05:30",
"totalTxnAmount":900,
"currency":"INR",
"status":"SUCCESS",
"extendInfo":{
"totalTxnAmount":"2000",
"website":"PaytmMarketPlace",
"callBackURL":"https://cart.paytm.com/payment/status",
"requestType":"DEFAULT",
"merchantLimitEnabled":"false",
"merchantLimitUpdated":"false",
"merchantName":"Paytm",
"mccCode":"Retail",
"productCode":"51051000100000000001",
"linkBasedInvoicePayment":"false",
"topupAndPay":"false",
"clientIP":"27.59.215.80, 23.205.118.97",
"merchantTransId":"5515431212",
"custID":"471024472",
"peonURL":"https://cart.paytm.com/payment/g/paytmnew/recon",
"paytmMerchantId":"scwpay09224240900570",
"theme":"paytmAppLow",
"promoCode":"",
"ssoToken":"aa1cce2d-eec3-40af-91c7-3c92a81f1400",
"alipayMerchantId":"216820000000353775041",
"currentDateTime":"2019-01-29T15:32:29+05:30",
"userMobile":"9100233718",
"userEmail":null
},
"payOptions":[
{
"payMethod":"",
"payAmount":{
"value":"2000",
"currency":"INR"
},
"issuingBankId":"",
"issuingBankName":""
}
]
}}