{"reject": {
  "data": {
    "created_at": "2021-08-04T08:08:36.000Z",
    "initial_amount": 10,
    "game_expiry": "2021-08-06T18:29:59.000Z",
    "stage_txn_count": 5,
    "updated_at": "2021-08-04T08:08:36.000Z",
    "post_transaction_initialized": "",
    "frontend_redemption_type": "goldback",
    "initialized_transaction_construct": "Claim \u20b910 goldback now or Activate offer and mobile recharge%s 4 more times to get \u20b930",
    "id": 1154944,
    "campaign_id": 29691,
    "info": {
      "cb_earned_at": "2021-08-04T08:09:15.660Z",
      "game_expiry_reason": "Your offer expired as you did not complete 4 out of 5 transactions.",
      "campaign": {
        "short_description": "Do 5 mobile recharges of  within 2 days",
        "first_transaction_cta": "Do your first recharge",
        "background_image_url": "Background Image URL",
        "auto_activate": false,
        "offer_summary": "You have earned \u20b90",
        "isDeeplink": false,
        "offer_text_override": "Mobile Recharge - \u20b940",
        "multi_stage_campaign": true,
        "is_offus_transaction": false,
        "surprise_text": "<p><span style=\"color: #FFA500;\">★<\/span><span style=\"color: #000000;\">1st mobile recharge, Get \u20b910 goldback<p><span style=\"color: #FFA500;\">★<\/span><span style=\"color: #000000;\">2nd mobile recharge, Get \u20b910 cashback<p><span style=\"color: #FFA500;\">★<\/span><span style=\"color: #000000;\">4th mobile recharge, Get \u20b910 cashback<p><span style=\"color: #FFA500;\">★<\/span><span style=\"color: #000000;\">5th mobile recharge, Get \u20b910 goldback<p>",
        "id": 29691,
        "event": "REJECT_OFFER",
        "surprise_text_title": "Offer Details",
        "info": {
          "first_transaction_cta": "Do your first recharge",
          "supercash_stages": {
            "0": {
              "event": "REJECT_OFFER",
              "surprise_stage": "false"
            },
            "1": {
              "event": null,
              "surprise_stage": "false"
            },
            "2": {
              "event": null,
              "surprise_stage": "false"
            },
            "3": {
              "event": null,
              "surprise_stage": "false"
            }
          }
        },
        "offer_keyword": "Payment",
        "tnc": "https://gateway.paytm.com/papi/v2/promocard/supercash/campaign/tnc/29691",
        "show_game_progress": true,
        "deeplink_url": "paytmmp://mobile_prepaid?url=https://catalog.paytm.com/v1/mobile/mobile-prepaid/17",
        "valid_upto": "2024-03-31T06:17:00.000Z",
        "progress_screen_cta": "Recharge Now",
        "total_cashback_earned": 0,
        "campaign": "AUTOMATION_G13_S0_P_S1_U_S2",
        "offer_image_url": "https://assetscdn.paytm.com/images/catalog/wallet/ic_mobile.png",
        "new_offers_image_url": "https://assetscdn.paytm.com/images/catalog/wallet/ic_mobile.png",
        "important_terms": "<p><span style=\"color: #FFA500;\">★<\/span><span style=\"color: #000000;\">Offer can be availed 1000 times during the campaign validity<\/span><\/p>\n\n<p> <\/p>\n",
        "background_overlay": false,
        "offer_type_id": 1
      },
      "cancelled_txn_count": 0,
      "transactions": [
        {
          "txn_id": "1628074769ENTIRERESPONSE",
          "stage_objects": [
            {
              "earned_text": "",
              "fulfillment_at": null,
              "bonus_amount": 0,
              "stage_status": "COMPLETED",
              "is_scratched": false,
              "cashback_text": "",
              "stage_txn_count": 1,
              "redemption_text": "",
              "redemption_status": null,
              "redemption_type_icon": "https://paytm.s3-ap-southeast-1.amazonaws.com/promo_seller_panel_uploads/production/Goldcoin.png",
              "crosspromo_data": null,
              "frontend_redemption_type": "goldback",
              "redemption_display_type": "NONE",
              "redemption_type": "goldback",
              "surprise_stage": false,
              "deal_data": null
            }
          ],
          "progress_screen_construct": "1st Payment",
          "stage": 0,
          "created_at": "2021-07-28T05:24:58.000Z",
          "txn_amount": "2400",
          "txn_source": "WALLET",
          "order_id": "SM_FEAFFBA43D7F1F52",
          "status": "SUCCESS"
        },
        {
          "txn_id": "",
          "stage_objects": [
            {
              "earned_text": "",
              "fulfillment_at": null,
              "bonus_amount": 0,
              "stage_status": "INCOMPLETE",
              "is_scratched": false,
              "cashback_text": "You will get \u20b910 cashback",
              "stage_txn_count": 2,
              "redemption_text": "",
              "redemption_status": null,
              "redemption_type_icon": "https://paytm.s3-ap-southeast-1.amazonaws.com/promo_seller_panel_uploads/production/Cashback.png",
              "crosspromo_data": null,
              "frontend_redemption_type": "cashback",
              "redemption_display_type": "NONE",
              "redemption_type": "cashback",
              "surprise_stage": false,
              "deal_data": null
            }
          ],
          "progress_screen_construct": "2nd Payment",
          "stage": 1,
          "merchant_name": "",
          "created_at": "",
          "txn_source": "",
          "order_id": "",
          "status": ""
        },
        {
          "txn_id": "",
          "progress_screen_construct": "3rd Payment",
          "stage": 2,
          "merchant_name": "",
          "created_at": "",
          "txn_source": "",
          "order_id": "",
          "status": ""
        },
        {
          "txn_id": "",
          "stage_objects": [
            {
              "earned_text": "",
              "fulfillment_at": null,
              "bonus_amount": 0,
              "stage_status": "INCOMPLETE",
              "is_scratched": false,
              "cashback_text": "You will get \u20b910 cashback",
              "stage_txn_count": 2,
              "redemption_text": "",
              "redemption_status": null,
              "redemption_type_icon": "https://paytm.s3-ap-southeast-1.amazonaws.com/promo_seller_panel_uploads/production/Cashback.png",
              "crosspromo_data": null,
              "frontend_redemption_type": "cashback",
              "redemption_display_type": "NONE",
              "redemption_type": "cashback",
              "surprise_stage": false,
              "deal_data": null
            }
          ],
          "progress_screen_construct": "4th Payment",
          "stage": 2,
          "merchant_name": "",
          "created_at": "",
          "txn_source": "",
          "order_id": "",
          "status": ""
        },
        {
          "txn_id": "",
          "stage_objects": [
            {
              "earned_text": "",
              "fulfillment_at": null,
              "bonus_amount": 0,
              "stage_status": "INCOMPLETE",
              "is_scratched": false,
              "cashback_text": "You will get goldback worth \u20b910",
              "stage_txn_count": 1,
              "redemption_text": "",
              "redemption_status": null,
              "redemption_type_icon": "https://paytm.s3-ap-southeast-1.amazonaws.com/promo_seller_panel_uploads/production/Goldcoin.png",
              "crosspromo_data": null,
              "frontend_redemption_type": "goldback",
              "redemption_display_type": "NONE",
              "redemption_type": "goldback",
              "surprise_stage": false,
              "deal_data": null
            }
          ],
          "progress_screen_construct": "5th Payment",
          "stage": 3,
          "merchant_name": "",
          "created_at": "",
          "txn_source": "",
          "order_id": "",
          "status": ""
        }
      ],
      "offer_expiry_reason": ""
    },
    "server_timestamp": "2021-08-04T08:09:15.670Z",
    "game_expiry_amount": 100,
    "bonus_amount": 0,
    "opt_out_time": "",
    "offer_id": "1154944",
    "offer_status_text": "Congratulations!",
    "offer_progress_construct": "mobile recharge%s to get \u20b910 cashback",
    "Claim_CTA": "Claim \u20b910 goldback now",
    "offer_expiry": "2021-08-06T18:29:59.000Z",
    "stage": 0,
    "offer_expiry_amount": 0,
    "expire_at": "2021-08-06T18:29:59.000Z",
    "total_txn_count": 1,
    "acknowledged_at": "2021-08-04T08:08:36.000Z",
    "status": "DENIED"
  },
  "errors": [

  ],
  "status": 1
},
"accept": {"data":{"offer_end_time":"","server_timestamp":"2022-02-24T15:34:36.311Z","success_txn_count":1,"game_expiry":"2022-02-26T18:29:59.000Z","opt_out_time":"","offer_status_info":"","unlock_text":"mobile recharge%s to unlock","Claim_CTA":"Claim goldback worth \u20b910 now","offer_expiry":"2022-02-26T18:29:59.000Z","updated_at":"2022-02-24T15:34:36.000Z","id":2195867,"current_stage":1,"total_txn_count":5,"txn_linked":null,"info":{"game_expiry_reason":"Your offer expired as you did not complete 4 out of 5 transactions.","campaign":{"short_description":"Do 5 mobile recharges of  within 2 days","first_transaction_cta":"Do your first recharge","background_image_url":"Background Image URL","auto_activate":false,"isDeeplink":false,"stageObjectMap":{"0":{"gratifications":[{}]},"1":{"gratifications":[{}]},"2":{"gratifications":[{}]},"3":{"gratifications":[{}]}},"collectibles":null,"offer_text_override":"Mobile Recharge - \u20b940","surprise_text":"<p><span style=\"color: #FFA500;\">★<\/span><span style=\"color: #000000;\">1st mobile recharge, Get \u20b910 goldback<p><span style=\"color: #FFA500;\">★<\/span><span style=\"color: #000000;\">2nd mobile recharge, Get \u20b910 cashback<p><span style=\"color: #FFA500;\">★<\/span><span style=\"color: #000000;\">4th mobile recharge, Get \u20b910 cashback<p><span style=\"color: #FFA500;\">★<\/span><span style=\"color: #000000;\">5th mobile recharge, Get \u20b910 goldback<p>","id":29691,"event":"REJECT_OFFER","surprise_text_title":"Offer Details","offer_keyword":"mobile recharge%s","tnc":"https://gateway.paytm.com/papi/v2/promocard/supercash/campaign/tnc/29691","show_game_progress":true,"deeplink_url":"paytmmp://mobile_prepaid?url=https://catalog.paytm.com/v1/mobile/mobile-prepaid/17","unlock_text":"mobile recharge%s 2 times to unlock","valid_upto":"2024-03-31T06:17:00.000Z","journey_info":null,"progress_screen_cta":"Recharge Now","campaign":"AUTOMATION_G13_S0_P_S1_U_S2","offer_image_url":"https://assetscdn.paytm.com/images/catalog/wallet/ic_mobile.png","new_offers_image_url":"https://assetscdn.paytm.com/images/catalog/wallet/ic_mobile.png","important_terms":"<p><span style=\"color: #FFA500;\">★<\/span><span style=\"color: #000000;\">Offer can be availed 1000 times during the campaign validity<\/span><\/p>\n\n<p> <\/p>\n","background_overlay":false,"offer_type_id":1,"total_txn_count":5,"campaign_detail_deeplink":"paytmmp://cash_wallet?featuretype=vip&screen=topoffer&campaignid=29691"},"transactions":[{"txn_id":"1645718400ENTIRERESPONSE","progress_screen_construct":"1st Payment","stage":1,"created_at":"2022-02-24T15:34:15.000Z","txn_amount":"2400","txn_source":"WALLET","order_id":"SM_FEAFFBA43D7F1F52","status":"SUCCESS"},{"txn_id":"","progress_screen_construct":"2nd Payment","stage_object":{"stage_txn_count":2,"stage_progress_construct":"mobile recharge%s 1 more time to get \u20b910 cashback","stage_status":"INCOMPLETE","gratification_objects":[{"bucketName":null,"earned_text":"","bonus_amount":0,"cashback_text":"You will get \u20b910 cashback","redemption_cta_text":null,"progress_text":"You have made a progress","redemption_text":"","redemption_status":null,"redemption_cta_deeplink":null,"redemption_type_icon":"https://paytm.s3-ap-southeast-1.amazonaws.com/promo_seller_panel_uploads/production/Cashback.png","crosspromo_data":null,"frontend_redemption_type":"cashback","collectible_data":null,"redemption_type":"cashback","winnning_title":"","scratchCardData":null,"supercashGameData":null,"deal_data":null}],"surprise_stage":false,"stage_success_txn_count":1},"stage":1,"created_at":"","txn_source":"","order_id":"","status":""},{"txn_id":"","progress_screen_construct":"3rd Payment","stage":2,"created_at":"","txn_source":"","order_id":"","status":""},{"txn_id":"","progress_screen_construct":"4th Payment","stage_object":{"stage_txn_count":2,"stage_progress_construct":"mobile recharge%s 2 times to get \u20b910 cashback","stage_status":"INCOMPLETE","gratification_objects":[{"bucketName":null,"earned_text":"","bonus_amount":0,"cashback_text":"You will get \u20b910 cashback","redemption_cta_text":null,"progress_text":"You have made a progress","redemption_text":"","redemption_status":null,"redemption_cta_deeplink":null,"redemption_type_icon":"https://paytm.s3-ap-southeast-1.amazonaws.com/promo_seller_panel_uploads/production/Cashback.png","crosspromo_data":null,"frontend_redemption_type":"cashback","collectible_data":null,"redemption_type":"cashback","winnning_title":"","scratchCardData":null,"supercashGameData":null,"deal_data":null}],"surprise_stage":false,"stage_success_txn_count":0},"stage":2,"created_at":"","txn_source":"","order_id":"","status":""},{"txn_id":"","progress_screen_construct":"5th Payment","stage_object":{"stage_txn_count":1,"stage_progress_construct":"mobile recharge%s to get \u20b910 goldback","stage_status":"INCOMPLETE","gratification_objects":[{"bucketName":null,"earned_text":"","bonus_amount":0,"cashback_text":"You will get goldback worth \u20b910","redemption_cta_text":null,"progress_text":"You have made a progress","redemption_text":"","redemption_status":null,"redemption_cta_deeplink":null,"redemption_type_icon":"https://paytm.s3-ap-southeast-1.amazonaws.com/promo_seller_panel_uploads/production/Goldcoin.png","crosspromo_data":null,"frontend_redemption_type":"goldback","collectible_data":null,"redemption_type":"goldback","winnning_title":"","scratchCardData":null,"supercashGameData":null,"deal_data":null}],"surprise_stage":false,"stage_success_txn_count":0},"stage":3,"created_at":"","txn_source":"","order_id":"","status":""}],"offer_expiry_reason":""},"status":"INPROGRESS"},"errors":[],"status":1}
}