{
  "OpenOfferSingleStage": {
    "data": {
      "supercash_game": null,
      "campaign": {
        "short_description": "Recharge your mobile 1 time for more than \u20b910 within a day",
        "first_transaction_cta": "Do your first recharge",
        "background_image_url": "FetchDealURl",
        "auto_activate": true,
        "isDeeplink": true,
        "stageObjectMap": {
          "0": {
            "gratifications": [
              {

              }
            ]
          }
        },
        "collectibles": null,
        "offer_text_override": "Get \u20b9NaN cashback",
        "surprise_text": "<p>",
        "id": 108778,
        "event": "ACCEPT_OFFER",
        "surprise_text_title": "Offer Details",
        "offer_keyword": "Recharge your mobile",
        "tnc": "https://gateway.paytm.com/papi/v2/promocard/supercash/campaign/tnc/108778",
        "show_game_progress": true,
        "deeplink_url": "paytmmp://mobile_prepaid?url=https://catalog.paytm.com/v1/mobile/mobile-prepaid/17",
        "unlock_text": "Recharge your mobile to unlock",
        "valid_upto": "2022-02-28T09:14:00.000Z",
        "journey_info": {
          "ctaText": null,
          "ctaDeeplink": null
        },
        "progress_screen_cta": "Recharge Now",
        "campaign": "AUTO_ADSDEAL_001",
        "offer_image_url": "https://s3-ap-southeast-1.amazonaws.com/assets.paytm.com/promotion/Rituraj/PNG+images/Mobile+Prepaid+Recharge+Offer.png",
        "new_offers_image_url": "https://s3-ap-southeast-1.amazonaws.com/assets.paytm.com/promotion/Rituraj/PNG+images/Mobile+Prepaid+Recharge+Offer.png",
        "important_terms": "<p><span style=\"color: #FFA500;\">★<\/span><span style=\"color: #000000;\">This offer is applicable only when you Recharge your mobile for more than \u20b910<\/span><\/p>\n\n<p><span style=\"color: #FFA500;\">★<\/span><span style=\"color: #000000;\">Offer can be availed 500000 times during the campaign validity<\/span><\/p>\n\n<p> <\/p>\n",
        "background_overlay": false,
        "offer_type_id": 1,
        "total_txn_count": 1,
        "campaign_detail_deeplink": "paytmmp://cash_wallet?featuretype=vip&screen=topoffer&campaignid=108778"
      }
    },
    "errors": [

    ],
    "status": 1
  },
  "NequalOneAutoAcceptFalse0Txn1": {
    "status": 1,
    "errors": [],
    "data": {
      "campaign": null,
      "supercash_game": {
        "id": 2303957,
        "info": {
          "transactions": [
            {
              "txn_id": "1651133685interndbaccept",
              "txn_source": "WALLET",
              "stage": 0,
              "status": "SUCCESS",
              "order_id": "SM_FEAFFBA43D7F1F52",
              "created_at": "2022-04-28T08:02:01.000Z",
              "txn_amount": "2400",
              "progress_screen_construct": "1st Payment",
              "stage_object": {
                "surprise_stage": false,
                "stage_txn_count": 1,
                "gratification_objects": [
                  {
                    "scratchCardData": null,
                    "bucketName": null,
                    "supercashGameData": null,
                    "redemption_type": "cashback",
                    "frontend_redemption_type": "cashback",
                    "cashback_text": "You will get ₹0 cashback",
                    "redemption_status": null,
                    "redemption_text": "",
                    "earned_text": "",
                    "bonus_amount": 0,
                    "deal_data": null,
                    "crosspromo_data": null,
                    "redemption_type_icon": "https://paytm.s3-ap-southeast-1.amazonaws.com/promo_seller_panel_uploads/production/Cashback.png",
                    "collectible_data": null,
                    "redemption_cta_text": null,
                    "redemption_cta_deeplink": null,
                    "winnning_title": "",
                    "progress_text": "You have made a progress"
                  }
                ],
                "stage_success_txn_count": 1,
                "stage_progress_construct": "Activate offer to get cashback",
                "stage_status": "INCOMPLETE"
              }
            }
          ],
          "offer_expiry_reason": "",
          "game_expiry_reason": "Your offer expired as you did not activate the offer.",
          "campaign": {
            "id": 79071,
            "event": "ACCEPT_OFFER",
            "stageObjectMap": {
              "0": {
                "gratifications": [
                  {}
                ]
              }
            },
            "deeplink_url": "paytmmp://dth?url=https://catalog.paytm.com/v1/mobile/DTH/18",
            "offer_text_override": "Get ₹0 cashback",
            "background_image_url": "automation_nequal1",
            "new_offers_image_url": "https://paytm.s3-ap-southeast-1.amazonaws.com/promo_seller_panel_uploads/production/DTH_Recharge_Offer.png",
            "offer_keyword": "Recharge your DTH",
            "progress_screen_cta": "Recharge Now",
            "important_terms": "<p><span style=\"color: #FFA500;\">★</span><span style=\"color: #000000;\">This offer is applicable only when you Recharge your DTH for ₹100 or more</span></p>\n\n<p><span style=\"color: #FFA500;\">★</span><span style=\"color: #000000;\">Offer can be availed 1000 times during the campaign validity</span></p>\n\n<p> </p>\n",
            "surprise_text": "<p>",
            "tnc": "https://gateway.paytm.com/papi/v2/promocard/supercash/campaign/tnc/79071",
            "campaign": "AUTOMATION_NEQUAL0",
            "isDeeplink": true,
            "valid_upto": "2022-07-31T18:30:00.000Z",
            "short_description": "Recharge your DTH 1 time for ₹100 or more within a day",
            "offer_image_url": "https://paytm.s3-ap-southeast-1.amazonaws.com/promo_seller_panel_uploads/production/DTH_Recharge_Offer.png",
            "auto_activate": false,
            "show_game_progress": true,
            "offer_type_id": 2,
            "background_overlay": false,
            "first_transaction_cta": "Do your first recharge",
            "surprise_text_title": "Offer Details",
            "unlock_text": "Recharge your DTH to unlock",
            "total_txn_count": 1,
            "collectibles": null,
            "campaign_detail_deeplink": "paytmmp://cash_wallet?featuretype=vip&screen=topoffer&campaignid=79071",
            "journey_info": {
              "ctaText": null,
              "ctaDeeplink": null
            }
          }
        },
        "updated_at": "2022-04-28T08:02:03.000Z",
        "success_txn_count": 1,
        "total_txn_count": 1,
        "status": "INITIALIZED",
        "offer_expiry": "2022-04-28T18:29:59.000Z",
        "game_expiry": "2022-04-28T18:29:59.000Z",
        "Claim_CTA": null,
        "opt_out_time": "",
        "server_timestamp": "2022-04-28T08:09:23.566Z",
        "offer_status_info": "",
        "current_stage": 0,
        "txn_linked": null,
        "unlock_text": "Activate offer to unlock",
        "offer_end_time": ""
      }
    }
  },
  "NequalOneAutoAcceptFalse0Accept": {
    "status": 1,
    "errors": [],
    "data": {
      "campaign": {
        "id": 79071,
        "event": "ACCEPT_OFFER",
        "stageObjectMap": {
          "0": {
            "gratifications": [
              {}
            ]
          }
        },
        "deeplink_url": "paytmmp://dth?url=https://catalog.paytm.com/v1/mobile/DTH/18",
        "offer_text_override": "Get ₹0 cashback",
        "background_image_url": "automation_nequal1",
        "new_offers_image_url": "https://paytm.s3-ap-southeast-1.amazonaws.com/promo_seller_panel_uploads/production/DTH_Recharge_Offer.png",
        "offer_keyword": "Recharge your DTH",
        "progress_screen_cta": "Recharge Now",
        "important_terms": "<p><span style=\"color: #FFA500;\">★</span><span style=\"color: #000000;\">This offer is applicable only when you Recharge your DTH for ₹100 or more</span></p>\n\n<p><span style=\"color: #FFA500;\">★</span><span style=\"color: #000000;\">Offer can be availed 1000 times during the campaign validity</span></p>\n\n<p> </p>\n",
        "surprise_text": "<p>",
        "tnc": "https://gateway.paytm.com/papi/v2/promocard/supercash/campaign/tnc/79071",
        "campaign": "AUTOMATION_NEQUAL0",
        "isDeeplink": true,
        "valid_upto": "2022-07-31T18:30:00.000Z",
        "short_description": "Recharge your DTH 1 time for ₹100 or more within a day",
        "offer_image_url": "https://paytm.s3-ap-southeast-1.amazonaws.com/promo_seller_panel_uploads/production/DTH_Recharge_Offer.png",
        "auto_activate": false,
        "show_game_progress": true,
        "offer_type_id": 2,
        "background_overlay": false,
        "first_transaction_cta": "Do your first recharge",
        "surprise_text_title": "Offer Details",
        "unlock_text": "Recharge your DTH to unlock",
        "total_txn_count": 1,
        "collectibles": null,
        "campaign_detail_deeplink": "paytmmp://cash_wallet?featuretype=vip&screen=topoffer&campaignid=79071",
        "journey_info": {
          "ctaText": null,
          "ctaDeeplink": null
        }
      },
      "supercash_game": null
    }
  },
  "NequalOneAutoAcceptFalseTxn1": {
    "status": 1,
    "errors": [],
    "data": {
      "campaign": null,
      "supercash_game": {
        "id": 2304427,
        "info": {
          "transactions": [
            {
              "txn_id": "1651159018interndbaccept",
              "txn_source": "WALLET",
              "stage": 0,
              "status": "SUCCESS",
              "order_id": "SM_FEAFFBA43D7F1F52",
              "created_at": "2022-04-28T13:07:43.000Z",
              "txn_amount": "2400",
              "progress_screen_construct": "1st Payment",
              "stage_object": {
                "surprise_stage": false,
                "stage_txn_count": 1,
                "gratification_objects": [
                  {
                    "scratchCardData": null,
                    "bucketName": null,
                    "supercashGameData": null,
                    "redemption_type": "deal",
                    "frontend_redemption_type": "Paytm discount coupon",
                    "cashback_text": "You will get ₹20 Paytm discount coupon",
                    "redemption_status": null,
                    "redemption_text": "",
                    "earned_text": "",
                    "bonus_amount": 0,
                    "deal_data": null,
                    "crosspromo_data": null,
                    "redemption_type_icon": "https://assetscdn1.paytm.com/images/catalog/product/D/DE/DEATEST-PRODUCTGIFT59610767E5D09A/1639379260319_0.jpeg",
                    "collectible_data": null,
                    "redemption_cta_text": null,
                    "redemption_cta_deeplink": null,
                    "winnning_title": "",
                    "progress_text": "You have made a progress"
                  }
                ],
                "stage_success_txn_count": 1,
                "stage_progress_construct": "Activate offer to get ₹20 Paytm discount coupon",
                "stage_status": "INCOMPLETE"
              }
            }
          ],
          "offer_expiry_reason": "",
          "game_expiry_reason": "Your offer expired as you did not activate the offer.",
          "campaign": {
            "id": 33671,
            "event": "ACCEPT_OFFER",
            "stageObjectMap": {
              "0": {
                "gratifications": [
                  {}
                ]
              }
            },
            "deeplink_url": "paytmmp://dth?url=https://catalog.paytm.com/v1/mobile/DTH/18",
            "offer_text_override": "DTH Recharge - Upto ₹20 cashback",
            "background_image_url": "automation_nequal1",
            "new_offers_image_url": "https://s3-ap-southeast-1.amazonaws.com/assets.paytm.com/promotion/Rituraj/PNG+images/DTH+Recharge+Offer.png",
            "offer_keyword": "DTH recharge%s",
            "progress_screen_cta": "Recharge Now",
            "important_terms": "<p><span style=\"color: #FFA500;\">★</span><span style=\"color: #000000;\">Offer can be availed 1000 times during the campaign validity<p><span style=\"color: #FFA500;\">★</span><span style=\"color: #000000;\">Minimum amount of each transaction should be ₹100 <p>",
            "surprise_text": "<p><span style=\"color: #FFA500;\">★</span><span style=\"color: #000000;\">1st DTH recharge, Get upto ₹20 Paytm voucher<p>",
            "tnc": "https://gateway.paytm.com/papi/v2/promocard/supercash/campaign/tnc/33671",
            "campaign": "AUTOMATION_NEQUAL11",
            "isDeeplink": true,
            "valid_upto": "2024-02-07T06:17:00.000Z",
            "short_description": "Do 1 DTH recharges of ₹100 or more within a day",
            "offer_image_url": "https://s3-ap-southeast-1.amazonaws.com/assets.paytm.com/promotion/Rituraj/PNG+images/DTH+Recharge+Offer.png",
            "auto_activate": false,
            "show_game_progress": true,
            "offer_type_id": 2,
            "background_overlay": false,
            "first_transaction_cta": "Do your first recharge",
            "surprise_text_title": "Offer Details",
            "unlock_text": "DTH recharge%s to unlock",
            "total_txn_count": 1,
            "collectibles": null,
            "campaign_detail_deeplink": "paytmmp://cash_wallet?featuretype=vip&screen=topoffer&campaignid=33671",
            "journey_info": {
              "ctaText": null,
              "ctaDeeplink": null
            }
          }
        },
        "updated_at": "2022-04-28T13:07:46.000Z",
        "success_txn_count": 1,
        "total_txn_count": 1,
        "status": "INITIALIZED",
        "offer_expiry": "2022-04-28T18:29:59.000Z",
        "game_expiry": "2022-04-28T18:29:59.000Z",
        "Claim_CTA": null,
        "opt_out_time": "",
        "server_timestamp": "2022-04-28T13:15:19.594Z",
        "offer_status_info": "",
        "current_stage": 0,
        "txn_linked": null,
        "unlock_text": "Activate offer to unlock",
        "offer_end_time": ""
      }
    }
  },
  "NequalOneAutoAcceptFalseAccept": {
    "status": 1,
    "errors": [],
    "data": {
      "campaign": {
        "id": 33671,
        "event": "ACCEPT_OFFER",
        "stageObjectMap": {
          "0": {
            "gratifications": [
              {}
            ]
          }
        },
        "deeplink_url": "paytmmp://dth?url=https://catalog.paytm.com/v1/mobile/DTH/18",
        "offer_text_override": "DTH Recharge - Upto ₹20 cashback",
        "background_image_url": "automation_nequal1",
        "new_offers_image_url": "https://s3-ap-southeast-1.amazonaws.com/assets.paytm.com/promotion/Rituraj/PNG+images/DTH+Recharge+Offer.png",
        "offer_keyword": "DTH recharge%s",
        "progress_screen_cta": "Recharge Now",
        "important_terms": "<p><span style=\"color: #FFA500;\">★</span><span style=\"color: #000000;\">Offer can be availed 1000 times during the campaign validity<p><span style=\"color: #FFA500;\">★</span><span style=\"color: #000000;\">Minimum amount of each transaction should be ₹100 <p>",
        "surprise_text": "<p><span style=\"color: #FFA500;\">★</span><span style=\"color: #000000;\">1st DTH recharge, Get upto ₹20 Paytm voucher<p>",
        "tnc": "https://gateway.paytm.com/papi/v2/promocard/supercash/campaign/tnc/33671",
        "campaign": "AUTOMATION_NEQUAL11",
        "isDeeplink": true,
        "valid_upto": "2024-02-07T06:17:00.000Z",
        "short_description": "Do 1 DTH recharges of ₹100 or more within a day",
        "offer_image_url": "https://s3-ap-southeast-1.amazonaws.com/assets.paytm.com/promotion/Rituraj/PNG+images/DTH+Recharge+Offer.png",
        "auto_activate": false,
        "show_game_progress": true,
        "offer_type_id": 2,
        "background_overlay": false,
        "first_transaction_cta": "Do your first recharge",
        "surprise_text_title": "Offer Details",
        "unlock_text": "DTH recharge%s to unlock",
        "total_txn_count": 1,
        "collectibles": null,
        "campaign_detail_deeplink": "paytmmp://cash_wallet?featuretype=vip&screen=topoffer&campaignid=33671",
        "journey_info": {
          "ctaText": null,
          "ctaDeeplink": null
        }
      },
      "supercash_game": null
    }
  },
  "NequalOneAutoAcceptFalseRandomTxn1": {
    "status": 1,
    "errors": [],
    "data": {
      "campaign": null,
      "supercash_game": {
        "id": 2304758,
        "info": {
          "transactions": [
            {
              "txn_id": "1651214987interndbaccept",
              "txn_source": "WALLET",
              "stage": 0,
              "status": "SUCCESS",
              "order_id": "SM_FEAFFBA43D7F1F52",
              "created_at": "2022-04-29T04:36:53.000Z",
              "txn_amount": "2400",
              "progress_screen_construct": "1st Payment",
              "stage_object": {
                "surprise_stage": true,
                "stage_txn_count": 1,
                "gratification_objects": [
                  {
                    "scratchCardData": null,
                    "bucketName": null,
                    "supercashGameData": null,
                    "redemption_type": "random_bonus",
                    "frontend_redemption_type": "surprise bonus",
                    "cashback_text": "You will get rewards worth upto ₹40",
                    "redemption_status": null,
                    "redemption_text": "",
                    "earned_text": "",
                    "bonus_amount": 0,
                    "deal_data": null,
                    "crosspromo_data": null,
                    "redemption_type_icon": "https://paytm.s3-ap-southeast-1.amazonaws.com/promo_seller_panel_uploads/production/Cashback.png",
                    "collectible_data": null,
                    "redemption_cta_text": null,
                    "redemption_cta_deeplink": null,
                    "winnning_title": "",
                    "progress_text": "You have made a progress"
                  }
                ],
                "stage_success_txn_count": 1,
                "stage_progress_construct": "Activate offer to get a surprise bonus worth upto ₹40",
                "stage_status": "INCOMPLETE"
              }
            }
          ],
          "offer_expiry_reason": "",
          "game_expiry_reason": "Your offer expired as you did not activate the offer.",
          "campaign": {
            "id": 33650,
            "event": "ACCEPT_OFFER",
            "stageObjectMap": {
              "0": {
                "gratifications": [
                  {
                    "randomBucketMap": {
                      "B2_0_0": {
                        "amount": 20,
                        "frontendRedemptionType": "Paytm Movies voucher",
                        "frontendRedemptionTypeIconUrl": "icon"
                      },
                      "B1_0_0": {
                        "amount": 40,
                        "frontendRedemptionType": "cashback",
                        "frontendRedemptionTypeIconUrl": "https://paytm.s3-ap-southeast-1.amazonaws.com/promo_seller_panel_uploads/production/Cashback.png"
                      }
                    }
                  }
                ]
              }
            },
            "deeplink_url": "paytmmp://dth?url=https://catalog.paytm.com/v1/mobile/DTH/18",
            "offer_text_override": "DTH Recharge - Upto ₹40 cashback",
            "background_image_url": "automation_nequal1",
            "new_offers_image_url": "https://s3-ap-southeast-1.amazonaws.com/assets.paytm.com/promotion/Rituraj/PNG+images/DTH+Recharge+Offer.png",
            "offer_keyword": "DTH recharge%s",
            "progress_screen_cta": "Recharge Now",
            "important_terms": "<p><span style=\"color: #FFA500;\">★</span><span style=\"color: #000000;\">Offer can be availed 1000 times during the campaign validity<p><span style=\"color: #FFA500;\">★</span><span style=\"color: #000000;\">Minimum amount of each transaction should be ₹100 <p>",
            "surprise_text": "<p><span style=\"color: #FFA500;\">★</span><span style=\"color: #000000;\">1st DTH recharge, Get anything worth ₹20 to ₹40<p>",
            "tnc": "https://gateway.paytm.com/papi/v2/promocard/supercash/campaign/tnc/33650",
            "campaign": "AUTOMATION_NEQUAL1_RANDOM1",
            "isDeeplink": true,
            "valid_upto": "2024-01-19T08:26:00.000Z",
            "short_description": "Do 1 DTH recharges of ₹100 or more within a day",
            "offer_image_url": "https://s3-ap-southeast-1.amazonaws.com/assets.paytm.com/promotion/Rituraj/PNG+images/DTH+Recharge+Offer.png",
            "auto_activate": false,
            "show_game_progress": true,
            "offer_type_id": 2,
            "background_overlay": false,
            "first_transaction_cta": "Do your first recharge",
            "surprise_text_title": "Offer Details",
            "unlock_text": "DTH recharge%s to unlock",
            "total_txn_count": 1,
            "collectibles": null,
            "campaign_detail_deeplink": "paytmmp://cash_wallet?featuretype=vip&screen=topoffer&campaignid=33650",
            "journey_info": {
              "ctaText": null,
              "ctaDeeplink": null
            }
          }
        },
        "updated_at": "2022-04-29T04:36:56.000Z",
        "success_txn_count": 1,
        "total_txn_count": 1,
        "status": "INITIALIZED",
        "offer_expiry": "2022-04-29T18:29:59.000Z",
        "game_expiry": "2022-04-29T18:29:59.000Z",
        "Claim_CTA": null,
        "opt_out_time": "",
        "server_timestamp": "2022-04-29T05:25:10.215Z",
        "offer_status_info": "",
        "current_stage": 0,
        "txn_linked": null,
        "unlock_text": "Activate offer to unlock",
        "offer_end_time": ""
      }
    }
  },
  "NequalOneAutoAcceptFalseAcceptRI0": {
    "status": 1,
    "errors": [],
    "data": {
      "campaign": {
        "id": 33650,
        "event": "ACCEPT_OFFER",
        "stageObjectMap": {
          "0": {
            "gratifications": [
              {
                "randomBucketMap": {
                  "B2_0_0": {
                    "amount": 20,
                    "frontendRedemptionType": "Paytm Movies voucher",
                    "frontendRedemptionTypeIconUrl": "icon"
                  },
                  "B1_0_0": {
                    "amount": 40,
                    "frontendRedemptionType": "cashback",
                    "frontendRedemptionTypeIconUrl": "https://paytm.s3-ap-southeast-1.amazonaws.com/promo_seller_panel_uploads/production/Cashback.png"
                  }
                }
              }
            ]
          }
        },
        "deeplink_url": "paytmmp://dth?url=https://catalog.paytm.com/v1/mobile/DTH/18",
        "offer_text_override": "DTH Recharge - Upto ₹40 cashback",
        "background_image_url": "automation_nequal1",
        "new_offers_image_url": "https://s3-ap-southeast-1.amazonaws.com/assets.paytm.com/promotion/Rituraj/PNG+images/DTH+Recharge+Offer.png",
        "offer_keyword": "DTH recharge%s",
        "progress_screen_cta": "Recharge Now",
        "important_terms": "<p><span style=\"color: #FFA500;\">★</span><span style=\"color: #000000;\">Offer can be availed 1000 times during the campaign validity<p><span style=\"color: #FFA500;\">★</span><span style=\"color: #000000;\">Minimum amount of each transaction should be ₹100 <p>",
        "surprise_text": "<p><span style=\"color: #FFA500;\">★</span><span style=\"color: #000000;\">1st DTH recharge, Get anything worth ₹20 to ₹40<p>",
        "tnc": "https://gateway.paytm.com/papi/v2/promocard/supercash/campaign/tnc/33650",
        "campaign": "AUTOMATION_NEQUAL1_RANDOM1",
        "isDeeplink": true,
        "valid_upto": "2024-01-19T08:26:00.000Z",
        "short_description": "Do 1 DTH recharges of ₹100 or more within a day",
        "offer_image_url": "https://s3-ap-southeast-1.amazonaws.com/assets.paytm.com/promotion/Rituraj/PNG+images/DTH+Recharge+Offer.png",
        "auto_activate": false,
        "show_game_progress": true,
        "offer_type_id": 2,
        "background_overlay": false,
        "first_transaction_cta": "Do your first recharge",
        "surprise_text_title": "Offer Details",
        "unlock_text": "DTH recharge%s to unlock",
        "total_txn_count": 1,
        "collectibles": null,
        "campaign_detail_deeplink": "paytmmp://cash_wallet?featuretype=vip&screen=topoffer&campaignid=33650",
        "journey_info": {
          "ctaText": null,
          "ctaDeeplink": null
        }
      },
      "supercash_game": null
    }
  },
  "CloseOfferSingleStage": {
    "data": {
      "supercash_game": null,
      "campaign": {
        "short_description": "Recharge your mobile 1 time for more than \u20b910 within a day",
        "first_transaction_cta": "Do your first recharge",
        "background_image_url": "FetchDealURl",
        "auto_activate": true,
        "isDeeplink": true,
        "stageObjectMap": {
          "0": {
            "gratifications": [
              {

              }
            ]
          }
        },
        "collectibles": null,
        "offer_text_override": "Get \u20b9NaN cashback",
        "surprise_text": "<p>",
        "id": 108778,
        "event": "ACCEPT_OFFER",
        "surprise_text_title": "Offer Details",
        "offer_keyword": "Recharge your mobile",
        "tnc": "https://gateway.paytm.com/papi/v2/promocard/supercash/campaign/tnc/108778",
        "show_game_progress": true,
        "deeplink_url": "paytmmp://mobile_prepaid?url=https://catalog.paytm.com/v1/mobile/mobile-prepaid/17",
        "unlock_text": "Recharge your mobile to unlock",
        "valid_upto": "2022-02-28T09:14:00.000Z",
        "journey_info": {
          "ctaText": null,
          "ctaDeeplink": null
        },
        "progress_screen_cta": "Recharge Now",
        "campaign": "AUTO_ADSDEAL_001",
        "offer_image_url": "https://s3-ap-southeast-1.amazonaws.com/assets.paytm.com/promotion/Rituraj/PNG+images/Mobile+Prepaid+Recharge+Offer.png",
        "new_offers_image_url": "https://s3-ap-southeast-1.amazonaws.com/assets.paytm.com/promotion/Rituraj/PNG+images/Mobile+Prepaid+Recharge+Offer.png",
        "important_terms": "<p><span style=\"color: #FFA500;\">★<\/span><span style=\"color: #000000;\">This offer is applicable only when you Recharge your mobile for more than \u20b910<\/span><\/p>\n\n<p><span style=\"color: #FFA500;\">★<\/span><span style=\"color: #000000;\">Offer can be availed 500000 times during the campaign validity<\/span><\/p>\n\n<p> <\/p>\n",
        "background_overlay": false,
        "offer_type_id": 1,
        "total_txn_count": 1,
        "campaign_detail_deeplink": "paytmmp://cash_wallet?featuretype=vip&screen=topoffer&campaignid=108778"
      }
    },
    "errors": [

    ],
    "status": 1
  },
  "OpenOfferMultiStageFirst": {
    "data": {
      "supercash_game": {
        "offer_end_time": "",
        "server_timestamp": "2022-01-29T17:55:05.824Z",
        "success_txn_count": 1,
        "game_expiry": "2022-01-30T18:29:59.000Z",
        "opt_out_time": "",
        "offer_status_info": "",
        "unlock_text": "Transfer money 3 more times to unlock",
        "Claim_CTA": null,
        "offer_expiry": "2022-01-30T18:29:59.000Z",
        "updated_at": "2022-01-29T17:54:43.000Z",
        "id": 2149404,
        "current_stage": 1,
        "total_txn_count": 4,
        "txn_linked": null,
        "info": {
          "game_expiry_reason": "Your offer expired as you did not complete 3 out of 4 transactions.",
          "campaign": {
            "short_description": "Transfer money 4 times for more than \u20b910 within 10 minutes",
            "first_transaction_cta": "Make your first money transfer ",
            "background_image_url": "TestUrl",
            "auto_activate": true,
            "isDeeplink": true,
            "stageObjectMap": {
              "0": {
                "gratifications": [
                  {

                  }
                ]
              },
              "1": {
                "gratifications": [
                  {

                  }
                ]
              }
            },
            "collectibles": null,
            "offer_text_override": "Get \u20b9NaN cashback",
            "surprise_text": "<p>",
            "id": 106134,
            "event": "ACCEPT_OFFER",
            "surprise_text_title": "Offer Details",
            "offer_keyword": "Transfer money",
            "tnc": "https://gateway.paytm.com/papi/v2/promocard/supercash/campaign/tnc/106134",
            "show_game_progress": true,
            "deeplink_url": "paytmmp://cash_wallet?featuretype=money_transfer",
            "unlock_text": "Transfer money to unlock",
            "valid_upto": "2022-01-31T08:33:00.000Z",
            "journey_info": {
              "ctaText": null,
              "ctaDeeplink": null
            },
            "progress_screen_cta": "Transfer Now",
            "campaign": "ADSDEAL_011",
            "offer_image_url": "https://paytm.s3-ap-southeast-1.amazonaws.com/promo_seller_panel_uploads/production/Money_Transfer_Offer.png",
            "new_offers_image_url": "https://paytm.s3-ap-southeast-1.amazonaws.com/promo_seller_panel_uploads/production/Money_Transfer_Offer.png",
            "important_terms": "<p><span style=\"color: #FFA500;\">★<\/span><span style=\"color: #000000;\">This offer is applicable only when you Transfer money for more than \u20b910<\/span><\/p>\n\n<p><span style=\"color: #FFA500;\">★<\/span><span style=\"color: #000000;\">Offer can be availed 10000 times during the campaign validity<\/span><\/p>\n\n<p> <\/p>\n",
            "background_overlay": false,
            "offer_type_id": 8,
            "total_txn_count": 4,
            "campaign_detail_deeplink": "paytmmp://cash_wallet?featuretype=vip&screen=topoffer&campaignid=106134"
          },
          "transactions": [
            {
              "txn_id": "1643482735CleverTap",
              "progress_screen_construct": "1st Payment to Vineet Mittal",
              "stage_object": {
                "stage_txn_count": 1,
                "stage_progress_construct": "You won \u20b920 Ace2Three discount coupon",
                "stage_status": "COMPLETED",
                "gratification_objects": [
                  {
                    "bucketName": null,
                    "earned_text": "You won \u20b920 Ace2Three discount coupon",
                    "bonus_amount": 20,
                    "cashback_text": "You will get Ace2Three discount coupon",
                    "progress_text": "You Won",
                    "redemption_cta_text": null,
                    "redemption_text": "You will receive your Ace2Three discount coupon within 48 hours . If any transaction is cancelled, you need to complete the offer before offer expiry to be eligible for your voucher",
                    "redemption_status": "REDEEM_REQUESTED",
                    "redemption_cta_deeplink": null,
                    "redemption_type_icon": "https://assetscdn1.paytm.com/images/catalog/brand/1639467720146.jpeg",
                    "crosspromo_data": null,
                    "frontend_redemption_type": "Ace2Three discount coupon",
                    "collectible_data": null,
                    "redemption_type": "deal",
                    "winnning_title": "Congratulations!",
                    "scratchCardData": null,
                    "supercashGameData": null,
                    "deal_data": {
                      "deal_valid_from": "10-06-2021",
                      "deal_expiry": "15-07-2022",
                      "deal_value": "Up to Rs.5200 Welcome Bonus",
                      "tnc_text": "<br><br>1. In this deal  you will get Up to Rs.5200 Welcome Bonus on First Cash Addition.<br>2. Offer is valid at Ace2Three app. Click <a target='_self' rel='nofollow' href=     https://m.paytm.me/a23branchrummy_sc    style=display:inline;>here<\/a> to visit the website.<br>3. Offer is valid till 15th July 2021.<br>4. Offer is valid only for regular players converting to Premium for the first time.<br>5. Upto Rs.200 free Real Chips will be instantly added as a bonus to the player's account.<br>6. Bonus amount and Instant cash being added to the user's account depends upon the first cash addition amount of the player.<br>7. The Bonus Issued will have a 30-day expiry from the date it is issued.<br>8. Offer is valid only for the first cash addition of minimum purchase of Rs.25.<br>9. Max Bonus Issue will be Rs.5000. E.g.  for a 30000 real chips added  the Bonus issue will be 5000 real chips.<br>10. 20 real chips will be automatically credited to the player's account for every 200 real chips used for playing (i.e. you get 20 real chips when you play 2 games of 100 chips  8 games of 25 chips or 40 games of 5 chips).<br>11. No multiple accounts for the same player allowed. If found all bonus added will be cancelled.",
                      "frontend_redemption_type": "Ace2Three discount coupon",
                      "deal_icon": "https://assetscdn1.paytm.com/images/catalog/brand/1639467720146.jpeg",
                      "id": "1201351401",
                      "secret": "",
                      "landingPageUrl": "https://m.paytm.me/a23branchrummy_sc",
                      "deal_brand": "Ace2Three"
                    }
                  }
                ],
                "surprise_stage": false,
                "stage_success_txn_count": 1
              },
              "stage": 0,
              "created_at": "2022-01-29T17:54:42.000Z",
              "txn_amount": "2400",
              "txn_source": "WALLET",
              "order_id": "SM_FEAFFBA43D7F1F52",
              "status": "SUCCESS"
            },
            {
              "txn_id": "",
              "progress_screen_construct": "2nd Payment",
              "stage": 1,
              "created_at": "",
              "txn_source": "",
              "order_id": "",
              "status": ""
            },
            {
              "txn_id": "",
              "progress_screen_construct": "3rd Payment",
              "stage": 1,
              "created_at": "",
              "txn_source": "",
              "order_id": "",
              "status": ""
            },
            {
              "txn_id": "",
              "progress_screen_construct": "4th Payment",
              "stage_object": {
                "stage_txn_count": 3,
                "stage_progress_construct": "Transfer money 3 times to get \u20b90 surprise discount coupon",
                "stage_status": "INCOMPLETE",
                "gratification_objects": [
                  {
                    "bucketName": null,
                    "earned_text": "",
                    "bonus_amount": 0,
                    "cashback_text": "You will get surprise discount coupon",
                    "progress_text": "You have made a progress",
                    "redemption_cta_text": null,
                    "redemption_text": "",
                    "redemption_status": null,
                    "redemption_cta_deeplink": null,
                    "redemption_type_icon": "https://paytm.s3-ap-southeast-1.amazonaws.com/promo_seller_panel_uploads/production/Cashback.png",
                    "crosspromo_data": null,
                    "frontend_redemption_type": "surprise discount coupon",
                    "collectible_data": null,
                    "redemption_type": "ads_deal",
                    "winnning_title": "",
                    "scratchCardData": null,
                    "supercashGameData": null,
                    "deal_data": null
                  }
                ],
                "surprise_stage": false,
                "stage_success_txn_count": 0
              },
              "stage": 1,
              "created_at": "",
              "txn_source": "",
              "order_id": "",
              "status": ""
            }
          ],
          "offer_expiry_reason": ""
        },
        "status": "INPROGRESS"
      },
      "campaign": null
    },
    "errors": [

    ],
    "status": 1
  },
  "OpenOfferMultiStageLast": {
    "data": {
      "supercash_game": null,
      "campaign": {
        "short_description": "Transfer money 4 times for more than \u20b910 within 10 minutes",
        "first_transaction_cta": "Make your first money transfer ",
        "background_image_url": "TestUrl",
        "auto_activate": true,
        "isDeeplink": true,
        "stageObjectMap": {
          "0": {
            "gratifications": [
              {

              }
            ]
          },
          "1": {
            "gratifications": [
              {

              }
            ]
          }
        },
        "collectibles": null,
        "offer_text_override": "Get \u20b9NaN cashback",
        "surprise_text": "<p>",
        "id": 106134,
        "event": "ACCEPT_OFFER",
        "surprise_text_title": "Offer Details",
        "offer_keyword": "Transfer money",
        "tnc": "https://gateway.paytm.com/papi/v2/promocard/supercash/campaign/tnc/106134",
        "show_game_progress": true,
        "deeplink_url": "paytmmp://cash_wallet?featuretype=money_transfer",
        "unlock_text": "Transfer money to unlock",
        "valid_upto": "2022-01-31T08:33:00.000Z",
        "journey_info": {
          "ctaText": null,
          "ctaDeeplink": null
        },
        "progress_screen_cta": "Transfer Now",
        "campaign": "ADSDEAL_011",
        "offer_image_url": "https://paytm.s3-ap-southeast-1.amazonaws.com/promo_seller_panel_uploads/production/Money_Transfer_Offer.png",
        "new_offers_image_url": "https://paytm.s3-ap-southeast-1.amazonaws.com/promo_seller_panel_uploads/production/Money_Transfer_Offer.png",
        "important_terms": "<p><span style=\"color: #FFA500;\">★<\/span><span style=\"color: #000000;\">This offer is applicable only when you Transfer money for more than \u20b910<\/span><\/p>\n\n<p><span style=\"color: #FFA500;\">★<\/span><span style=\"color: #000000;\">Offer can be availed 10000 times during the campaign validity<\/span><\/p>\n\n<p> <\/p>\n",
        "background_overlay": false,
        "offer_type_id": 8,
        "total_txn_count": 4,
        "campaign_detail_deeplink": "paytmmp://cash_wallet?featuretype=vip&screen=topoffer&campaignid=106134"
      }
    },
    "errors": [

    ],
    "status": 1
  },
  "CloseOfferMultiStageFirst": {
  "data": {
    "supercash_game": {
      "offer_end_time": "",
      "server_timestamp": "2022-01-30T06:28:14.813Z",
      "success_txn_count": 1,
      "game_expiry": "2022-01-30T18:29:59.000Z",
      "opt_out_time": "",
      "offer_status_info": "",
      "unlock_text": "Transfer money 3 more times to unlock",
      "Claim_CTA": null,
      "offer_expiry": "2022-01-30T18:29:59.000Z",
      "updated_at": "2022-01-30T06:27:56.000Z",
      "id": 2149452,
      "current_stage": 1,
      "total_txn_count": 4,
      "txn_linked": null,
      "info": {
        "game_expiry_reason": "Your offer expired as you did not complete 3 out of 4 transactions.",
        "campaign": {
          "short_description": "Transfer money 4 times for more than \u20b910 within 10 minutes",
          "first_transaction_cta": "Make your first money transfer ",
          "background_image_url": "TestUrl",
          "auto_activate": true,
          "isDeeplink": true,
          "stageObjectMap": {
            "0": {
              "gratifications": [
                {

                }
              ]
            },
            "1": {
              "gratifications": [
                {

                }
              ]
            }
          },
          "collectibles": null,
          "offer_text_override": "Get \u20b9NaN cashback",
          "surprise_text": "<p>",
          "id": 106134,
          "event": "ACCEPT_OFFER",
          "surprise_text_title": "Offer Details",
          "offer_keyword": "Transfer money",
          "tnc": "https://gateway.paytm.com/papi/v2/promocard/supercash/campaign/tnc/106134",
          "show_game_progress": true,
          "deeplink_url": "paytmmp://cash_wallet?featuretype=money_transfer",
          "unlock_text": "Transfer money to unlock",
          "valid_upto": "2022-01-31T08:33:00.000Z",
          "journey_info": {
            "ctaText": null,
            "ctaDeeplink": null
          },
          "progress_screen_cta": "Transfer Now",
          "campaign": "ADSDEAL_011",
          "offer_image_url": "https://paytm.s3-ap-southeast-1.amazonaws.com/promo_seller_panel_uploads/production/Money_Transfer_Offer.png",
          "new_offers_image_url": "https://paytm.s3-ap-southeast-1.amazonaws.com/promo_seller_panel_uploads/production/Money_Transfer_Offer.png",
          "important_terms": "<p><span style=\"color: #FFA500;\">★<\/span><span style=\"color: #000000;\">This offer is applicable only when you Transfer money for more than \u20b910<\/span><\/p>\n\n<p><span style=\"color: #FFA500;\">★<\/span><span style=\"color: #000000;\">Offer can be availed 10000 times during the campaign validity<\/span><\/p>\n\n<p> <\/p>\n",
          "background_overlay": false,
          "offer_type_id": 8,
          "total_txn_count": 4,
          "campaign_detail_deeplink": "paytmmp://cash_wallet?featuretype=vip&screen=topoffer&campaignid=106134"
        },
        "transactions": [
          {
            "txn_id": "1643525741CleverTap",
            "progress_screen_construct": "1st Payment to Vineet Mittal",
            "stage_object": {
              "stage_txn_count": 1,
              "stage_progress_construct": "You won a scratch card",
              "stage_status": "COMPLETED",
              "gratification_objects": [
                {
                  "bucketName": null,
                  "earned_text": "You won a scratch card",
                  "bonus_amount": 0,
                  "cashback_text": "You will get Ace2Three discount coupon",
                  "progress_text": "You Won",
                  "redemption_cta_text": null,
                  "redemption_text": "You will receive your Ace2Three discount coupon within 48 hours . If any transaction is cancelled, you need to complete the offer before offer expiry to be eligible for your voucher",
                  "redemption_status": "REDEEM_REQUESTED",
                  "redemption_cta_deeplink": null,
                  "redemption_type_icon": "https://assetscdn1.paytm.com/images/catalog/brand/1639467720146.jpeg",
                  "crosspromo_data": null,
                  "frontend_redemption_type": "Ace2Three discount coupon",
                  "collectible_data": null,
                  "redemption_type": "deal",
                  "winnning_title": "Congratulations!",
                  "scratchCardData": {
                    "displayType": "NONE",
                    "scratched": false,
                    "maxBonusAmount": null,
                    "bonusAmount": 20,
                    "unlockText": null,
                    "unlockTime": null,
                    "randomBucketName": null,
                    "id": 56815343205,
                    "luckyDraw": false,
                    "randomBucketMap": null,
                    "status": "UNSCRATCHED"
                  },
                  "supercashGameData": null,
                  "deal_data": {
                    "deal_valid_from": "10-06-2021",
                    "deal_expiry": "15-07-2022",
                    "deal_value": "Up to Rs.5200 Welcome Bonus",
                    "tnc_text": "<br><br>1. In this deal  you will get Up to Rs.5200 Welcome Bonus on First Cash Addition.<br>2. Offer is valid at Ace2Three app. Click <a target='_self' rel='nofollow' href=     https://m.paytm.me/a23branchrummy_sc    style=display:inline;>here<\/a> to visit the website.<br>3. Offer is valid till 15th July 2021.<br>4. Offer is valid only for regular players converting to Premium for the first time.<br>5. Upto Rs.200 free Real Chips will be instantly added as a bonus to the player's account.<br>6. Bonus amount and Instant cash being added to the user's account depends upon the first cash addition amount of the player.<br>7. The Bonus Issued will have a 30-day expiry from the date it is issued.<br>8. Offer is valid only for the first cash addition of minimum purchase of Rs.25.<br>9. Max Bonus Issue will be Rs.5000. E.g.  for a 30000 real chips added  the Bonus issue will be 5000 real chips.<br>10. 20 real chips will be automatically credited to the player's account for every 200 real chips used for playing (i.e. you get 20 real chips when you play 2 games of 100 chips  8 games of 25 chips or 40 games of 5 chips).<br>11. No multiple accounts for the same player allowed. If found all bonus added will be cancelled.",
                    "frontend_redemption_type": "Ace2Three discount coupon",
                    "deal_icon": "https://assetscdn1.paytm.com/images/catalog/brand/1639467720146.jpeg",
                    "id": "1201351401",
                    "secret": "",
                    "landingPageUrl": "https://m.paytm.me/a23branchrummy_sc",
                    "deal_brand": "Ace2Three"
                  }
                }
              ],
              "surprise_stage": false,
              "stage_success_txn_count": 1
            },
            "stage": 0,
            "created_at": "2022-01-30T06:27:54.000Z",
            "txn_amount": "2400",
            "txn_source": "WALLET",
            "order_id": "SM_FEAFFBA43D7F1F52",
            "status": "SUCCESS"
          },
          {
            "txn_id": "",
            "progress_screen_construct": "2nd Payment",
            "stage": 1,
            "created_at": "",
            "txn_source": "",
            "order_id": "",
            "status": ""
          },
          {
            "txn_id": "",
            "progress_screen_construct": "3rd Payment",
            "stage": 1,
            "created_at": "",
            "txn_source": "",
            "order_id": "",
            "status": ""
          },
          {
            "txn_id": "",
            "progress_screen_construct": "4th Payment",
            "stage_object": {
              "stage_txn_count": 3,
              "stage_progress_construct": "Transfer money 3 times to get \u20b90 surprise discount coupon",
              "stage_status": "INCOMPLETE",
              "gratification_objects": [
                {
                  "bucketName": null,
                  "earned_text": "",
                  "bonus_amount": 0,
                  "cashback_text": "You will get surprise discount coupon",
                  "progress_text": "You have made a progress",
                  "redemption_cta_text": null,
                  "redemption_text": "",
                  "redemption_status": null,
                  "redemption_cta_deeplink": null,
                  "redemption_type_icon": "https://paytm.s3-ap-southeast-1.amazonaws.com/promo_seller_panel_uploads/production/Cashback.png",
                  "crosspromo_data": null,
                  "frontend_redemption_type": "surprise discount coupon",
                  "collectible_data": null,
                  "redemption_type": "ads_deal",
                  "winnning_title": "",
                  "scratchCardData": null,
                  "supercashGameData": null,
                  "deal_data": null
                }
              ],
              "surprise_stage": false,
              "stage_success_txn_count": 0
            },
            "stage": 1,
            "created_at": "",
            "txn_source": "",
            "order_id": "",
            "status": ""
          }
        ],
        "offer_expiry_reason": ""
      },
      "status": "INPROGRESS"
    },
    "campaign": null
  },
  "errors": [

  ],
  "status": 1
},
  "CloseOfferMultiStageLast": {
    "data": {
      "supercash_game": null,
      "campaign": {
        "short_description": "Transfer money 4 times for more than \u20b910 within 10 minutes",
        "first_transaction_cta": "Make your first money transfer ",
        "background_image_url": "TestUrl",
        "auto_activate": true,
        "isDeeplink": true,
        "stageObjectMap": {
          "0": {
            "gratifications": [
              {

              }
            ]
          },
          "1": {
            "gratifications": [
              {

              }
            ]
          }
        },
        "collectibles": null,
        "offer_text_override": "Get \u20b9NaN cashback",
        "surprise_text": "<p>",
        "id": 106134,
        "event": "ACCEPT_OFFER",
        "surprise_text_title": "Offer Details",
        "offer_keyword": "Transfer money",
        "tnc": "https://gateway.paytm.com/papi/v2/promocard/supercash/campaign/tnc/106134",
        "show_game_progress": true,
        "deeplink_url": "paytmmp://cash_wallet?featuretype=money_transfer",
        "unlock_text": "Transfer money to unlock",
        "valid_upto": "2022-01-31T08:33:00.000Z",
        "journey_info": {
          "ctaText": null,
          "ctaDeeplink": null
        },
        "progress_screen_cta": "Transfer Now",
        "campaign": "ADSDEAL_011",
        "offer_image_url": "https://paytm.s3-ap-southeast-1.amazonaws.com/promo_seller_panel_uploads/production/Money_Transfer_Offer.png",
        "new_offers_image_url": "https://paytm.s3-ap-southeast-1.amazonaws.com/promo_seller_panel_uploads/production/Money_Transfer_Offer.png",
        "important_terms": "<p><span style=\"color: #FFA500;\">★<\/span><span style=\"color: #000000;\">This offer is applicable only when you Transfer money for more than \u20b910<\/span><\/p>\n\n<p><span style=\"color: #FFA500;\">★<\/span><span style=\"color: #000000;\">Offer can be availed 10000 times during the campaign validity<\/span><\/p>\n\n<p> <\/p>\n",
        "background_overlay": false,
        "offer_type_id": 8,
        "total_txn_count": 4,
        "campaign_detail_deeplink": "paytmmp://cash_wallet?featuretype=vip&screen=topoffer&campaignid=106134"
      }
    },
    "errors": [

    ],
    "status": 1
  },
  "OpenOfferSingleStagePG":{
    "data": {
      "supercash_game": null,
      "campaign": {
        "short_description": "Transfer money 1 time for more than \u20b910 within this week",
        "first_transaction_cta": "Make your first money transfer ",
        "background_image_url": "TestUrl",
        "auto_activate": true,
        "isDeeplink": true,
        "stageObjectMap": {
          "0": {
            "gratifications": [
              {

              }
            ]
          }
        },
        "collectibles": null,
        "offer_text_override": "Get \u20b9NaN cashback",
        "surprise_text": "<p>",
        "id": 109554,
        "event": "ACCEPT_OFFER",
        "surprise_text_title": "Offer Details",
        "offer_keyword": "Transfer money",
        "tnc": "https://gateway.paytm.com/papi/v2/promocard/supercash/campaign/tnc/109554",
        "show_game_progress": true,
        "deeplink_url": "paytmmp://cash_wallet?featuretype=money_transfer",
        "unlock_text": "Transfer money to unlock",
        "valid_upto": "2022-07-31T14:14:00.000Z",
        "journey_info": {
          "ctaText": null,
          "ctaDeeplink": null
        },
        "progress_screen_cta": "Transfer Now",
        "campaign": "AUTO_ADSDEALPG_CAMP1",
        "offer_image_url": "https://paytm.s3-ap-southeast-1.amazonaws.com/promo_seller_panel_uploads/production/Money_Transfer_Offer.png",
        "new_offers_image_url": "https://paytm.s3-ap-southeast-1.amazonaws.com/promo_seller_panel_uploads/production/Money_Transfer_Offer.png",
        "important_terms": "<p><span style=\"color: #FFA500;\">★<\/span><span style=\"color: #000000;\">This offer is applicable only when you Transfer money for more than \u20b910<p><span style=\"color: #FFA500;\">★<\/span><span style=\"color: #000000;\">Offer can be availed 10000 times during the campaign validity<p>",
        "background_overlay": false,
        "offer_type_id": 8,
        "total_txn_count": 1,
        "campaign_detail_deeplink": "paytmmp://cash_wallet?featuretype=vip&screen=topoffer&campaignid=109554"
      }
    },
    "errors": [

    ],
    "status": 1
  },
  "OpenOfferSingleStageUPI":{
  "data": {
    "supercash_game": null,
    "campaign": {
      "short_description": "Transfer money 1 time for more than \u20b910 within this week",
      "first_transaction_cta": "Make your first money transfer ",
      "background_image_url": "TestUrl",
      "auto_activate": true,
      "isDeeplink": true,
      "stageObjectMap": {
        "0": {
          "gratifications": [
            {

            }
          ]
        }
      },
      "collectibles": null,
      "offer_text_override": "Get \u20b9NaN cashback",
      "surprise_text": "<p>",
      "id": 109555,
      "event": "ACCEPT_OFFER",
      "surprise_text_title": "Offer Details",
      "offer_keyword": "Transfer money",
      "tnc": "https://gateway.paytm.com/papi/v2/promocard/supercash/campaign/tnc/109555",
      "show_game_progress": true,
      "deeplink_url": "paytmmp://cash_wallet?featuretype=money_transfer",
      "unlock_text": "Transfer money to unlock",
      "valid_upto": "2022-05-31T14:17:00.000Z",
      "journey_info": {
        "ctaText": null,
        "ctaDeeplink": null
      },
      "progress_screen_cta": "Transfer Now",
      "campaign": "AUTO_ADSDEALUPI_CAMP1",
      "offer_image_url": "https://paytm.s3-ap-southeast-1.amazonaws.com/promo_seller_panel_uploads/production/Money_Transfer_Offer.png",
      "new_offers_image_url": "https://paytm.s3-ap-southeast-1.amazonaws.com/promo_seller_panel_uploads/production/Money_Transfer_Offer.png",
      "important_terms": "<p><span style=\"color: #FFA500;\">★<\/span><span style=\"color: #000000;\">This offer is applicable only when you Transfer money for more than \u20b910<p><span style=\"color: #FFA500;\">★<\/span><span style=\"color: #000000;\">Offer can be availed 10000 times during the campaign validity<p>",
      "background_overlay": false,
      "offer_type_id": 8,
      "total_txn_count": 1,
      "campaign_detail_deeplink": "paytmmp://cash_wallet?featuretype=vip&screen=topoffer&campaignid=109555"
    }
  },
  "errors": [

  ],
  "status": 1
},
  "DealCancellationAfterTxn1":{
    "data": {
      "supercash_game": {
        "offer_end_time": "",
        "server_timestamp": "2022-02-10T08:55:46.837Z",
        "success_txn_count": 0,
        "game_expiry": "2022-02-10T10:55:18.000Z",
        "opt_out_time": "",
        "offer_status_info": "",
        "unlock_text": "Offer Keyword 2 times to unlock",
        "Claim_CTA": "Claim \u20b920 Paytm discount coupon now",
        "offer_expiry": "2022-02-10T14:55:18.000Z",
        "updated_at": "2022-02-10T08:55:27.000Z",
        "id": 2174156,
        "current_stage": 1,
        "total_txn_count": 5,
        "txn_linked": null,
        "info": {
          "game_expiry_reason": "Your offer expired as you did not complete 5 out of 5 transactions.",
          "campaign": {
            "short_description": "short description",
            "first_transaction_cta": null,
            "background_image_url": "background image",
            "auto_activate": false,
            "isDeeplink": true,
            "stageObjectMap": {
              "0": {
                "gratifications": [
                  {

                  }
                ]
              },
              "1": {
                "gratifications": [
                  {

                  }
                ]
              },
              "2": {
                "gratifications": [
                  {

                  }
                ]
              },
              "3": {
                "gratifications": [
                  {

                  }
                ]
              }
            },
            "collectibles": null,
            "offer_text_override": "Offer Override Text ",
            "surprise_text": "<p><em style=\"color: rgb(51, 51, 51); font-family: sans-serif, Arial, Verdana, &quot;Trebuchet MS&quot;; font-size: 13px; background-color: rgb(255, 255, 255);\"><b>Offer<\/b><\/em><em><b> Details<\/b><\/em><\/p>\n\n<ul>\n\t<li>Surprise text<\/li>\n\t<li>Wallet pripeline<\/li>\n<\/ul>\n\n<p> <\/p>\n\n<p><img alt=\"Search icon\" src=\"https://www.iconfinder.com/icons/314478/search_icon\" /><\/p>\n",
            "id": 28797,
            "event": "REJECT_OFFER",
            "surprise_text_title": "Offer Details",
            "offer_keyword": "Offer Keyword",
            "tnc": "https://gateway.paytm.com/papi/v2/promocard/supercash/campaign/tnc/28797",
            "show_game_progress": true,
            "deeplink_url": "deeplink",
            "unlock_text": "Offer Keyword 2 times to unlock",
            "valid_upto": "2024-02-14T12:57:00.000Z",
            "journey_info": null,
            "progress_screen_cta": "Progress Screen CTA111",
            "campaign": "AUTOMATION_D_S1_D_S4",
            "offer_image_url": "Offer Icon override URL",
            "new_offers_image_url": "new offers image",
            "important_terms": "<p>important terms<\/p>\n",
            "background_overlay": false,
            "offer_type_id": 1,
            "total_txn_count": 5,
            "campaign_detail_deeplink": "paytmmp://cash_wallet?featuretype=vip&screen=topoffer&campaignid=28797"
          },
          "transactions": [
            {
              "txn_id": "1644538137ENTIRERESPONSE",
              "progress_screen_construct": "Cancelled",
              "stage": 1,
              "created_at": "2022-02-10T08:55:17.000Z",
              "txn_amount": "2400",
              "txn_source": "WALLET",
              "order_id": "SM_FEAFFBA43D7F1F52",
              "status": "CANCELLED"
            },
            {
              "txn_id": "",
              "progress_screen_construct": "1st Payment",
              "stage": 1,
              "created_at": "",
              "txn_source": "",
              "order_id": "",
              "status": ""
            },
            {
              "txn_id": "",
              "progress_screen_construct": "2nd Payment",
              "stage_object": {
                "stage_txn_count": 2,
                "stage_progress_construct": "Offer Keyword 2 times to get upto \u20b9300 cashback",
                "stage_status": "INCOMPLETE",
                "gratification_objects": [
                  {
                    "bucketName": null,
                    "earned_text": "",
                    "bonus_amount": 0,
                    "cashback_text": "You will get upto \u20b9300 cashback",
                    "progress_text": "You have made a progress",
                    "redemption_cta_text": null,
                    "redemption_text": "",
                    "redemption_status": null,
                    "redemption_cta_deeplink": null,
                    "redemption_type_icon": "https://paytm.s3-ap-southeast-1.amazonaws.com/promo_seller_panel_uploads/production/Cashback.png",
                    "crosspromo_data": null,
                    "frontend_redemption_type": "cashback",
                    "collectible_data": null,
                    "redemption_type": "cashback",
                    "winnning_title": "",
                    "scratchCardData": null,
                    "supercashGameData": null,
                    "deal_data": null
                  }
                ],
                "surprise_stage": false,
                "stage_success_txn_count": 0
              },
              "stage": 1,
              "created_at": "",
              "txn_source": "",
              "order_id": "",
              "status": ""
            },
            {
              "txn_id": "",
              "progress_screen_construct": "3rd Payment",
              "stage": 2,
              "created_at": "",
              "txn_source": "",
              "order_id": "",
              "status": ""
            },
            {
              "txn_id": "",
              "progress_screen_construct": "4th Payment",
              "stage_object": {
                "stage_txn_count": 2,
                "stage_progress_construct": "Offer Keyword 2 times to get upto \u20b920 goldback",
                "stage_status": "INCOMPLETE",
                "gratification_objects": [
                  {
                    "bucketName": null,
                    "earned_text": "",
                    "bonus_amount": 0,
                    "cashback_text": "You will get upto \u20b920 goldback",
                    "progress_text": "You have made a progress",
                    "redemption_cta_text": null,
                    "redemption_text": "",
                    "redemption_status": null,
                    "redemption_cta_deeplink": null,
                    "redemption_type_icon": "https://paytm.s3-ap-southeast-1.amazonaws.com/promo_seller_panel_uploads/production/Goldcoin.png",
                    "crosspromo_data": null,
                    "frontend_redemption_type": "goldback",
                    "collectible_data": null,
                    "redemption_type": "goldback",
                    "winnning_title": "",
                    "scratchCardData": null,
                    "supercashGameData": null,
                    "deal_data": null
                  }
                ],
                "surprise_stage": false,
                "stage_success_txn_count": 0
              },
              "stage": 2,
              "created_at": "",
              "txn_source": "",
              "order_id": "",
              "status": ""
            },
            {
              "txn_id": "",
              "progress_screen_construct": "5th Payment",
              "stage_object": {
                "stage_txn_count": 1,
                "stage_progress_construct": "Offer Keyword to get \u20b920 Paytm discount coupon",
                "stage_status": "INCOMPLETE",
                "gratification_objects": [
                  {
                    "bucketName": null,
                    "earned_text": "",
                    "bonus_amount": 0,
                    "cashback_text": "You will get \u20b920 Paytm discount coupon",
                    "progress_text": "You have made a progress",
                    "redemption_cta_text": null,
                    "redemption_text": "",
                    "redemption_status": null,
                    "redemption_cta_deeplink": null,
                    "redemption_type_icon": "https://assetscdn1.paytm.com/images/catalog/product/D/DE/DEATEST-PRODUCTGIFT59610767E5D09A/1639379260319_0.jpeg",
                    "crosspromo_data": null,
                    "frontend_redemption_type": "Paytm discount coupon",
                    "collectible_data": null,
                    "redemption_type": "deal",
                    "winnning_title": "",
                    "scratchCardData": null,
                    "supercashGameData": null,
                    "deal_data": null
                  }
                ],
                "surprise_stage": false,
                "stage_success_txn_count": 0
              },
              "stage": 3,
              "created_at": "",
              "txn_source": "",
              "order_id": "",
              "status": ""
            }
          ],
          "offer_expiry_reason": ""
        },
        "status": "INPROGRESS"
      },
      "campaign": null
    },
    "errors": [

    ],
    "status": 1
  },
  "DealCancellationAfterTxn2": {"data":{"supercash_game":{"offer_end_time":"","server_timestamp":"2022-02-24T15:25:38.616Z","success_txn_count":1,"game_expiry":"2022-02-24T17:24:08.000Z","opt_out_time":"","offer_status_info":"","unlock_text":"Offer Keyword to unlock","Claim_CTA":"Claim \u20b90 null now","offer_expiry":"2022-02-24T21:24:08.000Z","updated_at":"2022-02-24T15:24:49.000Z","id":2195790,"current_stage":1,"total_txn_count":5,"txn_linked":null,"info":{"game_expiry_reason":"Your offer expired as you did not complete 4 out of 5 transactions.","campaign":{"short_description":"short description","first_transaction_cta":null,"background_image_url":"background image","auto_activate":false,"isDeeplink":true,"stageObjectMap":{"0":{"gratifications":[{}]},"1":{"gratifications":[{}]},"2":{"gratifications":[{}]},"3":{"gratifications":[{}]}},"collectibles":null,"offer_text_override":"Offer Override Text ","surprise_text":"<p><em style=\"color: rgb(51, 51, 51); font-family: sans-serif, Arial, Verdana, &quot;Trebuchet MS&quot;; font-size: 13px; background-color: rgb(255, 255, 255);\"><b>Offer<\/b><\/em><em><b> Details<\/b><\/em><\/p>\n\n<ul>\n\t<li>Surprise text<\/li>\n\t<li>Wallet pripeline<\/li>\n<\/ul>\n\n<p> <\/p>\n\n<p><img alt=\"Search icon\" src=\"https://www.iconfinder.com/icons/314478/search_icon\" /><\/p>\n","id":28797,"event":"ACCEPT_OFFER","surprise_text_title":"Offer Details","offer_keyword":"Offer Keyword","tnc":"https://gateway.paytm.com/papi/v2/promocard/supercash/campaign/tnc/28797","show_game_progress":true,"deeplink_url":"deeplink","unlock_text":"Offer Keyword 2 times to unlock","valid_upto":"2024-02-14T12:57:00.000Z","journey_info":null,"progress_screen_cta":"Progress Screen CTA111","campaign":"AUTOMATION_D_S1_D_S4","offer_image_url":"Offer Icon override URL","new_offers_image_url":"new offers image","important_terms":"<p>important terms<\/p>\n","background_overlay":false,"offer_type_id":1,"total_txn_count":5,"campaign_detail_deeplink":"paytmmp://cash_wallet?featuretype=vip&screen=topoffer&campaignid=28797"},"transactions":[{"txn_id":"1645770276ENTIRERESPONSE","progress_screen_construct":"Cancelled","stage":1,"created_at":"2022-02-24T15:24:07.000Z","txn_amount":"2400","txn_source":"WALLET","order_id":"SM_FEAFFBA43D7F1F52","status":"CANCELLED"},{"txn_id":"1645753018TWOO","progress_screen_construct":"1st Payment","stage":1,"created_at":"2022-02-24T15:24:46.000Z","txn_amount":"2400","txn_source":"WALLET","order_id":"SM_FEAFFBA43D7F1F52","status":"SUCCESS"},{"txn_id":"","progress_screen_construct":"2nd Payment","stage_object":{"stage_txn_count":2,"stage_progress_construct":"Offer Keyword 1 more time to get upto \u20b9300 cashback","stage_status":"INCOMPLETE","gratification_objects":[{"bucketName":null,"earned_text":"","bonus_amount":0,"cashback_text":"You will get upto \u20b9300 cashback","redemption_cta_text":null,"progress_text":"You have made a progress","redemption_text":"","redemption_status":null,"redemption_cta_deeplink":null,"redemption_type_icon":"https://paytm.s3-ap-southeast-1.amazonaws.com/promo_seller_panel_uploads/production/Cashback.png","crosspromo_data":null,"frontend_redemption_type":"cashback","collectible_data":null,"redemption_type":"cashback","winnning_title":"","scratchCardData":null,"supercashGameData":null,"deal_data":null}],"surprise_stage":false,"stage_success_txn_count":1},"stage":1,"created_at":"","txn_source":"","order_id":"","status":""},{"txn_id":"","progress_screen_construct":"3rd Payment","stage":2,"created_at":"","txn_source":"","order_id":"","status":""},{"txn_id":"","progress_screen_construct":"4th Payment","stage_object":{"stage_txn_count":2,"stage_progress_construct":"Offer Keyword 2 times to get upto \u20b920 goldback","stage_status":"INCOMPLETE","gratification_objects":[{"bucketName":null,"earned_text":"","bonus_amount":0,"cashback_text":"You will get upto \u20b920 goldback","redemption_cta_text":null,"progress_text":"You have made a progress","redemption_text":"","redemption_status":null,"redemption_cta_deeplink":null,"redemption_type_icon":"https://paytm.s3-ap-southeast-1.amazonaws.com/promo_seller_panel_uploads/production/Goldcoin.png","crosspromo_data":null,"frontend_redemption_type":"goldback","collectible_data":null,"redemption_type":"goldback","winnning_title":"","scratchCardData":null,"supercashGameData":null,"deal_data":null}],"surprise_stage":false,"stage_success_txn_count":0},"stage":2,"created_at":"","txn_source":"","order_id":"","status":""},{"txn_id":"","progress_screen_construct":"5th Payment","stage_object":{"stage_txn_count":1,"stage_progress_construct":"Offer Keyword to get \u20b920 Paytm discount coupon","stage_status":"INCOMPLETE","gratification_objects":[{"bucketName":null,"earned_text":"","bonus_amount":0,"cashback_text":"You will get \u20b920 Paytm discount coupon","redemption_cta_text":null,"progress_text":"You have made a progress","redemption_text":"","redemption_status":null,"redemption_cta_deeplink":null,"redemption_type_icon":"https://assetscdn1.paytm.com/images/catalog/product/D/DE/DEATEST-PRODUCTGIFT59610767E5D09A/1639379260319_0.jpeg","crosspromo_data":null,"frontend_redemption_type":"Paytm discount coupon","collectible_data":null,"redemption_type":"deal","winnning_title":"","scratchCardData":null,"supercashGameData":null,"deal_data":null}],"surprise_stage":false,"stage_success_txn_count":0},"stage":3,"created_at":"","txn_source":"","order_id":"","status":""}],"offer_expiry_reason":""},"status":"INPROGRESS"},"campaign":null},"errors":[],"status":1}
}