{
  "currencyBig1txn": {
    "status": 1,
    "errors": [],
    "data": {
      "id": 502919,
      "info": {
        "transactions": [
          {
            "txn_id": "3212670142118248322",
            "txn_source": "WALLET",
            "order_id": "SM_FEAFFBA43D7F1F52",
            "stage": 0,
            "status": "SUCCESS",
            "created_at": "2020-10-30T14:19:58.000Z",
            "txn_amount": "1050",
            "progress_screen_construct": "1st Payment to Gibronix A",
            "stage_object": {
              "stage_status": "COMPLETED",
              "stage_txn_count": 1,
              "stage_success_txn_count": 1,
              "surprise_stage": false,
              "stage_progress_construct": "You won 20 Water Drops",
              "gratification_objects": [
                {
                  "scratchCardData": null,
                  "bucketName": null,
                  "supercashGameData": null,
                  "redemption_type": "collectible",
                  "frontend_redemption_type": "20 Water Drops",
                  "cashback_text": "You will get 20 Water Drops",
                  "redemption_status": "REDEEMED",
                  "redemption_text": "Play Paytm Green & Win Amazing Rewards",
                  "earned_text": "You won 20 Water Drops",
                  "bonus_amount": 20,
                  "deal_data": null,
                  "crosspromo_data": null,
                  "redemption_type_icon": "https://assetscdn1.paytm.com/images/promo-engine/prod/PFG_icon_100px.png",
                  "winnning_title": "Congratulations!",
                  "progress_text": "You Won",
                  "collectible_data": null,
                  "redemption_cta_text": "Play Now",
                  "redemption_cta_deeplink": "paytmmp://mini-app?aId=109200364bd9adad098ce67c643bade349cd01d5&data=eyJwYXJhbXMiOiIvaDVoeXBlcm5vdmEvYmV0YS9pbmRleC5odG1sIiwic3BhcmFtcyI6eyJjYW5QdWxsRG93biI6ZmFsc2UsInB1bGxSZWZyZXNoIjpmYWxzZSwic2hvd1RpdGxlQmFyIjpmYWxzZX19&url=https://paytm.com"
                }
              ]
            }
          },
          {
            "txn_id": "",
            "txn_source": "",
            "order_id": "",
            "stage": 1,
            "status": "",
            "created_at": "",
            "progress_screen_construct": "2nd Payment",
            "stage_object": {
              "stage_status": "INCOMPLETE",
              "stage_txn_count": 1,
              "stage_success_txn_count": 0,
              "surprise_stage": false,
              "stage_progress_construct": "Transfer money to get 10 Water Drops to your Magic Jar",
              "gratification_objects": [
                {
                  "scratchCardData": null,
                  "bucketName": null,
                  "supercashGameData": null,
                  "redemption_type": "collectible",
                  "frontend_redemption_type": "Water Drops to your Magic Jar",
                  "cashback_text": "You will get 10 Water Drops to your Magic Jar",
                  "redemption_status": null,
                  "redemption_text": "",
                  "earned_text": "",
                  "bonus_amount": 0,
                  "deal_data": null,
                  "crosspromo_data": null,
                  "redemption_type_icon": "https://assetscdn1.paytm.com/images/promo-engine/prod/PFG_icon_100px.png",
                  "winnning_title": "",
                  "progress_text": "You have made a progress",
                  "collectible_data": null,
                  "redemption_cta_text": null,
                  "redemption_cta_deeplink": null
                }
              ]
            }
          },
          {
            "txn_id": "",
            "txn_source": "",
            "order_id": "",
            "stage": 2,
            "status": "",
            "created_at": "",
            "progress_screen_construct": "3rd Payment",
            "stage_object": {
              "stage_status": "INCOMPLETE",
              "stage_txn_count": 1,
              "stage_success_txn_count": 0,
              "surprise_stage": true,
              "stage_progress_construct": "Transfer money to get a surprise bonus worth upto ₹20",
              "gratification_objects": [
                {
                  "scratchCardData": null,
                  "bucketName": null,
                  "supercashGameData": null,
                  "redemption_type": "random_bonus",
                  "frontend_redemption_type": "surprise bonus",
                  "cashback_text": "You will get surprise bonus worth upto ₹20",
                  "redemption_status": null,
                  "redemption_text": "",
                  "earned_text": "",
                  "bonus_amount": 0,
                  "deal_data": null,
                  "crosspromo_data": null,
                  "redemption_type_icon": "https://paytm.s3-ap-southeast-1.amazonaws.com/promo_seller_panel_uploads/production/Cashback.png",
                  "winnning_title": "",
                  "progress_text": "You have made a progress",
                  "collectible_data": null,
                  "redemption_cta_text": null,
                  "redemption_cta_deeplink": null
                }
              ]
            }
          }
        ],
        "offer_expiry_reason": "",
        "game_expiry_reason": "Your offer expired as you did not complete 2 out of 3 transactions.",
        "campaign": {
          "id": 53105,
          "event": "ACCEPT_OFFER",
          "stageObjectMap": {
            "0": {
              "gratifications": [
                {}
              ]
            },
            "1": {
              "gratifications": [
                {}
              ]
            },
            "2": {
              "gratifications": [
                {
                  "randomBucketMap": {
                    "B2_2_0": {
                      "amount": 30,
                      "frontendRedemptionType": "Water Drops to your Magic Jar",
                      "frontendRedemptionTypeIconUrl": "https://assetscdn1.paytm.com/images/promo-engine/prod/PFG_icon_100px.png"
                    },
                    "B1_2_0": {
                      "amount": 20,
                      "frontendRedemptionType": "cashback",
                      "frontendRedemptionTypeIconUrl": "https://paytm.s3-ap-southeast-1.amazonaws.com/promo_seller_panel_uploads/production/Cashback.png"
                    }
                  }
                }
              ]
            }
          },
          "deeplink_url": "paytmmp://cash_wallet?featuretype=money_transfer",
          "offer_text_override": "Get upto ₹60 cashback",
          "background_image_url": "Bgurl",
          "new_offers_image_url": "https://paytm.s3-ap-southeast-1.amazonaws.com/promo_seller_panel_uploads/production/Money_Transfer_Offer.png",
          "offer_keyword": "Transfer money",
          "progress_screen_cta": "Transfer Now",
          "important_terms": "<p><span style=\"color: #FFA500;\">★</span><span style=\"color: #000000;\">This offer is applicable only when you Transfer money for more than ₹100<p><span style=\"color: #FFA500;\">★</span><span style=\"color: #000000;\">Offer can be availed 100 times during the campaign validity<p>",
          "surprise_text": "<p><span style=\"color: #FFA500;\">★</span><span style=\"color: #000000;\">Transfer money 1st time, Get ₹20 Water Drops<p><span style=\"color: #FFA500;\">★</span><span style=\"color: #000000;\">Transfer money 2nd time, Get ₹10 Water Drops to your Magic Jar<p><span style=\"color: #FFA500;\">★</span><span style=\"color: #000000;\">Transfer money 3rd time, Get anything worth ₹20 to ₹30<p>",
          "tnc": "https://paytmmall.com/papi/v2/promocard/supercash/campaign/tnc/53105",
          "campaign": "AUTOMATE_CURRBIG03",
          "isDeeplink": true,
          "valid_upto": "2021-10-26T14:07:00.000Z",
          "short_description": "Transfer money 3 times for more than ₹100 within 30 minutes",
          "offer_image_url": "https://paytm.s3-ap-southeast-1.amazonaws.com/promo_seller_panel_uploads/production/Money_Transfer_Offer.png",
          "auto_activate": true,
          "show_game_progress": true,
          "offer_type_id": 8,
          "background_overlay": false,
          "first_transaction_cta": "Make your first money transfer ",
          "surprise_text_title": "Offer Details",
          "unlock_text": "Transfer money to unlock",
          "total_txn_count": 3,
          "collectibles": null,
          "campaign_detail_deeplink": "paytmmp://cash_wallet?featuretype=vip&screen=topoffer&campaignid=53105",
          "journey_info": {
            "ctaText": null,
            "ctaDeeplink": null
          }
        }
      },
      "updated_at": "2020-10-30T14:26:21.000Z",
      "success_txn_count": 1,
      "total_txn_count": 3,
      "status": "INPROGRESS",
      "offer_expiry": "2020-10-30T14:36:15.000Z",
      "game_expiry": "2020-10-30T14:56:15.000Z",
      "opt_out_time": "",
      "offer_status_info": "",
      "current_stage": 1,
      "txn_linked": null,
      "Claim_CTA": null,
      "unlock_text": "Transfer money to unlock",
      "offer_end_time": "",
      "server_timestamp": "2020-10-30T14:26:32.773Z"
    }
  },
  "currencyBig2txn": {
    "status": 1,
    "errors": [],
    "data": {
      "id": 502919,
      "info": {
        "transactions": [
          {
            "txn_id": "3212670142118248322",
            "txn_source": "WALLET",
            "order_id": "SM_FEAFFBA43D7F1F52",
            "stage": 0,
            "status": "SUCCESS",
            "created_at": "2020-10-30T14:19:58.000Z",
            "txn_amount": "1050",
            "progress_screen_construct": "1st Payment to Gibronix A",
            "stage_object": {
              "stage_status": "COMPLETED",
              "stage_txn_count": 1,
              "stage_success_txn_count": 1,
              "surprise_stage": false,
              "stage_progress_construct": "You won 20 Water Drops",
              "gratification_objects": [
                {
                  "scratchCardData": null,
                  "bucketName": null,
                  "supercashGameData": null,
                  "redemption_type": "collectible",
                  "frontend_redemption_type": "20 Water Drops",
                  "cashback_text": "You will get 20 Water Drops",
                  "redemption_status": "REDEEMED",
                  "redemption_text": "Play Paytm Green & Win Amazing Rewards",
                  "earned_text": "You won 20 Water Drops",
                  "bonus_amount": 20,
                  "deal_data": null,
                  "crosspromo_data": null,
                  "redemption_type_icon": "https://assetscdn1.paytm.com/images/promo-engine/prod/PFG_icon_100px.png",
                  "winnning_title": "Congratulations!",
                  "progress_text": "You Won",
                  "collectible_data": null,
                  "redemption_cta_text": "Play Now",
                  "redemption_cta_deeplink": "paytmmp://mini-app?aId=109200364bd9adad098ce67c643bade349cd01d5&data=eyJwYXJhbXMiOiIvaDVoeXBlcm5vdmEvYmV0YS9pbmRleC5odG1sIiwic3BhcmFtcyI6eyJjYW5QdWxsRG93biI6ZmFsc2UsInB1bGxSZWZyZXNoIjpmYWxzZSwic2hvd1RpdGxlQmFyIjpmYWxzZX19&url=https://paytm.com"
                }
              ]
            }
          },
          {
            "txn_id": "3212670142118248323",
            "txn_source": "WALLET",
            "order_id": "SM_FEAFFBA43D7F1F52",
            "stage": 1,
            "status": "SUCCESS",
            "created_at": "2020-10-30T14:19:58.000Z",
            "txn_amount": "1050",
            "progress_screen_construct": "2nd Payment to Gibronix A",
            "stage_object": {
              "stage_status": "COMPLETED",
              "stage_txn_count": 1,
              "stage_success_txn_count": 1,
              "surprise_stage": false,
              "stage_progress_construct": "You won 10 Water Drops to your Magic Jar",
              "gratification_objects": [
                {
                  "scratchCardData": null,
                  "bucketName": null,
                  "supercashGameData": null,
                  "redemption_type": "collectible",
                  "frontend_redemption_type": "10 Water Drops to your Magic Jar",
                  "cashback_text": "You will get 10 Water Drops to your Magic Jar",
                  "redemption_status": "REDEEM_REQUESTED",
                  "redemption_text": "Play Paytm Green & Win Amazing Rewards",
                  "earned_text": "You won 10 Water Drops to your Magic Jar",
                  "bonus_amount": 10,
                  "deal_data": null,
                  "crosspromo_data": null,
                  "redemption_type_icon": "https://assetscdn1.paytm.com/images/promo-engine/prod/PFG_icon_100px.png",
                  "winnning_title": "Congratulations!",
                  "progress_text": "You Won",
                  "collectible_data": null,
                  "redemption_cta_text": "Play Now",
                  "redemption_cta_deeplink": "paytmmp://mini-app?aId=109200364bd9adad098ce67c643bade349cd01d5&data=eyJwYXJhbXMiOiIvaDVoeXBlcm5vdmEvYmV0YS9pbmRleC5odG1sIiwic3BhcmFtcyI6eyJjYW5QdWxsRG93biI6ZmFsc2UsInB1bGxSZWZyZXNoIjpmYWxzZSwic2hvd1RpdGxlQmFyIjpmYWxzZX19&url=https://paytm.com"
                }
              ]
            }
          },
          {
            "txn_id": "",
            "txn_source": "",
            "order_id": "",
            "stage": 2,
            "status": "",
            "created_at": "",
            "progress_screen_construct": "3rd Payment",
            "stage_object": {
              "stage_status": "INCOMPLETE",
              "stage_txn_count": 1,
              "stage_success_txn_count": 0,
              "surprise_stage": true,
              "stage_progress_construct": "Transfer money to get a surprise bonus worth upto ₹20",
              "gratification_objects": [
                {
                  "scratchCardData": null,
                  "bucketName": null,
                  "supercashGameData": null,
                  "redemption_type": "random_bonus",
                  "frontend_redemption_type": "surprise bonus",
                  "cashback_text": "You will get surprise bonus worth upto ₹20",
                  "redemption_status": null,
                  "redemption_text": "",
                  "earned_text": "",
                  "bonus_amount": 0,
                  "deal_data": null,
                  "crosspromo_data": null,
                  "redemption_type_icon": "https://paytm.s3-ap-southeast-1.amazonaws.com/promo_seller_panel_uploads/production/Cashback.png",
                  "winnning_title": "",
                  "progress_text": "You have made a progress",
                  "collectible_data": null,
                  "redemption_cta_text": null,
                  "redemption_cta_deeplink": null
                }
              ]
            }
          }
        ],
        "offer_expiry_reason": "",
        "game_expiry_reason": "Your offer expired as you did not complete 1 out of 3 transactions.",
        "campaign": {
          "id": 53105,
          "event": "ACCEPT_OFFER",
          "stageObjectMap": {
            "0": {
              "gratifications": [
                {}
              ]
            },
            "1": {
              "gratifications": [
                {}
              ]
            },
            "2": {
              "gratifications": [
                {
                  "randomBucketMap": {
                    "B2_2_0": {
                      "amount": 30,
                      "frontendRedemptionType": "Water Drops to your Magic Jar",
                      "frontendRedemptionTypeIconUrl": "https://assetscdn1.paytm.com/images/promo-engine/prod/PFG_icon_100px.png"
                    },
                    "B1_2_0": {
                      "amount": 20,
                      "frontendRedemptionType": "cashback",
                      "frontendRedemptionTypeIconUrl": "https://paytm.s3-ap-southeast-1.amazonaws.com/promo_seller_panel_uploads/production/Cashback.png"
                    }
                  }
                }
              ]
            }
          },
          "deeplink_url": "paytmmp://cash_wallet?featuretype=money_transfer",
          "offer_text_override": "Get upto ₹60 cashback",
          "background_image_url": "Bgurl",
          "new_offers_image_url": "https://paytm.s3-ap-southeast-1.amazonaws.com/promo_seller_panel_uploads/production/Money_Transfer_Offer.png",
          "offer_keyword": "Transfer money",
          "progress_screen_cta": "Transfer Now",
          "important_terms": "<p><span style=\"color: #FFA500;\">★</span><span style=\"color: #000000;\">This offer is applicable only when you Transfer money for more than ₹100<p><span style=\"color: #FFA500;\">★</span><span style=\"color: #000000;\">Offer can be availed 100 times during the campaign validity<p>",
          "surprise_text": "<p><span style=\"color: #FFA500;\">★</span><span style=\"color: #000000;\">Transfer money 1st time, Get ₹20 Water Drops<p><span style=\"color: #FFA500;\">★</span><span style=\"color: #000000;\">Transfer money 2nd time, Get ₹10 Water Drops to your Magic Jar<p><span style=\"color: #FFA500;\">★</span><span style=\"color: #000000;\">Transfer money 3rd time, Get anything worth ₹20 to ₹30<p>",
          "tnc": "https://paytmmall.com/papi/v2/promocard/supercash/campaign/tnc/53105",
          "campaign": "AUTOMATE_CURRBIG03",
          "isDeeplink": true,
          "valid_upto": "2021-10-26T14:07:00.000Z",
          "short_description": "Transfer money 3 times for more than ₹100 within 30 minutes",
          "offer_image_url": "https://paytm.s3-ap-southeast-1.amazonaws.com/promo_seller_panel_uploads/production/Money_Transfer_Offer.png",
          "auto_activate": true,
          "show_game_progress": true,
          "offer_type_id": 8,
          "background_overlay": false,
          "first_transaction_cta": "Make your first money transfer ",
          "surprise_text_title": "Offer Details",
          "unlock_text": "Transfer money to unlock",
          "total_txn_count": 3,
          "collectibles": null,
          "campaign_detail_deeplink": "paytmmp://cash_wallet?featuretype=vip&screen=topoffer&campaignid=53105",
          "journey_info": {
            "ctaText": null,
            "ctaDeeplink": null
          }
        }
      },
      "updated_at": "2020-10-30T14:30:06.000Z",
      "success_txn_count": 2,
      "total_txn_count": 3,
      "status": "INPROGRESS",
      "offer_expiry": "2020-10-30T14:36:15.000Z",
      "game_expiry": "2020-10-30T14:56:15.000Z",
      "opt_out_time": "",
      "offer_status_info": "",
      "current_stage": 2,
      "txn_linked": null,
      "Claim_CTA": null,
      "unlock_text": "Transfer money to unlock",
      "offer_end_time": "",
      "server_timestamp": "2020-10-30T14:30:10.314Z"
    }
  },
  "currencyBig3txnCase1": {
    "status": 1,
    "errors": [],
    "data": {
      "id": 502919,
      "info": {
        "transactions": [
          {
            "txn_id": "3212670142118248322",
            "txn_source": "WALLET",
            "order_id": "SM_FEAFFBA43D7F1F52",
            "stage": 0,
            "status": "SUCCESS",
            "created_at": "2020-10-30T14:19:58.000Z",
            "txn_amount": "1050",
            "progress_screen_construct": "1st Payment to Gibronix A",
            "stage_object": {
              "stage_status": "COMPLETED",
              "stage_txn_count": 1,
              "stage_success_txn_count": 1,
              "surprise_stage": false,
              "stage_progress_construct": "You won 20 Water Drops",
              "gratification_objects": [
                {
                  "scratchCardData": null,
                  "bucketName": null,
                  "supercashGameData": null,
                  "redemption_type": "collectible",
                  "frontend_redemption_type": "20 Water Drops",
                  "cashback_text": "You will get 20 Water Drops",
                  "redemption_status": "REDEEMED",
                  "redemption_text": "Play Paytm Green & Win Amazing Rewards",
                  "earned_text": "You won 20 Water Drops",
                  "bonus_amount": 20,
                  "deal_data": null,
                  "crosspromo_data": null,
                  "redemption_type_icon": "https://assetscdn1.paytm.com/images/promo-engine/prod/PFG_icon_100px.png",
                  "winnning_title": "Congratulations!",
                  "progress_text": "You Won",
                  "collectible_data": null,
                  "redemption_cta_text": "Play Now",
                  "redemption_cta_deeplink": "paytmmp://mini-app?aId=109200364bd9adad098ce67c643bade349cd01d5&data=eyJwYXJhbXMiOiIvaDVoeXBlcm5vdmEvYmV0YS9pbmRleC5odG1sIiwic3BhcmFtcyI6eyJjYW5QdWxsRG93biI6ZmFsc2UsInB1bGxSZWZyZXNoIjpmYWxzZSwic2hvd1RpdGxlQmFyIjpmYWxzZX19&url=https://paytm.com"
                }
              ]
            }
          },
          {
            "txn_id": "3212670142118248323",
            "txn_source": "WALLET",
            "order_id": "SM_FEAFFBA43D7F1F52",
            "stage": 1,
            "status": "SUCCESS",
            "created_at": "2020-10-30T14:19:58.000Z",
            "txn_amount": "1050",
            "progress_screen_construct": "2nd Payment to Gibronix A",
            "stage_object": {
              "stage_status": "COMPLETED",
              "stage_txn_count": 1,
              "stage_success_txn_count": 1,
              "surprise_stage": false,
              "stage_progress_construct": "You won 10 Water Drops to your Magic Jar",
              "gratification_objects": [
                {
                  "scratchCardData": null,
                  "bucketName": null,
                  "supercashGameData": null,
                  "redemption_type": "collectible",
                  "frontend_redemption_type": "10 Water Drops to your Magic Jar",
                  "cashback_text": "You will get 10 Water Drops to your Magic Jar",
                  "redemption_status": "REDEEMED",
                  "redemption_text": "Play Paytm Green & Win Amazing Rewards",
                  "earned_text": "You won 10 Water Drops to your Magic Jar",
                  "bonus_amount": 10,
                  "deal_data": null,
                  "crosspromo_data": null,
                  "redemption_type_icon": "https://assetscdn1.paytm.com/images/promo-engine/prod/PFG_icon_100px.png",
                  "winnning_title": "Congratulations!",
                  "progress_text": "You Won",
                  "collectible_data": null,
                  "redemption_cta_text": "Play Now",
                  "redemption_cta_deeplink": "paytmmp://mini-app?aId=109200364bd9adad098ce67c643bade349cd01d5&data=eyJwYXJhbXMiOiIvaDVoeXBlcm5vdmEvYmV0YS9pbmRleC5odG1sIiwic3BhcmFtcyI6eyJjYW5QdWxsRG93biI6ZmFsc2UsInB1bGxSZWZyZXNoIjpmYWxzZSwic2hvd1RpdGxlQmFyIjpmYWxzZX19&url=https://paytm.com"
                }
              ]
            }
          },
          {
            "txn_id": "3212670142118248324",
            "txn_source": "WALLET",
            "order_id": "SM_FEAFFBA43D7F1F52",
            "stage": 2,
            "status": "SUCCESS",
            "created_at": "2020-10-30T14:19:58.000Z",
            "txn_amount": "1050",
            "progress_screen_construct": "3rd Payment to Gibronix A",
            "stage_object": {
              "stage_status": "COMPLETED",
              "stage_txn_count": 1,
              "stage_success_txn_count": 1,
              "surprise_stage": true,
              "stage_progress_construct": "You won 30 Water Drops to your Magic Jar",
              "gratification_objects": [
                {
                  "scratchCardData": null,
                  "bucketName": "B2_2_0",
                  "supercashGameData": null,
                  "redemption_type": "collectible",
                  "frontend_redemption_type": "30 Water Drops to your Magic Jar",
                  "cashback_text": "You will get surprise bonus worth upto ₹20",
                  "redemption_status": "REDEEM_REQUESTED",
                  "redemption_text": "Play Paytm Green & Win Amazing Rewards",
                  "earned_text": "You won 30 Water Drops to your Magic Jar",
                  "bonus_amount": 30,
                  "deal_data": null,
                  "crosspromo_data": null,
                  "redemption_type_icon": "https://assetscdn1.paytm.com/images/promo-engine/prod/PFG_icon_100px.png",
                  "winnning_title": "Congratulations!",
                  "progress_text": "You Won",
                  "collectible_data": null,
                  "redemption_cta_text": null,
                  "redemption_cta_deeplink": null
                }
              ]
            }
          }
        ],
        "offer_expiry_reason": "",
        "game_expiry_reason": "Your offer expired as you did not complete 0 out of 3 transactions.",
        "campaign": {
          "id": 53105,
          "event": "ACCEPT_OFFER",
          "stageObjectMap": {
            "0": {
              "gratifications": [
                {}
              ]
            },
            "1": {
              "gratifications": [
                {}
              ]
            },
            "2": {
              "gratifications": [
                {
                  "randomBucketMap": {
                    "B2_2_0": {
                      "amount": 30,
                      "frontendRedemptionType": "Water Drops to your Magic Jar",
                      "frontendRedemptionTypeIconUrl": "https://assetscdn1.paytm.com/images/promo-engine/prod/PFG_icon_100px.png"
                    },
                    "B1_2_0": {
                      "amount": 20,
                      "frontendRedemptionType": "cashback",
                      "frontendRedemptionTypeIconUrl": "https://paytm.s3-ap-southeast-1.amazonaws.com/promo_seller_panel_uploads/production/Cashback.png"
                    }
                  }
                }
              ]
            }
          },
          "deeplink_url": "paytmmp://cash_wallet?featuretype=money_transfer",
          "offer_text_override": "Get upto ₹60 cashback",
          "background_image_url": "Bgurl",
          "new_offers_image_url": "https://paytm.s3-ap-southeast-1.amazonaws.com/promo_seller_panel_uploads/production/Money_Transfer_Offer.png",
          "offer_keyword": "Transfer money",
          "progress_screen_cta": "Transfer Now",
          "important_terms": "<p><span style=\"color: #FFA500;\">★</span><span style=\"color: #000000;\">This offer is applicable only when you Transfer money for more than ₹100<p><span style=\"color: #FFA500;\">★</span><span style=\"color: #000000;\">Offer can be availed 100 times during the campaign validity<p>",
          "surprise_text": "<p><span style=\"color: #FFA500;\">★</span><span style=\"color: #000000;\">Transfer money 1st time, Get ₹20 Water Drops<p><span style=\"color: #FFA500;\">★</span><span style=\"color: #000000;\">Transfer money 2nd time, Get ₹10 Water Drops to your Magic Jar<p><span style=\"color: #FFA500;\">★</span><span style=\"color: #000000;\">Transfer money 3rd time, Get anything worth ₹20 to ₹30<p>",
          "tnc": "https://paytmmall.com/papi/v2/promocard/supercash/campaign/tnc/53105",
          "campaign": "AUTOMATE_CURRBIG03",
          "isDeeplink": true,
          "valid_upto": "2021-10-26T14:07:00.000Z",
          "short_description": "Transfer money 3 times for more than ₹100 within 30 minutes",
          "offer_image_url": "https://paytm.s3-ap-southeast-1.amazonaws.com/promo_seller_panel_uploads/production/Money_Transfer_Offer.png",
          "auto_activate": true,
          "show_game_progress": true,
          "offer_type_id": 8,
          "background_overlay": false,
          "first_transaction_cta": "Make your first money transfer ",
          "surprise_text_title": "Offer Details",
          "unlock_text": "Transfer money to unlock",
          "total_txn_count": 3,
          "collectibles": null,
          "campaign_detail_deeplink": "paytmmp://cash_wallet?featuretype=vip&screen=topoffer&campaignid=53105",
          "journey_info": {
            "ctaText": null,
            "ctaDeeplink": null
          }
        }
      },
      "updated_at": "2020-10-30T14:31:25.000Z",
      "success_txn_count": 3,
      "total_txn_count": 3,
      "status": "COMPLETED",
      "offer_expiry": "2020-10-30T14:36:15.000Z",
      "game_expiry": "2020-10-30T14:56:15.000Z",
      "opt_out_time": "",
      "offer_status_info": "Offer completed on 30 Oct 20, 07:49 PM",
      "current_stage": 2,
      "txn_linked": null,
      "Claim_CTA": null,
      "unlock_text": "Transfer money to unlock",
      "offer_end_time": "2020-10-30T14:19:58.000Z",
      "server_timestamp": "2020-10-30T14:31:28.023Z"
    }
  },
  "currencyBig3txnCase2": {
    "status": 1,
    "errors": [],
    "data": {
      "id": 502922,
      "info": {
        "transactions": [
          {
            "txn_id": "1604112479CB",
            "txn_source": "WALLET",
            "order_id": "SM_FEAFFBA43D7F1F52",
            "stage": 0,
            "status": "SUCCESS",
            "created_at": "2020-10-30T14:22:58.000Z",
            "txn_amount": "2400",
            "progress_screen_construct": "1st Payment to Vineet Mittal",
            "stage_object": {
              "stage_status": "COMPLETED",
              "stage_txn_count": 1,
              "stage_success_txn_count": 1,
              "surprise_stage": false,
              "stage_progress_construct": "You won 20 Water Drops",
              "gratification_objects": [
                {
                  "scratchCardData": null,
                  "bucketName": null,
                  "supercashGameData": null,
                  "redemption_type": "collectible",
                  "frontend_redemption_type": "20 Water Drops",
                  "cashback_text": "You will get 20 Water Drops",
                  "redemption_status": "REDEEMED",
                  "redemption_text": "Play Paytm Green & Win Amazing Rewards",
                  "earned_text": "You won 20 Water Drops",
                  "bonus_amount": 20,
                  "deal_data": null,
                  "crosspromo_data": null,
                  "redemption_type_icon": "https://assetscdn1.paytm.com/images/promo-engine/prod/PFG_icon_100px.png",
                  "winnning_title": "Congratulations!",
                  "progress_text": "You Won",
                  "collectible_data": null,
                  "redemption_cta_text": "Play Now",
                  "redemption_cta_deeplink": "paytmmp://mini-app?aId=109200364bd9adad098ce67c643bade349cd01d5&data=eyJwYXJhbXMiOiIvaDVoeXBlcm5vdmEvYmV0YS9pbmRleC5odG1sIiwic3BhcmFtcyI6eyJjYW5QdWxsRG93biI6ZmFsc2UsInB1bGxSZWZyZXNoIjpmYWxzZSwic2hvd1RpdGxlQmFyIjpmYWxzZX19&url=https://paytm.com"
                }
              ]
            }
          },
          {
            "txn_id": "SECOND1604103641",
            "txn_source": "WALLET",
            "order_id": "SM_FEAFFBA43D7F1F52",
            "stage": 1,
            "status": "SUCCESS",
            "created_at": "2020-10-30T14:22:58.000Z",
            "txn_amount": "2400",
            "progress_screen_construct": "2nd Payment to Vineet Mittal",
            "stage_object": {
              "stage_status": "COMPLETED",
              "stage_txn_count": 1,
              "stage_success_txn_count": 1,
              "surprise_stage": false,
              "stage_progress_construct": "You won 10 Water Drops to your Magic Jar",
              "gratification_objects": [
                {
                  "scratchCardData": null,
                  "bucketName": null,
                  "supercashGameData": null,
                  "redemption_type": "collectible",
                  "frontend_redemption_type": "10 Water Drops to your Magic Jar",
                  "cashback_text": "You will get 10 Water Drops to your Magic Jar",
                  "redemption_status": "REDEEMED",
                  "redemption_text": "Play Paytm Green & Win Amazing Rewards",
                  "earned_text": "You won 10 Water Drops to your Magic Jar",
                  "bonus_amount": 10,
                  "deal_data": null,
                  "crosspromo_data": null,
                  "redemption_type_icon": "https://assetscdn1.paytm.com/images/promo-engine/prod/PFG_icon_100px.png",
                  "winnning_title": "Congratulations!",
                  "progress_text": "You Won",
                  "collectible_data": null,
                  "redemption_cta_text": "Play Now",
                  "redemption_cta_deeplink": "paytmmp://mini-app?aId=109200364bd9adad098ce67c643bade349cd01d5&data=eyJwYXJhbXMiOiIvaDVoeXBlcm5vdmEvYmV0YS9pbmRleC5odG1sIiwic3BhcmFtcyI6eyJjYW5QdWxsRG93biI6ZmFsc2UsInB1bGxSZWZyZXNoIjpmYWxzZSwic2hvd1RpdGxlQmFyIjpmYWxzZX19&url=https://paytm.com"
                }
              ]
            }
          },
          {
            "txn_id": "FOURTH1604107635",
            "txn_source": "WALLET",
            "order_id": "SM_FEAFFBA43D7F1F52",
            "stage": 2,
            "status": "SUCCESS",
            "created_at": "2020-10-30T14:22:58.000Z",
            "txn_amount": "2400",
            "progress_screen_construct": "3rd Payment to Vineet Mittal",
            "stage_object": {
              "stage_status": "COMPLETED",
              "stage_txn_count": 1,
              "stage_success_txn_count": 1,
              "surprise_stage": true,
              "stage_progress_construct": "You won ₹20 cashback",
              "gratification_objects": [
                {
                  "scratchCardData": null,
                  "bucketName": "B1_2_0",
                  "supercashGameData": null,
                  "redemption_type": "cashback",
                  "frontend_redemption_type": "cashback",
                  "cashback_text": "You will get surprise bonus worth upto ₹20",
                  "redemption_status": "REDEEM_REQUESTED",
                  "redemption_text": "Cashback will be credited within 24 hours to your Paytm Wallet.",
                  "earned_text": "You won ₹20 cashback",
                  "bonus_amount": 20,
                  "deal_data": null,
                  "crosspromo_data": null,
                  "redemption_type_icon": "https://paytm.s3-ap-southeast-1.amazonaws.com/promo_seller_panel_uploads/production/Cashback.png",
                  "winnning_title": "Congratulations!",
                  "progress_text": "You Won",
                  "collectible_data": null,
                  "redemption_cta_text": null,
                  "redemption_cta_deeplink": null
                }
              ]
            }
          }
        ],
        "offer_expiry_reason": "",
        "game_expiry_reason": "Your offer expired as you did not complete 0 out of 3 transactions.",
        "campaign": {
          "id": 53105,
          "event": "ACCEPT_OFFER",
          "stageObjectMap": {
            "0": {
              "gratifications": [
                {}
              ]
            },
            "1": {
              "gratifications": [
                {}
              ]
            },
            "2": {
              "gratifications": [
                {
                  "randomBucketMap": {
                    "B2_2_0": {
                      "amount": 30,
                      "frontendRedemptionType": "Water Drops to your Magic Jar",
                      "frontendRedemptionTypeIconUrl": "https://assetscdn1.paytm.com/images/promo-engine/prod/PFG_icon_100px.png"
                    },
                    "B1_2_0": {
                      "amount": 20,
                      "frontendRedemptionType": "cashback",
                      "frontendRedemptionTypeIconUrl": "https://paytm.s3-ap-southeast-1.amazonaws.com/promo_seller_panel_uploads/production/Cashback.png"
                    }
                  }
                }
              ]
            }
          },
          "deeplink_url": "paytmmp://cash_wallet?featuretype=money_transfer",
          "offer_text_override": "Get upto ₹60 cashback",
          "background_image_url": "Bgurl",
          "new_offers_image_url": "https://paytm.s3-ap-southeast-1.amazonaws.com/promo_seller_panel_uploads/production/Money_Transfer_Offer.png",
          "offer_keyword": "Transfer money",
          "progress_screen_cta": "Transfer Now",
          "important_terms": "<p><span style=\"color: #FFA500;\">★</span><span style=\"color: #000000;\">This offer is applicable only when you Transfer money for more than ₹100<p><span style=\"color: #FFA500;\">★</span><span style=\"color: #000000;\">Offer can be availed 100 times during the campaign validity<p>",
          "surprise_text": "<p><span style=\"color: #FFA500;\">★</span><span style=\"color: #000000;\">Transfer money 1st time, Get ₹20 Water Drops<p><span style=\"color: #FFA500;\">★</span><span style=\"color: #000000;\">Transfer money 2nd time, Get ₹10 Water Drops to your Magic Jar<p><span style=\"color: #FFA500;\">★</span><span style=\"color: #000000;\">Transfer money 3rd time, Get anything worth ₹20 to ₹30<p>",
          "tnc": "https://paytmmall.com/papi/v2/promocard/supercash/campaign/tnc/53105",
          "campaign": "AUTOMATE_CURRBIG03",
          "isDeeplink": true,
          "valid_upto": "2021-10-26T14:07:00.000Z",
          "short_description": "Transfer money 3 times for more than ₹100 within 30 minutes",
          "offer_image_url": "https://paytm.s3-ap-southeast-1.amazonaws.com/promo_seller_panel_uploads/production/Money_Transfer_Offer.png",
          "auto_activate": true,
          "show_game_progress": true,
          "offer_type_id": 8,
          "background_overlay": false,
          "first_transaction_cta": "Make your first money transfer ",
          "surprise_text_title": "Offer Details",
          "unlock_text": "Transfer money to unlock",
          "total_txn_count": 3,
          "collectibles": null,
          "campaign_detail_deeplink": "paytmmp://cash_wallet?featuretype=vip&screen=topoffer&campaignid=53105",
          "journey_info": {
            "ctaText": null,
            "ctaDeeplink": null
          }
        }
      },
      "updated_at": "2020-10-30T14:37:22.000Z",
      "success_txn_count": 3,
      "total_txn_count": 3,
      "status": "COMPLETED",
      "offer_expiry": "2020-10-30T14:46:44.000Z",
      "game_expiry": "2020-10-30T15:06:44.000Z",
      "opt_out_time": "",
      "offer_status_info": "Offer completed on 30 Oct 20, 07:52 PM",
      "current_stage": 2,
      "txn_linked": null,
      "Claim_CTA": null,
      "unlock_text": "Transfer money to unlock",
      "offer_end_time": "2020-10-30T14:22:58.000Z",
      "server_timestamp": "2020-10-30T14:38:13.384Z"
    }
  },
  "currencyBig1txnUSC": {
    "status": 1,
    "errors": [],
    "data": {
      "id": 503867,
      "info": {
        "transactions": [
          {
            "txn_id": "32126701412118474",
            "txn_source": "WALLET",
            "order_id": "SM_FEAFFBA43D7F1F52",
            "stage": 0,
            "status": "SUCCESS",
            "created_at": "2020-11-02T07:46:58.000Z",
            "txn_amount": "110",
            "progress_screen_construct": "1st Payment to Gibronix A",
            "stage_object": {
              "stage_status": "COMPLETED",
              "stage_txn_count": 1,
              "stage_success_txn_count": 1,
              "surprise_stage": false,
              "stage_progress_construct": "You won a scratch card",
              "gratification_objects": [
                {
                  "scratchCardData": {
                    "id": 22269284487,
                    "scratched": false,
                    "randomBucketName": null,
                    "displayType": "SCRATCH_CARD",
                    "unlockText": null,
                    "randomBucketMap": null
                  },
                  "bucketName": null,
                  "supercashGameData": null,
                  "redemption_type": "collectible",
                  "frontend_redemption_type": "20 Water Drops",
                  "cashback_text": "You will get a scratch card",
                  "redemption_status": "REDEEM_REQUESTED",
                  "redemption_text": "Play Paytm Green & Win Amazing Rewards",
                  "earned_text": "You won a scratch card",
                  "bonus_amount": 0,
                  "deal_data": null,
                  "crosspromo_data": null,
                  "redemption_type_icon": "https://assetscdn1.paytm.com/images/promo-engine/prod/PFG_icon_100px.png",
                  "winnning_title": "Congratulations!",
                  "progress_text": "You Won",
                  "collectible_data": null,
                  "redemption_cta_text": "Play Now",
                  "redemption_cta_deeplink": "paytmmp://mini-app?aId=109200364bd9adad098ce67c643bade349cd01d5&data=eyJwYXJhbXMiOiIvaDVoeXBlcm5vdmEvYmV0YS9pbmRleC5odG1sIiwic3BhcmFtcyI6eyJjYW5QdWxsRG93biI6ZmFsc2UsInB1bGxSZWZyZXNoIjpmYWxzZSwic2hvd1RpdGxlQmFyIjpmYWxzZX19&url=https://paytm.com"
                }
              ]
            }
          },
          {
            "txn_id": "",
            "txn_source": "",
            "order_id": "",
            "stage": 1,
            "status": "",
            "created_at": "",
            "progress_screen_construct": "2nd Payment",
            "stage_object": {
              "stage_status": "INCOMPLETE",
              "stage_txn_count": 1,
              "stage_success_txn_count": 0,
              "surprise_stage": false,
              "stage_progress_construct": "Transfer money to get a scratch card worth 10",
              "gratification_objects": [
                {
                  "scratchCardData": null,
                  "bucketName": null,
                  "supercashGameData": null,
                  "redemption_type": "collectible",
                  "frontend_redemption_type": "Water Drops to your Magic Jar",
                  "cashback_text": "You will get a scratch card",
                  "redemption_status": null,
                  "redemption_text": "",
                  "earned_text": "",
                  "bonus_amount": 0,
                  "deal_data": null,
                  "crosspromo_data": null,
                  "redemption_type_icon": "https://assetscdn1.paytm.com/images/promo-engine/prod/PFG_icon_100px.png",
                  "winnning_title": "",
                  "progress_text": "You have made a progress",
                  "collectible_data": null,
                  "redemption_cta_text": null,
                  "redemption_cta_deeplink": null
                }
              ]
            }
          }
        ],
        "offer_expiry_reason": "",
        "game_expiry_reason": "Your offer expired as you did not complete 1 out of 2 transactions.",
        "campaign": {
          "id": 53106,
          "event": "ACCEPT_OFFER",
          "stageObjectMap": {
            "0": {
              "gratifications": [
                {}
              ]
            },
            "1": {
              "gratifications": [
                {}
              ]
            }
          },
          "deeplink_url": "paytmmp://cash_wallet?featuretype=money_transfer",
          "offer_text_override": "Get ₹30 cashback",
          "background_image_url": "Bgurl",
          "new_offers_image_url": "https://paytm.s3-ap-southeast-1.amazonaws.com/promo_seller_panel_uploads/production/Money_Transfer_Offer.png",
          "offer_keyword": "Transfer money",
          "progress_screen_cta": "Transfer Now",
          "important_terms": "<p><span style=\"color: #FFA500;\">★</span><span style=\"color: #000000;\">This offer is applicable only when you Transfer money for more than ₹100<p><span style=\"color: #FFA500;\">★</span><span style=\"color: #000000;\">Offer can be availed 100 times during the campaign validity<p>",
          "surprise_text": "<p><span style=\"color: #FFA500;\">★</span><span style=\"color: #000000;\">Transfer money 1st time, Get ₹20 Water Drops<p><span style=\"color: #FFA500;\">★</span><span style=\"color: #000000;\">Transfer money 2nd time, Get ₹10 Water Drops to your Magic Jar<p>",
          "tnc": "https://paytmmall.com/papi/v2/promocard/supercash/campaign/tnc/53106",
          "campaign": "AUTOMATE_CURRBIG04",
          "isDeeplink": true,
          "valid_upto": "2021-10-31T12:57:00.000Z",
          "short_description": "Transfer money 2 times for more than ₹100 within 30 minutes",
          "offer_image_url": "https://paytm.s3-ap-southeast-1.amazonaws.com/promo_seller_panel_uploads/production/Money_Transfer_Offer.png",
          "auto_activate": true,
          "show_game_progress": true,
          "offer_type_id": 8,
          "background_overlay": false,
          "first_transaction_cta": "Make your first money transfer ",
          "surprise_text_title": "Offer Details",
          "unlock_text": "Transfer money to unlock",
          "total_txn_count": 2,
          "collectibles": null,
          "campaign_detail_deeplink": "paytmmp://cash_wallet?featuretype=vip&screen=topoffer&campaignid=53106",
          "journey_info": {
            "ctaText": null,
            "ctaDeeplink": null
          }
        }
      },
      "updated_at": "2020-11-02T10:30:49.000Z",
      "success_txn_count": 1,
      "total_txn_count": 2,
      "status": "INPROGRESS",
      "offer_expiry": "2020-11-02T10:40:49.000Z",
      "game_expiry": "2020-11-02T11:00:49.000Z",
      "opt_out_time": "",
      "offer_status_info": "",
      "current_stage": 1,
      "txn_linked": null,
      "Claim_CTA": null,
      "unlock_text": "Transfer money to unlock",
      "offer_end_time": "",
      "server_timestamp": "2020-11-02T10:31:19.347Z"
    }
  },
  "currencyBig2txnUSC": {
    "status": 1,
    "errors": [],
    "data": {
      "id": 503867,
      "info": {
        "transactions": [
          {
            "txn_id": "32126701412118474",
            "txn_source": "WALLET",
            "order_id": "SM_FEAFFBA43D7F1F52",
            "stage": 0,
            "status": "SUCCESS",
            "created_at": "2020-11-02T07:46:58.000Z",
            "txn_amount": "110",
            "progress_screen_construct": "1st Payment to Gibronix A",
            "stage_object": {
              "stage_status": "COMPLETED",
              "stage_txn_count": 1,
              "stage_success_txn_count": 1,
              "surprise_stage": false,
              "stage_progress_construct": "You won a scratch card",
              "gratification_objects": [
                {
                  "scratchCardData": {
                    "id": 22269284487,
                    "scratched": false,
                    "randomBucketName": null,
                    "displayType": "SCRATCH_CARD",
                    "unlockText": null,
                    "randomBucketMap": null
                  },
                  "bucketName": null,
                  "supercashGameData": null,
                  "redemption_type": "collectible",
                  "frontend_redemption_type": "20 Water Drops",
                  "cashback_text": "You will get a scratch card",
                  "redemption_status": "REDEEM_REQUESTED",
                  "redemption_text": "Play Paytm Green & Win Amazing Rewards",
                  "earned_text": "You won a scratch card",
                  "bonus_amount": 0,
                  "deal_data": null,
                  "crosspromo_data": null,
                  "redemption_type_icon": "https://assetscdn1.paytm.com/images/promo-engine/prod/PFG_icon_100px.png",
                  "winnning_title": "Congratulations!",
                  "progress_text": "You Won",
                  "collectible_data": null,
                  "redemption_cta_text": "Play Now",
                  "redemption_cta_deeplink": "paytmmp://mini-app?aId=109200364bd9adad098ce67c643bade349cd01d5&data=eyJwYXJhbXMiOiIvaDVoeXBlcm5vdmEvYmV0YS9pbmRleC5odG1sIiwic3BhcmFtcyI6eyJjYW5QdWxsRG93biI6ZmFsc2UsInB1bGxSZWZyZXNoIjpmYWxzZSwic2hvd1RpdGxlQmFyIjpmYWxzZX19&url=https://paytm.com"
                }
              ]
            }
          },
          {
            "txn_id": "32126701412118475",
            "txn_source": "WALLET",
            "order_id": "SM_FEAFFBA43D7F1F52",
            "stage": 1,
            "status": "SUCCESS",
            "created_at": "2020-11-02T07:46:58.000Z",
            "txn_amount": "110",
            "progress_screen_construct": "2nd Payment to Gibronix A",
            "stage_object": {
              "stage_status": "COMPLETED",
              "stage_txn_count": 1,
              "stage_success_txn_count": 1,
              "surprise_stage": false,
              "stage_progress_construct": "You won a scratch card",
              "gratification_objects": [
                {
                  "scratchCardData": {
                    "id": 22269284488,
                    "scratched": false,
                    "randomBucketName": null,
                    "displayType": "SCRATCH_CARD",
                    "unlockText": null,
                    "randomBucketMap": null
                  },
                  "bucketName": null,
                  "supercashGameData": null,
                  "redemption_type": "collectible",
                  "frontend_redemption_type": "10 Water Drops to your Magic Jar",
                  "cashback_text": "You will get a scratch card",
                  "redemption_status": "REDEEM_REQUESTED",
                  "redemption_text": "Play Paytm Green & Win Amazing Rewards",
                  "earned_text": "You won a scratch card",
                  "bonus_amount": 0,
                  "deal_data": null,
                  "crosspromo_data": null,
                  "redemption_type_icon": "https://assetscdn1.paytm.com/images/promo-engine/prod/PFG_icon_100px.png",
                  "winnning_title": "Congratulations!",
                  "progress_text": "You Won",
                  "collectible_data": null,
                  "redemption_cta_text": "Play Now",
                  "redemption_cta_deeplink": "paytmmp://mini-app?aId=109200364bd9adad098ce67c643bade349cd01d5&data=eyJwYXJhbXMiOiIvaDVoeXBlcm5vdmEvYmV0YS9pbmRleC5odG1sIiwic3BhcmFtcyI6eyJjYW5QdWxsRG93biI6ZmFsc2UsInB1bGxSZWZyZXNoIjpmYWxzZSwic2hvd1RpdGxlQmFyIjpmYWxzZX19&url=https://paytm.com"
                }
              ]
            }
          }
        ],
        "offer_expiry_reason": "",
        "game_expiry_reason": "Your offer expired as you did not complete 0 out of 2 transactions.",
        "campaign": {
          "id": 53106,
          "event": "ACCEPT_OFFER",
          "stageObjectMap": {
            "0": {
              "gratifications": [
                {}
              ]
            },
            "1": {
              "gratifications": [
                {}
              ]
            }
          },
          "deeplink_url": "paytmmp://cash_wallet?featuretype=money_transfer",
          "offer_text_override": "Get ₹30 cashback",
          "background_image_url": "Bgurl",
          "new_offers_image_url": "https://paytm.s3-ap-southeast-1.amazonaws.com/promo_seller_panel_uploads/production/Money_Transfer_Offer.png",
          "offer_keyword": "Transfer money",
          "progress_screen_cta": "Transfer Now",
          "important_terms": "<p><span style=\"color: #FFA500;\">★</span><span style=\"color: #000000;\">This offer is applicable only when you Transfer money for more than ₹100<p><span style=\"color: #FFA500;\">★</span><span style=\"color: #000000;\">Offer can be availed 100 times during the campaign validity<p>",
          "surprise_text": "<p><span style=\"color: #FFA500;\">★</span><span style=\"color: #000000;\">Transfer money 1st time, Get ₹20 Water Drops<p><span style=\"color: #FFA500;\">★</span><span style=\"color: #000000;\">Transfer money 2nd time, Get ₹10 Water Drops to your Magic Jar<p>",
          "tnc": "https://paytmmall.com/papi/v2/promocard/supercash/campaign/tnc/53106",
          "campaign": "AUTOMATE_CURRBIG04",
          "isDeeplink": true,
          "valid_upto": "2021-10-31T12:57:00.000Z",
          "short_description": "Transfer money 2 times for more than ₹100 within 30 minutes",
          "offer_image_url": "https://paytm.s3-ap-southeast-1.amazonaws.com/promo_seller_panel_uploads/production/Money_Transfer_Offer.png",
          "auto_activate": true,
          "show_game_progress": true,
          "offer_type_id": 8,
          "background_overlay": false,
          "first_transaction_cta": "Make your first money transfer ",
          "surprise_text_title": "Offer Details",
          "unlock_text": "Transfer money to unlock",
          "total_txn_count": 2,
          "collectibles": null,
          "campaign_detail_deeplink": "paytmmp://cash_wallet?featuretype=vip&screen=topoffer&campaignid=53106",
          "journey_info": {
            "ctaText": null,
            "ctaDeeplink": null
          }
        }
      },
      "updated_at": "2020-11-02T10:32:34.000Z",
      "success_txn_count": 2,
      "total_txn_count": 2,
      "status": "COMPLETED",
      "offer_expiry": "2020-11-02T10:40:49.000Z",
      "game_expiry": "2020-11-02T11:00:49.000Z",
      "opt_out_time": "",
      "offer_status_info": "Offer completed on 02 Nov 20, 01:16 PM",
      "current_stage": 1,
      "txn_linked": null,
      "Claim_CTA": null,
      "unlock_text": "Transfer money to unlock",
      "offer_end_time": "2020-11-02T07:46:58.000Z",
      "server_timestamp": "2020-11-02T10:32:43.371Z"
    }
  }
}
