{
  "OpenOfferSingleStage": {
    "status": 1,
    "errors": [],
    "data": [
      {
        "tags": "ADSDEALSINGLE",
        "title": "ADSDEALSINGLE",
        "id": 370,
        "seourl": null,
        "tagViewLayoutModel": {},
        "tagItemLayoutModel": {},
        "campaignDataList": [
          {
            "id": 108778,
            "event": "ACCEPT_OFFER",
            "stageObjectMap": {
              "0": {
                "gratifications": [
                  {}
                ]
              }
            },
            "deeplink_url": "paytmmp://mobile_prepaid?url=https://catalog.paytm.com/v1/mobile/mobile-prepaid/17",
            "offer_text_override": "Get ₹NaN cashback",
            "background_image_url": "FetchDealURl",
            "new_offers_image_url": "https://s3-ap-southeast-1.amazonaws.com/assets.paytm.com/promotion/Rituraj/PNG+images/Mobile+Prepaid+Recharge+Offer.png",
            "offer_keyword": "Recharge your mobile",
            "progress_screen_cta": "Recharge Now",
            "important_terms": "<p><span style=\"color: #FFA500;\">★</span><span style=\"color: #000000;\">This offer is applicable only when you Recharge your mobile for more than ₹10</span></p>\n\n<p><span style=\"color: #FFA500;\">★</span><span style=\"color: #000000;\">Offer can be availed 500000 times during the campaign validity</span></p>\n\n<p> </p>\n",
            "surprise_text": "<p>",
            "tnc": "https://gateway.paytm.com/papi/v2/promocard/supercash/campaign/tnc/108778",
            "campaign": "AUTO_ADSDEAL_001",
            "isDeeplink": true,
            "valid_upto": "2022-02-28T09:14:00.000Z",
            "short_description": "Recharge your mobile 1 time for more than ₹10 within a day",
            "offer_image_url": "https://s3-ap-southeast-1.amazonaws.com/assets.paytm.com/promotion/Rituraj/PNG+images/Mobile+Prepaid+Recharge+Offer.png",
            "auto_activate": true,
            "show_game_progress": true,
            "offer_type_id": 1,
            "background_overlay": false,
            "first_transaction_cta": "Do your first recharge",
            "surprise_text_title": "Offer Details",
            "unlock_text": "Recharge your mobile to unlock",
            "total_txn_count": 1,
            "collectibles": null,
            "campaign_detail_deeplink": "paytmmp://cash_wallet?featuretype=vip&screen=topoffer&campaignid=108778",
            "journey_info": {
              "ctaText": null,
              "ctaDeeplink": null
            }
          }
        ]
      }
    ]
  },
  "NequalOneAutoAcceptFalse0Accept": {
    "status": 1,
    "errors": [],
    "data": [
      {
        "tags": "verifyAutoActivateFalseNequal1Amnt0",
        "title": "verifyAutoActivateFalseNequal1Amnt0",
        "id": 414,
        "seourl": null,
        "tagViewLayoutModel": {},
        "tagItemLayoutModel": {},
        "campaignDataList": [
          {
            "id": 79071,
            "event": "ACCEPT_OFFER",
            "stageObjectMap": {
              "0": {
                "gratifications": [
                  {}
                ]
              }
            },
            "deeplink_url": "paytmmp://dth?url=https://catalog.paytm.com/v1/mobile/DTH/18",
            "offer_text_override": "Get ₹0 cashback",
            "background_image_url": "automation_nequal1",
            "new_offers_image_url": "https://paytm.s3-ap-southeast-1.amazonaws.com/promo_seller_panel_uploads/production/DTH_Recharge_Offer.png",
            "offer_keyword": "Recharge your DTH",
            "progress_screen_cta": "Recharge Now",
            "important_terms": "<p><span style=\"color: #FFA500;\">★</span><span style=\"color: #000000;\">This offer is applicable only when you Recharge your DTH for ₹100 or more</span></p>\n\n<p><span style=\"color: #FFA500;\">★</span><span style=\"color: #000000;\">Offer can be availed 1000 times during the campaign validity</span></p>\n\n<p> </p>\n",
            "surprise_text": "<p>",
            "tnc": "https://gateway.paytm.com/papi/v2/promocard/supercash/campaign/tnc/79071",
            "campaign": "AUTOMATION_NEQUAL0",
            "isDeeplink": true,
            "valid_upto": "2022-07-31T18:30:00.000Z",
            "short_description": "Recharge your DTH 1 time for ₹100 or more within a day",
            "offer_image_url": "https://paytm.s3-ap-southeast-1.amazonaws.com/promo_seller_panel_uploads/production/DTH_Recharge_Offer.png",
            "auto_activate": false,
            "show_game_progress": true,
            "offer_type_id": 2,
            "background_overlay": false,
            "first_transaction_cta": "Do your first recharge",
            "surprise_text_title": "Offer Details",
            "unlock_text": "Recharge your DTH to unlock",
            "total_txn_count": 1,
            "collectibles": null,
            "campaign_detail_deeplink": "paytmmp://cash_wallet?featuretype=vip&screen=topoffer&campaignid=79071",
            "journey_info": {
              "ctaText": null,
              "ctaDeeplink": null
            }
          }
        ]
      }
    ]
  },
  "NequalOneAutoAcceptFalseTxn1": {
    "status": 1,
    "errors": [],
    "data": [
      {
        "tags": "verifyAutoActivateFalseNequal1",
        "title": "verifyAutoActivateFalseNequal1",
        "id": 415,
        "seourl": null,
        "tagViewLayoutModel": {},
        "tagItemLayoutModel": {},
        "campaignDataList": []
      }
    ]
  },
  "NequalOneAutoAcceptFalseAccept": {
    "status": 1,
    "errors": [],
    "data": [
      {
        "tags": "verifyAutoActivateFalseNequal1",
        "title": "verifyAutoActivateFalseNequal1",
        "id": 415,
        "seourl": null,
        "tagViewLayoutModel": {},
        "tagItemLayoutModel": {},
        "campaignDataList": [
          {
            "id": 33671,
            "event": "ACCEPT_OFFER",
            "stageObjectMap": {
              "0": {
                "gratifications": [
                  {}
                ]
              }
            },
            "deeplink_url": "paytmmp://dth?url=https://catalog.paytm.com/v1/mobile/DTH/18",
            "offer_text_override": "DTH Recharge - Upto ₹20 cashback",
            "background_image_url": "automation_nequal1",
            "new_offers_image_url": "https://s3-ap-southeast-1.amazonaws.com/assets.paytm.com/promotion/Rituraj/PNG+images/DTH+Recharge+Offer.png",
            "offer_keyword": "DTH recharge%s",
            "progress_screen_cta": "Recharge Now",
            "important_terms": "<p><span style=\"color: #FFA500;\">★</span><span style=\"color: #000000;\">Offer can be availed 1000 times during the campaign validity<p><span style=\"color: #FFA500;\">★</span><span style=\"color: #000000;\">Minimum amount of each transaction should be ₹100 <p>",
            "surprise_text": "<p><span style=\"color: #FFA500;\">★</span><span style=\"color: #000000;\">1st DTH recharge, Get upto ₹20 Paytm voucher<p>",
            "tnc": "https://gateway.paytm.com/papi/v2/promocard/supercash/campaign/tnc/33671",
            "campaign": "AUTOMATION_NEQUAL11",
            "isDeeplink": true,
            "valid_upto": "2024-02-07T06:17:00.000Z",
            "short_description": "Do 1 DTH recharges of ₹100 or more within a day",
            "offer_image_url": "https://s3-ap-southeast-1.amazonaws.com/assets.paytm.com/promotion/Rituraj/PNG+images/DTH+Recharge+Offer.png",
            "auto_activate": false,
            "show_game_progress": true,
            "offer_type_id": 2,
            "background_overlay": false,
            "first_transaction_cta": "Do your first recharge",
            "surprise_text_title": "Offer Details",
            "unlock_text": "DTH recharge%s to unlock",
            "total_txn_count": 1,
            "collectibles": null,
            "campaign_detail_deeplink": "paytmmp://cash_wallet?featuretype=vip&screen=topoffer&campaignid=33671",
            "journey_info": {
              "ctaText": null,
              "ctaDeeplink": null
            }
          }
        ]
      }
    ]
  },
  "NequalOneAutoAcceptFalseRandomTxn1": {
    "status": 1,
    "errors": [],
    "data": [
      {
        "tags": "verifyWithRandomBonusNEqual1",
        "title": "verifyWithRandomBonusNEqual1",
        "id": 416,
        "seourl": null,
        "tagViewLayoutModel": {},
        "tagItemLayoutModel": {},
        "campaignDataList": []
      }
    ]
  },
  "NequalOneAutoAcceptFalseAcceptRI0": {
    "status": 1,
    "errors": [],
    "data": [
      {
        "tags": "verifyWithRandomBonusNEqual1",
        "title": "verifyWithRandomBonusNEqual1",
        "id": 416,
        "seourl": null,
        "tagViewLayoutModel": {},
        "tagItemLayoutModel": {},
        "campaignDataList": [
          {
            "id": 33650,
            "event": "ACCEPT_OFFER",
            "stageObjectMap": {
              "0": {
                "gratifications": [
                  {
                    "randomBucketMap": {
                      "B2_0_0": {
                        "amount": 20,
                        "frontendRedemptionType": "Paytm Movies voucher",
                        "frontendRedemptionTypeIconUrl": "icon"
                      },
                      "B1_0_0": {
                        "amount": 40,
                        "frontendRedemptionType": "cashback",
                        "frontendRedemptionTypeIconUrl": "https://paytm.s3-ap-southeast-1.amazonaws.com/promo_seller_panel_uploads/production/Cashback.png"
                      }
                    }
                  }
                ]
              }
            },
            "deeplink_url": "paytmmp://dth?url=https://catalog.paytm.com/v1/mobile/DTH/18",
            "offer_text_override": "DTH Recharge - Upto ₹40 cashback",
            "background_image_url": "automation_nequal1",
            "new_offers_image_url": "https://s3-ap-southeast-1.amazonaws.com/assets.paytm.com/promotion/Rituraj/PNG+images/DTH+Recharge+Offer.png",
            "offer_keyword": "DTH recharge%s",
            "progress_screen_cta": "Recharge Now",
            "important_terms": "<p><span style=\"color: #FFA500;\">★</span><span style=\"color: #000000;\">Offer can be availed 1000 times during the campaign validity<p><span style=\"color: #FFA500;\">★</span><span style=\"color: #000000;\">Minimum amount of each transaction should be ₹100 <p>",
            "surprise_text": "<p><span style=\"color: #FFA500;\">★</span><span style=\"color: #000000;\">1st DTH recharge, Get anything worth ₹20 to ₹40<p>",
            "tnc": "https://gateway.paytm.com/papi/v2/promocard/supercash/campaign/tnc/33650",
            "campaign": "AUTOMATION_NEQUAL1_RANDOM1",
            "isDeeplink": true,
            "valid_upto": "2024-01-19T08:26:00.000Z",
            "short_description": "Do 1 DTH recharges of ₹100 or more within a day",
            "offer_image_url": "https://s3-ap-southeast-1.amazonaws.com/assets.paytm.com/promotion/Rituraj/PNG+images/DTH+Recharge+Offer.png",
            "auto_activate": false,
            "show_game_progress": true,
            "offer_type_id": 2,
            "background_overlay": false,
            "first_transaction_cta": "Do your first recharge",
            "surprise_text_title": "Offer Details",
            "unlock_text": "DTH recharge%s to unlock",
            "total_txn_count": 1,
            "collectibles": null,
            "campaign_detail_deeplink": "paytmmp://cash_wallet?featuretype=vip&screen=topoffer&campaignid=33650",
            "journey_info": {
              "ctaText": null,
              "ctaDeeplink": null
            }
          }
        ]
      }
    ]
  },
  "NequalOneAutoAcceptFalse0Txn1": {
    "status": 1,
    "errors": [],
    "data": [
      {
        "tags": "verifyAutoActivateFalseNequal1Amnt0",
        "title": "verifyAutoActivateFalseNequal1Amnt0",
        "id": 414,
        "seourl": null,
        "tagViewLayoutModel": {},
        "tagItemLayoutModel": {},
        "campaignDataList": []
      }
    ]
  },
  "CloseOfferSingleStage": {
    "status": 1,
    "errors": [],
    "data": [
      {
        "tags": "ADSDEALSINGLE",
        "title": "ADSDEALSINGLE",
        "id": 370,
        "seourl": null,
        "tagViewLayoutModel": {},
        "tagItemLayoutModel": {},
        "campaignDataList": [
          {
            "id": 108778,
            "event": "ACCEPT_OFFER",
            "stageObjectMap": {
              "0": {
                "gratifications": [
                  {}
                ]
              }
            },
            "deeplink_url": "paytmmp://mobile_prepaid?url=https://catalog.paytm.com/v1/mobile/mobile-prepaid/17",
            "offer_text_override": "Get ₹NaN cashback",
            "background_image_url": "FetchDealURl",
            "new_offers_image_url": "https://s3-ap-southeast-1.amazonaws.com/assets.paytm.com/promotion/Rituraj/PNG+images/Mobile+Prepaid+Recharge+Offer.png",
            "offer_keyword": "Recharge your mobile",
            "progress_screen_cta": "Recharge Now",
            "important_terms": "<p><span style=\"color: #FFA500;\">★</span><span style=\"color: #000000;\">This offer is applicable only when you Recharge your mobile for more than ₹10</span></p>\n\n<p><span style=\"color: #FFA500;\">★</span><span style=\"color: #000000;\">Offer can be availed 500000 times during the campaign validity</span></p>\n\n<p> </p>\n",
            "surprise_text": "<p>",
            "tnc": "https://gateway.paytm.com/papi/v2/promocard/supercash/campaign/tnc/108778",
            "campaign": "AUTO_ADSDEAL_001",
            "isDeeplink": true,
            "valid_upto": "2022-02-28T09:14:00.000Z",
            "short_description": "Recharge your mobile 1 time for more than ₹10 within a day",
            "offer_image_url": "https://s3-ap-southeast-1.amazonaws.com/assets.paytm.com/promotion/Rituraj/PNG+images/Mobile+Prepaid+Recharge+Offer.png",
            "auto_activate": true,
            "show_game_progress": true,
            "offer_type_id": 1,
            "background_overlay": false,
            "first_transaction_cta": "Do your first recharge",
            "surprise_text_title": "Offer Details",
            "unlock_text": "Recharge your mobile to unlock",
            "total_txn_count": 1,
            "collectibles": null,
            "campaign_detail_deeplink": "paytmmp://cash_wallet?featuretype=vip&screen=topoffer&campaignid=108778",
            "journey_info": {
              "ctaText": null,
              "ctaDeeplink": null
            }
          }
        ]
      }
    ]
  },
  "OpenOfferMultiStageFirst": {
    "status": 1,
    "errors": [

    ],
    "data": [
      {
        "tags": "ADSDEALMULTI",
        "title": "ADSDEALMULTI",
        "id": 371,
        "seourl": null,
        "tagViewLayoutModel": {

        },
        "tagItemLayoutModel": {

        },
        "campaignDataList": [

        ]
      }
    ]
  },
  "OpenOfferMultiStageLast": {
    "data": [
      {
        "campaignDataList": [
          {
            "short_description": "Transfer money 4 times for more than \u20b910 within 10 minutes",
            "first_transaction_cta": "Make your first money transfer ",
            "background_image_url": "TestUrl",
            "auto_activate": true,
            "isDeeplink": true,
            "stageObjectMap": {
              "0": {
                "gratifications": [
                  {

                  }
                ]
              },
              "1": {
                "gratifications": [
                  {

                  }
                ]
              }
            },
            "collectibles": null,
            "offer_text_override": "Get \u20b9NaN cashback",
            "surprise_text": "<p>",
            "id": 106134,
            "event": "ACCEPT_OFFER",
            "surprise_text_title": "Offer Details",
            "offer_keyword": "Transfer money",
            "tnc": "https://gateway.paytm.com/papi/v2/promocard/supercash/campaign/tnc/106134",
            "show_game_progress": true,
            "deeplink_url": "paytmmp://cash_wallet?featuretype=money_transfer",
            "unlock_text": "Transfer money to unlock",
            "valid_upto": "2022-01-31T08:33:00.000Z",
            "journey_info": {
              "ctaText": null,
              "ctaDeeplink": null
            },
            "progress_screen_cta": "Transfer Now",
            "campaign": "ADSDEAL_011",
            "offer_image_url": "https://paytm.s3-ap-southeast-1.amazonaws.com/promo_seller_panel_uploads/production/Money_Transfer_Offer.png",
            "new_offers_image_url": "https://paytm.s3-ap-southeast-1.amazonaws.com/promo_seller_panel_uploads/production/Money_Transfer_Offer.png",
            "important_terms": "<p><span style=\"color: #FFA500;\">★<\/span><span style=\"color: #000000;\">This offer is applicable only when you Transfer money for more than \u20b910<\/span><\/p>\n\n<p><span style=\"color: #FFA500;\">★<\/span><span style=\"color: #000000;\">Offer can be availed 10000 times during the campaign validity<\/span><\/p>\n\n<p> <\/p>\n",
            "background_overlay": false,
            "offer_type_id": 8,
            "total_txn_count": 4,
            "campaign_detail_deeplink": "paytmmp://cash_wallet?featuretype=vip&screen=topoffer&campaignid=106134"
          }
        ],
        "seourl": null,
        "tagViewLayoutModel": {

        },
        "id": 371,
        "title": "ADSDEALMULTI",
        "tags": "ADSDEALMULTI",
        "tagItemLayoutModel": {

        }
      }
    ],
    "errors": [

    ],
    "status": 1
  },
  "CloseOfferMultiStageFirst": {
  "data": [
    {
      "campaignDataList": [

      ],
      "seourl": null,
      "tagViewLayoutModel": {

      },
      "id": 371,
      "title": "ADSDEALMULTI",
      "tags": "ADSDEALMULTI",
      "tagItemLayoutModel": {

      }
    }
  ],
  "errors": [

  ],
  "status": 1
},
  "CloseOfferMultiStageLast": {
    "data": [
      {
        "campaignDataList": [
          {
            "short_description": "Transfer money 4 times for more than \u20b910 within 10 minutes",
            "first_transaction_cta": "Make your first money transfer ",
            "background_image_url": "TestUrl",
            "auto_activate": true,
            "isDeeplink": true,
            "stageObjectMap": {
              "0": {
                "gratifications": [
                  {

                  }
                ]
              },
              "1": {
                "gratifications": [
                  {

                  }
                ]
              }
            },
            "collectibles": null,
            "offer_text_override": "Get \u20b9NaN cashback",
            "surprise_text": "<p>",
            "id": 106134,
            "event": "ACCEPT_OFFER",
            "surprise_text_title": "Offer Details",
            "offer_keyword": "Transfer money",
            "tnc": "https://gateway.paytm.com/papi/v2/promocard/supercash/campaign/tnc/106134",
            "show_game_progress": true,
            "deeplink_url": "paytmmp://cash_wallet?featuretype=money_transfer",
            "unlock_text": "Transfer money to unlock",
            "valid_upto": "2022-01-31T08:33:00.000Z",
            "journey_info": {
              "ctaText": null,
              "ctaDeeplink": null
            },
            "progress_screen_cta": "Transfer Now",
            "campaign": "ADSDEAL_011",
            "offer_image_url": "https://paytm.s3-ap-southeast-1.amazonaws.com/promo_seller_panel_uploads/production/Money_Transfer_Offer.png",
            "new_offers_image_url": "https://paytm.s3-ap-southeast-1.amazonaws.com/promo_seller_panel_uploads/production/Money_Transfer_Offer.png",
            "important_terms": "<p><span style=\"color: #FFA500;\">★<\/span><span style=\"color: #000000;\">This offer is applicable only when you Transfer money for more than \u20b910<\/span><\/p>\n\n<p><span style=\"color: #FFA500;\">★<\/span><span style=\"color: #000000;\">Offer can be availed 10000 times during the campaign validity<\/span><\/p>\n\n<p> <\/p>\n",
            "background_overlay": false,
            "offer_type_id": 8,
            "total_txn_count": 4,
            "campaign_detail_deeplink": "paytmmp://cash_wallet?featuretype=vip&screen=topoffer&campaignid=106134"
          }
        ],
        "seourl": null,
        "tagViewLayoutModel": {

        },
        "id": 371,
        "title": "ADSDEALMULTI",
        "tags": "ADSDEALMULTI",
        "tagItemLayoutModel": {

        }
      }
    ],
    "errors": [

    ],
    "status": 1
  },
  "OpenOfferSingleStagePG":{
    "data": [
      {
        "campaignDataList": [
          {
            "short_description": "Transfer money 1 time for more than \u20b910 within this week",
            "first_transaction_cta": "Make your first money transfer ",
            "background_image_url": "TestUrl",
            "auto_activate": true,
            "isDeeplink": true,
            "stageObjectMap": {
              "0": {
                "gratifications": [
                  {

                  }
                ]
              }
            },
            "collectibles": null,
            "offer_text_override": "Get \u20b9NaN cashback",
            "surprise_text": "<p>",
            "id": 109554,
            "event": "ACCEPT_OFFER",
            "surprise_text_title": "Offer Details",
            "offer_keyword": "Transfer money",
            "tnc": "https://gateway.paytm.com/papi/v2/promocard/supercash/campaign/tnc/109554",
            "show_game_progress": true,
            "deeplink_url": "paytmmp://cash_wallet?featuretype=money_transfer",
            "unlock_text": "Transfer money to unlock",
            "valid_upto": "2022-07-31T14:14:00.000Z",
            "journey_info": {
              "ctaText": null,
              "ctaDeeplink": null
            },
            "progress_screen_cta": "Transfer Now",
            "campaign": "AUTO_ADSDEALPG_CAMP1",
            "offer_image_url": "https://paytm.s3-ap-southeast-1.amazonaws.com/promo_seller_panel_uploads/production/Money_Transfer_Offer.png",
            "new_offers_image_url": "https://paytm.s3-ap-southeast-1.amazonaws.com/promo_seller_panel_uploads/production/Money_Transfer_Offer.png",
            "important_terms": "<p><span style=\"color: #FFA500;\">★<\/span><span style=\"color: #000000;\">This offer is applicable only when you Transfer money for more than \u20b910<p><span style=\"color: #FFA500;\">★<\/span><span style=\"color: #000000;\">Offer can be availed 10000 times during the campaign validity<p>",
            "background_overlay": false,
            "offer_type_id": 8,
            "total_txn_count": 1,
            "campaign_detail_deeplink": "paytmmp://cash_wallet?featuretype=vip&screen=topoffer&campaignid=109554"
          }
        ],
        "seourl": null,
        "tagViewLayoutModel": {

        },
        "id": 374,
        "title": "ADSDEALSINGLEPG",
        "tags": "ADSDEALSINGLEPG",
        "tagItemLayoutModel": {

        }
      }
    ],
    "errors": [

    ],
    "status": 1
  },
  "OpenOfferSingleStageUPI": {
  "data": [
    {
      "campaignDataList": [
        {
          "short_description": "Transfer money 1 time for more than \u20b910 within this week",
          "first_transaction_cta": "Make your first money transfer ",
          "background_image_url": "TestUrl",
          "auto_activate": true,
          "isDeeplink": true,
          "stageObjectMap": {
            "0": {
              "gratifications": [
                {

                }
              ]
            }
          },
          "collectibles": null,
          "offer_text_override": "Get \u20b9NaN cashback",
          "surprise_text": "<p>",
          "id": 109555,
          "event": "ACCEPT_OFFER",
          "surprise_text_title": "Offer Details",
          "offer_keyword": "Transfer money",
          "tnc": "https://gateway.paytm.com/papi/v2/promocard/supercash/campaign/tnc/109555",
          "show_game_progress": true,
          "deeplink_url": "paytmmp://cash_wallet?featuretype=money_transfer",
          "unlock_text": "Transfer money to unlock",
          "valid_upto": "2022-05-31T14:17:00.000Z",
          "journey_info": {
            "ctaText": null,
            "ctaDeeplink": null
          },
          "progress_screen_cta": "Transfer Now",
          "campaign": "AUTO_ADSDEALUPI_CAMP1",
          "offer_image_url": "https://paytm.s3-ap-southeast-1.amazonaws.com/promo_seller_panel_uploads/production/Money_Transfer_Offer.png",
          "new_offers_image_url": "https://paytm.s3-ap-southeast-1.amazonaws.com/promo_seller_panel_uploads/production/Money_Transfer_Offer.png",
          "important_terms": "<p><span style=\"color: #FFA500;\">★<\/span><span style=\"color: #000000;\">This offer is applicable only when you Transfer money for more than \u20b910<p><span style=\"color: #FFA500;\">★<\/span><span style=\"color: #000000;\">Offer can be availed 10000 times during the campaign validity<p>",
          "background_overlay": false,
          "offer_type_id": 8,
          "total_txn_count": 1,
          "campaign_detail_deeplink": "paytmmp://cash_wallet?featuretype=vip&screen=topoffer&campaignid=109555"
        }
      ],
      "seourl": null,
      "tagViewLayoutModel": {

      },
      "id": 373,
      "title": "ADSDEALSINGLEUPI",
      "tags": "ADSDEALSINGLEUPI",
      "tagItemLayoutModel": {

      }
    }
  ],
  "errors": [

  ],
  "status": 1
},
  "DealCancellationAfterTxn1":{"data":[{"campaignDataList":[{"short_description":"short description","first_transaction_cta":null,"background_image_url":"background image","auto_activate":false,"isDeeplink":true,"stageObjectMap":{"0":{"gratifications":[{}]},"1":{"gratifications":[{}]},"2":{"gratifications":[{}]},"3":{"gratifications":[{}]}},"collectibles":null,"offer_text_override":"Offer Override Text ","surprise_text":"<p><em style=\"color: rgb(51, 51, 51); font-family: sans-serif, Arial, Verdana, &quot;Trebuchet MS&quot;; font-size: 13px; background-color: rgb(255, 255, 255);\"><b>Offer<\/b><\/em><em><b> Details<\/b><\/em><\/p>\n\n<ul>\n\t<li>Surprise text<\/li>\n\t<li>Wallet pripeline<\/li>\n<\/ul>\n\n<p> <\/p>\n\n<p><img alt=\"Search icon\" src=\"https://www.iconfinder.com/icons/314478/search_icon\" /><\/p>\n","id":28798,"event":"REJECT_OFFER","surprise_text_title":"Offer Details","offer_keyword":"Offer Keyword","tnc":"https://gateway.paytm.com/papi/v2/promocard/supercash/campaign/tnc/28798","show_game_progress":true,"deeplink_url":"deeplink","unlock_text":"Offer Keyword 2 times to unlock","valid_upto":"2024-04-25T07:13:00.000Z","journey_info":null,"progress_screen_cta":"Progress Screen CTA111","campaign":"AUTOMATION_C_S1_C_S4","offer_image_url":"Offer Icon override URL","new_offers_image_url":"new offers image","important_terms":"<p>important terms<\/p>\n","background_overlay":false,"offer_type_id":1,"total_txn_count":5,"campaign_detail_deeplink":"paytmmp://cash_wallet?featuretype=vip&screen=topoffer&campaignid=28798"},{"short_description":"short description","first_transaction_cta":null,"background_image_url":"background image","auto_activate":true,"isDeeplink":true,"stageObjectMap":{"0":{"gratifications":[{}]},"1":{"gratifications":[{}]},"2":{"gratifications":[{}]},"3":{"gratifications":[{}]}},"collectibles":null,"offer_text_override":"Offer Override Text ","surprise_text":"<p><em style=\"color: rgb(51, 51, 51); font-family: sans-serif, Arial, Verdana, &quot;Trebuchet MS&quot;; font-size: 13px; background-color: rgb(255, 255, 255);\"><b>Offer<\/b><\/em><em><b> Details<\/b><\/em><\/p>\n\n<ul>\n\t<li>Surprise text<\/li>\n\t<li>Wallet pripeline<\/li>\n<\/ul>\n\n<p> <\/p>\n\n<p><img alt=\"Search icon\" src=\"https://www.iconfinder.com/icons/314478/search_icon\" /><\/p>\n","id":28977,"event":"ACCEPT_OFFER","surprise_text_title":"Offer Details","offer_keyword":"Offer Keyword","tnc":"https://gateway.paytm.com/papi/v2/promocard/supercash/campaign/tnc/28977","show_game_progress":true,"deeplink_url":"deeplink","unlock_text":"Offer Keyword to unlock","valid_upto":"2024-09-30T05:50:00.000Z","journey_info":null,"progress_screen_cta":"Progress Screen CTA111","campaign":"AUTOMATION_AC_C_S1_C_S4","offer_image_url":"Offer Icon override URL","new_offers_image_url":"new offers image","important_terms":"<p>important terms<\/p>\n","background_overlay":false,"offer_type_id":1,"total_txn_count":5,"campaign_detail_deeplink":"paytmmp://cash_wallet?featuretype=vip&screen=topoffer&campaignid=28977"}],"seourl":null,"tagViewLayoutModel":{},"id":130,"title":"mfjfe","tags":"mfjfe","tagItemLayoutModel":{}}],"errors":[],"status":1},
  "DealCancellationAfterTxn2": {"data":[{"campaignDataList":[{"short_description":"short description","first_transaction_cta":null,"background_image_url":"background image","auto_activate":false,"isDeeplink":true,"stageObjectMap":{"0":{"gratifications":[{}]},"1":{"gratifications":[{}]},"2":{"gratifications":[{}]},"3":{"gratifications":[{}]}},"collectibles":null,"offer_text_override":"Offer Override Text ","surprise_text":"<p><em style=\"color: rgb(51, 51, 51); font-family: sans-serif, Arial, Verdana, &quot;Trebuchet MS&quot;; font-size: 13px; background-color: rgb(255, 255, 255);\"><b>Offer<\/b><\/em><em><b> Details<\/b><\/em><\/p>\n\n<ul>\n\t<li>Surprise text<\/li>\n\t<li>Wallet pripeline<\/li>\n<\/ul>\n\n<p> <\/p>\n\n<p><img alt=\"Search icon\" src=\"https://www.iconfinder.com/icons/314478/search_icon\" /><\/p>\n","id":28798,"event":"REJECT_OFFER","surprise_text_title":"Offer Details","offer_keyword":"Offer Keyword","tnc":"https://gateway.paytm.com/papi/v2/promocard/supercash/campaign/tnc/28798","show_game_progress":true,"deeplink_url":"deeplink","unlock_text":"Offer Keyword 2 times to unlock","valid_upto":"2024-04-25T07:13:00.000Z","journey_info":null,"progress_screen_cta":"Progress Screen CTA111","campaign":"AUTOMATION_C_S1_C_S4","offer_image_url":"Offer Icon override URL","new_offers_image_url":"new offers image","important_terms":"<p>important terms<\/p>\n","background_overlay":false,"offer_type_id":1,"total_txn_count":5,"campaign_detail_deeplink":"paytmmp://cash_wallet?featuretype=vip&screen=topoffer&campaignid=28798"},{"short_description":"short description","first_transaction_cta":null,"background_image_url":"background image","auto_activate":true,"isDeeplink":true,"stageObjectMap":{"0":{"gratifications":[{}]},"1":{"gratifications":[{}]},"2":{"gratifications":[{}]},"3":{"gratifications":[{}]}},"collectibles":null,"offer_text_override":"Offer Override Text ","surprise_text":"<p><em style=\"color: rgb(51, 51, 51); font-family: sans-serif, Arial, Verdana, &quot;Trebuchet MS&quot;; font-size: 13px; background-color: rgb(255, 255, 255);\"><b>Offer<\/b><\/em><em><b> Details<\/b><\/em><\/p>\n\n<ul>\n\t<li>Surprise text<\/li>\n\t<li>Wallet pripeline<\/li>\n<\/ul>\n\n<p> <\/p>\n\n<p><img alt=\"Search icon\" src=\"https://www.iconfinder.com/icons/314478/search_icon\" /><\/p>\n","id":28977,"event":"ACCEPT_OFFER","surprise_text_title":"Offer Details","offer_keyword":"Offer Keyword","tnc":"https://gateway.paytm.com/papi/v2/promocard/supercash/campaign/tnc/28977","show_game_progress":true,"deeplink_url":"deeplink","unlock_text":"Offer Keyword to unlock","valid_upto":"2024-09-30T05:50:00.000Z","journey_info":null,"progress_screen_cta":"Progress Screen CTA111","campaign":"AUTOMATION_AC_C_S1_C_S4","offer_image_url":"Offer Icon override URL","new_offers_image_url":"new offers image","important_terms":"<p>important terms<\/p>\n","background_overlay":false,"offer_type_id":1,"total_txn_count":5,"campaign_detail_deeplink":"paytmmp://cash_wallet?featuretype=vip&screen=topoffer&campaignid=28977"}],"seourl":null,"tagViewLayoutModel":{},"id":148,"title":"Round2","tags":"Round2","tagItemLayoutModel":{}}],"errors":[],"status":1}
}
