{
  "PostTxnV4S2SResponse": {"data":{"offer_end_time":"2022-04-27T15:18:34.000Z","server_timestamp":"2022-04-27T15:19:16.268Z","success_txn_count":1,"game_expiry":"2022-04-27T15:48:40.000Z","opt_out_time":"","offer_status_info":"Offer completed on 27 Apr 22, 08:48 PM","unlock_text":"Recharge your mobile to unlock","Claim_CTA":null,"offer_expiry":"2022-04-27T15:28:40.000Z","updated_at":"2022-04-27T15:18:40.000Z","id":2303766,"current_stage":0,"total_txn_count":1,"txn_linked":{"stage":0,"id":"1651118553CleverTap"},"info":{"game_expiry_reason":"Your offer expired as you did not activate the offer.","campaign":{"short_description":"Recharge your mobile 1 time for more than \u20b9100 within 30 minutes","first_transaction_cta":"Do your first recharge","background_image_url":"Testurl","auto_activate":true,"isDeeplink":true,"stageObjectMap":{"0":{"gratifications":[{"randomBucketMap":{"B1_0_0":{"frontendRedemptionTypeIconUrl":"https://paytm.s3-ap-southeast-1.amazonaws.com/promo_seller_panel_uploads/production/Cashback.png","amount":10,"frontendRedemptionType":"cashback"}}}]}},"collectibles":null,"offer_text_override":"Get upto \u20b910 cashback","surprise_text":"<p><span style=\"color: #FFA500;\">★<\/span><span style=\"color: #000000;\">Recharge your mobile 1st time, Get cashback upto \u20b910<p>","id":58039,"event":"ACCEPT_OFFER","surprise_text_title":"Offer Details","offer_keyword":"Recharge your mobile","tnc":"https://gateway.paytm.com/papi/v2/promocard/supercash/campaign/tnc/58039","show_game_progress":true,"deeplink_url":"paytmmp://mobile_prepaid?url=https://catalog.paytm.com/v1/mobile/mobile-prepaid/17","unlock_text":"Recharge your mobile to unlock","valid_upto":"2024-02-28T14:55:00.000Z","journey_info":{"ctaText":null,"ctaDeeplink":null},"progress_screen_cta":"Recharge Now","campaign":"AUTOMATE_CLEVERTAP_CAMP03","offer_image_url":"https://s3-ap-southeast-1.amazonaws.com/assets.paytm.com/promotion/Rituraj/PNG+images/Mobile+Prepaid+Recharge+Offer.png","new_offers_image_url":"https://s3-ap-southeast-1.amazonaws.com/assets.paytm.com/promotion/Rituraj/PNG+images/Mobile+Prepaid+Recharge+Offer.png","important_terms":"<p><span style=\"color: #FFA500;\">★<\/span><span style=\"color: #000000;\">This offer is applicable only when you Recharge your mobile for more than \u20b9100<p><span style=\"color: #FFA500;\">★<\/span><span style=\"color: #000000;\">Offer can be availed 1000 times during the campaign validity<p>","background_overlay":false,"offer_type_id":1,"total_txn_count":1,"campaign_detail_deeplink":"paytmmp://cash_wallet?featuretype=vip&screen=topoffer&campaignid=58039"},"transactions":[{"txn_id":"1651118553CleverTap","progress_screen_construct":"1st Payment","stage_object":{"stage_txn_count":1,"stage_progress_construct":"You won a scratch card","stage_status":"COMPLETED","gratification_objects":[{"bucketName":"B1_0_0","earned_text":"You won a scratch card","bonus_amount":0,"cashback_text":"You will get a scratch card upto \u20b910 cashback","redemption_cta_text":null,"progress_text":"You Won","redemption_text":"Cashback will be credited within 24 hours to your Paytm Wallet.","redemption_status":"REDEEM_REQUESTED","redemption_cta_deeplink":null,"redemption_type_icon":"https://paytm.s3-ap-southeast-1.amazonaws.com/promo_seller_panel_uploads/production/Cashback.png","crosspromo_data":null,"frontend_redemption_type":"cashback","collectible_data":null,"redemption_type":"cashback","winnning_title":"Congratulations!","scratchCardData":{"displayType":"SCRATCH_CARD","scratched":false,"maxBonusAmount":null,"bonusAmount":10,"unlockText":null,"unlockTime":null,"randomBucketName":"B1_0_0","expiryText":null,"id":56818186152,"luckyDraw":false,"randomBucketMap":null,"status":"UNSCRATCHED"},"supercashGameData":null,"deal_data":null}],"surprise_stage":true,"stage_success_txn_count":1},"stage":0,"created_at":"2022-04-27T15:18:34.000Z","txn_amount":"2400","txn_source":"WALLET","order_id":"SM_FEAFFBA43D7F1F52","status":"SUCCESS"}],"offer_expiry_reason":""},"status":"COMPLETED"},"errors":[],"status":1},
  "GameNotExistPostTxnV4S2SResponse": {"data":null,"errors":[{"code":null,"errorCode":"SUCASH_4016","message":"Game does not exists for the requested user.","title":"Bad Request","status":400}],"status":0},
  "BulkOfferTagV4S2SExpected": {"status":1,"errors":[],"data":[{"tags":"default","title":"Online Shopping Offers","id":351,"seourl":"https://assetscdn1.paytm.com/images/catalog/view_item/617275/1597819294851.png&source=cashbackLanding","tagViewLayoutModel":{},"tagItemLayoutModel":{"bg_color":"#ffffff","border_color":"#AEBED5","title_text_color":"#AEBED5","subtitle_text_color":"#abbcbbd","outline_color":"#AEBED5"},"campaignDataList":[]},{"tags":"test004","title":"test004","id":352,"seourl":null,"tagViewLayoutModel":{"Set":"1"},"tagItemLayoutModel":{"Value":"2"},"campaignDataList":[{"id":94583,"event":"ACCEPT_OFFER","stageObjectMap":{"0":{"gratifications":[{}]}},"deeplink_url":"paytmmp://mobile_prepaid?url=https://catalog.paytm.com/v1/mobile/mobile-prepaid/17","offer_text_override":"Get ₹10 cashback","background_image_url":"adwa","new_offers_image_url":"https://s3-ap-southeast-1.amazonaws.com/assets.paytm.com/promotion/Rituraj/PNG+images/Mobile+Prepaid+Recharge+Offer.png","offer_keyword":"Recharge your mobile","progress_screen_cta":"Recharge Now","important_terms":"<p><span style=\"color: #FFA500;\">★</span><span style=\"color: #000000;\">This offer is applicable only when you Recharge your mobile for ₹4<p><span style=\"color: #FFA500;\">★</span><span style=\"color: #000000;\">Offer can be availed 100 times during the campaign validity<p>","surprise_text":"<p><span style=\"color: #FFA500;\">★</span><span style=\"color: #000000;\">Recharge your mobile 1st time, Get ₹10 Cashback Points<p>","tnc":"https://gateway.paytm.com/papi/v2/promocard/supercash/campaign/tnc/94583","campaign":"TEST_BULKTAG001","isDeeplink":true,"valid_upto":"2022-02-28T04:04:00.000Z","short_description":"Recharge your mobile 1 time for ₹4 within 3 days","offer_image_url":"https://s3-ap-southeast-1.amazonaws.com/assets.paytm.com/promotion/Rituraj/PNG+images/Mobile+Prepaid+Recharge+Offer.png","auto_activate":true,"show_game_progress":true,"offer_type_id":1,"background_overlay":false,"first_transaction_cta":"Do your first recharge","surprise_text_title":"Offer Details","unlock_text":"Recharge your mobile to unlock","total_txn_count":1,"collectibles":null,"campaign_detail_deeplink":"paytmmp://cash_wallet?featuretype=vip&screen=topoffer&campaignid=94583","journey_info":{"ctaText":null,"ctaDeeplink":null}}]},{"tags":"supercash_tag_001","title":"supercash tag offer check","id":356,"seourl":"https://seller-staging.paytm.com/promo/promocode","tagViewLayoutModel":{"colour":"#FFSVGWG","key1":"value1","key2":"value2"},"tagItemLayoutModel":{"key1":"value1","key2":"value2"},"campaignDataList":[]}]},
  "CampaignGamesTagOfferS2SResponse": {"data":{"supercash_game":{"offer_end_time":"","server_timestamp":"2022-01-06T09:52:19.253Z","success_txn_count":1,"game_expiry":"2022-01-06T18:29:59.000Z","opt_out_time":"","offer_status_info":"","unlock_text":"mobile recharge%s to unlock","Claim_CTA":null,"offer_expiry":"2022-01-06T18:29:59.000Z","updated_at":"2022-01-06T09:10:28.000Z","id":2105447,"current_stage":1,"total_txn_count":2,"txn_linked":null,"info":{"game_expiry_reason":"Your offer expired as you did not complete 1 out of 2 transactions.","campaign":{"short_description":"Do 2 mobile recharges of \u20b9100 or more within a day","first_transaction_cta":"Do your first recharge","background_image_url":"test","auto_activate":true,"isDeeplink":true,"stageObjectMap":{"0":{"gratifications":[{}]},"1":{"gratifications":[{}]}},"collectibles":null,"offer_text_override":"Test Mobile Recharge - Flat \u20b9110 cashback","surprise_text":"<p><span style=\"color: #FFA500;\">★<\/span><span style=\"color: #000000;\">1st mobile recharge, Get \u20b910 cashback<p><span style=\"color: #FFA500;\">★<\/span><span style=\"color: #000000;\">2nd mobile recharge, Get \u20b9100 cashback<p>","id":35197,"event":"ACCEPT_OFFER","surprise_text_title":"Offer Details","offer_keyword":"mobile recharge%s","tnc":"https://gateway.paytm.com/papi/v2/promocard/supercash/campaign/tnc/35197","show_game_progress":true,"deeplink_url":"paytmmp://mobile_prepaid?url=https://catalog.paytm.com/v1/mobile/mobile-prepaid/17","unlock_text":"mobile recharge%s to unlock","valid_upto":"2024-02-14T12:57:00.000Z","journey_info":null,"progress_screen_cta":"Recharge Now","campaign":"AUTOMATIONOFFERTAG","offer_image_url":"https://s3-ap-southeast-1.amazonaws.com/assets.paytm.com/promotion/Rituraj/PNG+images/Mobile+Prepaid+Recharge+Offer.png","new_offers_image_url":"https://s3-ap-southeast-1.amazonaws.com/assets.paytm.com/promotion/Rituraj/PNG+images/Mobile+Prepaid+Recharge+Offer.png","important_terms":"<p><span style=\"color: #FFA500;\">★<\/span><span style=\"color: #000000;\">Offer can be availed 1000 times during the campaign validity<\/span><\/p>\n\n<p><span style=\"color: #FFA500;\">★<\/span><span style=\"color: #000000;\">Minimum amount of each transaction should be \u20b9100 <\/span><\/p>\n\n<p> <\/p>\n","background_overlay":false,"offer_type_id":1,"total_txn_count":2,"campaign_detail_deeplink":"paytmmp://cash_wallet?featuretype=vip&screen=topoffer&campaignid=35197"},"transactions":[{"txn_id":"1641484107","progress_screen_construct":"1st Payment","stage_object":{"stage_txn_count":1,"stage_progress_construct":"You won \u20b910 cashback","stage_status":"COMPLETED","gratification_objects":[{"bucketName":null,"earned_text":"You won \u20b910 cashback","bonus_amount":10,"cashback_text":"You will get \u20b910 cashback","progress_text":"You Won","redemption_cta_text":null,"redemption_text":"Cashback will be credited within 24 hours to your Paytm Wallet.","redemption_status":"REDEEM_REQUESTED","redemption_cta_deeplink":null,"redemption_type_icon":"https://paytm.s3-ap-southeast-1.amazonaws.com/promo_seller_panel_uploads/production/Cashback.png","crosspromo_data":null,"frontend_redemption_type":"cashback","collectible_data":null,"redemption_type":"cashback","winnning_title":"Congratulations!","scratchCardData":null,"supercashGameData":null,"deal_data":null}],"surprise_stage":false,"stage_success_txn_count":1},"stage":0,"created_at":"2022-01-06T09:10:26.000Z","txn_amount":"2400","txn_source":"WALLET","order_id":"SM_FEAFFBA43D7F1F52","status":"SUCCESS"},{"txn_id":"","progress_screen_construct":"2nd Payment","stage_object":{"stage_txn_count":1,"stage_progress_construct":"mobile recharge%s to get \u20b9100 cashback","stage_status":"INCOMPLETE","gratification_objects":[{"bucketName":null,"earned_text":"","bonus_amount":0,"cashback_text":"You will get \u20b9100 cashback","progress_text":"You have made a progress","redemption_cta_text":null,"redemption_text":"","redemption_status":null,"redemption_cta_deeplink":null,"redemption_type_icon":"https://paytm.s3-ap-southeast-1.amazonaws.com/promo_seller_panel_uploads/production/Cashback.png","crosspromo_data":null,"frontend_redemption_type":"cashback","collectible_data":null,"redemption_type":"cashback","winnning_title":"","scratchCardData":null,"supercashGameData":null,"deal_data":null}],"surprise_stage":false,"stage_success_txn_count":0},"stage":1,"created_at":"","txn_source":"","order_id":"","status":""}],"offer_expiry_reason":""},"status":"INPROGRESS"},"campaign":null},"errors":[],"status":1},
  "CampaignNotEligibleCampaignGamesTagOfferS2SResponse": {"data":null,"errors":[{"code":null,"errorCode":"SUCASH_4008","message":"You are not eligible for this campaign. Checkout other cashback offers for you.","title":"Campaign Eligibility","status":400}],"status":0},
  "CampaignGamesV4S2SResponse":{"data":{"supercash_game":null,"campaign":{"short_description":"Do 2 mobile recharges of \u20b9100 or more within a day","first_transaction_cta":"Do your first recharge","background_image_url":"test","auto_activate":true,"isDeeplink":true,"stageObjectMap":{"0":{"gratifications":[{}]},"1":{"gratifications":[{}]}},"collectibles":null,"offer_text_override":"Test Mobile Recharge - Flat \u20b9110 cashback","surprise_text":"<p><span style=\"color: #FFA500;\">★<\/span><span style=\"color: #000000;\">1st mobile recharge, Get \u20b910 cashback<p><span style=\"color: #FFA500;\">★<\/span><span style=\"color: #000000;\">2nd mobile recharge, Get \u20b9100 cashback<p>","id":35197,"event":"ACCEPT_OFFER","surprise_text_title":"Offer Details","offer_keyword":"mobile recharge%s","tnc":"https://gateway.paytm.com/papi/v2/promocard/supercash/campaign/tnc/35197","show_game_progress":true,"deeplink_url":"paytmmp://mobile_prepaid?url=https://catalog.paytm.com/v1/mobile/mobile-prepaid/17","unlock_text":"mobile recharge%s to unlock","valid_upto":"2024-02-14T12:57:00.000Z","journey_info":null,"progress_screen_cta":"Recharge Now","campaign":"AUTOMATIONOFFERTAG","offer_image_url":"https://s3-ap-southeast-1.amazonaws.com/assets.paytm.com/promotion/Rituraj/PNG+images/Mobile+Prepaid+Recharge+Offer.png","new_offers_image_url":"https://s3-ap-southeast-1.amazonaws.com/assets.paytm.com/promotion/Rituraj/PNG+images/Mobile+Prepaid+Recharge+Offer.png","important_terms":"<p><span style=\"color: #FFA500;\">★<\/span><span style=\"color: #000000;\">Offer can be availed 1000 times during the campaign validity<\/span><\/p>\n\n<p><span style=\"color: #FFA500;\">★<\/span><span style=\"color: #000000;\">Minimum amount of each transaction should be \u20b9100 <\/span><\/p>\n\n<p> <\/p>\n","background_overlay":false,"offer_type_id":1,"total_txn_count":2,"campaign_detail_deeplink":"paytmmp://cash_wallet?featuretype=vip&screen=topoffer&campaignid=35197"}},"errors":[],"status":1},
  "campaignGameV4S2SApiWithDifferentCampaignIdAndUserId": {"data":null,"errors":[{"code":null,"errorCode":"SUCASH_4008","message":"You are not eligible for this campaign. Checkout other cashback offers for you.","title":"Campaign Eligibility","status":404}],"status":0},
  "campaignGameV4S2SNoGame": {
    "status": 1,
    "errors": [],
    "data": {
      "campaign": {
        "id": 35197,
        "event": "ACCEPT_OFFER",
        "stageObjectMap": {
          "0": {
            "gratifications": [
              {}
            ]
          },
          "1": {
            "gratifications": [
              {}
            ]
          }
        },
        "deeplink_url": "paytmmp://mobile_prepaid?url=https://catalog.paytm.com/v1/mobile/mobile-prepaid/17",
        "offer_text_override": "Test Mobile Recharge - Flat ₹110 cashback",
        "background_image_url": "test",
        "new_offers_image_url": "https://s3-ap-southeast-1.amazonaws.com/assets.paytm.com/promotion/Rituraj/PNG+images/Mobile+Prepaid+Recharge+Offer.png",
        "offer_keyword": "mobile recharge%s",
        "progress_screen_cta": "Recharge Now",
        "important_terms": "<p><span style=\"color: #FFA500;\">★</span><span style=\"color: #000000;\">Offer can be availed 1000 times during the campaign validity</span></p>\n\n<p><span style=\"color: #FFA500;\">★</span><span style=\"color: #000000;\">Minimum amount of each transaction should be ₹100 </span></p>\n\n<p> </p>\n",
        "surprise_text": "<p><span style=\"color: #FFA500;\">★</span><span style=\"color: #000000;\">1st mobile recharge, Get ₹10 cashback<p><span style=\"color: #FFA500;\">★</span><span style=\"color: #000000;\">2nd mobile recharge, Get ₹100 cashback<p>",
        "tnc": "https://gateway.paytm.com/papi/v2/promocard/supercash/campaign/tnc/35197",
        "campaign": "AUTOMATIONOFFERTAG",
        "isDeeplink": true,
        "valid_upto": "2024-02-14T12:57:00.000Z",
        "short_description": "Do 2 mobile recharges of ₹100 or more within a day",
        "offer_image_url": "https://s3-ap-southeast-1.amazonaws.com/assets.paytm.com/promotion/Rituraj/PNG+images/Mobile+Prepaid+Recharge+Offer.png",
        "auto_activate": true,
        "show_game_progress": true,
        "offer_type_id": 1,
        "background_overlay": false,
        "first_transaction_cta": "Do your first recharge",
        "surprise_text_title": "Offer Details",
        "unlock_text": "mobile recharge%s to unlock",
        "total_txn_count": 2,
        "collectibles": null,
        "campaign_detail_deeplink": "paytmmp://cash_wallet?featuretype=vip&screen=topoffer&campaignid=35197",
        "journey_info": null
      },
      "supercash_game": null
    }
  }
}
