[
  {
    "testCaseName": "Supercash campaign details using V1 API",
    "expectedResponse": {
      "is_next": false,
      "campaigns": [
        {
          "auto_activate": false,
          "isDeeplink": false,
          "third_party_id": -1,
          "off_us_transaction_text": "test",
          "max_offer_allowed": "1000",
          "stage_txn_count": "3",
          "progress_screen_construct": "test",
          "promoMerchantAssociation": {

          },
          "action": {
            "isAllRandomAction": false,
            "global": {
              "data": [

              ]
            },
            "states": {
              "0": {
                "data": [
                  {
                    "name": "action-select",
                    "fields": [
                      {
                        "name": "type",
                        "value": "absolute"
                      },
                      {
                        "name": "value",
                        "value": "10"
                      },
                      {
                        "name": "cap",
                        "value": "10"
                      },
                      {
                        "name": "non_kyc_cashback_mode",
                        "value": "goldback"
                      },
                      {
                        "name": "cashback_text",
                        "value": "cashback text"
                      },
                      {
                        "name": "earned_text",
                        "value": "earned text"
                      }
                    ],
                    "value": "giveSuperCash",
                    "surprise_stage": false
                  }
                ]
              },
              "1": {
                "data": [
                  {
                    "name": "action-select",
                    "fields": [
                      {
                        "name": "type",
                        "value": "absolute"
                      },
                      {
                        "name": "value",
                        "value": "20"
                      },
                      {
                        "name": "cap",
                        "value": "20"
                      },
                      {
                        "name": "non_kyc_cashback_mode",
                        "value": "goldback"
                      },
                      {
                        "name": "cashback_text",
                        "value": "cashback text"
                      },
                      {
                        "name": "earned_text",
                        "value": "earned text"
                      }
                    ],
                    "value": "giveSuperCash",
                    "surprise_stage": false
                  }
                ]
              }
            }
          },
          "redemption_type": "cashback",
          "id": "27421",
          "info": {
            "background_image_url": "test",
            "auto_activate": false,
            "isDeeplink": false,
            "game_expiry_amount": "0",
            "offer_keyword": "test",
            "game_expiry": "1",
            "title": "test",
            "off_us_transaction_text": "test",
            "display_tags": [

            ],
            "offer_text_override": "test",
            "cashback_process_delay_unit": "1440",
            "offer_expiry": "1",
            "progress_screen_construct": "test",
            "offer_expiry_amount": "0",
            "progress_screen_cta": "test",
            "cashback_process_delay": "1",
            "supercash_stages": {
              "0": {
                "event": "ACCEPT_OFFER"
              },
              "1": {

              }
            },
            "time_unit": "1440",
            "offer_image_url": "test",
            "important_terms": "test",
            "new_offers_image_url": "test",
            "offer_type_id": "13",
            "offer_expiry_time_unit": "1440"
          },
          "redemption_type_flat_percent": "flat",
          "tnc": "https://paytmmall.com/papi/v1/promocard/promo-supercash/campaign/tnc/27421",
          "offer_keyword": "test",
          "bonus_amount": "20",
          "promocode": "",
          "deeplink_url": "",
          "offer_expiry": 1440,
          "condition": "{\"global\":{\"data\":{\"all\":[{\"name\":\"WALLET_payeeId\",\"operator\":\"isOneOf\",\"value\":[\"296698255\"],\"error\":\"\",\"meta\":\"\"},{\"name\":\"WALLET_transactionType\",\"operator\":\"isOneOf\",\"value\":[\"P2M\"],\"error\":\"\",\"meta\":\"\"},{\"name\":\"WALLET_orderAmount\",\"operator\":\"greaterThan\",\"value\":\"2\",\"error\":\"\",\"meta\":\"\"},{\"name\":\"offers_per_user\",\"operator\":\"lessThanEqual\",\"value\":\"1000\",\"error\":\"\",\"meta\":\"\"}]}},\"states\":{\"0\":{\"data\":{\"all\":[{\"name\":\"transactionCount\",\"operator\":\"equalTo\",\"value\":\"1\",\"error\":\"\",\"meta\":\"\"}]}},\"1\":{\"data\":{\"all\":[{\"name\":\"transactionCount\",\"operator\":\"equalTo\",\"value\":\"3\",\"error\":\"\",\"meta\":\"\"}]}}}}",
          "offer_expiry_amount": "0",
          "progress_screen_cta": "test",
          "offer_type_text": "General Offer",
          "campaign": "TEST_AUTO_SUPERCASH_WALLET",
          "new_offers_image_url": "test",
          "important_terms": "test",
          "offer_type_id": 13,
          "short_description": "offer updated (test-2)",
          "background_image_url": "test",
          "max_cashback_value_initial_stage": "10",
          "offerPerUserPerMonthCondition": {

          },
          "description": "offer",
          "initial_amount": "10",
          "game_expiry": 1440,
          "title": "test",
          "offer_text_override": "test",
          "surprise_text": "",
          "percent_redemption": "20",
          "cashback_process_delay": 1,
          "allowed_merchants": null,
          "offerMerchantCondition": {

          },
          "game_expiry_amount": "0",
          "max_cashback_value_bonus_stage": "20",
          "cashback_process_delay_unit": 1440,
          "merchantPerCampaignCondition": {

          },
          "valid_upto": "2020-08-31T07:06:00.000Z",
          "stages": {
            "0": {
              "event": "ACCEPT_OFFER"
            },
            "1": {

            }
          },
          "offer_image_url": "test",
          "total_txn_count": "3"
        }
      ]
    },
    "userId": "4710244723435",
    "campaignId": "27421"
  },
  {
    "testCaseName": "Supercash campaign details using V1 API for user not eligible for campaign",
    "expectedResponse": {
      "error": "You are not eligible for this campaign. Checkout other cashback offers for you.",
      "status": {
        "result": "failure",
        "message": {
          "title": "Campaign Eligibility",
          "message": "You are not eligible for this campaign. Checkout other cashback offers for you."
        }
      },
      "code": 404,
      "errorCode": "PROMO_SUPERCASH_4045"
    },
    "userId": "4710244723435",
    "campaignId": "1"
  },
  {
    "testCaseName": "Supercash campaign details using V1 API for user value as string and campaign id as -1",
    "expectedResponse": {
      "error": "You are not eligible for this campaign. Checkout other cashback offers for you.",
      "status": {
        "result": "failure",
        "message": {
          "title": "Campaign Eligibility",
          "message": "You are not eligible for this campaign. Checkout other cashback offers for you."
        }
      },
      "code": 404,
      "errorCode": "PROMO_SUPERCASH_4045"
    },
    "userId": "test",
    "campaignId": "-1"
  }
]