{
  "Request_Response": [
    {
      "TestCaseName": "V1 supercash select offer api valid request",
      "Request": {
        "campaign_id": 27410,
        "action": "ACCEPT_OFFER"
      },
      "Response": {
        "promocode": "",
        "id": "76248",
        "campaign_id": 27410,
        "stage": 0,
        "stage_txn_count": 2,
        "bonus_amount": 10,
        "created_at": "2019-02-28T11:56:34.035Z",
        "initial_amount": 10,
        "max_cashback_value_initial_stage": "5",
        "max_cashback_value_bonus_stage": "10",
        "redemption_type_flat_percent": "flat",
        "percent_redemption": "10",
        "offer_expiry_amount": 20,
        "game_expiry_amount": 10,
        "total_txn_count": 0,
        "redemption_status": "NOT_REDEEMED",
        "status": "INPROGRESS",
        "offer_expiry": "2019-02-28T11:56:37.000Z",
        "game_expiry": "2019-02-28T11:56:37.000Z",
        "info": {
          "transactions": [],
          "campaign": {
            "promoAssociation": {
              "previousMapped": false
            },
            "offerUserCondition": {
              "condition": true,
              "value": "4000",
              "operator": "lessThanEqual",
              "actualValue": 0
            },
            "id": 27410,
            "valid_upto": "2021-05-31T07:06:00.000Z",
            "campaign": "RISHI_supercashback",
            "description": "offer",
            "redemption_type": "cashback",
            "tnc": "https://paytmmall.com/papi/v1/promocard/promo-supercash/campaign/tnc/27410",
            "initial_amount": "5",
            "bonus_amount": "10",
            "title": "offer",
            "isDeeplink": false,
            "deeplink_url": "",
            "short_description": "offer",
            "stage_txn_count": 2,
            "total_txn_count": 2,
            "game_expiry": 0.05,
            "offer_expiry": 0.05,
            "offer_type_id": 5,
            "offer_type_text": "UPI Offer",
            "offer_image_url": "ss",
            "offer_text_override": "ss",
            "offer_expiry_amount": "20",
            "background_image_url": "test",
            "off_us_transaction_text": "sss",
            "new_offers_image_url": "jnk",
            "game_expiry_amount": "10",
            "auto_activate": false,
            "max_offer_allowed": "4000",
            "progress_screen_cta": "dd",
            "offer_keyword": "ddd",
            "third_party_id": -1,
            "max_cashback_value_initial_stage": "5",
            "max_cashback_value_bonus_stage": "10",
            "redemption_type_flat_percent": "flat",
            "percent_redemption": "10",
            "progress_screen_construct": "test",
            "cashback_process_delay": 0,
            "cashback_process_delay_unit": 0,
            "important_terms": "test",
            "action": {
              "global": {
                "data": []
              },
              "states": {
                "0": {
                  "data": [
                    {
                      "name": "action-select",
                      "value": "giveSuperCash",
                      "fields": [
                        {
                          "name": "type",
                          "value": "absolute"
                        },
                        {
                          "name": "value",
                          "value": "5"
                        },
                        {
                          "name": "cap",
                          "value": "5"
                        },
                        {
                          "name": "non_kyc_cashback_mode",
                          "value": "goldback"
                        }
                      ]
                    }
                  ]
                },
                "1": {
                  "data": [
                    {
                      "name": "action-select",
                      "value": "giveSuperCash",
                      "fields": [
                        {
                          "name": "type",
                          "value": "absolute"
                        },
                        {
                          "name": "value",
                          "value": "10"
                        },
                        {
                          "name": "cap",
                          "value": "10"
                        },
                        {
                          "name": "non_kyc_cashback_mode",
                          "value": "goldback"
                        }
                      ]
                    }
                  ]
                }
              }
            },
            "promocode": "RISHI_supercashback",
            "condition": "{\"global\":{\"data\":{\"all\":[{\"name\":\"PG_merchantIds\",\"operator\":\"isOneOf\",\"value\":[\"1111\",\"2222\"],\"error\":\"\",\"meta\":\"\"},{\"name\":\"offers_per_user\",\"operator\":\"lessThanEqual\",\"value\":\"4000\",\"error\":\"\",\"meta\":\"\"},{\"name\":\"amount\",\"operator\":\"greaterThan\",\"value\":\"1\",\"error\":\"\",\"meta\":\"\"}]}},\"states\":{\"0\":{\"data\":{\"all\":[{\"name\":\"transactionCount\",\"operator\":\"equalTo\",\"value\":\"1\",\"error\":\"\",\"meta\":\"\"}]}},\"1\":{\"data\":{\"all\":[{\"name\":\"transactionCount\",\"operator\":\"equalTo\",\"value\":\"2\",\"error\":\"\",\"meta\":\"\"}]}}}}",
            "info": {
              "title": "offer",
              "display_tags": [],
              "isDeeplink": false,
              "off_us_transaction_text": "sss",
              "offer_expiry_amount": "20",
              "game_expiry_amount": "10",
              "offer_text_override": "ss",
              "offer_type_id": "5",
              "offer_image_url": "ss",
              "game_expiry": "0.05",
              "time_unit": "1",
              "offer_expiry": "0.05",
              "offer_expiry_time_unit": "1",
              "progress_screen_cta": "dd",
              "offer_keyword": "ddd",
              "background_image_url ": "ss",
              "new_offers_image_url": "jnk",
              "important_terms": "test",
              "background_image_url": "test",
              "progress_screen_construct": "test",
              "auto_activate": false
            },
            "stages": {
              "0": {
                "event": "REJECT_OFFER",
                "surprise_stage": "false"
              },
              "1": {
                "surprise_stage": "false"
              }
            },
            "surprise_text": "",
            "offerPerUserPerMonthCondition": {}
          }
        },
        "acknowledged_at": "2019-02-28T11:56:34.035Z",
        "server_timestamp": "2019-02-28T11:56:34.041Z"
      }
    },
    {
      "TestCaseName": "V1 supercash select offer api  Reject offer case",
      "Request": {
        "campaign_id": 27410,
        "action": "REJECT_OFFER"
      },
      "Response": {
        "promocode": "",
        "id": "76252",
        "campaign_id": 27410,
        "stage": 0,
        "stage_txn_count": 2,
        "bonus_amount": 10,
        "created_at": "2019-02-28T12:01:44.793Z",
        "initial_amount": 10,
        "max_cashback_value_initial_stage": "5",
        "max_cashback_value_bonus_stage": "10",
        "redemption_type_flat_percent": "flat",
        "percent_redemption": "10",
        "offer_expiry_amount": 20,
        "game_expiry_amount": 10,
        "total_txn_count": 0,
        "redemption_status": "NOT_REDEEMED",
        "status": "INPROGRESS",
        "offer_expiry": "2019-02-28T12:01:47.000Z",
        "game_expiry": "2019-02-28T12:01:47.000Z",
        "info": {
          "transactions": [],
          "campaign": {
            "promoAssociation": {
              "previousMapped": false
            },
            "offerUserCondition": {
              "condition": true,
              "value": "4000",
              "operator": "lessThanEqual",
              "actualValue": 0
            },
            "id": 27410,
            "valid_upto": "2021-05-31T07:06:00.000Z",
            "campaign": "RISHI_supercashback",
            "description": "offer",
            "redemption_type": "cashback",
            "tnc": "https://paytmmall.com/papi/v1/promocard/promo-supercash/campaign/tnc/27410",
            "initial_amount": "5",
            "bonus_amount": "10",
            "title": "offer",
            "isDeeplink": false,
            "deeplink_url": "",
            "short_description": "offer",
            "stage_txn_count": 2,
            "total_txn_count": 2,
            "game_expiry": 0.05,
            "offer_expiry": 0.05,
            "offer_type_id": 5,
            "offer_type_text": "UPI Offer",
            "offer_image_url": "ss",
            "offer_text_override": "ss",
            "offer_expiry_amount": "20",
            "background_image_url": "test",
            "off_us_transaction_text": "sss",
            "new_offers_image_url": "jnk",
            "game_expiry_amount": "10",
            "auto_activate": false,
            "max_offer_allowed": "4000",
            "progress_screen_cta": "dd",
            "offer_keyword": "ddd",
            "third_party_id": -1,
            "max_cashback_value_initial_stage": "5",
            "max_cashback_value_bonus_stage": "10",
            "redemption_type_flat_percent": "flat",
            "percent_redemption": "10",
            "progress_screen_construct": "test",
            "cashback_process_delay": 0,
            "cashback_process_delay_unit": 0,
            "important_terms": "test",
            "action": {
              "global": {
                "data": []
              },
              "states": {
                "0": {
                  "data": [
                    {
                      "name": "action-select",
                      "value": "giveSuperCash",
                      "fields": [
                        {
                          "name": "type",
                          "value": "absolute"
                        },
                        {
                          "name": "value",
                          "value": "5"
                        },
                        {
                          "name": "cap",
                          "value": "5"
                        },
                        {
                          "name": "non_kyc_cashback_mode",
                          "value": "goldback"
                        }
                      ]
                    }
                  ]
                },
                "1": {
                  "data": [
                    {
                      "name": "action-select",
                      "value": "giveSuperCash",
                      "fields": [
                        {
                          "name": "type",
                          "value": "absolute"
                        },
                        {
                          "name": "value",
                          "value": "10"
                        },
                        {
                          "name": "cap",
                          "value": "10"
                        },
                        {
                          "name": "non_kyc_cashback_mode",
                          "value": "goldback"
                        }
                      ]
                    }
                  ]
                }
              }
            },
            "promocode": "RISHI_supercashback",
            "surprise_text": "",
            "info": {
              "background_image_url": "test",
              "auto_activate": false,
              "isDeeplink": false,
              "game_expiry_amount": "10",
              "offer_keyword": "ddd",
              "game_expiry": "0.05",
              "title": "offer",
              "off_us_transaction_text": "sss",
              "display_tags": [],
              "offer_text_override": "ss",
              "offer_expiry": "0.05",
              "progress_screen_construct": "test",
              "offer_expiry_amount": "20",
              "progress_screen_cta": "dd",
              "time_unit": "1",
              "offer_image_url": "ss",
              "background_image_url ": "ss",
              "new_offers_image_url": "jnk",
              "important_terms": "test",
              "offer_type_id": "5",
              "offer_expiry_time_unit": "1"
            },
            "condition": "{\"global\":{\"data\":{\"all\":[{\"name\":\"PG_merchantIds\",\"operator\":\"isOneOf\",\"value\":[\"1111\",\"2222\"],\"error\":\"\",\"meta\":\"\"},{\"name\":\"offers_per_user\",\"operator\":\"lessThanEqual\",\"value\":\"4000\",\"error\":\"\",\"meta\":\"\"},{\"name\":\"amount\",\"operator\":\"greaterThan\",\"value\":\"1\",\"error\":\"\",\"meta\":\"\"}]}},\"states\":{\"0\":{\"data\":{\"all\":[{\"name\":\"transactionCount\",\"operator\":\"equalTo\",\"value\":\"1\",\"error\":\"\",\"meta\":\"\"}]}},\"1\":{\"data\":{\"all\":[{\"name\":\"transactionCount\",\"operator\":\"equalTo\",\"value\":\"2\",\"error\":\"\",\"meta\":\"\"}]}}}}",
            "stages": {
              "0": {
                "event": "REJECT_OFFER",
                "surprise_stage": "false"
              },
              "1": {
                "surprise_stage": "false"
              }
            },
            "offerPerUserPerMonthCondition": {}
          }
        },
        "acknowledged_at": "2019-02-28T12:01:44.793Z",
        "server_timestamp": "2019-02-28T12:01:44.796Z"
      }
    },
    {
      "TestCaseName": "V1 supercash select offer api campaign id missing",
      "Request": {
        "action": "ACCEPT_OFFER"
      },
      "Response": {
        "error": "Missing campaign id for activating offer",
        "status": {
          "result": "failure",
          "message": {
            "title": "Missing campaign id for activating offer",
            "message": "Missing campaign id for activating offer"
          }
        },
        "code": 400,
        "errorCode": "SCB_GE_4003"
      }
    }
  ]
}