[
  {
    "testCaseName": "Supercash completed game details using V1 API",
    "expectedResponse": {
      "server_timestamp": "2019-02-27T12:40:36.543Z",
      "game_expiry_amount": 10,
      "created_at": "2018-09-03T07:55:03.000Z",
      "promocode": "",
      "bonus_amount": 8,
      "remark": null,
      "initial_amount": 0,
      "game_expiry": "2018-09-05T07:55:03.000Z",
      "offer_expiry": "2018-09-04T07:55:03.000Z",
      "stage_txn_count": 2,
      "redemption_status": "REDEEM_REQUESTED",
      "response_string": "Cashback will be credited to your account by undefined in a few days",
      "stage": 1,
      "updated_at": "2018-12-18T06:26:52.000Z",
      "offer_expiry_amount": 20,
      "redemption_type": "cashback",
      "id": "3768",
      "total_txn_count": 2,
      "campaign_id": 27477,
      "status": "COMPLETED",
      "info": {
        "cb_earned_at": "2018-09-03T07:55:39.872Z",
        "campaign": {
          "promoAssociation": {

          },
          "short_description": "offer",
          "background_image_url": "test",
          "auto_activate": false,
          "max_cashback_value_initial_stage": "10",
          "isDeeplink": false,
          "offerPerUserPerMonthCondition": {

          },
          "description": "offer",
          "initial_amount": "10",
          "game_expiry": 2880,
          "third_party_id": -1,
          "title": "offer",
          "off_us_transaction_text": "sss",
          "max_offer_allowed": "4000",
          "offer_text_override": "ss",
          "stage_txn_count": 2,
          "progress_screen_construct": "test",
          "surprise_text": "",
          "percent_redemption": "20",
          "cashback_process_delay": 0,
          "action": {
            "global": {
              "data": [

              ]
            },
            "states": {
              "0": {
                "data": [
                  {
                    "name": "action-select",
                    "fields": [
                      {
                        "name": "type",
                        "value": "percentage"
                      },
                      {
                        "name": "value",
                        "value": "10"
                      },
                      {
                        "name": "cap",
                        "value": "10"
                      },
                      {
                        "name": "non_kyc_cashback_mode",
                        "value": "goldback"
                      },
                      {
                        "name": "cashback_text",
                        "value": "test"
                      },
                      {
                        "name": "earned_text",
                        "value": "test"
                      }
                    ],
                    "value": "giveSuperCash"
                  }
                ]
              },
              "1": {
                "data": [
                  {
                    "name": "action-select",
                    "fields": [
                      {
                        "name": "type",
                        "value": "percentage"
                      },
                      {
                        "name": "value",
                        "value": "20"
                      },
                      {
                        "name": "cap",
                        "value": "100"
                      },
                      {
                        "name": "non_kyc_cashback_mode",
                        "value": "goldback"
                      },
                      {
                        "name": "cashback_text",
                        "value": "test"
                      },
                      {
                        "name": "earned_text",
                        "value": "test"
                      }
                    ],
                    "value": "giveSuperCash"
                  }
                ]
              }
            }
          },
          "redemption_type": "cashback",
          "id": 27477,
          "info": {
            "background_image_url": "test",
            "auto_activate": false,
            "isDeeplink": false,
            "game_expiry_amount": "10",
            "offer_keyword": "ddd",
            "game_expiry": "2",
            "title": "offer",
            "off_us_transaction_text": "sss",
            "display_tags": [

            ],
            "offer_text_override": "ss",
            "offer_expiry": "1",
            "progress_screen_construct": "test",
            "offer_expiry_amount": "20",
            "progress_screen_cta": "dd",
            "supercash_stages": {
              "0": {
                "event": "ACCEPT_OFFER",
                "surprise_stage": "false"
              },
              "1": {
                "surprise_stage": "false"
              }
            },
            "time_unit": "1440",
            "offer_image_url": "ss",
            "background_image_url ": "ss",
            "new_offers_image_url": "jnk",
            "important_terms": "test",
            "offer_type_id": "5",
            "offer_expiry_time_unit": "1440"
          },
          "redemption_type_flat_percent": "percentage",
          "tnc": "https://paytmmall.com/papi/v1/promocard/promo-supercash/campaign/tnc/27477",
          "game_expiry_amount": "10",
          "offer_keyword": "ddd",
          "bonus_amount": "100",
          "deeplink_url": "",
          "offerUserCondition": {
            "condition": true,
            "actualValue": 0,
            "value": "4000",
            "operator": "lessThanEqual"
          },
          "max_cashback_value_bonus_stage": "100",
          "cashback_process_delay_unit": 0,
          "offer_expiry": 1440,
          "condition": "{\"global\":{\"data\":{\"all\":[{\"name\":\"PG_merchantIds\",\"operator\":\"isOneOf\",\"value\":[\"55555\"],\"error\":\"\",\"meta\":\"\"},{\"name\":\"offers_per_user\",\"operator\":\"lessThanEqual\",\"value\":\"4000\",\"error\":\"\",\"meta\":\"\"},{\"any\":[{\"name\":\"user_id\",\"operator\":\"present\",\"value\":\"4\",\"error\":\"\",\"meta\":\"\"}]}]}},\"states\":{\"0\":{\"data\":{\"all\":[{\"name\":\"transactionCount\",\"operator\":\"equalTo\",\"value\":\"1\",\"error\":\"\",\"meta\":\"\"}]}},\"1\":{\"data\":{\"all\":[{\"name\":\"transactionCount\",\"operator\":\"equalTo\",\"value\":\"2\",\"error\":\"\",\"meta\":\"\"}]}}}}",
          "valid_upto": "2021-05-31T07:06:00.000Z",
          "offer_expiry_amount": "20",
          "progress_screen_cta": "dd",
          "offer_type_text": "UPI Offer",
          "stages": {
            "0": {
              "event": "ACCEPT_OFFER",
              "surprise_stage": "false"
            },
            "1": {
              "surprise_stage": "false"
            }
          },
          "campaign": "RISHI_supercashback_percent1",
          "offer_image_url": "ss",
          "new_offers_image_url": "jnk",
          "important_terms": "test",
          "total_txn_count": 2,
          "offer_type_id": 5
        },
        "transactions": [
          {
            "txn_id": "5468223123832",
            "txn_type": "P2P",
            "created_at": "2011-07-06T10:01:57.000Z",
            "txn_amount": 21,
            "txn_source": "PGP",
            "order_id": "5515431212"
          },
          {
            "txn_id": "5468223123833",
            "txn_type": "P2P",
            "created_at": "2011-07-06T10:01:57.000Z",
            "txn_amount": 20,
            "txn_source": "PGP",
            "order_id": "5515431212"
          }
        ]
      }
    },
    "gameId": "3768",
    "userId": "471024472343"
  },
  {
    "testCaseName": "Supercash Initialized game details using V1 API",
    "expectedResponse": {
      "server_timestamp": "2019-02-27T13:11:30.125Z",
      "game_expiry_amount": 10,
      "created_at": "2018-09-03T07:55:03.000Z",
      "promocode": "",
      "bonus_amount": 8,
      "remark": null,
      "initial_amount": 0,
      "game_expiry": "2018-09-05T07:55:03.000Z",
      "offer_expiry": "2018-09-04T07:55:03.000Z",
      "stage_txn_count": 2,
      "redemption_status": "REDEEM_REQUESTED",
      "response_string": "Cashback will be credited to your account by undefined in a few days",
      "stage": 1,
      "updated_at": "2018-12-18T06:26:52.000Z",
      "offer_expiry_amount": 20,
      "redemption_type": "cashback",
      "id": "3768",
      "total_txn_count": 2,
      "campaign_id": 27477,
      "status": "COMPLETED",
      "info": {
        "cb_earned_at": "2018-09-03T07:55:39.872Z",
        "campaign": {
          "promoAssociation": {

          },
          "short_description": "offer",
          "background_image_url": "test",
          "auto_activate": false,
          "max_cashback_value_initial_stage": "10",
          "isDeeplink": false,
          "offerPerUserPerMonthCondition": {

          },
          "description": "offer",
          "initial_amount": "10",
          "game_expiry": 2880,
          "third_party_id": -1,
          "title": "offer",
          "off_us_transaction_text": "sss",
          "max_offer_allowed": "4000",
          "offer_text_override": "ss",
          "stage_txn_count": 2,
          "progress_screen_construct": "test",
          "surprise_text": "",
          "percent_redemption": "20",
          "cashback_process_delay": 0,
          "action": {
            "global": {
              "data": [

              ]
            },
            "states": {
              "0": {
                "data": [
                  {
                    "name": "action-select",
                    "fields": [
                      {
                        "name": "type",
                        "value": "percentage"
                      },
                      {
                        "name": "value",
                        "value": "10"
                      },
                      {
                        "name": "cap",
                        "value": "10"
                      },
                      {
                        "name": "non_kyc_cashback_mode",
                        "value": "goldback"
                      },
                      {
                        "name": "cashback_text",
                        "value": "test"
                      },
                      {
                        "name": "earned_text",
                        "value": "test"
                      }
                    ],
                    "value": "giveSuperCash"
                  }
                ]
              },
              "1": {
                "data": [
                  {
                    "name": "action-select",
                    "fields": [
                      {
                        "name": "type",
                        "value": "percentage"
                      },
                      {
                        "name": "value",
                        "value": "20"
                      },
                      {
                        "name": "cap",
                        "value": "100"
                      },
                      {
                        "name": "non_kyc_cashback_mode",
                        "value": "goldback"
                      },
                      {
                        "name": "cashback_text",
                        "value": "test"
                      },
                      {
                        "name": "earned_text",
                        "value": "test"
                      }
                    ],
                    "value": "giveSuperCash"
                  }
                ]
              }
            }
          },
          "redemption_type": "cashback",
          "id": 27477,
          "info": {
            "background_image_url": "test",
            "auto_activate": false,
            "isDeeplink": false,
            "game_expiry_amount": "10",
            "offer_keyword": "ddd",
            "game_expiry": "2",
            "title": "offer",
            "off_us_transaction_text": "sss",
            "display_tags": [

            ],
            "offer_text_override": "ss",
            "offer_expiry": "1",
            "progress_screen_construct": "test",
            "offer_expiry_amount": "20",
            "progress_screen_cta": "dd",
            "supercash_stages": {
              "0": {
                "event": "ACCEPT_OFFER",
                "surprise_stage": "false"
              },
              "1": {
                "surprise_stage": "false"
              }
            },
            "time_unit": "1440",
            "offer_image_url": "ss",
            "background_image_url ": "ss",
            "new_offers_image_url": "jnk",
            "important_terms": "test",
            "offer_type_id": "5",
            "offer_expiry_time_unit": "1440"
          },
          "redemption_type_flat_percent": "percentage",
          "tnc": "https://paytmmall.com/papi/v1/promocard/promo-supercash/campaign/tnc/27477",
          "game_expiry_amount": "10",
          "offer_keyword": "ddd",
          "bonus_amount": "100",
          "deeplink_url": "",
          "offerUserCondition": {
            "condition": true,
            "actualValue": 0,
            "value": "4000",
            "operator": "lessThanEqual"
          },
          "max_cashback_value_bonus_stage": "100",
          "cashback_process_delay_unit": 0,
          "offer_expiry": 1440,
          "condition": "{\"global\":{\"data\":{\"all\":[{\"name\":\"PG_merchantIds\",\"operator\":\"isOneOf\",\"value\":[\"55555\"],\"error\":\"\",\"meta\":\"\"},{\"name\":\"offers_per_user\",\"operator\":\"lessThanEqual\",\"value\":\"4000\",\"error\":\"\",\"meta\":\"\"},{\"any\":[{\"name\":\"user_id\",\"operator\":\"present\",\"value\":\"4\",\"error\":\"\",\"meta\":\"\"}]}]}},\"states\":{\"0\":{\"data\":{\"all\":[{\"name\":\"transactionCount\",\"operator\":\"equalTo\",\"value\":\"1\",\"error\":\"\",\"meta\":\"\"}]}},\"1\":{\"data\":{\"all\":[{\"name\":\"transactionCount\",\"operator\":\"equalTo\",\"value\":\"2\",\"error\":\"\",\"meta\":\"\"}]}}}}",
          "valid_upto": "2021-05-31T07:06:00.000Z",
          "offer_expiry_amount": "20",
          "progress_screen_cta": "dd",
          "offer_type_text": "UPI Offer",
          "stages": {
            "0": {
              "event": "ACCEPT_OFFER",
              "surprise_stage": "false"
            },
            "1": {
              "surprise_stage": "false"
            }
          },
          "campaign": "RISHI_supercashback_percent1",
          "offer_image_url": "ss",
          "new_offers_image_url": "jnk",
          "important_terms": "test",
          "total_txn_count": 2,
          "offer_type_id": 5
        },
        "transactions": [
          {
            "txn_id": "5468223123832",
            "txn_type": "P2P",
            "created_at": "2011-07-06T10:01:57.000Z",
            "txn_amount": 21,
            "txn_source": "PGP",
            "order_id": "5515431212"
          },
          {
            "txn_id": "5468223123833",
            "txn_type": "P2P",
            "created_at": "2011-07-06T10:01:57.000Z",
            "txn_amount": 20,
            "txn_source": "PGP",
            "order_id": "5515431212"
          }
        ]
      }
    },
    "gameId": "3768",
    "userId": "471024472343"
  },
  {
    "testCaseName": "Supercash Inprogress game details using V1 API",
    "expectedResponse": {
      "server_timestamp": "2019-02-27T13:12:44.192Z",
      "game_expiry_amount": 10,
      "created_at": "2018-08-31T09:24:49.000Z",
      "promocode": "",
      "bonus_amount": 10,
      "remark": "s",
      "initial_amount": 5,
      "game_expiry": "2018-08-31T09:26:49.000Z",
      "offer_expiry": "2018-08-31T09:25:49.000Z",
      "stage_txn_count": 2,
      "redemption_status": "NOT_REDEEMED",
      "response_string": "Cashback will be credited to your account by undefined in a few days",
      "stage": 1,
      "updated_at": "2019-01-04T05:17:52.000Z",
      "offer_expiry_amount": 20,
      "redemption_type": "cashback",
      "id": "3649",
      "total_txn_count": 1,
      "campaign_id": 27410,
      "status": "GAME_EXPIRED",
      "info": {
        "campaign": {
          "promoAssociation": {

          },
          "short_description": "offer",
          "background_image_url": "test",
          "auto_activate": false,
          "max_cashback_value_initial_stage": "5",
          "isDeeplink": false,
          "offerPerUserPerMonthCondition": {

          },
          "description": "offer",
          "initial_amount": "5",
          "game_expiry": 0.05,
          "third_party_id": -1,
          "title": "offer",
          "off_us_transaction_text": "sss",
          "max_offer_allowed": "4000",
          "offer_text_override": "ss",
          "stage_txn_count": 2,
          "progress_screen_construct": "test",
          "surprise_text": "",
          "percent_redemption": "10",
          "cashback_process_delay": 0,
          "action": {
            "global": {
              "data": [

              ]
            },
            "states": {
              "0": {
                "data": [
                  {
                    "name": "action-select",
                    "fields": [
                      {
                        "name": "type",
                        "value": "absolute"
                      },
                      {
                        "name": "value",
                        "value": "5"
                      },
                      {
                        "name": "cap",
                        "value": "5"
                      },
                      {
                        "name": "non_kyc_cashback_mode",
                        "value": "goldback"
                      }
                    ],
                    "value": "giveSuperCash"
                  }
                ]
              },
              "1": {
                "data": [
                  {
                    "name": "action-select",
                    "fields": [
                      {
                        "name": "type",
                        "value": "absolute"
                      },
                      {
                        "name": "value",
                        "value": "10"
                      },
                      {
                        "name": "cap",
                        "value": "10"
                      },
                      {
                        "name": "non_kyc_cashback_mode",
                        "value": "goldback"
                      }
                    ],
                    "value": "giveSuperCash"
                  }
                ]
              }
            }
          },
          "redemption_type": "cashback",
          "id": 27410,
          "info": {
            "background_image_url": "test",
            "auto_activate": false,
            "isDeeplink": false,
            "game_expiry_amount": "10",
            "offer_keyword": "ddd",
            "game_expiry": "0.05",
            "title": "offer",
            "off_us_transaction_text": "sss",
            "display_tags": [

            ],
            "offer_text_override": "ss",
            "offer_expiry": "0.05",
            "progress_screen_construct": "test",
            "offer_expiry_amount": "20",
            "progress_screen_cta": "dd",
            "time_unit": "1",
            "offer_image_url": "ss",
            "background_image_url ": "ss",
            "new_offers_image_url": "jnk",
            "important_terms": "test",
            "offer_type_id": "5",
            "offer_expiry_time_unit": "1"
          },
          "redemption_type_flat_percent": "flat",
          "tnc": "https://paytmmall.com/papi/v1/promocard/promo-supercash/campaign/tnc/27410",
          "game_expiry_amount": "10",
          "offer_keyword": "ddd",
          "bonus_amount": "10",
          "deeplink_url": "",
          "offerUserCondition": {
            "condition": true,
            "actualValue": 0,
            "value": "4000",
            "operator": "lessThanEqual"
          },
          "max_cashback_value_bonus_stage": "10",
          "cashback_process_delay_unit": 0,
          "offer_expiry": 0.05,
          "condition": "{\"global\":{\"data\":{\"all\":[{\"name\":\"PG_merchantIds\",\"operator\":\"isOneOf\",\"value\":[\"1111\",\"2222\"],\"error\":\"\",\"meta\":\"\"},{\"name\":\"offers_per_user\",\"operator\":\"lessThanEqual\",\"value\":\"4000\",\"error\":\"\",\"meta\":\"\"},{\"name\":\"amount\",\"operator\":\"greaterThan\",\"value\":\"1\",\"error\":\"\",\"meta\":\"\"}]}},\"states\":{\"0\":{\"data\":{\"all\":[{\"name\":\"transactionCount\",\"operator\":\"equalTo\",\"value\":\"1\",\"error\":\"\",\"meta\":\"\"}]}},\"1\":{\"data\":{\"all\":[{\"name\":\"transactionCount\",\"operator\":\"equalTo\",\"value\":\"2\",\"error\":\"\",\"meta\":\"\"}]}}}}",
          "valid_upto": "2021-05-31T07:06:00.000Z",
          "offer_expiry_amount": "20",
          "progress_screen_cta": "dd",
          "offer_type_text": "UPI Offer",
          "stages": {

          },
          "campaign": "RISHI_supercashback",
          "offer_image_url": "ss",
          "new_offers_image_url": "jnk",
          "important_terms": "test",
          "total_txn_count": 2,
          "offer_type_id": 5
        },
        "transactions": [
          {
            "txn_id": "153570748966584.84817204291",
            "txn_type": "P2P",
            "created_at": "2011-07-06T10:01:57.000Z",
            "txn_amount": 20,
            "txn_source": "PGP",
            "order_id": "5515431212"
          }
        ]
      }
    },
    "gameId": "3649",
    "userId": "4710244723434"
  },
  {
    "testCaseName": "Supercash GameExpired game details using V1 API",
    "expectedResponse": {
      "server_timestamp": "2019-02-27T13:12:44.689Z",
      "game_expiry_amount": 10,
      "created_at": "2018-09-03T07:54:30.000Z",
      "promocode": "",
      "bonus_amount": 10,
      "remark": "s",
      "initial_amount": 5,
      "game_expiry": "2018-09-03T07:56:30.000Z",
      "offer_expiry": "2018-09-03T07:55:30.000Z",
      "stage_txn_count": 2,
      "redemption_status": "REDEEM_REQUESTED",
      "response_string": "Cashback will be credited to your account by undefined in a few days",
      "stage": 1,
      "updated_at": "2019-01-04T05:23:05.000Z",
      "offer_expiry_amount": 20,
      "redemption_type": "cashback",
      "id": "3767",
      "total_txn_count": 1,
      "campaign_id": 27410,
      "status": "GAME_EXPIRED",
      "info": {
        "cb_earned_at": "2018-09-03T07:56:31.106Z",
        "campaign": {
          "promoAssociation": {

          },
          "short_description": "offer",
          "background_image_url": "test",
          "auto_activate": false,
          "max_cashback_value_initial_stage": "5",
          "isDeeplink": false,
          "offerPerUserPerMonthCondition": {

          },
          "description": "offer",
          "initial_amount": "5",
          "game_expiry": 0.05,
          "third_party_id": -1,
          "title": "offer",
          "off_us_transaction_text": "sss",
          "max_offer_allowed": "4000",
          "offer_text_override": "ss",
          "stage_txn_count": 2,
          "progress_screen_construct": "test",
          "surprise_text": "",
          "percent_redemption": "10",
          "cashback_process_delay": 0,
          "action": {
            "global": {
              "data": [

              ]
            },
            "states": {
              "0": {
                "data": [
                  {
                    "name": "action-select",
                    "fields": [
                      {
                        "name": "type",
                        "value": "absolute"
                      },
                      {
                        "name": "value",
                        "value": "5"
                      },
                      {
                        "name": "cap",
                        "value": "5"
                      },
                      {
                        "name": "non_kyc_cashback_mode",
                        "value": "goldback"
                      }
                    ],
                    "value": "giveSuperCash"
                  }
                ]
              },
              "1": {
                "data": [
                  {
                    "name": "action-select",
                    "fields": [
                      {
                        "name": "type",
                        "value": "absolute"
                      },
                      {
                        "name": "value",
                        "value": "10"
                      },
                      {
                        "name": "cap",
                        "value": "10"
                      },
                      {
                        "name": "non_kyc_cashback_mode",
                        "value": "goldback"
                      }
                    ],
                    "value": "giveSuperCash"
                  }
                ]
              }
            }
          },
          "redemption_type": "cashback",
          "id": 27410,
          "info": {
            "background_image_url": "test",
            "auto_activate": false,
            "isDeeplink": false,
            "game_expiry_amount": "10",
            "offer_keyword": "ddd",
            "game_expiry": "0.05",
            "title": "offer",
            "off_us_transaction_text": "sss",
            "display_tags": [

            ],
            "offer_text_override": "ss",
            "offer_expiry": "0.05",
            "progress_screen_construct": "test",
            "offer_expiry_amount": "20",
            "progress_screen_cta": "dd",
            "time_unit": "1",
            "offer_image_url": "ss",
            "background_image_url ": "ss",
            "new_offers_image_url": "jnk",
            "important_terms": "test",
            "offer_type_id": "5",
            "offer_expiry_time_unit": "1"
          },
          "redemption_type_flat_percent": "flat",
          "tnc": "https://paytmmall.com/papi/v1/promocard/promo-supercash/campaign/tnc/27410",
          "game_expiry_amount": "10",
          "offer_keyword": "ddd",
          "bonus_amount": "10",
          "deeplink_url": "",
          "offerUserCondition": {
            "condition": true,
            "actualValue": 0,
            "value": "4000",
            "operator": "lessThanEqual"
          },
          "max_cashback_value_bonus_stage": "10",
          "cashback_process_delay_unit": 0,
          "offer_expiry": 0.05,
          "condition": "{\"global\":{\"data\":{\"all\":[{\"name\":\"PG_merchantIds\",\"operator\":\"isOneOf\",\"value\":[\"1111\",\"2222\"],\"error\":\"\",\"meta\":\"\"},{\"name\":\"offers_per_user\",\"operator\":\"lessThanEqual\",\"value\":\"4000\",\"error\":\"\",\"meta\":\"\"},{\"name\":\"amount\",\"operator\":\"greaterThan\",\"value\":\"1\",\"error\":\"\",\"meta\":\"\"}]}},\"states\":{\"0\":{\"data\":{\"all\":[{\"name\":\"transactionCount\",\"operator\":\"equalTo\",\"value\":\"1\",\"error\":\"\",\"meta\":\"\"}]}},\"1\":{\"data\":{\"all\":[{\"name\":\"transactionCount\",\"operator\":\"equalTo\",\"value\":\"2\",\"error\":\"\",\"meta\":\"\"}]}}}}",
          "valid_upto": "2021-05-31T07:06:00.000Z",
          "offer_expiry_amount": "20",
          "progress_screen_cta": "dd",
          "offer_type_text": "UPI Offer",
          "stages": {

          },
          "campaign": "RISHI_supercashback",
          "offer_image_url": "ss",
          "new_offers_image_url": "jnk",
          "important_terms": "test",
          "total_txn_count": 2,
          "offer_type_id": 5
        },
        "transactions": [
          {
            "txn_id": "153596127095101.5740715541",
            "txn_type": "P2P",
            "created_at": "2011-07-06T10:01:57.000Z",
            "txn_amount": 20,
            "txn_source": "PGP",
            "order_id": "5515431212"
          }
        ]
      }
    },
    "gameId": "3767",
    "userId": "4710244723434"
  },
  {
    "testCaseName": "Supercash OfferExpired game details using V1 API",
    "expectedResponse": {
      "server_timestamp": "2019-02-27T13:19:37.294Z",
      "game_expiry_amount": 10,
      "created_at": "2018-08-31T10:10:57.000Z",
      "promocode": "",
      "bonus_amount": 10,
      "remark": "s",
      "initial_amount": 5,
      "game_expiry": "2018-08-31T10:12:57.000Z",
      "offer_expiry": "2018-08-31T10:11:57.000Z",
      "stage_txn_count": 2,
      "redemption_status": "REDEEM_REQUESTED",
      "response_string": "Cashback will be credited to your account by undefined in a few days",
      "stage": 0,
      "updated_at": "2019-02-06T07:40:59.000Z",
      "offer_expiry_amount": 20,
      "redemption_type": "cashback",
      "id": "3688",
      "total_txn_count": 1,
      "campaign_id": 27410,
      "status": "OFFER_EXPIRED",
      "info": {
        "cb_earned_at": "2018-09-03T07:57:36.454Z",
        "campaign": {
          "promoAssociation": {

          },
          "short_description": "offer",
          "background_image_url": "test",
          "auto_activate": false,
          "max_cashback_value_initial_stage": "5",
          "isDeeplink": false,
          "offerPerUserPerMonthCondition": {

          },
          "description": "offer",
          "initial_amount": "5",
          "game_expiry": 0.05,
          "third_party_id": -1,
          "title": "offer",
          "off_us_transaction_text": "sss",
          "max_offer_allowed": "4000",
          "offer_text_override": "ss",
          "stage_txn_count": 2,
          "progress_screen_construct": "test",
          "surprise_text": "",
          "percent_redemption": "10",
          "cashback_process_delay": 0,
          "action": {
            "global": {
              "data": [

              ]
            },
            "states": {
              "0": {
                "data": [
                  {
                    "name": "action-select",
                    "fields": [
                      {
                        "name": "type",
                        "value": "absolute"
                      },
                      {
                        "name": "value",
                        "value": "5"
                      },
                      {
                        "name": "cap",
                        "value": "5"
                      },
                      {
                        "name": "non_kyc_cashback_mode",
                        "value": "goldback"
                      }
                    ],
                    "value": "giveSuperCash"
                  }
                ]
              },
              "1": {
                "data": [
                  {
                    "name": "action-select",
                    "fields": [
                      {
                        "name": "type",
                        "value": "absolute"
                      },
                      {
                        "name": "value",
                        "value": "10"
                      },
                      {
                        "name": "cap",
                        "value": "10"
                      },
                      {
                        "name": "non_kyc_cashback_mode",
                        "value": "goldback"
                      }
                    ],
                    "value": "giveSuperCash"
                  }
                ]
              }
            }
          },
          "redemption_type": "cashback",
          "id": 27410,
          "info": {
            "background_image_url": "test",
            "auto_activate": false,
            "isDeeplink": false,
            "game_expiry_amount": "10",
            "offer_keyword": "ddd",
            "game_expiry": "0.05",
            "title": "offer",
            "off_us_transaction_text": "sss",
            "display_tags": [

            ],
            "offer_text_override": "ss",
            "offer_expiry": "0.05",
            "progress_screen_construct": "test",
            "offer_expiry_amount": "20",
            "progress_screen_cta": "dd",
            "time_unit": "1",
            "offer_image_url": "ss",
            "background_image_url ": "ss",
            "new_offers_image_url": "jnk",
            "important_terms": "test",
            "offer_type_id": "5",
            "offer_expiry_time_unit": "1"
          },
          "redemption_type_flat_percent": "flat",
          "tnc": "https://paytmmall.com/papi/v1/promocard/promo-supercash/campaign/tnc/27410",
          "game_expiry_amount": "10",
          "offer_keyword": "ddd",
          "bonus_amount": "10",
          "deeplink_url": "",
          "offerUserCondition": {
            "condition": true,
            "actualValue": 0,
            "value": "4000",
            "operator": "lessThanEqual"
          },
          "max_cashback_value_bonus_stage": "10",
          "cashback_process_delay_unit": 0,
          "offer_expiry": 0.05,
          "condition": "{\"global\":{\"data\":{\"all\":[{\"name\":\"PG_merchantIds\",\"operator\":\"isOneOf\",\"value\":[\"1111\",\"2222\"],\"error\":\"\",\"meta\":\"\"},{\"name\":\"offers_per_user\",\"operator\":\"lessThanEqual\",\"value\":\"4000\",\"error\":\"\",\"meta\":\"\"},{\"name\":\"amount\",\"operator\":\"greaterThan\",\"value\":\"1\",\"error\":\"\",\"meta\":\"\"}]}},\"states\":{\"0\":{\"data\":{\"all\":[{\"name\":\"transactionCount\",\"operator\":\"equalTo\",\"value\":\"1\",\"error\":\"\",\"meta\":\"\"}]}},\"1\":{\"data\":{\"all\":[{\"name\":\"transactionCount\",\"operator\":\"equalTo\",\"value\":\"2\",\"error\":\"\",\"meta\":\"\"}]}}}}",
          "valid_upto": "2021-05-31T07:06:00.000Z",
          "offer_expiry_amount": "20",
          "progress_screen_cta": "dd",
          "offer_type_text": "UPI Offer",
          "stages": {

          },
          "campaign": "RISHI_supercashback",
          "offer_image_url": "ss",
          "new_offers_image_url": "jnk",
          "important_terms": "test",
          "total_txn_count": 2,
          "offer_type_id": 5
        },
        "transactions": [
          {
            "txn_id": "153571025581398.798345114641",
            "txn_type": "P2P",
            "created_at": "2011-07-06T10:01:57.000Z",
            "txn_amount": 20,
            "txn_source": "PGP",
            "order_id": "5515431212"
          }
        ]
      }
    },
    "gameId": "3688",
    "userId": "471024472343550"
  }
]