[
  {
    "testCaseName": "Supercash transaction status not existing using V1 API",
    "expectedResponse": {
      "status": {
        "result": "failure",
        "message": {
          "title": "No offer exist for the transaction",
          "message": "No offer exist for the transaction"
        }
      },
      "error": "No offer exist for the transaction",
      "code": 404,
      "errorCode": "PROMO_SUPERCASH_4041"
    },
    "userId": "471024472343",
    "txnId": "1221"
  },
  {
    "testCaseName": "Supercash transaction status txnId  and userId as string using V1 API",
    "expectedResponse": {
      "status": {
        "result": "failure",
        "message": {
          "title": "No offer exist for the transaction",
          "message": "No offer exist for the transaction"
        }
      },
      "error": "No offer exist for the transaction",
      "code": 404,
      "errorCode": "PROMO_SUPERCASH_4041"
    },
    "userId": "true",
    "txnId": "true"
  }
]