{
  "UserHavingInProgressGame": {
    "code": 400,
    "errorCode": "SCB_GE_4007",
    "error": "Request can not be served at this time. Please try again later",
    "status": {
      "result": "failure",
      "message": {
        "title": "Request can not be served at this time. Please try again later",
        "message": "Request can not be served at this time. Please try again later"
      }
    }
  },
  "UserHavingInitGame_1": {
    "status": "INPROGRESS",
    "max_cashback_value_initial_stage": "5",
    "redemption_type_flat_percent": "flat",
    "game_expiry_amount": 10,
    "bonus_amount": 5,
    "created_at": "#$*.*",
    "promocode": "",
    "remark": "s",
    "initial_amount": 5,
    "game_expiry": "#$*.*",
    "max_cashback_value_bonus_stage": "10",
    "offer_expiry": "#$*.*",
    "stage_txn_count": 2,
    "redemption_status": "NOT_REDEEMED",
    "stage": 1,
    "updated_at": "#$*.*",
    "offer_expiry_amount": 20,
    "percent_redemption": "10",
    "id": "#$*.*",
    "total_txn_count": 1,
    "campaign_id": 27410,
    "acknowledged_at": "#$*.*",
    "info": {
      "campaign": {
        "promoAssociation": {
          "previousMapped": false
        },
        "short_description": "offer",
        "background_image_url": "test",
        "auto_activate": false,
        "max_cashback_value_initial_stage": "5",
        "isDeeplink": false,
        "description": "offer",
        "initial_amount": "5",
        "game_expiry": 0.05,
        "third_party_id": -1,
        "title": "offer",
        "off_us_transaction_text": "sss",
        "max_offer_allowed": "4000",
        "offer_text_override": "ss",
        "stage_txn_count": 2,
        "progress_screen_construct": "test",
        "percent_redemption": "10",
        "cashback_process_delay": 0,
        "action": {
          "global": {
            "data": []
          },
          "states": {
            "0": {
              "data": [
                {
                  "name": "action-select",
                  "fields": [
                    {
                      "name": "type",
                      "value": "absolute"
                    },
                    {
                      "name": "value",
                      "value": "5"
                    },
                    {
                      "name": "cap",
                      "value": "5"
                    },
                    {
                      "name": "non_kyc_cashback_mode",
                      "value": "goldback"
                    }
                  ],
                  "value": "giveSuperCash"
                }
              ]
            },
            "1": {
              "data": [
                {
                  "name": "action-select",
                  "fields": [
                    {
                      "name": "type",
                      "value": "absolute"
                    },
                    {
                      "name": "value",
                      "value": "10"
                    },
                    {
                      "name": "cap",
                      "value": "10"
                    },
                    {
                      "name": "non_kyc_cashback_mode",
                      "value": "goldback"
                    }
                  ],
                  "value": "giveSuperCash"
                }
              ]
            }
          }
        },
        "redemption_type": "cashback",
        "id": 27410,
        "redemption_type_flat_percent": "flat",
        "tnc": "https://paytmmall.com/papi/v1/promocard/promo-supercash/campaign/tnc/27410",
        "game_expiry_amount": "10",
        "offer_keyword": "ddd",
        "bonus_amount": "10",
        "promocode": "RISHI_supercashback",
        "deeplink_url": "",
        "offerUserCondition": {
          "condition": true,
          "actualValue": 0,
          "value": "4000",
          "operator": "lessThanEqual"
        },
        "max_cashback_value_bonus_stage": "10",
        "cashback_process_delay_unit": 0,
        "offer_expiry": 0.05,
        "valid_upto": "2021-05-31T07:06:00.000Z",
        "offer_expiry_amount": "20",
        "progress_screen_cta": "dd",
        "offer_type_text": "UPI Offer",
        "campaign": "RISHI_supercashback",
        "offer_image_url": "ss",
        "new_offers_image_url": "jnk",
        "important_terms": "test",
        "total_txn_count": 2,
        "offer_type_id": 5,
        "condition": "{\"global\":{\"data\":{\"all\":[{\"name\":\"PG_merchantIds\",\"operator\":\"isOneOf\",\"value\":[\"1111\",\"2222\"],\"error\":\"\",\"meta\":\"\"},{\"name\":\"offers_per_user\",\"operator\":\"lessThanEqual\",\"value\":\"4000\",\"error\":\"\",\"meta\":\"\"},{\"name\":\"amount\",\"operator\":\"greaterThan\",\"value\":\"1\",\"error\":\"\",\"meta\":\"\"}]}},\"states\":{\"0\":{\"data\":{\"all\":[{\"name\":\"transactionCount\",\"operator\":\"equalTo\",\"value\":\"1\",\"error\":\"\",\"meta\":\"\"}]}},\"1\":{\"data\":{\"all\":[{\"name\":\"transactionCount\",\"operator\":\"equalTo\",\"value\":\"2\",\"error\":\"\",\"meta\":\"\"}]}}}}",
        "info": {
          "title": "offer",
          "display_tags": [],
          "isDeeplink": false,
          "off_us_transaction_text": "sss",
          "offer_expiry_amount": "20",
          "game_expiry_amount": "10",
          "offer_text_override": "ss",
          "offer_type_id": "5",
          "offer_image_url": "ss",
          "game_expiry": "0.05",
          "time_unit": "1",
          "offer_expiry": "0.05",
          "offer_expiry_time_unit": "1",
          "progress_screen_cta": "dd",
          "offer_keyword": "ddd",
          "background_image_url ": "ss",
          "new_offers_image_url": "jnk",
          "important_terms": "test",
          "background_image_url": "test",
          "progress_screen_construct": "test",
          "auto_activate": false
        },
        "stages": {},
        "surprise_text": ""
      },
      "transactions": [
        {
          "txn_id": "#$*.*",
          "txn_type": "P2P",
          "created_at": "#$*.*",
          "txn_amount": 20,
          "merchant_id": "scwpay09224240900570",
          "txn_source": "PGP",
          "order_id": "5515431212",
          "stage": 0
        }
      ]
    },
    "server_timestamp": "#$*.*"
  },
  "UserOfferPerConditionBreached": {
    "error": "Please upgrade your app version to activate this offer",
    "status": {
      "result": "failure",
      "message": {
        "title": "Upgrade app",
        "message": "Please upgrade your app version to activate this offer"
      }
    },
    "code": 404,
    "errorCode": "PROMO_SUPERCASH_4045"
  },
  "AssociatedToUserCondition": {
    "status": {
      "result": "failure",
      "message": {
        "title": "Upgrade app",
        "message": "Please upgrade your app version to activate this offer"
      }
    },
    "code": 404,
    "errorCode": "PROMO_SUPERCASH_4045",
    "error": "Please upgrade your app version to activate this offer"
  },
  "UserHavingInitGame": {
    "code": 400,
    "errorCode": "SCB_GE_4019",
    "error": "Your offer has already been rolled out with your recent transaction. Please tap on 'My Offers' to activate the offer.",
    "status": {
      "result": "failure",
      "message": {
        "title": "Your offer has already been rolled out with your recent transaction. Please tap on 'My Offers' to activate the offer.",
        "message": "Your offer has already been rolled out with your recent transaction. Please tap on 'My Offers' to activate the offer."
      }
    }
  }
}
