[
  {
    "testCaseName": "Supercash campaign List for promocode associate to user (positive case)",
    "expectedResponse":{
      "data": {
        "is_next": true,
        "campaigns": [
          {
            "auto_activate": true,
            "third_party_id": -1,
            "off_us_transaction_text": "Off Us txn text",
            "max_offer_allowed": "10000",
            "offerPerMerchantPerCampaignPerDay": {

            },
            "is_offus_transaction": false,
            "stage_txn_count": "4",
            "progress_screen_construct": "@order_name",
            "promoMerchantAssociation": {

            },
            "action": {
              "isAllRandomAction": false,
              "global": {
                "data": [

                ]
              },
              "states": {
                "0": {
                  "data": [
                    {
                      "frontend_redemption_type": "",
                      "name": "action-select",
                      "fields": [
                        {
                          "name": "type",
                          "value": "percentage"
                        },
                        {
                          "name": "value",
                          "value": "10"
                        },
                        {
                          "name": "cap",
                          "value": "900"
                        },
                        {
                          "name": "non_kyc_cashback_mode",
                          "value": "goldback"
                        }
                      ],
                      "value": "giveSuperCash",
                      "surprise_stage": false
                    }
                  ]
                },
                "1": {
                  "data": [
                    {
                      "frontend_redemption_type": "",
                      "name": "action-select",
                      "fields": [
                        {
                          "name": "deal_id",
                          "value": "1200174464"
                        },
                        {
                          "name": "deal_text",
                          "value": "Deal_text"
                        },
                        {
                          "name": "deal_usage_text",
                          "value": "Deal_UsageText"
                        }
                      ],
                      "value": "giveSuperDeal",
                      "surprise_stage": false
                    }
                  ]
                },
                "2": {
                  "data": [
                    {
                      "frontend_redemption_type": "",
                      "name": "action-select",
                      "fields": [
                        {
                          "name": "type",
                          "value": "absolute"
                        },
                        {
                          "name": "value",
                          "value": "200"
                        },
                        {
                          "name": "cap",
                          "value": "200"
                        }
                      ],
                      "value": "giveSuperGoldback",
                      "surprise_stage": false
                    }
                  ]
                }
              }
            },
            "redemption_type": "goldback",
            "id": "29446",
            "info": {
              "first_transaction_cta": "Do your first recharge",
              "background_image_url": "BG URL",
              "auto_activate": true,
              "isDeeplink": false,
              "game_expiry": "2",
              "ppi_type": "SCLW ",
              "title": "Activate offer to get upto \u20b91100 by doing 4 more mobile recharges of \u20b9200 or more within 2 hours",
              "off_us_transaction_text": "Off Us txn text",
              "offer_text_override": "Mobile Recharge - upto \u20b91100",
              "surprise_text": "<p><span style=\"color: #FFA500;\">★<\/span><span style=\"color: #000000;\">1st mobile recharge, Get upto \u20b9900 cashback<p><span style=\"color: #FFA500;\">★<\/span><span style=\"color: #000000;\">2nd mobile recharge, Get <p><span style=\"color: #FFA500;\">★<\/span><span style=\"color: #000000;\">4th mobile recharge, Get \u20b9200 goldback<p>",
              "progress_screen_construct": "@order_name",
              "cashback_process_delay": "0",
              "time_unit": "60",
              "offer_expiry_time_unit": "60",
              "game_expiry_amount": "22",
              "offer_keyword": "mobile recharge%s",
              "deeplink_url": "paytmmp://mobile_prepaid?url=https://catalog.paytm.com/v1/mobile/mobile-prepaid/17",
              "tags": "Recharge & Bill payment Offers, Recharges",
              "cashback_process_delay_unit": "1",
              "offer_expiry": "6",
              "offer_expiry_amount": "11",
              "progress_screen_cta": "Recharge Now",
              "supercash_stages": {
                "0": {
                  "event": "ACCEPT_OFFER"
                },
                "1": {

                },
                "2": {

                }
              },
              "offer_image_url": "https://assetscdn.paytm.com/images/catalog/wallet/ic_mobile.png",
              "important_terms": "<p><span style=\"color: #FFA500;\">★<\/span><span style=\"color: #000000;\">Offer can be availed 10000 times during the campaign validity<\/span><\/p>\n\n<p><span style=\"color: #FFA500;\">★<\/span><span style=\"color: #000000;\">Minimum amount of each transaction should be 200 <\/span><\/p>\n\n<p> <\/p>\n",
              "new_offers_image_url": "https://assetscdn.paytm.com/images/catalog/wallet/ic_mobile.png",
              "offer_type_id": "2"
            },
            "redemption_type_flat_percent": "flat",
            "tnc": "https://paytmmall.com/papi/v2/promocard/supercash/campaign/tnc/29446",
            "offer_keyword": "mobile recharge%s",
            "bonus_amount": "200",
            "promocode": "",
            "deeplink_url": "",
            "offer_expiry": 360,
            "condition": "{\"global\":{\"data\":{\"all\":[{\"name\":\"amount\",\"operator\":\"greaterThanEqual\",\"value\":\"200\",\"error\":\"\",\"meta\":\"\"},{\"name\":\"WALLET_transactionType\",\"operator\":\"isOneOf\",\"value\":[\"Manual02\"],\"error\":\"\",\"meta\":\"\"},{\"name\":\"offers_per_user\",\"operator\":\"lessThanEqual\",\"value\":\"10000\",\"error\":\"\",\"meta\":\"\"}]}},\"states\":{\"0\":{\"data\":{\"all\":[{\"name\":\"transactionCount\",\"operator\":\"equalTo\",\"value\":\"1\",\"error\":\"\",\"meta\":\"\"}]}},\"1\":{\"data\":{\"all\":[{\"name\":\"transactionCount\",\"operator\":\"equalTo\",\"value\":\"2\",\"error\":\"\",\"meta\":\"\"}]}},\"2\":{\"data\":{\"all\":[{\"name\":\"transactionCount\",\"operator\":\"equalTo\",\"value\":\"2\",\"error\":\"\",\"meta\":\"\"}]}}}}",
            "offer_expiry_amount": "11",
            "progress_screen_cta": "Recharge Now",
            "offer_type_text": "Data Card Prepaid Recharge Offer",
            "campaign": "PRMSUCASH_388_TEST_DEAL",
            "new_offers_image_url": "https://assetscdn.paytm.com/images/catalog/wallet/ic_mobile.png",
            "important_terms": "<p><span style=\"color: #FFA500;\">★<\/span><span style=\"color: #000000;\">Offer can be availed 10000 times during the campaign validity<\/span><\/p>\n\n<p><span style=\"color: #FFA500;\">★<\/span><span style=\"color: #000000;\">Minimum amount of each transaction should be 200 <\/span><\/p>\n\n<p> <\/p>\n",
            "offer_type_id": 2,
            "short_description": "Do 4 mobile recharges of \u20b9200 or more within 2 hours",
            "background_image_url": "BG URL",
            "max_cashback_value_initial_stage": "900",
            "description": "Do your first mobile recharge of \u20b9200 or more to activate your offer",
            "initial_amount": "900",
            "game_expiry": 120,
            "title": "Activate offer to get upto \u20b91100 by doing 4 more mobile recharges of \u20b9200 or more within 2 hours",
            "offer_text_override": "Mobile Recharge - upto \u20b91100",
            "surprise_text": "<p><span style=\"color: #FFA500;\">★<\/span><span style=\"color: #000000;\">1st mobile recharge, Get upto \u20b9900 cashback<p><span style=\"color: #FFA500;\">★<\/span><span style=\"color: #000000;\">2nd mobile recharge, Get <p><span style=\"color: #FFA500;\">★<\/span><span style=\"color: #000000;\">4th mobile recharge, Get \u20b9200 goldback<p>",
            "percent_redemption": 0,
            "cashback_process_delay": 0,
            "offerMerchantCondition": {

            },
            "game_expiry_amount": "22",
            "offerPerMerchantPerCampaignPerWeek": {

            },
            "max_cashback_value_bonus_stage": 0,
            "cashback_process_delay_unit": 1,
            "merchantPerCampaignCondition": {

            },
            "valid_upto": "2019-08-31T07:16:00.000Z",
            "stages": {
              "0": {
                "event": "ACCEPT_OFFER"
              },
              "1": {

              },
              "2": {

              }
            },
            "offer_image_url": "https://assetscdn.paytm.com/images/catalog/wallet/ic_mobile.png",
            "background_overlay": "",
            "total_txn_count": "4"
          },
          {
            "auto_activate": false,
            "third_party_id": -1,
            "off_us_transaction_text": "Off Us txn text",
            "max_offer_allowed": "10000",
            "offerPerMerchantPerCampaignPerDay": {

            },
            "is_offus_transaction": false,
            "stage_txn_count": "4",
            "progress_screen_construct": "@order_name",
            "promoMerchantAssociation": {

            },
            "action": {
              "isAllRandomAction": false,
              "global": {
                "data": [

                ]
              },
              "states": {
                "0": {
                  "data": [
                    {
                      "frontend_redemption_type": "",
                      "name": "action-select",
                      "fields": [
                        {
                          "name": "type",
                          "value": "percentage"
                        },
                        {
                          "name": "value",
                          "value": "10"
                        },
                        {
                          "name": "cap",
                          "value": "900"
                        },
                        {
                          "name": "non_kyc_cashback_mode",
                          "value": "goldback"
                        }
                      ],
                      "value": "giveSuperCash",
                      "surprise_stage": false
                    }
                  ]
                },
                "1": {
                  "data": [
                    {
                      "frontend_redemption_type": "",
                      "name": "action-select",
                      "fields": [
                        {
                          "name": "deal_id",
                          "value": "1200174464"
                        },
                        {
                          "name": "deal_text",
                          "value": "Deal_text"
                        },
                        {
                          "name": "deal_usage_text",
                          "value": "Deal_UsageText"
                        }
                      ],
                      "value": "giveSuperDeal",
                      "surprise_stage": false
                    }
                  ]
                },
                "2": {
                  "data": [
                    {
                      "frontend_redemption_type": "",
                      "name": "action-select",
                      "fields": [
                        {
                          "name": "type",
                          "value": "absolute"
                        },
                        {
                          "name": "value",
                          "value": "200"
                        },
                        {
                          "name": "cap",
                          "value": "200"
                        }
                      ],
                      "value": "giveSuperGoldback",
                      "surprise_stage": false
                    }
                  ]
                }
              }
            },
            "redemption_type": "goldback",
            "id": "29460",
            "info": {
              "first_transaction_cta": "Do your first recharge",
              "background_image_url": "BG URL",
              "auto_activate": false,
              "isDeeplink": false,
              "game_expiry": "2",
              "ppi_type": "SCLW ",
              "title": "Activate offer to get upto \u20b91100 by doing 4 more DTH recharges of \u20b9200 or more within 2 hours",
              "off_us_transaction_text": "Off Us txn text",
              "offer_text_override": "DTH Recharge - upto \u20b91100",
              "surprise_text": "<p><span style=\"color: #FFA500;\">★<\/span><span style=\"color: #000000;\">1st DTH recharge, Get upto \u20b9900 cashback<p><span style=\"color: #FFA500;\">★<\/span><span style=\"color: #000000;\">2nd DTH recharge, Get <p><span style=\"color: #FFA500;\">★<\/span><span style=\"color: #000000;\">4th DTH recharge, Get \u20b9200 goldback<p>",
              "progress_screen_construct": "@order_name",
              "cashback_process_delay": "0",
              "time_unit": "60",
              "offer_expiry_time_unit": "60",
              "game_expiry_amount": "22",
              "offer_keyword": "DTH recharge%s",
              "deeplink_url": "paytmmp://dth?url=https://catalog.paytm.com/v1/mobile/DTH/18",
              "tags": "Recharge & Bill payment Offers, Recharges",
              "cashback_process_delay_unit": "1",
              "offer_expiry": "6",
              "offer_expiry_amount": "11",
              "progress_screen_cta": "Recharge Now",
              "supercash_stages": {
                "0": {
                  "event": "ACCEPT_OFFER"
                },
                "1": {

                },
                "2": {

                }
              },
              "offer_image_url": "https://assetscdn.paytm.com/images/catalog/wallet/ic_dth.png",
              "important_terms": "<p><span style=\"color: #FFA500;\">★<\/span><span style=\"color: #000000;\">Offer can be availed 10000 times during the campaign validity<p><span style=\"color: #FFA500;\">★<\/span><span style=\"color: #000000;\">Minimum amount of each transaction should be 200 <p>",
              "new_offers_image_url": "https://assetscdn.paytm.com/images/catalog/wallet/ic_dth.png",
              "offer_type_id": "2"
            },
            "redemption_type_flat_percent": "flat",
            "tnc": "https://paytmmall.com/papi/v2/promocard/supercash/campaign/tnc/29460",
            "offer_keyword": "DTH recharge%s",
            "bonus_amount": "200",
            "promocode": "",
            "deeplink_url": "",
            "offer_expiry": 360,
            "condition": "{\"global\":{\"data\":{\"all\":[{\"name\":\"amount\",\"operator\":\"greaterThanEqual\",\"value\":\"200\",\"error\":\"\",\"meta\":\"\"},{\"name\":\"WALLET_transactionType\",\"operator\":\"isOneOf\",\"value\":[\"Manual03\"],\"error\":\"\",\"meta\":\"\"},{\"name\":\"offers_per_user\",\"operator\":\"lessThanEqual\",\"value\":\"10000\",\"error\":\"\",\"meta\":\"\"}]}},\"states\":{\"0\":{\"data\":{\"all\":[{\"name\":\"transactionCount\",\"operator\":\"equalTo\",\"value\":\"1\",\"error\":\"\",\"meta\":\"\"}]}},\"1\":{\"data\":{\"all\":[{\"name\":\"transactionCount\",\"operator\":\"equalTo\",\"value\":\"2\",\"error\":\"\",\"meta\":\"\"}]}},\"2\":{\"data\":{\"all\":[{\"name\":\"transactionCount\",\"operator\":\"equalTo\",\"value\":\"2\",\"error\":\"\",\"meta\":\"\"}]}}}}",
            "offer_expiry_amount": "11",
            "progress_screen_cta": "Recharge Now",
            "offer_type_text": "Data Card Prepaid Recharge Offer",
            "campaign": "PRMSUCASH_388_TEST_DEAL_2",
            "new_offers_image_url": "https://assetscdn.paytm.com/images/catalog/wallet/ic_dth.png",
            "important_terms": "<p><span style=\"color: #FFA500;\">★<\/span><span style=\"color: #000000;\">Offer can be availed 10000 times during the campaign validity<p><span style=\"color: #FFA500;\">★<\/span><span style=\"color: #000000;\">Minimum amount of each transaction should be 200 <p>",
            "offer_type_id": 2,
            "short_description": "Do 4 DTH recharges of \u20b9200 or more within 2 hours",
            "background_image_url": "BG URL",
            "max_cashback_value_initial_stage": "900",
            "description": "Do your first DTH recharge of \u20b9200 or more to activate your offer",
            "initial_amount": "900",
            "game_expiry": 120,
            "title": "Activate offer to get upto \u20b91100 by doing 4 more DTH recharges of \u20b9200 or more within 2 hours",
            "offer_text_override": "DTH Recharge - upto \u20b91100",
            "surprise_text": "<p><span style=\"color: #FFA500;\">★<\/span><span style=\"color: #000000;\">1st DTH recharge, Get upto \u20b9900 cashback<p><span style=\"color: #FFA500;\">★<\/span><span style=\"color: #000000;\">2nd DTH recharge, Get <p><span style=\"color: #FFA500;\">★<\/span><span style=\"color: #000000;\">4th DTH recharge, Get \u20b9200 goldback<p>",
            "percent_redemption": 0,
            "cashback_process_delay": 0,
            "offerMerchantCondition": {

            },
            "game_expiry_amount": "22",
            "offerPerMerchantPerCampaignPerWeek": {

            },
            "max_cashback_value_bonus_stage": 0,
            "cashback_process_delay_unit": 1,
            "merchantPerCampaignCondition": {

            },
            "valid_upto": "2019-08-31T07:16:00.000Z",
            "stages": {
              "0": {
                "event": "ACCEPT_OFFER"
              },
              "1": {

              },
              "2": {

              }
            },
            "offer_image_url": "https://assetscdn.paytm.com/images/catalog/wallet/ic_dth.png",
            "background_overlay": "",
            "total_txn_count": "4"
          }
        ]
      },
      "errors": [

      ],
      "status": 1
    },
    "userId": "4454632",
    "pageSize": 10
  },
  {
    "testCaseName": "Supercash campaign List for promocode associate to user (Negative case)",
    "expectedResponse":{
      "data": {
        "is_next": true,
        "campaigns": [
          {
            "auto_activate": true,
            "third_party_id": -1,
            "off_us_transaction_text": "Off Us txn text",
            "max_offer_allowed": "10000",
            "offerPerMerchantPerCampaignPerDay": {

            },
            "is_offus_transaction": false,
            "stage_txn_count": "4",
            "progress_screen_construct": "@order_name",
            "promoMerchantAssociation": {

            },
            "action": {
              "isAllRandomAction": false,
              "global": {
                "data": [

                ]
              },
              "states": {
                "0": {
                  "data": [
                    {
                      "frontend_redemption_type": "",
                      "name": "action-select",
                      "fields": [
                        {
                          "name": "type",
                          "value": "percentage"
                        },
                        {
                          "name": "value",
                          "value": "10"
                        },
                        {
                          "name": "cap",
                          "value": "900"
                        },
                        {
                          "name": "non_kyc_cashback_mode",
                          "value": "goldback"
                        }
                      ],
                      "value": "giveSuperCash",
                      "surprise_stage": false
                    }
                  ]
                },
                "1": {
                  "data": [
                    {
                      "frontend_redemption_type": "",
                      "name": "action-select",
                      "fields": [
                        {
                          "name": "deal_id",
                          "value": "1200174464"
                        },
                        {
                          "name": "deal_text",
                          "value": "Deal_text"
                        },
                        {
                          "name": "deal_usage_text",
                          "value": "Deal_UsageText"
                        }
                      ],
                      "value": "giveSuperDeal",
                      "surprise_stage": false
                    }
                  ]
                },
                "2": {
                  "data": [
                    {
                      "frontend_redemption_type": "",
                      "name": "action-select",
                      "fields": [
                        {
                          "name": "type",
                          "value": "absolute"
                        },
                        {
                          "name": "value",
                          "value": "200"
                        },
                        {
                          "name": "cap",
                          "value": "200"
                        }
                      ],
                      "value": "giveSuperGoldback",
                      "surprise_stage": false
                    }
                  ]
                }
              }
            },
            "redemption_type": "goldback",
            "id": "29446",
            "info": {
              "first_transaction_cta": "Do your first recharge",
              "background_image_url": "BG URL",
              "auto_activate": true,
              "isDeeplink": false,
              "game_expiry": "2",
              "ppi_type": "SCLW ",
              "title": "Activate offer to get upto \u20b91100 by doing 4 more mobile recharges of \u20b9200 or more within 2 hours",
              "off_us_transaction_text": "Off Us txn text",
              "offer_text_override": "Mobile Recharge - upto \u20b91100",
              "surprise_text": "<p><span style=\"color: #FFA500;\">★<\/span><span style=\"color: #000000;\">1st mobile recharge, Get upto \u20b9900 cashback<p><span style=\"color: #FFA500;\">★<\/span><span style=\"color: #000000;\">2nd mobile recharge, Get <p><span style=\"color: #FFA500;\">★<\/span><span style=\"color: #000000;\">4th mobile recharge, Get \u20b9200 goldback<p>",
              "progress_screen_construct": "@order_name",
              "cashback_process_delay": "0",
              "time_unit": "60",
              "offer_expiry_time_unit": "60",
              "game_expiry_amount": "22",
              "offer_keyword": "mobile recharge%s",
              "deeplink_url": "paytmmp://mobile_prepaid?url=https://catalog.paytm.com/v1/mobile/mobile-prepaid/17",
              "tags": "Recharge & Bill payment Offers, Recharges",
              "cashback_process_delay_unit": "1",
              "offer_expiry": "6",
              "offer_expiry_amount": "11",
              "progress_screen_cta": "Recharge Now",
              "supercash_stages": {
                "0": {
                  "event": "ACCEPT_OFFER"
                },
                "1": {

                },
                "2": {

                }
              },
              "offer_image_url": "https://assetscdn.paytm.com/images/catalog/wallet/ic_mobile.png",
              "important_terms": "<p><span style=\"color: #FFA500;\">★<\/span><span style=\"color: #000000;\">Offer can be availed 10000 times during the campaign validity<\/span><\/p>\n\n<p><span style=\"color: #FFA500;\">★<\/span><span style=\"color: #000000;\">Minimum amount of each transaction should be 200 <\/span><\/p>\n\n<p> <\/p>\n",
              "new_offers_image_url": "https://assetscdn.paytm.com/images/catalog/wallet/ic_mobile.png",
              "offer_type_id": "2"
            },
            "redemption_type_flat_percent": "flat",
            "tnc": "https://paytmmall.com/papi/v2/promocard/supercash/campaign/tnc/29446",
            "offer_keyword": "mobile recharge%s",
            "bonus_amount": "200",
            "promocode": "",
            "deeplink_url": "",
            "offer_expiry": 360,
            "condition": "{\"global\":{\"data\":{\"all\":[{\"name\":\"amount\",\"operator\":\"greaterThanEqual\",\"value\":\"200\",\"error\":\"\",\"meta\":\"\"},{\"name\":\"WALLET_transactionType\",\"operator\":\"isOneOf\",\"value\":[\"Manual02\"],\"error\":\"\",\"meta\":\"\"},{\"name\":\"offers_per_user\",\"operator\":\"lessThanEqual\",\"value\":\"10000\",\"error\":\"\",\"meta\":\"\"}]}},\"states\":{\"0\":{\"data\":{\"all\":[{\"name\":\"transactionCount\",\"operator\":\"equalTo\",\"value\":\"1\",\"error\":\"\",\"meta\":\"\"}]}},\"1\":{\"data\":{\"all\":[{\"name\":\"transactionCount\",\"operator\":\"equalTo\",\"value\":\"2\",\"error\":\"\",\"meta\":\"\"}]}},\"2\":{\"data\":{\"all\":[{\"name\":\"transactionCount\",\"operator\":\"equalTo\",\"value\":\"2\",\"error\":\"\",\"meta\":\"\"}]}}}}",
            "offer_expiry_amount": "11",
            "progress_screen_cta": "Recharge Now",
            "offer_type_text": "Data Card Prepaid Recharge Offer",
            "campaign": "PRMSUCASH_388_TEST_DEAL",
            "new_offers_image_url": "https://assetscdn.paytm.com/images/catalog/wallet/ic_mobile.png",
            "important_terms": "<p><span style=\"color: #FFA500;\">★<\/span><span style=\"color: #000000;\">Offer can be availed 10000 times during the campaign validity<\/span><\/p>\n\n<p><span style=\"color: #FFA500;\">★<\/span><span style=\"color: #000000;\">Minimum amount of each transaction should be 200 <\/span><\/p>\n\n<p> <\/p>\n",
            "offer_type_id": 2,
            "short_description": "Do 4 mobile recharges of \u20b9200 or more within 2 hours",
            "background_image_url": "BG URL",
            "max_cashback_value_initial_stage": "900",
            "description": "Do your first mobile recharge of \u20b9200 or more to activate your offer",
            "initial_amount": "900",
            "game_expiry": 120,
            "title": "Activate offer to get upto \u20b91100 by doing 4 more mobile recharges of \u20b9200 or more within 2 hours",
            "offer_text_override": "Mobile Recharge - upto \u20b91100",
            "surprise_text": "<p><span style=\"color: #FFA500;\">★<\/span><span style=\"color: #000000;\">1st mobile recharge, Get upto \u20b9900 cashback<p><span style=\"color: #FFA500;\">★<\/span><span style=\"color: #000000;\">2nd mobile recharge, Get <p><span style=\"color: #FFA500;\">★<\/span><span style=\"color: #000000;\">4th mobile recharge, Get \u20b9200 goldback<p>",
            "percent_redemption": 0,
            "cashback_process_delay": 0,
            "offerMerchantCondition": {

            },
            "game_expiry_amount": "22",
            "offerPerMerchantPerCampaignPerWeek": {

            },
            "max_cashback_value_bonus_stage": 0,
            "cashback_process_delay_unit": 1,
            "merchantPerCampaignCondition": {

            },
            "valid_upto": "2019-08-31T07:16:00.000Z",
            "stages": {
              "0": {
                "event": "ACCEPT_OFFER"
              },
              "1": {

              },
              "2": {

              }
            },
            "offer_image_url": "https://assetscdn.paytm.com/images/catalog/wallet/ic_mobile.png",
            "background_overlay": "",
            "total_txn_count": "4"
          },
          {
            "auto_activate": false,
            "third_party_id": -1,
            "off_us_transaction_text": "Off Us txn text",
            "max_offer_allowed": "10000",
            "offerPerMerchantPerCampaignPerDay": {

            },
            "is_offus_transaction": false,
            "stage_txn_count": "4",
            "progress_screen_construct": "@order_name",
            "promoMerchantAssociation": {

            },
            "action": {
              "isAllRandomAction": false,
              "global": {
                "data": [

                ]
              },
              "states": {
                "0": {
                  "data": [
                    {
                      "frontend_redemption_type": "",
                      "name": "action-select",
                      "fields": [
                        {
                          "name": "type",
                          "value": "percentage"
                        },
                        {
                          "name": "value",
                          "value": "10"
                        },
                        {
                          "name": "cap",
                          "value": "900"
                        },
                        {
                          "name": "non_kyc_cashback_mode",
                          "value": "goldback"
                        }
                      ],
                      "value": "giveSuperCash",
                      "surprise_stage": false
                    }
                  ]
                },
                "1": {
                  "data": [
                    {
                      "frontend_redemption_type": "",
                      "name": "action-select",
                      "fields": [
                        {
                          "name": "deal_id",
                          "value": "1200174464"
                        },
                        {
                          "name": "deal_text",
                          "value": "Deal_text"
                        },
                        {
                          "name": "deal_usage_text",
                          "value": "Deal_UsageText"
                        }
                      ],
                      "value": "giveSuperDeal",
                      "surprise_stage": false
                    }
                  ]
                },
                "2": {
                  "data": [
                    {
                      "frontend_redemption_type": "",
                      "name": "action-select",
                      "fields": [
                        {
                          "name": "type",
                          "value": "absolute"
                        },
                        {
                          "name": "value",
                          "value": "200"
                        },
                        {
                          "name": "cap",
                          "value": "200"
                        }
                      ],
                      "value": "giveSuperGoldback",
                      "surprise_stage": false
                    }
                  ]
                }
              }
            },
            "redemption_type": "goldback",
            "id": "29460",
            "info": {
              "first_transaction_cta": "Do your first recharge",
              "background_image_url": "BG URL",
              "auto_activate": false,
              "isDeeplink": false,
              "game_expiry": "2",
              "ppi_type": "SCLW ",
              "title": "Activate offer to get upto \u20b91100 by doing 4 more DTH recharges of \u20b9200 or more within 2 hours",
              "off_us_transaction_text": "Off Us txn text",
              "offer_text_override": "DTH Recharge - upto \u20b91100",
              "surprise_text": "<p><span style=\"color: #FFA500;\">★<\/span><span style=\"color: #000000;\">1st DTH recharge, Get upto \u20b9900 cashback<p><span style=\"color: #FFA500;\">★<\/span><span style=\"color: #000000;\">2nd DTH recharge, Get <p><span style=\"color: #FFA500;\">★<\/span><span style=\"color: #000000;\">4th DTH recharge, Get \u20b9200 goldback<p>",
              "progress_screen_construct": "@order_name",
              "cashback_process_delay": "0",
              "time_unit": "60",
              "offer_expiry_time_unit": "60",
              "game_expiry_amount": "22",
              "offer_keyword": "DTH recharge%s",
              "deeplink_url": "paytmmp://dth?url=https://catalog.paytm.com/v1/mobile/DTH/18",
              "tags": "Recharge & Bill payment Offers, Recharges",
              "cashback_process_delay_unit": "1",
              "offer_expiry": "6",
              "offer_expiry_amount": "11",
              "progress_screen_cta": "Recharge Now",
              "supercash_stages": {
                "0": {
                  "event": "ACCEPT_OFFER"
                },
                "1": {

                },
                "2": {

                }
              },
              "offer_image_url": "https://assetscdn.paytm.com/images/catalog/wallet/ic_dth.png",
              "important_terms": "<p><span style=\"color: #FFA500;\">★<\/span><span style=\"color: #000000;\">Offer can be availed 10000 times during the campaign validity<p><span style=\"color: #FFA500;\">★<\/span><span style=\"color: #000000;\">Minimum amount of each transaction should be 200 <p>",
              "new_offers_image_url": "https://assetscdn.paytm.com/images/catalog/wallet/ic_dth.png",
              "offer_type_id": "2"
            },
            "redemption_type_flat_percent": "flat",
            "tnc": "https://paytmmall.com/papi/v2/promocard/supercash/campaign/tnc/29460",
            "offer_keyword": "DTH recharge%s",
            "bonus_amount": "200",
            "promocode": "",
            "deeplink_url": "",
            "offer_expiry": 360,
            "condition": "{\"global\":{\"data\":{\"all\":[{\"name\":\"amount\",\"operator\":\"greaterThanEqual\",\"value\":\"200\",\"error\":\"\",\"meta\":\"\"},{\"name\":\"WALLET_transactionType\",\"operator\":\"isOneOf\",\"value\":[\"Manual03\"],\"error\":\"\",\"meta\":\"\"},{\"name\":\"offers_per_user\",\"operator\":\"lessThanEqual\",\"value\":\"10000\",\"error\":\"\",\"meta\":\"\"}]}},\"states\":{\"0\":{\"data\":{\"all\":[{\"name\":\"transactionCount\",\"operator\":\"equalTo\",\"value\":\"1\",\"error\":\"\",\"meta\":\"\"}]}},\"1\":{\"data\":{\"all\":[{\"name\":\"transactionCount\",\"operator\":\"equalTo\",\"value\":\"2\",\"error\":\"\",\"meta\":\"\"}]}},\"2\":{\"data\":{\"all\":[{\"name\":\"transactionCount\",\"operator\":\"equalTo\",\"value\":\"2\",\"error\":\"\",\"meta\":\"\"}]}}}}",
            "offer_expiry_amount": "11",
            "progress_screen_cta": "Recharge Now",
            "offer_type_text": "Data Card Prepaid Recharge Offer",
            "campaign": "PRMSUCASH_388_TEST_DEAL_2",
            "new_offers_image_url": "https://assetscdn.paytm.com/images/catalog/wallet/ic_dth.png",
            "important_terms": "<p><span style=\"color: #FFA500;\">★<\/span><span style=\"color: #000000;\">Offer can be availed 10000 times during the campaign validity<p><span style=\"color: #FFA500;\">★<\/span><span style=\"color: #000000;\">Minimum amount of each transaction should be 200 <p>",
            "offer_type_id": 2,
            "short_description": "Do 4 DTH recharges of \u20b9200 or more within 2 hours",
            "background_image_url": "BG URL",
            "max_cashback_value_initial_stage": "900",
            "description": "Do your first DTH recharge of \u20b9200 or more to activate your offer",
            "initial_amount": "900",
            "game_expiry": 120,
            "title": "Activate offer to get upto \u20b91100 by doing 4 more DTH recharges of \u20b9200 or more within 2 hours",
            "offer_text_override": "DTH Recharge - upto \u20b91100",
            "surprise_text": "<p><span style=\"color: #FFA500;\">★<\/span><span style=\"color: #000000;\">1st DTH recharge, Get upto \u20b9900 cashback<p><span style=\"color: #FFA500;\">★<\/span><span style=\"color: #000000;\">2nd DTH recharge, Get <p><span style=\"color: #FFA500;\">★<\/span><span style=\"color: #000000;\">4th DTH recharge, Get \u20b9200 goldback<p>",
            "percent_redemption": 0,
            "cashback_process_delay": 0,
            "offerMerchantCondition": {

            },
            "game_expiry_amount": "22",
            "offerPerMerchantPerCampaignPerWeek": {

            },
            "max_cashback_value_bonus_stage": 0,
            "cashback_process_delay_unit": 1,
            "merchantPerCampaignCondition": {

            },
            "valid_upto": "2019-08-31T07:16:00.000Z",
            "stages": {
              "0": {
                "event": "ACCEPT_OFFER"
              },
              "1": {

              },
              "2": {

              }
            },
            "offer_image_url": "https://assetscdn.paytm.com/images/catalog/wallet/ic_dth.png",
            "background_overlay": "",
            "total_txn_count": "4"
          }
        ]
      },
      "errors": [

      ],
      "status": 1
    },
    "userId": "123",
    "pageSize": 10
  },
  {
    "testCaseName": "Supercash campaign List for non default page size greater than default size",
    "expectedResponse":{
      "data": {
        "is_next": true,
        "campaigns": [
          {
            "auto_activate": true,
            "third_party_id": -1,
            "off_us_transaction_text": "Off Us txn text",
            "max_offer_allowed": "10000",
            "offerPerMerchantPerCampaignPerDay": {

            },
            "is_offus_transaction": false,
            "stage_txn_count": "4",
            "progress_screen_construct": "@order_name",
            "promoMerchantAssociation": {

            },
            "action": {
              "isAllRandomAction": false,
              "global": {
                "data": [

                ]
              },
              "states": {
                "0": {
                  "data": [
                    {
                      "frontend_redemption_type": "",
                      "name": "action-select",
                      "fields": [
                        {
                          "name": "type",
                          "value": "percentage"
                        },
                        {
                          "name": "value",
                          "value": "10"
                        },
                        {
                          "name": "cap",
                          "value": "900"
                        },
                        {
                          "name": "non_kyc_cashback_mode",
                          "value": "goldback"
                        }
                      ],
                      "value": "giveSuperCash",
                      "surprise_stage": false
                    }
                  ]
                },
                "1": {
                  "data": [
                    {
                      "frontend_redemption_type": "",
                      "name": "action-select",
                      "fields": [
                        {
                          "name": "deal_id",
                          "value": "1200174464"
                        },
                        {
                          "name": "deal_text",
                          "value": "Deal_text"
                        },
                        {
                          "name": "deal_usage_text",
                          "value": "Deal_UsageText"
                        }
                      ],
                      "value": "giveSuperDeal",
                      "surprise_stage": false
                    }
                  ]
                },
                "2": {
                  "data": [
                    {
                      "frontend_redemption_type": "",
                      "name": "action-select",
                      "fields": [
                        {
                          "name": "type",
                          "value": "absolute"
                        },
                        {
                          "name": "value",
                          "value": "200"
                        },
                        {
                          "name": "cap",
                          "value": "200"
                        }
                      ],
                      "value": "giveSuperGoldback",
                      "surprise_stage": false
                    }
                  ]
                }
              }
            },
            "redemption_type": "goldback",
            "id": "29446",
            "info": {
              "first_transaction_cta": "Do your first recharge",
              "background_image_url": "BG URL",
              "auto_activate": true,
              "isDeeplink": false,
              "game_expiry": "2",
              "ppi_type": "SCLW ",
              "title": "Activate offer to get upto \u20b91100 by doing 4 more mobile recharges of \u20b9200 or more within 2 hours",
              "off_us_transaction_text": "Off Us txn text",
              "offer_text_override": "Mobile Recharge - upto \u20b91100",
              "surprise_text": "<p><span style=\"color: #FFA500;\">★<\/span><span style=\"color: #000000;\">1st mobile recharge, Get upto \u20b9900 cashback<p><span style=\"color: #FFA500;\">★<\/span><span style=\"color: #000000;\">2nd mobile recharge, Get <p><span style=\"color: #FFA500;\">★<\/span><span style=\"color: #000000;\">4th mobile recharge, Get \u20b9200 goldback<p>",
              "progress_screen_construct": "@order_name",
              "cashback_process_delay": "0",
              "time_unit": "60",
              "offer_expiry_time_unit": "60",
              "game_expiry_amount": "22",
              "offer_keyword": "mobile recharge%s",
              "deeplink_url": "paytmmp://mobile_prepaid?url=https://catalog.paytm.com/v1/mobile/mobile-prepaid/17",
              "tags": "Recharge & Bill payment Offers, Recharges",
              "cashback_process_delay_unit": "1",
              "offer_expiry": "6",
              "offer_expiry_amount": "11",
              "progress_screen_cta": "Recharge Now",
              "supercash_stages": {
                "0": {
                  "event": "ACCEPT_OFFER"
                },
                "1": {

                },
                "2": {

                }
              },
              "offer_image_url": "https://assetscdn.paytm.com/images/catalog/wallet/ic_mobile.png",
              "important_terms": "<p><span style=\"color: #FFA500;\">★<\/span><span style=\"color: #000000;\">Offer can be availed 10000 times during the campaign validity<\/span><\/p>\n\n<p><span style=\"color: #FFA500;\">★<\/span><span style=\"color: #000000;\">Minimum amount of each transaction should be 200 <\/span><\/p>\n\n<p> <\/p>\n",
              "new_offers_image_url": "https://assetscdn.paytm.com/images/catalog/wallet/ic_mobile.png",
              "offer_type_id": "2"
            },
            "redemption_type_flat_percent": "flat",
            "tnc": "https://paytmmall.com/papi/v2/promocard/supercash/campaign/tnc/29446",
            "offer_keyword": "mobile recharge%s",
            "bonus_amount": "200",
            "promocode": "",
            "deeplink_url": "",
            "offer_expiry": 360,
            "condition": "{\"global\":{\"data\":{\"all\":[{\"name\":\"amount\",\"operator\":\"greaterThanEqual\",\"value\":\"200\",\"error\":\"\",\"meta\":\"\"},{\"name\":\"WALLET_transactionType\",\"operator\":\"isOneOf\",\"value\":[\"Manual02\"],\"error\":\"\",\"meta\":\"\"},{\"name\":\"offers_per_user\",\"operator\":\"lessThanEqual\",\"value\":\"10000\",\"error\":\"\",\"meta\":\"\"}]}},\"states\":{\"0\":{\"data\":{\"all\":[{\"name\":\"transactionCount\",\"operator\":\"equalTo\",\"value\":\"1\",\"error\":\"\",\"meta\":\"\"}]}},\"1\":{\"data\":{\"all\":[{\"name\":\"transactionCount\",\"operator\":\"equalTo\",\"value\":\"2\",\"error\":\"\",\"meta\":\"\"}]}},\"2\":{\"data\":{\"all\":[{\"name\":\"transactionCount\",\"operator\":\"equalTo\",\"value\":\"2\",\"error\":\"\",\"meta\":\"\"}]}}}}",
            "offer_expiry_amount": "11",
            "progress_screen_cta": "Recharge Now",
            "offer_type_text": "Data Card Prepaid Recharge Offer",
            "campaign": "PRMSUCASH_388_TEST_DEAL",
            "new_offers_image_url": "https://assetscdn.paytm.com/images/catalog/wallet/ic_mobile.png",
            "important_terms": "<p><span style=\"color: #FFA500;\">★<\/span><span style=\"color: #000000;\">Offer can be availed 10000 times during the campaign validity<\/span><\/p>\n\n<p><span style=\"color: #FFA500;\">★<\/span><span style=\"color: #000000;\">Minimum amount of each transaction should be 200 <\/span><\/p>\n\n<p> <\/p>\n",
            "offer_type_id": 2,
            "short_description": "Do 4 mobile recharges of \u20b9200 or more within 2 hours",
            "background_image_url": "BG URL",
            "max_cashback_value_initial_stage": "900",
            "description": "Do your first mobile recharge of \u20b9200 or more to activate your offer",
            "initial_amount": "900",
            "game_expiry": 120,
            "title": "Activate offer to get upto \u20b91100 by doing 4 more mobile recharges of \u20b9200 or more within 2 hours",
            "offer_text_override": "Mobile Recharge - upto \u20b91100",
            "surprise_text": "<p><span style=\"color: #FFA500;\">★<\/span><span style=\"color: #000000;\">1st mobile recharge, Get upto \u20b9900 cashback<p><span style=\"color: #FFA500;\">★<\/span><span style=\"color: #000000;\">2nd mobile recharge, Get <p><span style=\"color: #FFA500;\">★<\/span><span style=\"color: #000000;\">4th mobile recharge, Get \u20b9200 goldback<p>",
            "percent_redemption": 0,
            "cashback_process_delay": 0,
            "offerMerchantCondition": {

            },
            "game_expiry_amount": "22",
            "offerPerMerchantPerCampaignPerWeek": {

            },
            "max_cashback_value_bonus_stage": 0,
            "cashback_process_delay_unit": 1,
            "merchantPerCampaignCondition": {

            },
            "valid_upto": "2019-08-31T07:16:00.000Z",
            "stages": {
              "0": {
                "event": "ACCEPT_OFFER"
              },
              "1": {

              },
              "2": {

              }
            },
            "offer_image_url": "https://assetscdn.paytm.com/images/catalog/wallet/ic_mobile.png",
            "background_overlay": "",
            "total_txn_count": "4"
          },
          {
            "auto_activate": false,
            "third_party_id": -1,
            "off_us_transaction_text": "Off Us txn text",
            "max_offer_allowed": "10000",
            "offerPerMerchantPerCampaignPerDay": {

            },
            "is_offus_transaction": false,
            "stage_txn_count": "4",
            "progress_screen_construct": "@order_name",
            "promoMerchantAssociation": {

            },
            "action": {
              "isAllRandomAction": false,
              "global": {
                "data": [

                ]
              },
              "states": {
                "0": {
                  "data": [
                    {
                      "frontend_redemption_type": "",
                      "name": "action-select",
                      "fields": [
                        {
                          "name": "type",
                          "value": "percentage"
                        },
                        {
                          "name": "value",
                          "value": "10"
                        },
                        {
                          "name": "cap",
                          "value": "900"
                        },
                        {
                          "name": "non_kyc_cashback_mode",
                          "value": "goldback"
                        }
                      ],
                      "value": "giveSuperCash",
                      "surprise_stage": false
                    }
                  ]
                },
                "1": {
                  "data": [
                    {
                      "frontend_redemption_type": "",
                      "name": "action-select",
                      "fields": [
                        {
                          "name": "deal_id",
                          "value": "1200174464"
                        },
                        {
                          "name": "deal_text",
                          "value": "Deal_text"
                        },
                        {
                          "name": "deal_usage_text",
                          "value": "Deal_UsageText"
                        }
                      ],
                      "value": "giveSuperDeal",
                      "surprise_stage": false
                    }
                  ]
                },
                "2": {
                  "data": [
                    {
                      "frontend_redemption_type": "",
                      "name": "action-select",
                      "fields": [
                        {
                          "name": "type",
                          "value": "absolute"
                        },
                        {
                          "name": "value",
                          "value": "200"
                        },
                        {
                          "name": "cap",
                          "value": "200"
                        }
                      ],
                      "value": "giveSuperGoldback",
                      "surprise_stage": false
                    }
                  ]
                }
              }
            },
            "redemption_type": "goldback",
            "id": "29460",
            "info": {
              "first_transaction_cta": "Do your first recharge",
              "background_image_url": "BG URL",
              "auto_activate": false,
              "isDeeplink": false,
              "game_expiry": "2",
              "ppi_type": "SCLW ",
              "title": "Activate offer to get upto \u20b91100 by doing 4 more DTH recharges of \u20b9200 or more within 2 hours",
              "off_us_transaction_text": "Off Us txn text",
              "offer_text_override": "DTH Recharge - upto \u20b91100",
              "surprise_text": "<p><span style=\"color: #FFA500;\">★<\/span><span style=\"color: #000000;\">1st DTH recharge, Get upto \u20b9900 cashback<p><span style=\"color: #FFA500;\">★<\/span><span style=\"color: #000000;\">2nd DTH recharge, Get <p><span style=\"color: #FFA500;\">★<\/span><span style=\"color: #000000;\">4th DTH recharge, Get \u20b9200 goldback<p>",
              "progress_screen_construct": "@order_name",
              "cashback_process_delay": "0",
              "time_unit": "60",
              "offer_expiry_time_unit": "60",
              "game_expiry_amount": "22",
              "offer_keyword": "DTH recharge%s",
              "deeplink_url": "paytmmp://dth?url=https://catalog.paytm.com/v1/mobile/DTH/18",
              "tags": "Recharge & Bill payment Offers, Recharges",
              "cashback_process_delay_unit": "1",
              "offer_expiry": "6",
              "offer_expiry_amount": "11",
              "progress_screen_cta": "Recharge Now",
              "supercash_stages": {
                "0": {
                  "event": "ACCEPT_OFFER"
                },
                "1": {

                },
                "2": {

                }
              },
              "offer_image_url": "https://assetscdn.paytm.com/images/catalog/wallet/ic_dth.png",
              "important_terms": "<p><span style=\"color: #FFA500;\">★<\/span><span style=\"color: #000000;\">Offer can be availed 10000 times during the campaign validity<p><span style=\"color: #FFA500;\">★<\/span><span style=\"color: #000000;\">Minimum amount of each transaction should be 200 <p>",
              "new_offers_image_url": "https://assetscdn.paytm.com/images/catalog/wallet/ic_dth.png",
              "offer_type_id": "2"
            },
            "redemption_type_flat_percent": "flat",
            "tnc": "https://paytmmall.com/papi/v2/promocard/supercash/campaign/tnc/29460",
            "offer_keyword": "DTH recharge%s",
            "bonus_amount": "200",
            "promocode": "",
            "deeplink_url": "",
            "offer_expiry": 360,
            "condition": "{\"global\":{\"data\":{\"all\":[{\"name\":\"amount\",\"operator\":\"greaterThanEqual\",\"value\":\"200\",\"error\":\"\",\"meta\":\"\"},{\"name\":\"WALLET_transactionType\",\"operator\":\"isOneOf\",\"value\":[\"Manual03\"],\"error\":\"\",\"meta\":\"\"},{\"name\":\"offers_per_user\",\"operator\":\"lessThanEqual\",\"value\":\"10000\",\"error\":\"\",\"meta\":\"\"}]}},\"states\":{\"0\":{\"data\":{\"all\":[{\"name\":\"transactionCount\",\"operator\":\"equalTo\",\"value\":\"1\",\"error\":\"\",\"meta\":\"\"}]}},\"1\":{\"data\":{\"all\":[{\"name\":\"transactionCount\",\"operator\":\"equalTo\",\"value\":\"2\",\"error\":\"\",\"meta\":\"\"}]}},\"2\":{\"data\":{\"all\":[{\"name\":\"transactionCount\",\"operator\":\"equalTo\",\"value\":\"2\",\"error\":\"\",\"meta\":\"\"}]}}}}",
            "offer_expiry_amount": "11",
            "progress_screen_cta": "Recharge Now",
            "offer_type_text": "Data Card Prepaid Recharge Offer",
            "campaign": "PRMSUCASH_388_TEST_DEAL_2",
            "new_offers_image_url": "https://assetscdn.paytm.com/images/catalog/wallet/ic_dth.png",
            "important_terms": "<p><span style=\"color: #FFA500;\">★<\/span><span style=\"color: #000000;\">Offer can be availed 10000 times during the campaign validity<p><span style=\"color: #FFA500;\">★<\/span><span style=\"color: #000000;\">Minimum amount of each transaction should be 200 <p>",
            "offer_type_id": 2,
            "short_description": "Do 4 DTH recharges of \u20b9200 or more within 2 hours",
            "background_image_url": "BG URL",
            "max_cashback_value_initial_stage": "900",
            "description": "Do your first DTH recharge of \u20b9200 or more to activate your offer",
            "initial_amount": "900",
            "game_expiry": 120,
            "title": "Activate offer to get upto \u20b91100 by doing 4 more DTH recharges of \u20b9200 or more within 2 hours",
            "offer_text_override": "DTH Recharge - upto \u20b91100",
            "surprise_text": "<p><span style=\"color: #FFA500;\">★<\/span><span style=\"color: #000000;\">1st DTH recharge, Get upto \u20b9900 cashback<p><span style=\"color: #FFA500;\">★<\/span><span style=\"color: #000000;\">2nd DTH recharge, Get <p><span style=\"color: #FFA500;\">★<\/span><span style=\"color: #000000;\">4th DTH recharge, Get \u20b9200 goldback<p>",
            "percent_redemption": 0,
            "cashback_process_delay": 0,
            "offerMerchantCondition": {

            },
            "game_expiry_amount": "22",
            "offerPerMerchantPerCampaignPerWeek": {

            },
            "max_cashback_value_bonus_stage": 0,
            "cashback_process_delay_unit": 1,
            "merchantPerCampaignCondition": {

            },
            "valid_upto": "2019-08-31T07:16:00.000Z",
            "stages": {
              "0": {
                "event": "ACCEPT_OFFER"
              },
              "1": {

              },
              "2": {

              }
            },
            "offer_image_url": "https://assetscdn.paytm.com/images/catalog/wallet/ic_dth.png",
            "background_overlay": "",
            "total_txn_count": "4"
          },
          {
            "auto_activate": true,
            "third_party_id": -1,
            "off_us_transaction_text": "Off Us txn text",
            "max_offer_allowed": "10000",
            "offerPerMerchantPerCampaignPerDay": {

            },
            "is_offus_transaction": false,
            "stage_txn_count": "4",
            "progress_screen_construct": "@order_name",
            "promoMerchantAssociation": {

            },
            "action": {
              "isAllRandomAction": false,
              "global": {
                "data": [

                ]
              },
              "states": {
                "0": {
                  "data": [
                    {
                      "frontend_redemption_type": "",
                      "name": "action-select",
                      "fields": [
                        {
                          "name": "type",
                          "value": "percentage"
                        },
                        {
                          "name": "value",
                          "value": "10"
                        },
                        {
                          "name": "cap",
                          "value": "900"
                        },
                        {
                          "name": "non_kyc_cashback_mode",
                          "value": "goldback"
                        }
                      ],
                      "value": "giveSuperCash",
                      "surprise_stage": false
                    }
                  ]
                },
                "1": {
                  "data": [
                    {
                      "frontend_redemption_type": "",
                      "name": "action-select",
                      "fields": [
                        {
                          "name": "deal_id",
                          "value": "1200145335"
                        },
                        {
                          "name": "deal_text",
                          "value": "Deal_text22"
                        },
                        {
                          "name": "deal_usage_text",
                          "value": "Deal_UsageText22"
                        }
                      ],
                      "value": "giveSuperDeal",
                      "surprise_stage": false
                    }
                  ]
                },
                "2": {
                  "data": [
                    {
                      "frontend_redemption_type": "",
                      "name": "action-select",
                      "fields": [
                        {
                          "name": "type",
                          "value": "absolute"
                        },
                        {
                          "name": "value",
                          "value": "200"
                        },
                        {
                          "name": "cap",
                          "value": "200"
                        }
                      ],
                      "value": "giveSuperGoldback",
                      "surprise_stage": false
                    }
                  ]
                }
              }
            },
            "redemption_type": "goldback",
            "id": "29819",
            "info": {
              "first_transaction_cta": "Do your first recharge",
              "background_image_url": "BG URL",
              "auto_activate": true,
              "isDeeplink": false,
              "game_expiry": "2",
              "ppi_type": "SCLW ",
              "title": "Activate offer to get upto \u20b9NaN by doing 4 more DTH recharges of \u20b9200 or more within 2 hours",
              "off_us_transaction_text": "Off Us txn text",
              "offer_text_override": "DTH Recharge - upto \u20b9NaN",
              "surprise_text": "<p><span style=\"color: #FFA500;\">★<\/span><span style=\"color: #000000;\">1st DTH recharge, Get upto \u20b9900 cashback<p><span style=\"color: #FFA500;\">★<\/span><span style=\"color: #000000;\">3rd DTH recharge, Get \u20b9200 goldback<p>",
              "progress_screen_construct": "@order_name",
              "cashback_process_delay": "0",
              "time_unit": "60",
              "offer_expiry_time_unit": "60",
              "game_expiry_amount": "22",
              "offer_keyword": "DTH recharge%s",
              "deeplink_url": "paytmmp://dth?url=https://catalog.paytm.com/v1/mobile/DTH/18",
              "tags": "Recharge & Bill payment Offers, Recharges",
              "cashback_process_delay_unit": "1",
              "offer_expiry": "6",
              "offer_expiry_amount": "11",
              "progress_screen_cta": "Recharge Now",
              "supercash_stages": {
                "0": {
                  "event": "ACCEPT_OFFER"
                },
                "1": {

                },
                "2": {

                }
              },
              "offer_image_url": "https://assetscdn.paytm.com/images/catalog/wallet/ic_dth.png",
              "important_terms": "<p><span style=\"color: #FFA500;\">★<\/span><span style=\"color: #000000;\">Offer can be availed 10000 times during the campaign validity<p><span style=\"color: #FFA500;\">★<\/span><span style=\"color: #000000;\">Minimum amount of each transaction should be 200 <p>",
              "new_offers_image_url": "https://assetscdn.paytm.com/images/catalog/wallet/ic_dth.png",
              "background_overlay": false,
              "offer_type_id": "2"
            },
            "redemption_type_flat_percent": "flat",
            "tnc": "https://paytmmall.com/papi/v2/promocard/supercash/campaign/tnc/29819",
            "offer_keyword": "DTH recharge%s",
            "bonus_amount": "200",
            "promocode": "",
            "deeplink_url": "",
            "offer_expiry": 360,
            "condition": "{\"global\":{\"data\":{\"all\":[{\"name\":\"amount\",\"operator\":\"greaterThanEqual\",\"value\":\"200\",\"error\":\"\",\"meta\":\"\"},{\"name\":\"WALLET_transactionType\",\"operator\":\"isOneOf\",\"value\":[\"Manual05\"],\"error\":\"\",\"meta\":\"\"},{\"name\":\"offers_per_user\",\"operator\":\"lessThanEqual\",\"value\":\"10000\",\"error\":\"\",\"meta\":\"\"}]}},\"states\":{\"0\":{\"data\":{\"all\":[{\"name\":\"transactionCount\",\"operator\":\"equalTo\",\"value\":\"1\",\"error\":\"\",\"meta\":\"\"}]}},\"1\":{\"data\":{\"all\":[{\"name\":\"transactionCount\",\"operator\":\"equalTo\",\"value\":\"2\",\"error\":\"\",\"meta\":\"\"}]}},\"2\":{\"data\":{\"all\":[{\"name\":\"transactionCount\",\"operator\":\"equalTo\",\"value\":\"2\",\"error\":\"\",\"meta\":\"\"}]}}}}",
            "offer_expiry_amount": "11",
            "progress_screen_cta": "Recharge Now",
            "offer_type_text": "Data Card Prepaid Recharge Offer",
            "campaign": "PRMSUCASH_388_TEST_DEAL_3",
            "new_offers_image_url": "https://assetscdn.paytm.com/images/catalog/wallet/ic_dth.png",
            "important_terms": "<p><span style=\"color: #FFA500;\">★<\/span><span style=\"color: #000000;\">Offer can be availed 10000 times during the campaign validity<p><span style=\"color: #FFA500;\">★<\/span><span style=\"color: #000000;\">Minimum amount of each transaction should be 200 <p>",
            "offer_type_id": 2,
            "short_description": "Do 4 DTH recharges of \u20b9200 or more within 2 hours",
            "background_image_url": "BG URL",
            "max_cashback_value_initial_stage": "900",
            "description": "Do your first DTH recharge of \u20b9200 or more to activate your offer",
            "initial_amount": "900",
            "game_expiry": 120,
            "title": "Activate offer to get upto \u20b9NaN by doing 4 more DTH recharges of \u20b9200 or more within 2 hours",
            "offer_text_override": "DTH Recharge - upto \u20b9NaN",
            "surprise_text": "<p><span style=\"color: #FFA500;\">★<\/span><span style=\"color: #000000;\">1st DTH recharge, Get upto \u20b9900 cashback<p><span style=\"color: #FFA500;\">★<\/span><span style=\"color: #000000;\">3rd DTH recharge, Get \u20b9200 goldback<p>",
            "percent_redemption": 0,
            "cashback_process_delay": 0,
            "offerMerchantCondition": {

            },
            "game_expiry_amount": "22",
            "offerPerMerchantPerCampaignPerWeek": {

            },
            "max_cashback_value_bonus_stage": 0,
            "cashback_process_delay_unit": 1,
            "merchantPerCampaignCondition": {

            },
            "valid_upto": "2019-08-31T07:16:00.000Z",
            "stages": {
              "0": {
                "event": "ACCEPT_OFFER"
              },
              "1": {

              },
              "2": {

              }
            },
            "offer_image_url": "https://assetscdn.paytm.com/images/catalog/wallet/ic_dth.png",
            "background_overlay": false,
            "total_txn_count": "4"
          }
        ]
      },
      "errors": [

      ],
      "status": 1
    },
    "userId": "123",
    "pageSize": 20
  },
  {
    "testCaseName": "Supercash campaign List for non default page size less than the default size",
    "expectedResponse":{
      "data": {
        "is_next": true,
        "campaigns": [
          {
            "auto_activate": true,
            "third_party_id": -1,
            "off_us_transaction_text": "Off Us txn text",
            "max_offer_allowed": "10000",
            "offerPerMerchantPerCampaignPerDay": {

            },
            "is_offus_transaction": false,
            "stage_txn_count": "4",
            "progress_screen_construct": "@order_name",
            "promoMerchantAssociation": {

            },
            "action": {
              "isAllRandomAction": false,
              "global": {
                "data": [

                ]
              },
              "states": {
                "0": {
                  "data": [
                    {
                      "frontend_redemption_type": "",
                      "name": "action-select",
                      "fields": [
                        {
                          "name": "type",
                          "value": "percentage"
                        },
                        {
                          "name": "value",
                          "value": "10"
                        },
                        {
                          "name": "cap",
                          "value": "900"
                        },
                        {
                          "name": "non_kyc_cashback_mode",
                          "value": "goldback"
                        }
                      ],
                      "value": "giveSuperCash",
                      "surprise_stage": false
                    }
                  ]
                },
                "1": {
                  "data": [
                    {
                      "frontend_redemption_type": "",
                      "name": "action-select",
                      "fields": [
                        {
                          "name": "deal_id",
                          "value": "1200174464"
                        },
                        {
                          "name": "deal_text",
                          "value": "Deal_text"
                        },
                        {
                          "name": "deal_usage_text",
                          "value": "Deal_UsageText"
                        }
                      ],
                      "value": "giveSuperDeal",
                      "surprise_stage": false
                    }
                  ]
                },
                "2": {
                  "data": [
                    {
                      "frontend_redemption_type": "",
                      "name": "action-select",
                      "fields": [
                        {
                          "name": "type",
                          "value": "absolute"
                        },
                        {
                          "name": "value",
                          "value": "200"
                        },
                        {
                          "name": "cap",
                          "value": "200"
                        }
                      ],
                      "value": "giveSuperGoldback",
                      "surprise_stage": false
                    }
                  ]
                }
              }
            },
            "redemption_type": "goldback",
            "id": "29446",
            "info": {
              "first_transaction_cta": "Do your first recharge",
              "background_image_url": "BG URL",
              "auto_activate": true,
              "isDeeplink": false,
              "game_expiry": "2",
              "ppi_type": "SCLW ",
              "title": "Activate offer to get upto \u20b91100 by doing 4 more mobile recharges of \u20b9200 or more within 2 hours",
              "off_us_transaction_text": "Off Us txn text",
              "offer_text_override": "Mobile Recharge - upto \u20b91100",
              "surprise_text": "<p><span style=\"color: #FFA500;\">★<\/span><span style=\"color: #000000;\">1st mobile recharge, Get upto \u20b9900 cashback<p><span style=\"color: #FFA500;\">★<\/span><span style=\"color: #000000;\">2nd mobile recharge, Get <p><span style=\"color: #FFA500;\">★<\/span><span style=\"color: #000000;\">4th mobile recharge, Get \u20b9200 goldback<p>",
              "progress_screen_construct": "@order_name",
              "cashback_process_delay": "0",
              "time_unit": "60",
              "offer_expiry_time_unit": "60",
              "game_expiry_amount": "22",
              "offer_keyword": "mobile recharge%s",
              "deeplink_url": "paytmmp://mobile_prepaid?url=https://catalog.paytm.com/v1/mobile/mobile-prepaid/17",
              "tags": "Recharge & Bill payment Offers, Recharges",
              "cashback_process_delay_unit": "1",
              "offer_expiry": "6",
              "offer_expiry_amount": "11",
              "progress_screen_cta": "Recharge Now",
              "supercash_stages": {
                "0": {
                  "event": "ACCEPT_OFFER"
                },
                "1": {

                },
                "2": {

                }
              },
              "offer_image_url": "https://assetscdn.paytm.com/images/catalog/wallet/ic_mobile.png",
              "important_terms": "<p><span style=\"color: #FFA500;\">★<\/span><span style=\"color: #000000;\">Offer can be availed 10000 times during the campaign validity<\/span><\/p>\n\n<p><span style=\"color: #FFA500;\">★<\/span><span style=\"color: #000000;\">Minimum amount of each transaction should be 200 <\/span><\/p>\n\n<p> <\/p>\n",
              "new_offers_image_url": "https://assetscdn.paytm.com/images/catalog/wallet/ic_mobile.png",
              "offer_type_id": "2"
            },
            "redemption_type_flat_percent": "flat",
            "tnc": "https://paytmmall.com/papi/v2/promocard/supercash/campaign/tnc/29446",
            "offer_keyword": "mobile recharge%s",
            "bonus_amount": "200",
            "promocode": "",
            "deeplink_url": "",
            "offer_expiry": 360,
            "condition": "{\"global\":{\"data\":{\"all\":[{\"name\":\"amount\",\"operator\":\"greaterThanEqual\",\"value\":\"200\",\"error\":\"\",\"meta\":\"\"},{\"name\":\"WALLET_transactionType\",\"operator\":\"isOneOf\",\"value\":[\"Manual02\"],\"error\":\"\",\"meta\":\"\"},{\"name\":\"offers_per_user\",\"operator\":\"lessThanEqual\",\"value\":\"10000\",\"error\":\"\",\"meta\":\"\"}]}},\"states\":{\"0\":{\"data\":{\"all\":[{\"name\":\"transactionCount\",\"operator\":\"equalTo\",\"value\":\"1\",\"error\":\"\",\"meta\":\"\"}]}},\"1\":{\"data\":{\"all\":[{\"name\":\"transactionCount\",\"operator\":\"equalTo\",\"value\":\"2\",\"error\":\"\",\"meta\":\"\"}]}},\"2\":{\"data\":{\"all\":[{\"name\":\"transactionCount\",\"operator\":\"equalTo\",\"value\":\"2\",\"error\":\"\",\"meta\":\"\"}]}}}}",
            "offer_expiry_amount": "11",
            "progress_screen_cta": "Recharge Now",
            "offer_type_text": "Data Card Prepaid Recharge Offer",
            "campaign": "PRMSUCASH_388_TEST_DEAL",
            "new_offers_image_url": "https://assetscdn.paytm.com/images/catalog/wallet/ic_mobile.png",
            "important_terms": "<p><span style=\"color: #FFA500;\">★<\/span><span style=\"color: #000000;\">Offer can be availed 10000 times during the campaign validity<\/span><\/p>\n\n<p><span style=\"color: #FFA500;\">★<\/span><span style=\"color: #000000;\">Minimum amount of each transaction should be 200 <\/span><\/p>\n\n<p> <\/p>\n",
            "offer_type_id": 2,
            "short_description": "Do 4 mobile recharges of \u20b9200 or more within 2 hours",
            "background_image_url": "BG URL",
            "max_cashback_value_initial_stage": "900",
            "description": "Do your first mobile recharge of \u20b9200 or more to activate your offer",
            "initial_amount": "900",
            "game_expiry": 120,
            "title": "Activate offer to get upto \u20b91100 by doing 4 more mobile recharges of \u20b9200 or more within 2 hours",
            "offer_text_override": "Mobile Recharge - upto \u20b91100",
            "surprise_text": "<p><span style=\"color: #FFA500;\">★<\/span><span style=\"color: #000000;\">1st mobile recharge, Get upto \u20b9900 cashback<p><span style=\"color: #FFA500;\">★<\/span><span style=\"color: #000000;\">2nd mobile recharge, Get <p><span style=\"color: #FFA500;\">★<\/span><span style=\"color: #000000;\">4th mobile recharge, Get \u20b9200 goldback<p>",
            "percent_redemption": 0,
            "cashback_process_delay": 0,
            "offerMerchantCondition": {

            },
            "game_expiry_amount": "22",
            "offerPerMerchantPerCampaignPerWeek": {

            },
            "max_cashback_value_bonus_stage": 0,
            "cashback_process_delay_unit": 1,
            "merchantPerCampaignCondition": {

            },
            "valid_upto": "2019-08-31T07:16:00.000Z",
            "stages": {
              "0": {
                "event": "ACCEPT_OFFER"
              },
              "1": {

              },
              "2": {

              }
            },
            "offer_image_url": "https://assetscdn.paytm.com/images/catalog/wallet/ic_mobile.png",
            "background_overlay": "",
            "total_txn_count": "4"
          },
          {
            "auto_activate": false,
            "third_party_id": -1,
            "off_us_transaction_text": "Off Us txn text",
            "max_offer_allowed": "10000",
            "offerPerMerchantPerCampaignPerDay": {

            },
            "is_offus_transaction": false,
            "stage_txn_count": "4",
            "progress_screen_construct": "@order_name",
            "promoMerchantAssociation": {

            },
            "action": {
              "isAllRandomAction": false,
              "global": {
                "data": [

                ]
              },
              "states": {
                "0": {
                  "data": [
                    {
                      "frontend_redemption_type": "",
                      "name": "action-select",
                      "fields": [
                        {
                          "name": "type",
                          "value": "percentage"
                        },
                        {
                          "name": "value",
                          "value": "10"
                        },
                        {
                          "name": "cap",
                          "value": "900"
                        },
                        {
                          "name": "non_kyc_cashback_mode",
                          "value": "goldback"
                        }
                      ],
                      "value": "giveSuperCash",
                      "surprise_stage": false
                    }
                  ]
                },
                "1": {
                  "data": [
                    {
                      "frontend_redemption_type": "",
                      "name": "action-select",
                      "fields": [
                        {
                          "name": "deal_id",
                          "value": "1200174464"
                        },
                        {
                          "name": "deal_text",
                          "value": "Deal_text"
                        },
                        {
                          "name": "deal_usage_text",
                          "value": "Deal_UsageText"
                        }
                      ],
                      "value": "giveSuperDeal",
                      "surprise_stage": false
                    }
                  ]
                },
                "2": {
                  "data": [
                    {
                      "frontend_redemption_type": "",
                      "name": "action-select",
                      "fields": [
                        {
                          "name": "type",
                          "value": "absolute"
                        },
                        {
                          "name": "value",
                          "value": "200"
                        },
                        {
                          "name": "cap",
                          "value": "200"
                        }
                      ],
                      "value": "giveSuperGoldback",
                      "surprise_stage": false
                    }
                  ]
                }
              }
            },
            "redemption_type": "goldback",
            "id": "29460",
            "info": {
              "first_transaction_cta": "Do your first recharge",
              "background_image_url": "BG URL",
              "auto_activate": false,
              "isDeeplink": false,
              "game_expiry": "2",
              "ppi_type": "SCLW ",
              "title": "Activate offer to get upto \u20b91100 by doing 4 more DTH recharges of \u20b9200 or more within 2 hours",
              "off_us_transaction_text": "Off Us txn text",
              "offer_text_override": "DTH Recharge - upto \u20b91100",
              "surprise_text": "<p><span style=\"color: #FFA500;\">★<\/span><span style=\"color: #000000;\">1st DTH recharge, Get upto \u20b9900 cashback<p><span style=\"color: #FFA500;\">★<\/span><span style=\"color: #000000;\">2nd DTH recharge, Get <p><span style=\"color: #FFA500;\">★<\/span><span style=\"color: #000000;\">4th DTH recharge, Get \u20b9200 goldback<p>",
              "progress_screen_construct": "@order_name",
              "cashback_process_delay": "0",
              "time_unit": "60",
              "offer_expiry_time_unit": "60",
              "game_expiry_amount": "22",
              "offer_keyword": "DTH recharge%s",
              "deeplink_url": "paytmmp://dth?url=https://catalog.paytm.com/v1/mobile/DTH/18",
              "tags": "Recharge & Bill payment Offers, Recharges",
              "cashback_process_delay_unit": "1",
              "offer_expiry": "6",
              "offer_expiry_amount": "11",
              "progress_screen_cta": "Recharge Now",
              "supercash_stages": {
                "0": {
                  "event": "ACCEPT_OFFER"
                },
                "1": {

                },
                "2": {

                }
              },
              "offer_image_url": "https://assetscdn.paytm.com/images/catalog/wallet/ic_dth.png",
              "important_terms": "<p><span style=\"color: #FFA500;\">★<\/span><span style=\"color: #000000;\">Offer can be availed 10000 times during the campaign validity<p><span style=\"color: #FFA500;\">★<\/span><span style=\"color: #000000;\">Minimum amount of each transaction should be 200 <p>",
              "new_offers_image_url": "https://assetscdn.paytm.com/images/catalog/wallet/ic_dth.png",
              "offer_type_id": "2"
            },
            "redemption_type_flat_percent": "flat",
            "tnc": "https://paytmmall.com/papi/v2/promocard/supercash/campaign/tnc/29460",
            "offer_keyword": "DTH recharge%s",
            "bonus_amount": "200",
            "promocode": "",
            "deeplink_url": "",
            "offer_expiry": 360,
            "condition": "{\"global\":{\"data\":{\"all\":[{\"name\":\"amount\",\"operator\":\"greaterThanEqual\",\"value\":\"200\",\"error\":\"\",\"meta\":\"\"},{\"name\":\"WALLET_transactionType\",\"operator\":\"isOneOf\",\"value\":[\"Manual03\"],\"error\":\"\",\"meta\":\"\"},{\"name\":\"offers_per_user\",\"operator\":\"lessThanEqual\",\"value\":\"10000\",\"error\":\"\",\"meta\":\"\"}]}},\"states\":{\"0\":{\"data\":{\"all\":[{\"name\":\"transactionCount\",\"operator\":\"equalTo\",\"value\":\"1\",\"error\":\"\",\"meta\":\"\"}]}},\"1\":{\"data\":{\"all\":[{\"name\":\"transactionCount\",\"operator\":\"equalTo\",\"value\":\"2\",\"error\":\"\",\"meta\":\"\"}]}},\"2\":{\"data\":{\"all\":[{\"name\":\"transactionCount\",\"operator\":\"equalTo\",\"value\":\"2\",\"error\":\"\",\"meta\":\"\"}]}}}}",
            "offer_expiry_amount": "11",
            "progress_screen_cta": "Recharge Now",
            "offer_type_text": "Data Card Prepaid Recharge Offer",
            "campaign": "PRMSUCASH_388_TEST_DEAL_2",
            "new_offers_image_url": "https://assetscdn.paytm.com/images/catalog/wallet/ic_dth.png",
            "important_terms": "<p><span style=\"color: #FFA500;\">★<\/span><span style=\"color: #000000;\">Offer can be availed 10000 times during the campaign validity<p><span style=\"color: #FFA500;\">★<\/span><span style=\"color: #000000;\">Minimum amount of each transaction should be 200 <p>",
            "offer_type_id": 2,
            "short_description": "Do 4 DTH recharges of \u20b9200 or more within 2 hours",
            "background_image_url": "BG URL",
            "max_cashback_value_initial_stage": "900",
            "description": "Do your first DTH recharge of \u20b9200 or more to activate your offer",
            "initial_amount": "900",
            "game_expiry": 120,
            "title": "Activate offer to get upto \u20b91100 by doing 4 more DTH recharges of \u20b9200 or more within 2 hours",
            "offer_text_override": "DTH Recharge - upto \u20b91100",
            "surprise_text": "<p><span style=\"color: #FFA500;\">★<\/span><span style=\"color: #000000;\">1st DTH recharge, Get upto \u20b9900 cashback<p><span style=\"color: #FFA500;\">★<\/span><span style=\"color: #000000;\">2nd DTH recharge, Get <p><span style=\"color: #FFA500;\">★<\/span><span style=\"color: #000000;\">4th DTH recharge, Get \u20b9200 goldback<p>",
            "percent_redemption": 0,
            "cashback_process_delay": 0,
            "offerMerchantCondition": {

            },
            "game_expiry_amount": "22",
            "offerPerMerchantPerCampaignPerWeek": {

            },
            "max_cashback_value_bonus_stage": 0,
            "cashback_process_delay_unit": 1,
            "merchantPerCampaignCondition": {

            },
            "valid_upto": "2019-08-31T07:16:00.000Z",
            "stages": {
              "0": {
                "event": "ACCEPT_OFFER"
              },
              "1": {

              },
              "2": {

              }
            },
            "offer_image_url": "https://assetscdn.paytm.com/images/catalog/wallet/ic_dth.png",
            "background_overlay": "",
            "total_txn_count": "4"
          }
        ]
      },
      "errors": [

      ],
      "status": 1
    },
    "userId": "123",
    "pageSize": 10
  }
]