[
  {
    "testCaseName": "Supercash campaign details using V1 API",
    "expectedResponse": {
      "status": {
        "result": "FAILURE",
        "message": {
          "title": "Upgrade your applicaiton",
          "message": "Update your app"
        }
      },
      "errors": [],
      "code": 404,
      "errorCode": 404,
      "error": "Please upgrade your app."
    }
  },
  {
    "testCaseName": "Supercash campaign details using V1 API for user not eligible for campaign",
    "expectedResponse": {
      "status": {
        "result": "FAILURE",
        "message": {
          "title": "Upgrade your applicaiton",
          "message": "Update your app"
        }
      },
      "errors": [],
      "code": 404,
      "errorCode": 404,
      "error": "Please upgrade your app."
    }
  },
  {
    "testCaseName": "Supercash campaign details using V1 API for user value as string and campaign id as -1",
    "expectedResponse": {
      "status": {
        "result": "FAILURE",
        "message": {
          "title": "Upgrade your applicaiton",
          "message": "Update your app"
        }
      },
      "errors": [],
      "code": 404,
      "errorCode": 404,
      "error": "Please upgrade your app."
    }
  },
  {
    "testCaseName": "Supercash campaign details using V1 API for associated to user in valid user (campaign not associated to user)",
    "expectedResponse":{
      "status": {
        "result": "FAILURE",
        "message": {
          "title": "Upgrade your applicaiton",
          "message": "Update your app"
        }
      },
      "errors": [],
      "code": 404,
      "errorCode": 404,
      "error": "Please upgrade your app."
    }
  }
]