{
  "UserHavingInProgressGame": {
    "code": 400,
    "errorCode": "SCB_GE_4007",
    "error": "Request can not be served at this time. Please try again later",
    "status": {
      "result": "failure",
      "message": {
        "title": "Request can not be served at this time. Please try again later",
        "message": "Request can not be served at this time. Please try again later"
      }
    }
  },
  "UserHavingInitGame": {
    "code": 400,
    "errorCode": "SCB_GE_4019",
    "error": "Your offer has already been rolled out with your recent transaction. Please tap on 'My Offers' to activate the offer.",
    "status": {
      "result": "failure",
      "message": {
        "title": "Your offer has already been rolled out with your recent transaction. Please tap on 'My Offers' to activate the offer.",
        "message": "Your offer has already been rolled out with your recent transaction. Please tap on 'My Offers' to activate the offer."
      }
    }
  },
  "UserOfferPerConditionBreached": {
    "error": "Offer per user condition getting breached",
    "status": {
      "result": "failure",
      "message": {
        "title": "Offer per user condition getting breached",
        "message": "Offer per user condition getting breached"
      }
    },
    "code": 405,
    "errorCode": "SCB_GE_4006"
  },
  "AssociatedToUserCondition": {
    "data": {
    },
    "errors": [
      {
        "code": "PROMO_SUPERCASH_4045",
        "data": {
        },
        "message": "Please update the app version to activate the offer.",
        "status": 404,
        "title": "Please update the app version to activate the offer."
      }
    ],
    "status": 0
  }
}