{
  "InProgressGame": {
    "data": {
      "campaign": {

      },
      "supercash_list": [
        {
          "max_cashback_value_initial_stage": "5",
          "created_at": "2019-03-08T06:47:55.000Z",
          "remark": null,
          "initial_amount": 5,
          "game_expiry": "2019-03-08T06:47:58.000Z",
          "max_cashback_value": "10",
          "stage_txn_count": 2,
          "redemption_text": "",
          "redemption_status": "NOT_REDEEMED",
          "response_string": "Cashback will be credited to your account by undefined in a few days",
          "updated_at": "2019-03-08T06:47:55.000Z",
          "redemption_type_icon": "https://paytm.s3-ap-southeast-1.amazonaws.com/promo_seller_panel_uploads/production/Cashback.png",
          "percent_redemption": "10",
          "frontend_redemption_type": "cashback",
          "initialized_transaction_construct": "Claim ₹5 now or Activate offer and do 2 more ddds to earn ₹10",
          "redemption_type": "cashback",
          "id": 80983,
          "campaign_id": 27410,
          "info": {
            "cb_earned_at": null,
            "transaction_status": 2,
            "cross_promo_info": {

            },
            "deal_info": {

            },
            "offer_reset_count": "",
            "campaign": {
              "auto_activate": false,
              "third_party_id": -1,
              "multi_stage_goldback": false,
              "off_us_transaction_text": "sss",
              "max_offer_allowed": "4000",
              "multi_stage_campaign": false,
              "is_offus_transaction": false,
              "progress_screen_construct": "test",
              "action": {
                "global": {
                  "data": [

                  ]
                },
                "states": {
                  "0": {
                    "data": [
                      {
                        "name": "action-select",
                        "fields": [
                          {
                            "name": "type",
                            "value": "absolute"
                          },
                          {
                            "name": "value",
                            "value": "5"
                          },
                          {
                            "name": "cap",
                            "value": "5"
                          },
                          {
                            "name": "non_kyc_cashback_mode",
                            "value": "goldback"
                          }
                        ],
                        "value": "giveSuperCash"
                      }
                    ]
                  },
                  "1": {
                    "data": [
                      {
                        "name": "action-select",
                        "fields": [
                          {
                            "name": "type",
                            "value": "absolute"
                          },
                          {
                            "name": "value",
                            "value": "10"
                          },
                          {
                            "name": "cap",
                            "value": "10"
                          },
                          {
                            "name": "non_kyc_cashback_mode",
                            "value": "goldback"
                          }
                        ],
                        "value": "giveSuperCash"
                      }
                    ]
                  }
                }
              },
              "redemption_type": "cashback",
              "id": 27410,
              "info": {
                "background_image_url": "test",
                "auto_activate": false,
                "isDeeplink": false,
                "game_expiry_amount": "10",
                "offer_keyword": "ddd",
                "game_expiry": "0.05",
                "title": "offer",
                "off_us_transaction_text": "sss",
                "display_tags": [

                ],
                "offer_text_override": "ss",
                "offer_expiry": "0.05",
                "progress_screen_construct": "test",
                "offer_expiry_amount": "20",
                "progress_screen_cta": "dd",
                "time_unit": "1",
                "offer_image_url": "ss",
                "background_image_url ": "ss",
                "new_offers_image_url": "jnk",
                "important_terms": "test",
                "offer_type_id": "5",
                "offer_expiry_time_unit": "1"
              },
              "redemption_type_flat_percent": "flat",
              "multi_stage_icon": "",
              "tnc": "https://paytmmall.com/papi/v2/promocard/supercash/campaign/tnc/27410",
              "offer_keyword": "ddd",
              "bonus_amount": "10",
              "deeplink_url": "",
              "offerUserCondition": {
                "condition": true,
                "actualValue": 0,
                "value": "4000",
                "operator": "lessThanEqual"
              },
              "offer_expiry": 0.05,
              "condition": "{\"global\":{\"data\":{\"all\":[{\"name\":\"PG_merchantIds\",\"operator\":\"isOneOf\",\"value\":[\"1111\",\"2222\"],\"error\":\"\",\"meta\":\"\"},{\"name\":\"offers_per_user\",\"operator\":\"lessThanEqual\",\"value\":\"4000\",\"error\":\"\",\"meta\":\"\"},{\"name\":\"amount\",\"operator\":\"greaterThan\",\"value\":\"1\",\"error\":\"\",\"meta\":\"\"}]}},\"states\":{\"0\":{\"data\":{\"all\":[{\"name\":\"transactionCount\",\"operator\":\"equalTo\",\"value\":\"1\",\"error\":\"\",\"meta\":\"\"}]}},\"1\":{\"data\":{\"all\":[{\"name\":\"transactionCount\",\"operator\":\"equalTo\",\"value\":\"2\",\"error\":\"\",\"meta\":\"\"}]}}}}",
              "offer_expiry_amount": "20",
              "progress_screen_cta": "dd",
              "offer_type_text": "UPI Offer",
              "total_cashback_earned": 0,
              "campaign": "RISHI_supercashback",
              "new_offers_image_url": "jnk",
              "important_terms": "test",
              "offer_type_id": 5,
              "promoAssociation": {

              },
              "short_description": "offer",
              "background_image_url": "test",
              "offer_summary": "You have earned \u20b90",
              "max_cashback_value_initial_stage": "5",
              "offerPerUserPerMonthCondition": {

              },
              "initial_amount": "5",
              "game_expiry": 0.05,
              "offer_text_override": "ss",
              "surprise_text": "",
              "percent_redemption": "10",
              "cashback_process_delay": 0,
              "frontend_redemption_type": "cashback",
              "surprise_text_title": "Offer Details",
              "total_offer_value": 15,
              "game_expiry_amount": "10",
              "max_cashback_value_bonus_stage": "10",
              "cashback_process_delay_unit": 0,
              "pending_offer_value": 15,
              "valid_upto": "2021-05-31T07:06:00.000Z",
              "stages": {
                "0": [
                  {
                    "earned_text": "",
                    "redemption_type_flat_percent": "flat",
                    "max_cashback": 5,
                    "fulfillment_at": "",
                    "bonus_amount": 0,
                    "done_transactions": 0,
                    "stage_status": "INCOMPLETE",
                    "cashback_text": "",
                    "percentage_redemption": "5",
                    "stage_txn_count": 1,
                    "redemption_text": "",
                    "redemption_status": "",
                    "frontend_redemption_type": "cashback",
                    "redemption_type": "cashback",
                    "surprise_stage": "false"
                  }
                ],
                "1": [
                  {
                    "earned_text": "",
                    "redemption_type_flat_percent": "flat",
                    "max_cashback": 10,
                    "fulfillment_at": "",
                    "bonus_amount": 0,
                    "done_transactions": 0,
                    "stage_status": "INCOMPLETE",
                    "cashback_text": "Get \u20b910 cashback",
                    "percentage_redemption": "10",
                    "stage_txn_count": 2,
                    "redemption_text": "",
                    "redemption_status": "",
                    "frontend_redemption_type": "cashback",
                    "redemption_type": "cashback",
                    "surprise_stage": "false"
                  }
                ]
              },
              "offer_image_url": "ss"
            },
            "cashback_delay": "0000-00-00 00:00:00",
            "cancelled_txn_count": 0,
            "transactions": [
              {
                "stage_objects": [
                  {
                    "earned_text": "",
                    "redemption_type_flat_percent": "flat",
                    "max_cashback": 5,
                    "fulfillment_at": "",
                    "bonus_amount": 0,
                    "done_transactions": 0,
                    "stage_status": "INCOMPLETE",
                    "cashback_text": "",
                    "percentage_redemption": "5",
                    "stage_txn_count": 1,
                    "redemption_text": "",
                    "redemption_status": "",
                    "frontend_redemption_type": "cashback",
                    "redemption_type": "cashback",
                    "surprise_stage": "false"
                  }
                ],
                "stage": "0"
              },
              {
                "stage_objects": [
                  {
                    "earned_text": "",
                    "redemption_type_flat_percent": "flat",
                    "max_cashback": 10,
                    "fulfillment_at": "",
                    "bonus_amount": 0,
                    "done_transactions": 0,
                    "stage_status": "INCOMPLETE",
                    "cashback_text": "Get \u20b910 cashback",
                    "percentage_redemption": "10",
                    "stage_txn_count": 2,
                    "redemption_text": "",
                    "redemption_status": "",
                    "frontend_redemption_type": "cashback",
                    "redemption_type": "cashback",
                    "surprise_stage": "false"
                  }
                ],
                "stage": "1"
              }
            ],
            "offer_expiry_reason": ""
          },
          "server_timestamp": "2019-03-08T06:47:55.459Z",
          "redemption_type_flat_percent": "flat",
          "game_expiry_amount": 10,
          "promocode": "",
          "bonus_amount": 10,
          "cancelled_txn_count": 0,
          "offer_id": "80983",
          "max_cashback_value_bonus_stage": "10",
          "offer_progress_construct": "You are 2 ddds away from earning ₹10 cashback",
          "Claim_CTA": "Claim \u20b95 cashback now",
          "offer_expiry": "2019-03-08T06:47:58.000Z",
          "stage": 0,
          "offer_expiry_amount": 20,
          "expire_at": "2019-03-08T06:47:58.000Z",
          "total_txn_count": 0,
          "acknowledged_at": "2019-03-08T06:47:55.000Z",
          "status": "INPROGRESS"
        }
      ]
    },
    "errors": [

    ],
    "status": 1
  },
  "UnAckedGame": {
    "status": 1,
    "errors": [

    ],
    "data": {
      "campaign": {
        "id": "27410",
        "valid_upto": "2021-05-31T07:06:00.000Z",
        "campaign": "RISHI_SUPERCASHBACK",
        "description": "offer",
        "redemption_type": "cashback",
        "tnc": "https://paytmmall.com/papi/v2/promocard/supercash/campaign/tnc/27410",
        "initial_amount": "5",
        "bonus_amount": "10",
        "title": "offer",
        "deeplink_url": "",
        "short_description": "offer",
        "stage_txn_count": "2",
        "total_txn_count": "2",
        "game_expiry": 0.05,
        "offer_expiry": 0.05,
        "offer_type_id": 5,
        "offer_type_text": "UPI Offer",
        "offer_image_url": "ss",
        "offer_text_override": "ss",
        "offer_expiry_amount": "20",
        "background_image_url": "test",
        "off_us_transaction_text": "sss",
        "new_offers_image_url": "jnk",
        "game_expiry_amount": "10",
        "auto_activate": false,
        "max_offer_allowed": "4000",
        "progress_screen_cta": "dd",
        "offer_keyword": "ddd",
        "third_party_id": -1,
        "max_cashback_value_initial_stage": "5",
        "max_cashback_value_bonus_stage": "10",
        "redemption_type_flat_percent": "flat",
        "percent_redemption": "10",
        "progress_screen_construct": "test",
        "cashback_process_delay": 0,
        "cashback_process_delay_unit": 0,
        "important_terms": "test",
        "action": {
          "global": {
            "data": [

            ]
          },
          "states": {
            "0": {
              "data": [
                {
                  "name": "action-select",
                  "value": "giveSuperCash",
                  "fields": [
                    {
                      "name": "type",
                      "value": "absolute"
                    },
                    {
                      "name": "value",
                      "value": "5"
                    },
                    {
                      "name": "cap",
                      "value": "5"
                    },
                    {
                      "name": "non_kyc_cashback_mode",
                      "value": "goldback"
                    }
                  ]
                }
              ]
            },
            "1": {
              "data": [
                {
                  "name": "action-select",
                  "value": "giveSuperCash",
                  "fields": [
                    {
                      "name": "type",
                      "value": "absolute"
                    },
                    {
                      "name": "value",
                      "value": "10"
                    },
                    {
                      "name": "cap",
                      "value": "10"
                    },
                    {
                      "name": "non_kyc_cashback_mode",
                      "value": "goldback"
                    }
                  ]
                }
              ]
            }
          }
        },
        "promocode": "",
        "is_offus_transaction": false
      },
      "supercash_list": [

      ]
    }
  },
  "OfferExpiredGame": {
    "status": 1,
    "errors": [

    ],
    "data": {
      "campaign": {
        "id": "27410",
        "valid_upto": "2021-05-31T07:06:00.000Z",
        "campaign": "RISHI_SUPERCASHBACK",
        "description": "offer",
        "redemption_type": "cashback",
        "tnc": "https://paytmmall.com/papi/v2/promocard/supercash/campaign/tnc/27410",
        "initial_amount": "5",
        "bonus_amount": "10",
        "title": "offer",
        "deeplink_url": "",
        "short_description": "offer",
        "stage_txn_count": "2",
        "total_txn_count": "2",
        "game_expiry": 0.05,
        "offer_expiry": 0.05,
        "offer_type_id": 5,
        "offer_type_text": "UPI Offer",
        "offer_image_url": "ss",
        "offer_text_override": "ss",
        "offer_expiry_amount": "20",
        "background_image_url": "test",
        "off_us_transaction_text": "sss",
        "new_offers_image_url": "jnk",
        "game_expiry_amount": "10",
        "auto_activate": false,
        "max_offer_allowed": "4000",
        "progress_screen_cta": "dd",
        "offer_keyword": "ddd",
        "third_party_id": -1,
        "max_cashback_value_initial_stage": "5",
        "max_cashback_value_bonus_stage": "10",
        "redemption_type_flat_percent": "flat",
        "percent_redemption": "10",
        "progress_screen_construct": "test",
        "cashback_process_delay": 0,
        "cashback_process_delay_unit": 0,
        "important_terms": "test",
        "action": {
          "global": {
            "data": [

            ]
          },
          "states": {
            "0": {
              "data": [
                {
                  "name": "action-select",
                  "value": "giveSuperCash",
                  "fields": [
                    {
                      "name": "type",
                      "value": "absolute"
                    },
                    {
                      "name": "value",
                      "value": "5"
                    },
                    {
                      "name": "cap",
                      "value": "5"
                    },
                    {
                      "name": "non_kyc_cashback_mode",
                      "value": "goldback"
                    }
                  ]
                }
              ]
            },
            "1": {
              "data": [
                {
                  "name": "action-select",
                  "value": "giveSuperCash",
                  "fields": [
                    {
                      "name": "type",
                      "value": "absolute"
                    },
                    {
                      "name": "value",
                      "value": "10"
                    },
                    {
                      "name": "cap",
                      "value": "10"
                    },
                    {
                      "name": "non_kyc_cashback_mode",
                      "value": "goldback"
                    }
                  ]
                }
              ]
            }
          }
        },
        "promocode": "",
        "is_offus_transaction": false
      },
      "supercash_list": [

      ]
    }
  },
  "CompletedGame": {
    "data": {
      "campaign": {
        "auto_activate": false,
        "third_party_id": -1,
        "multi_stage_goldback": false,
        "off_us_transaction_text": "sss",
        "max_offer_allowed": "4000",
        "multi_stage_campaign": false,
        "is_offus_transaction": false,
        "stage_txn_count": "2",
        "progress_screen_construct": "test",
        "action": {
          "global": {
            "data": [

            ]
          },
          "states": {
            "0": {
              "data": [
                {
                  "name": "action-select",
                  "fields": [
                    {
                      "name": "type",
                      "value": "absolute"
                    },
                    {
                      "name": "value",
                      "value": "5"
                    },
                    {
                      "name": "cap",
                      "value": "5"
                    },
                    {
                      "name": "non_kyc_cashback_mode",
                      "value": "goldback"
                    }
                  ],
                  "value": "giveSuperCash"
                }
              ]
            },
            "1": {
              "data": [
                {
                  "name": "action-select",
                  "fields": [
                    {
                      "name": "type",
                      "value": "absolute"
                    },
                    {
                      "name": "value",
                      "value": "10"
                    },
                    {
                      "name": "cap",
                      "value": "10"
                    },
                    {
                      "name": "non_kyc_cashback_mode",
                      "value": "goldback"
                    }
                  ],
                  "value": "giveSuperCash"
                }
              ]
            }
          }
        },
        "redemption_type": "cashback",
        "id": "27410",
        "info": {
          "background_image_url": "test",
          "auto_activate": false,
          "isDeeplink": false,
          "game_expiry_amount": "10",
          "offer_keyword": "ddd",
          "game_expiry": "0.05",
          "title": "offer",
          "off_us_transaction_text": "sss",
          "display_tags": [

          ],
          "offer_text_override": "ss",
          "offer_expiry": "0.05",
          "progress_screen_construct": "test",
          "offer_expiry_amount": "20",
          "progress_screen_cta": "dd",
          "time_unit": "1",
          "offer_image_url": "ss",
          "background_image_url ": "ss",
          "new_offers_image_url": "jnk",
          "important_terms": "test",
          "offer_type_id": "5",
          "offer_expiry_time_unit": "1"
        },
        "redemption_type_flat_percent": "flat",
        "multi_stage_icon": "",
        "tnc": "https://paytmmall.com/papi/v2/promocard/supercash/campaign/tnc/27410",
        "offer_keyword": "ddd",
        "bonus_amount": "10",
        "promocode": "",
        "deeplink_url": "",
        "offer_expiry": 0.05,
        "condition": "{\"global\":{\"data\":{\"all\":[{\"name\":\"PG_merchantIds\",\"operator\":\"isOneOf\",\"value\":[\"1111\",\"2222\"],\"error\":\"\",\"meta\":\"\"},{\"name\":\"offers_per_user\",\"operator\":\"lessThanEqual\",\"value\":\"4000\",\"error\":\"\",\"meta\":\"\"},{\"name\":\"amount\",\"operator\":\"greaterThan\",\"value\":\"1\",\"error\":\"\",\"meta\":\"\"}]}},\"states\":{\"0\":{\"data\":{\"all\":[{\"name\":\"transactionCount\",\"operator\":\"equalTo\",\"value\":\"1\",\"error\":\"\",\"meta\":\"\"}]}},\"1\":{\"data\":{\"all\":[{\"name\":\"transactionCount\",\"operator\":\"equalTo\",\"value\":\"2\",\"error\":\"\",\"meta\":\"\"}]}}}}",
        "offer_expiry_amount": "20",
        "progress_screen_cta": "dd",
        "offer_type_text": "UPI Offer",
        "total_cashback_earned": 0,
        "campaign": "RISHI_SUPERCASHBACK",
        "new_offers_image_url": "jnk",
        "important_terms": "test",
        "offer_type_id": 5,
        "short_description": "offer",
        "background_image_url": "test",
        "offer_summary": "You have earned \u20b90",
        "max_cashback_value_initial_stage": "5",
        "description": "offer",
        "initial_amount": "5",
        "game_expiry": 0.05,
        "title": "offer",
        "offer_text_override": "ss",
        "surprise_text": "",
        "percent_redemption": "10",
        "cashback_process_delay": 0,
        "surprise_text_title": "Offer Details",
        "total_offer_value": 0,
        "game_expiry_amount": "10",
        "max_cashback_value_bonus_stage": "10",
        "cashback_process_delay_unit": 0,
        "pending_offer_value": 0,
        "valid_upto": "2021-05-31T07:06:00.000Z",
        "stages": {
          "0": {
            "event": "REJECT_OFFER",
            "surprise_stage": "false"
          },
          "1": {
            "surprise_stage": "false"
          }
        },
        "offer_image_url": "ss",
        "total_txn_count": "2"
      },
      "supercash_list": [

      ]
    },
    "errors": [

    ],
    "status": 1
  },
  "ExpiredGame": {
    "status": 1,
    "errors": [

    ],
    "data": {
      "campaign": {
        "id": "27410",
        "valid_upto": "2021-05-31T07:06:00.000Z",
        "campaign": "RISHI_SUPERCASHBACK",
        "description": "offer",
        "redemption_type": "cashback",
        "tnc": "https://paytmmall.com/papi/v2/promocard/supercash/campaign/tnc/27410",
        "initial_amount": "5",
        "bonus_amount": "10",
        "title": "offer",
        "deeplink_url": "",
        "short_description": "offer",
        "stage_txn_count": "2",
        "total_txn_count": "2",
        "game_expiry": 0.05,
        "offer_expiry": 0.05,
        "offer_type_id": 5,
        "offer_type_text": "UPI Offer",
        "offer_image_url": "ss",
        "offer_text_override": "ss",
        "offer_expiry_amount": "20",
        "background_image_url": "test",
        "off_us_transaction_text": "sss",
        "new_offers_image_url": "jnk",
        "game_expiry_amount": "10",
        "auto_activate": false,
        "max_offer_allowed": "4000",
        "progress_screen_cta": "dd",
        "offer_keyword": "ddd",
        "third_party_id": -1,
        "max_cashback_value_initial_stage": "5",
        "max_cashback_value_bonus_stage": "10",
        "redemption_type_flat_percent": "flat",
        "percent_redemption": "10",
        "progress_screen_construct": "test",
        "cashback_process_delay": 0,
        "cashback_process_delay_unit": 0,
        "important_terms": "test",
        "action": {
          "global": {
            "data": [

            ]
          },
          "states": {
            "0": {
              "data": [
                {
                  "name": "action-select",
                  "value": "giveSuperCash",
                  "fields": [
                    {
                      "name": "type",
                      "value": "absolute"
                    },
                    {
                      "name": "value",
                      "value": "5"
                    },
                    {
                      "name": "cap",
                      "value": "5"
                    },
                    {
                      "name": "non_kyc_cashback_mode",
                      "value": "goldback"
                    }
                  ]
                }
              ]
            },
            "1": {
              "data": [
                {
                  "name": "action-select",
                  "value": "giveSuperCash",
                  "fields": [
                    {
                      "name": "type",
                      "value": "absolute"
                    },
                    {
                      "name": "value",
                      "value": "10"
                    },
                    {
                      "name": "cap",
                      "value": "10"
                    },
                    {
                      "name": "non_kyc_cashback_mode",
                      "value": "goldback"
                    }
                  ]
                }
              ]
            }
          }
        },
        "promocode": "",
        "is_offus_transaction": false
      },
      "supercash_list": [

      ]
    }
  },
  "RejectedGame": {
    "status": 1,
    "errors": [

    ],
    "data": {
      "campaign": {
        "id": "27410",
        "valid_upto": "2021-05-31T07:06:00.000Z",
        "campaign": "RISHI_SUPERCASHBACK",
        "description": "offer",
        "redemption_type": "cashback",
        "tnc": "https://paytmmall.com/papi/v2/promocard/supercash/campaign/tnc/27410",
        "initial_amount": "5",
        "bonus_amount": "10",
        "title": "offer",
        "deeplink_url": "",
        "short_description": "offer",
        "stage_txn_count": "2",
        "total_txn_count": "2",
        "game_expiry": 0.05,
        "offer_expiry": 0.05,
        "offer_type_id": 5,
        "offer_type_text": "UPI Offer",
        "offer_image_url": "ss",
        "offer_text_override": "ss",
        "offer_expiry_amount": "20",
        "background_image_url": "test",
        "off_us_transaction_text": "sss",
        "new_offers_image_url": "jnk",
        "game_expiry_amount": "10",
        "auto_activate": false,
        "max_offer_allowed": "4000",
        "progress_screen_cta": "dd",
        "offer_keyword": "ddd",
        "third_party_id": -1,
        "max_cashback_value_initial_stage": "5",
        "max_cashback_value_bonus_stage": "10",
        "redemption_type_flat_percent": "flat",
        "percent_redemption": "10",
        "progress_screen_construct": "test",
        "cashback_process_delay": 0,
        "cashback_process_delay_unit": 0,
        "important_terms": "test",
        "action": {
          "global": {
            "data": [

            ]
          },
          "states": {
            "0": {
              "data": [
                {
                  "name": "action-select",
                  "value": "giveSuperCash",
                  "fields": [
                    {
                      "name": "type",
                      "value": "absolute"
                    },
                    {
                      "name": "value",
                      "value": "5"
                    },
                    {
                      "name": "cap",
                      "value": "5"
                    },
                    {
                      "name": "non_kyc_cashback_mode",
                      "value": "goldback"
                    }
                  ]
                }
              ]
            },
            "1": {
              "data": [
                {
                  "name": "action-select",
                  "value": "giveSuperCash",
                  "fields": [
                    {
                      "name": "type",
                      "value": "absolute"
                    },
                    {
                      "name": "value",
                      "value": "10"
                    },
                    {
                      "name": "cap",
                      "value": "10"
                    },
                    {
                      "name": "non_kyc_cashback_mode",
                      "value": "goldback"
                    }
                  ]
                }
              ]
            }
          }
        },
        "promocode": "",
        "is_offus_transaction": false
      },
      "supercash_list": [

      ]
    }
  },
  "InvalidCampaignId": {
    "status": 0,
    "errors": [
      {
        "status": 404,
        "code": "PROMO_SUPERCASH_4045",
        "message": "You are not eligible for this campaign. Checkout other cashback offers for you.",
        "data": {

        },
        "title": "Campaign Eligibility"
      }
    ],
    "data": {

    }
  },
  "UserNotAssociatedToCampaign":{
    "data": {
      "campaign": {
        "auto_activate": false,
        "third_party_id": -1,
        "multi_stage_goldback": false,
        "off_us_transaction_text": "bsjsbdjhsbds",
        "max_offer_allowed": "10000000",
        "multi_stage_campaign": true,
        "offerPerMerchantPerCampaignPerDay": {

        },
        "is_offus_transaction": false,
        "stage_txn_count": "3",
        "progress_screen_construct": "abc",
        "promoMerchantAssociation": {

        },
        "action": {
          "isAllRandomAction": false,
          "global": {
            "data": [

            ]
          },
          "states": {
            "0": {
              "data": [
                {
                  "frontend_redemption_type": "",
                  "name": "action-select",
                  "fields": [
                    {
                      "name": "type",
                      "value": "absolute"
                    },
                    {
                      "name": "value",
                      "value": "10"
                    },
                    {
                      "name": "cap",
                      "value": "10"
                    },
                    {
                      "name": "non_kyc_cashback_mode",
                      "value": "goldback"
                    }
                  ],
                  "value": "giveSuperCash",
                  "surprise_stage": false
                }
              ]
            },
            "1": {
              "data": [
                {
                  "frontend_redemption_type": "",
                  "name": "action-select",
                  "fields": [
                    {
                      "name": "type",
                      "value": "absolute"
                    },
                    {
                      "name": "value",
                      "value": "10"
                    },
                    {
                      "name": "cap",
                      "value": "20"
                    },
                    {
                      "name": "cashback_text",
                      "value": "v"
                    },
                    {
                      "name": "earned_text",
                      "value": "v"
                    }
                  ],
                  "value": "giveSuperGoldback",
                  "surprise_stage": false
                }
              ]
            }
          }
        },
        "redemption_type": "goldback",
        "id": "27204",
        "info": {
          "background_image_url": "asdbhsdj",
          "auto_activate": false,
          "isDeeplink": false,
          "game_expiry": "1",
          "title": "SCD1",
          "off_us_transaction_text": "bsjsbdjhsbds",
          "offer_text_override": "shdasfsakfs",
          "progress_screen_construct": "abc",
          "surprise_text": "dd",
          "cashback_process_delay": "10",
          "time_unit": "60",
          "offer_expiry_time_unit": "60",
          "game_expiry_amount": "1",
          "offer_keyword": "booking",
          "deeplink_url": "",
          "display_tags": [

          ],
          "cashback_process_delay_unit": "60",
          "offer_expiry": "5",
          "offer_expiry_amount": "30",
          "progress_screen_cta": "cta",
          "supercash_stages": {
            "0": {
              "event": "ACCEPT_OFFER"
            },
            "1": {

            }
          },
          "offer_image_url": "bwhwddsjhsdj",
          "new_offers_image_url": "bsdjbshdj",
          "important_terms": "abc",
          "offer_type_id": "1"
        },
        "redemption_type_flat_percent": "flat",
        "multi_stage_icon": "",
        "tnc": "https://paytmmall.com/papi/v2/promocard/supercash/campaign/tnc/27204",
        "offer_keyword": "booking",
        "bonus_amount": "20",
        "promocode": "",
        "deeplink_url": "",
        "offer_expiry": 300,
        "condition": "{\"global\":{\"data\":{\"all\":[{\"name\":\"PG_merchantIds\",\"operator\":\"isOneOf\",\"value\":[\"4413\"],\"error\":\"\",\"meta\":\"\"},{\"name\":\"WALLET_transactionType\",\"operator\":\"isOneOf\",\"value\":[\"P2P\",\"SKY\"],\"error\":\"\",\"meta\":\"\"},{\"name\":\"offers_per_user\",\"operator\":\"lessThanEqual\",\"value\":\"10000000\",\"error\":\"\",\"meta\":\"\"}]}},\"states\":{\"0\":{\"data\":{\"all\":[{\"name\":\"transactionCount\",\"operator\":\"equalTo\",\"value\":\"1\",\"error\":\"\",\"meta\":\"\"}]}},\"1\":{\"data\":{\"all\":[{\"name\":\"transactionCount\",\"operator\":\"equalTo\",\"value\":\"3\",\"error\":\"\",\"meta\":\"\"}]}}}}",
        "offer_expiry_amount": "30",
        "progress_screen_cta": "cta",
        "offer_type_text": "Mobile Prepaid Recharge Offer",
        "total_cashback_earned": 0,
        "campaign": "SCD1",
        "new_offers_image_url": "bsdjbshdj",
        "important_terms": "abc",
        "offer_type_id": 1,
        "short_description": "SCD1",
        "background_image_url": "asdbhsdj",
        "offer_summary": "You have earned \u20b90",
        "max_cashback_value_initial_stage": "10",
        "description": "SCD1",
        "initial_amount": "10",
        "game_expiry": 60,
        "title": "SCD1",
        "offer_text_override": "shdasfsakfs",
        "surprise_text": "dd",
        "percent_redemption": "10",
        "cashback_process_delay": 10,
        "surprise_text_title": "Offer Details",
        "offerMerchantCondition": {

        },
        "total_offer_value": 0,
        "game_expiry_amount": "1",
        "offerPerMerchantPerCampaignPerWeek": {

        },
        "max_cashback_value_bonus_stage": "20",
        "cashback_process_delay_unit": 60,
        "pending_offer_value": null,
        "merchantPerCampaignCondition": {

        },
        "valid_upto": "2019-12-31T08:40:00.000Z",
        "stages": {
          "0": {
            "event": "ACCEPT_OFFER"
          },
          "1": {

          }
        },
        "offer_image_url": "bwhwddsjhsdj",
        "background_overlay": "",
        "total_txn_count": "3"
      },
      "supercash_list": [

      ]
    },
    "errors": [

    ],
    "status": 1
  },
  "UserAssociatedToCampaign":{
    "data": {
      "campaign": {
        "auto_activate": false,
        "third_party_id": -1,
        "multi_stage_goldback": false,
        "off_us_transaction_text": "bsjsbdjhsbds",
        "max_offer_allowed": "10000000",
        "multi_stage_campaign": true,
        "offerPerMerchantPerCampaignPerDay": {

        },
        "is_offus_transaction": false,
        "stage_txn_count": "3",
        "progress_screen_construct": "abc",
        "promoMerchantAssociation": {

        },
        "action": {
          "isAllRandomAction": false,
          "global": {
            "data": [

            ]
          },
          "states": {
            "0": {
              "data": [
                {
                  "frontend_redemption_type": "",
                  "name": "action-select",
                  "fields": [
                    {
                      "name": "type",
                      "value": "absolute"
                    },
                    {
                      "name": "value",
                      "value": "10"
                    },
                    {
                      "name": "cap",
                      "value": "10"
                    },
                    {
                      "name": "non_kyc_cashback_mode",
                      "value": "goldback"
                    }
                  ],
                  "value": "giveSuperCash",
                  "surprise_stage": false
                }
              ]
            },
            "1": {
              "data": [
                {
                  "frontend_redemption_type": "",
                  "name": "action-select",
                  "fields": [
                    {
                      "name": "type",
                      "value": "absolute"
                    },
                    {
                      "name": "value",
                      "value": "10"
                    },
                    {
                      "name": "cap",
                      "value": "20"
                    },
                    {
                      "name": "cashback_text",
                      "value": "v"
                    },
                    {
                      "name": "earned_text",
                      "value": "v"
                    }
                  ],
                  "value": "giveSuperGoldback",
                  "surprise_stage": false
                }
              ]
            }
          }
        },
        "redemption_type": "goldback",
        "id": "27204",
        "info": {
          "background_image_url": "asdbhsdj",
          "auto_activate": false,
          "isDeeplink": false,
          "game_expiry": "1",
          "title": "SCD1",
          "off_us_transaction_text": "bsjsbdjhsbds",
          "offer_text_override": "shdasfsakfs",
          "progress_screen_construct": "abc",
          "surprise_text": "dd",
          "cashback_process_delay": "10",
          "time_unit": "60",
          "offer_expiry_time_unit": "60",
          "game_expiry_amount": "1",
          "offer_keyword": "booking",
          "deeplink_url": "",
          "display_tags": [

          ],
          "cashback_process_delay_unit": "60",
          "offer_expiry": "5",
          "offer_expiry_amount": "30",
          "progress_screen_cta": "cta",
          "supercash_stages": {
            "0": {
              "event": "ACCEPT_OFFER"
            },
            "1": {

            }
          },
          "offer_image_url": "bwhwddsjhsdj",
          "new_offers_image_url": "bsdjbshdj",
          "important_terms": "abc",
          "offer_type_id": "1"
        },
        "redemption_type_flat_percent": "flat",
        "multi_stage_icon": "",
        "tnc": "https://paytmmall.com/papi/v2/promocard/supercash/campaign/tnc/27204",
        "offer_keyword": "booking",
        "bonus_amount": "20",
        "promocode": "",
        "deeplink_url": "",
        "offer_expiry": 300,
        "condition": "{\"global\":{\"data\":{\"all\":[{\"name\":\"PG_merchantIds\",\"operator\":\"isOneOf\",\"value\":[\"4413\"],\"error\":\"\",\"meta\":\"\"},{\"name\":\"WALLET_transactionType\",\"operator\":\"isOneOf\",\"value\":[\"P2P\",\"SKY\"],\"error\":\"\",\"meta\":\"\"},{\"name\":\"offers_per_user\",\"operator\":\"lessThanEqual\",\"value\":\"10000000\",\"error\":\"\",\"meta\":\"\"}]}},\"states\":{\"0\":{\"data\":{\"all\":[{\"name\":\"transactionCount\",\"operator\":\"equalTo\",\"value\":\"1\",\"error\":\"\",\"meta\":\"\"}]}},\"1\":{\"data\":{\"all\":[{\"name\":\"transactionCount\",\"operator\":\"equalTo\",\"value\":\"3\",\"error\":\"\",\"meta\":\"\"}]}}}}",
        "offer_expiry_amount": "30",
        "progress_screen_cta": "cta",
        "offer_type_text": "Mobile Prepaid Recharge Offer",
        "total_cashback_earned": 0,
        "campaign": "SCD1",
        "new_offers_image_url": "bsdjbshdj",
        "important_terms": "abc",
        "offer_type_id": 1,
        "short_description": "SCD1",
        "background_image_url": "asdbhsdj",
        "offer_summary": "You have earned \u20b90",
        "max_cashback_value_initial_stage": "10",
        "description": "SCD1",
        "initial_amount": "10",
        "game_expiry": 60,
        "title": "SCD1",
        "offer_text_override": "shdasfsakfs",
        "surprise_text": "dd",
        "percent_redemption": "10",
        "cashback_process_delay": 10,
        "surprise_text_title": "Offer Details",
        "offerMerchantCondition": {

        },
        "total_offer_value": 0,
        "game_expiry_amount": "1",
        "offerPerMerchantPerCampaignPerWeek": {

        },
        "max_cashback_value_bonus_stage": "20",
        "cashback_process_delay_unit": 60,
        "pending_offer_value": null,
        "merchantPerCampaignCondition": {

        },
        "valid_upto": "2019-12-31T08:40:00.000Z",
        "stages": {
          "0": {
            "event": "ACCEPT_OFFER"
          },
          "1": {

          }
        },
        "offer_image_url": "bwhwddsjhsdj",
        "background_overlay": "",
        "total_txn_count": "3"
      },
      "supercash_list": [

      ]
    },
    "errors": [

    ],
    "status": 1
  },
  "CompletedGameForMultiStage": {
    "data": {
      "campaign": {
        "auto_activate": false,
        "third_party_id": -1,
        "multi_stage_goldback": false,
        "off_us_transaction_text": "",
        "max_offer_allowed": "1000",
        "multi_stage_campaign": true,
        "is_offus_transaction": true,
        "stage_txn_count": "8",
        "progress_screen_construct": "@order_name",
        "action": {
          "global": {
            "data": [

            ]
          },
          "states": {
            "0": {
              "data": [
                {
                  "name": "action-select",
                  "fields": [
                    {
                      "name": "type",
                      "value": "absolute"
                    },
                    {
                      "name": "value",
                      "value": "50"
                    },
                    {
                      "name": "cap",
                      "value": "50"
                    },
                    {
                      "name": "cashback_text",
                      "value": "cashback"
                    },
                    {
                      "name": "earned_text",
                      "value": "earned"
                    }
                  ],
                  "value": "giveSuperGoldback"
                }
              ]
            },
            "1": {
              "data": [
                {
                  "name": "action-select",
                  "fields": [
                    {
                      "name": "type",
                      "value": "percentage"
                    },
                    {
                      "name": "value",
                      "value": "100"
                    },
                    {
                      "name": "cap",
                      "value": "100"
                    },
                    {
                      "name": "cashback_text",
                      "value": "a"
                    },
                    {
                      "name": "earned_text",
                      "value": "b"
                    }
                  ],
                  "value": "giveSuperGoldback"
                }
              ]
            },
            "2": {
              "data": [
                {
                  "name": "action-select",
                  "fields": [
                    {
                      "name": "type",
                      "value": "absolute"
                    },
                    {
                      "name": "value",
                      "value": "150"
                    },
                    {
                      "name": "cap",
                      "value": "150"
                    },
                    {
                      "name": "non_kyc_cashback_mode",
                      "value": "goldback"
                    },
                    {
                      "name": "cashback_text",
                      "value": "test"
                    },
                    {
                      "name": "earned_text",
                      "value": "test"
                    }
                  ],
                  "value": "giveSuperCash"
                }
              ]
            },
            "3": {
              "data": [
                {
                  "name": "action-select",
                  "fields": [
                    {
                      "name": "type",
                      "value": "percentage"
                    },
                    {
                      "name": "value",
                      "value": "20"
                    },
                    {
                      "name": "cap",
                      "value": "80"
                    },
                    {
                      "name": "rem_ac_no",
                      "value": "233"
                    },
                    {
                      "name": "cashback_text",
                      "value": "v"
                    },
                    {
                      "name": "earned_text",
                      "value": "v"
                    }
                  ],
                  "value": "giveSuperPPBLCashback"
                }
              ]
            }
          }
        },
        "redemption_type": "ppbl",
        "id": "28164",
        "info": {
          "background_image_url": "Bg image URL",
          "auto_activate": false,
          "isDeeplink": true,
          "game_expiry_amount": "8",
          "offer_keyword": "mobile recharge%s",
          "deeplink_url": "paytmmp://mobile_prepaid?url=https://catalog.paytm.com/v1/mobile/mobile-prepaid/17",
          "game_expiry": "0.16",
          "title": "Activate offer to get upto ₹380 by doing 8 more mobile recharges of ₹200 or more within ",
          "display_tags": [

          ],
          "offer_text_override": "Mobile Recharge - upto ₹380",
          "cashback_process_delay_unit": "60",
          "offer_expiry": "0.05",
          "surprise_text": "<p><em><b>Offer<\/b><\/em><em><b> Details<\/b><\/em><\/p>\n\n<ul>\n\t<li>Surprise text<\/li>\n\t<li>Wallet pripeline<\/li>\n<\/ul>\n",
          "progress_screen_construct": "@order_name",
          "offer_expiry_amount": "5",
          "progress_screen_cta": "Recharge Now",
          "cashback_process_delay": "10",
          "supercash_stages": {
            "0": {
              "event": "ACCEPT_OFFER"
            },
            "1": {

            },
            "2": {

            },
            "3": {

            }
          },
          "time_unit": "1",
          "offer_image_url": "https://assetscdn.paytm.com/images/catalog/wallet/ic_mobile.png",
          "important_terms": "<p>important terms<\/p>\n",
          "new_offers_image_url": "https://assetscdn.paytm.com/images/catalog/wallet/ic_mobile.png",
          "offer_type_id": "1",
          "offer_expiry_time_unit": "1"
        },
        "redemption_type_flat_percent": "percentage",
        "multi_stage_icon": "",
        "tnc": "https://paytmmall.com/papi/v2/promocard/supercash/campaign/tnc/29730",
        "offer_keyword": "mobile recharge%s",
        "bonus_amount": "80",
        "promocode": "",
        "deeplink_url": "paytmmp://mobile_prepaid?url=https://catalog.paytm.com/v1/mobile/mobile-prepaid/17",
        "offer_expiry": 0.05,
        "condition": "{\"global\":{\"data\":{\"all\":[{\"name\":\"amount\",\"operator\":\"greaterThanEqual\",\"value\":\"200\",\"error\":\"\",\"meta\":\"\"},{\"name\":\"WALLET_payeeId\",\"operator\":\"isOneOf\",\"value\":[\"987111\"],\"error\":\"\",\"meta\":\"\"},{\"name\":\"WALLET_transactionType\",\"operator\":\"isOneOf\",\"value\":[\"P2P\"],\"error\":\"\",\"meta\":\"\"},{\"name\":\"offers_per_user\",\"operator\":\"lessThanEqual\",\"value\":\"1000\",\"error\":\"\",\"meta\":\"\"}]}},\"states\":{\"0\":{\"data\":{\"all\":[{\"name\":\"transactionCount\",\"operator\":\"equalTo\",\"value\":\"1\",\"error\":\"\",\"meta\":\"\"}]}},\"1\":{\"data\":{\"all\":[{\"name\":\"transactionCount\",\"operator\":\"equalTo\",\"value\":\"3\",\"error\":\"\",\"meta\":\"\"}]}},\"2\":{\"data\":{\"all\":[{\"name\":\"transactionCount\",\"operator\":\"equalTo\",\"value\":\"2\",\"error\":\"\",\"meta\":\"\"}]}},\"3\":{\"data\":{\"all\":[{\"name\":\"transactionCount\",\"operator\":\"equalTo\",\"value\":\"3\",\"error\":\"\",\"meta\":\"\"}]}}}}",
        "offer_expiry_amount": "5",
        "progress_screen_cta": "Recharge Now",
        "offer_type_text": "Mobile Prepaid Recharge Offer",
        "total_cashback_earned": 0,
        "campaign": "AUTOMATION_MULTI_SCB",
        "new_offers_image_url": "https://assetscdn.paytm.com/images/catalog/wallet/ic_mobile.png",
        "important_terms": "<p>important terms<\/p>\n",
        "offer_type_id": 1,
        "short_description": "Do 8 mobile recharges of ₹200 or more within ",
        "background_image_url": "Bg image URL",
        "offer_summary": "You have earned \u20b90",
        "max_cashback_value_initial_stage": "50",
        "description": "Do your first mobile recharge of ₹200 or more to activate your offer",
        "initial_amount": "50",
        "game_expiry": 0.16,
        "title": "Activate offer to get upto ₹380 by doing 8 more mobile recharges of ₹200 or more within ",
        "offer_text_override": "Mobile Recharge - upto ₹380",
        "surprise_text": "<p><em><b>Offer<\/b><\/em><em><b> Details<\/b><\/em><\/p>\n\n<ul>\n\t<li>Surprise text<\/li>\n\t<li>Wallet pripeline<\/li>\n<\/ul>\n",
        "percent_redemption": "100",
        "cashback_process_delay": 10,
        "surprise_text_title": "Offer Details",
        "total_offer_value": 0,
        "game_expiry_amount": "8",
        "max_cashback_value_bonus_stage": "100",
        "cashback_process_delay_unit": 60,
        "pending_offer_value": 0,
        "valid_upto": "2021-01-31T07:27:00.000Z",
        "stages": {
          "0": {
            "event": "ACCEPT_OFFER"
          },
          "1": {

          },
          "2": {

          },
          "3": {

          }
        },
        "offer_image_url": "https://assetscdn.paytm.com/images/catalog/wallet/ic_mobile.png",
        "total_txn_count": "8"
      },
      "supercash_list": [

      ]
    },
    "errors": [

    ],
    "status": 1
  },
  "OfferExpiredForMultiStage":{
    "data": {
      "campaign": {
        "first_transaction_cta": "Do your first recharge",
        "auto_activate": false,
        "third_party_id": -1,
        "multi_stage_goldback": false,
        "off_us_transaction_text": "",
        "max_offer_allowed": "1000",
        "multi_stage_campaign": true,
        "offerPerMerchantPerCampaignPerDay": {

        },
        "is_offus_transaction": true,
        "stage_txn_count": "8",
        "progress_screen_construct": "@order_name",
        "promoMerchantAssociation": {

        },
        "action": {
          "isAllRandomAction": false,
          "global": {
            "data": [

            ]
          },
          "states": {
            "0": {
              "data": [
                {
                  "frontend_redemption_type": "",
                  "name": "action-select",
                  "fields": [
                    {
                      "name": "type",
                      "value": "absolute"
                    },
                    {
                      "name": "value",
                      "value": "50"
                    },
                    {
                      "name": "cap",
                      "value": "50"
                    },
                    {
                      "name": "cashback_text",
                      "value": "cashback"
                    },
                    {
                      "name": "earned_text",
                      "value": "earned"
                    }
                  ],
                  "value": "giveSuperGoldback",
                  "surprise_stage": false
                }
              ]
            },
            "1": {
              "data": [
                {
                  "frontend_redemption_type": "",
                  "name": "action-select",
                  "fields": [
                    {
                      "name": "type",
                      "value": "percentage"
                    },
                    {
                      "name": "value",
                      "value": "100"
                    },
                    {
                      "name": "cap",
                      "value": "100"
                    },
                    {
                      "name": "cashback_text",
                      "value": "a"
                    },
                    {
                      "name": "earned_text",
                      "value": "b"
                    }
                  ],
                  "value": "giveSuperGoldback",
                  "surprise_stage": false
                }
              ]
            },
            "2": {
              "data": [
                {
                  "frontend_redemption_type": "",
                  "name": "action-select",
                  "fields": [
                    {
                      "name": "type",
                      "value": "absolute"
                    },
                    {
                      "name": "value",
                      "value": "150"
                    },
                    {
                      "name": "cap",
                      "value": "150"
                    },
                    {
                      "name": "non_kyc_cashback_mode",
                      "value": "goldback"
                    },
                    {
                      "name": "cashback_text",
                      "value": "test"
                    },
                    {
                      "name": "earned_text",
                      "value": "test"
                    }
                  ],
                  "value": "giveSuperCash",
                  "surprise_stage": false
                }
              ]
            },
            "3": {
              "data": [
                {
                  "frontend_redemption_type": "",
                  "name": "action-select",
                  "fields": [
                    {
                      "name": "type",
                      "value": "percentage"
                    },
                    {
                      "name": "value",
                      "value": "20"
                    },
                    {
                      "name": "cap",
                      "value": "80"
                    },
                    {
                      "name": "rem_ac_no",
                      "value": "233"
                    },
                    {
                      "name": "cashback_text",
                      "value": "v"
                    },
                    {
                      "name": "earned_text",
                      "value": "v"
                    }
                  ],
                  "value": "giveSuperPPBLCashback",
                  "surprise_stage": false
                }
              ]
            }
          }
        },
        "redemption_type": "ppbl",
        "id": "29730",
        "info": {
          "first_transaction_cta": "Do your first recharge",
          "background_image_url": "Bg image URL",
          "auto_activate": false,
          "isDeeplink": true,
          "game_expiry": "0.16",
          "ppi_type": "SCLW ",
          "title": "Activate offer to get upto \u20b9380 by doing 8 more mobile recharges of \u20b9200 or more within ",
          "offer_text_override": "Mobile Recharge - upto \u20b9380",
          "surprise_text": "<p><span style=\"color: #FFA500;\">★<\/span><span style=\"color: #000000;\">1st mobile recharge, Get \u20b950 goldback<p><span style=\"color: #FFA500;\">★<\/span><span style=\"color: #000000;\">3rd mobile recharge, Get upto \u20b9100 goldback<p><span style=\"color: #FFA500;\">★<\/span><span style=\"color: #000000;\">5th mobile recharge, Get \u20b9150 cashback<p><span style=\"color: #FFA500;\">★<\/span><span style=\"color: #000000;\">8th mobile recharge, Get upto \u20b980 cashback<p>",
          "progress_screen_construct": "@order_name",
          "cashback_process_delay": "10",
          "time_unit": "1",
          "offer_expiry_time_unit": "1",
          "game_expiry_amount": "8",
          "offer_keyword": "mobile recharge%s",
          "deeplink_url": "paytmmp://mobile_prepaid?url=https://catalog.paytm.com/v1/mobile/mobile-prepaid/17",
          "tags": "Recharge & Bill payment Offers, Recharges",
          "display_tags": [

          ],
          "cashback_process_delay_unit": "60",
          "offer_expiry": "0.05",
          "offer_expiry_amount": "5",
          "progress_screen_cta": "Recharge Now",
          "supercash_stages": {
            "0": {
              "event": "ACCEPT_OFFER"
            },
            "1": {

            },
            "2": {

            },
            "3": {

            }
          },
          "offer_image_url": "https://assetscdn.paytm.com/images/catalog/wallet/ic_mobile.png",
          "important_terms": "<p><span style=\"color: #FFA500;\">★<\/span><span style=\"color: #000000;\">Offer can be availed 1000 times during the campaign validity<\/span><\/p>\n\n<p><span style=\"color: #FFA500;\">★<\/span><span style=\"color: #000000;\">Minimum amount of each transaction should be 200 <\/span><\/p>\n\n<p> <\/p>\n",
          "new_offers_image_url": "https://assetscdn.paytm.com/images/catalog/wallet/ic_mobile.png",
          "background_overlay": false,
          "offer_type_id": "1"
        },
        "redemption_type_flat_percent": "percentage",
        "multi_stage_icon": "",
        "tnc": "https://paytmmall.com/papi/v2/promocard/supercash/campaign/tnc/29730",
        "offer_keyword": "mobile recharge%s",
        "bonus_amount": "80",
        "promocode": "",
        "deeplink_url": "paytmmp://mobile_prepaid?url=https://catalog.paytm.com/v1/mobile/mobile-prepaid/17",
        "offer_expiry": 0.05,
        "condition": "{\"global\":{\"data\":{\"all\":[{\"name\":\"amount\",\"operator\":\"greaterThanEqual\",\"value\":\"200\",\"error\":\"\",\"meta\":\"\"},{\"name\":\"WALLET_payeeId\",\"operator\":\"isOneOf\",\"value\":[\"987111\"],\"error\":\"\",\"meta\":\"\"},{\"name\":\"WALLET_transactionType\",\"operator\":\"isOneOf\",\"value\":[\"P2P\"],\"error\":\"\",\"meta\":\"\"},{\"name\":\"offers_per_user\",\"operator\":\"lessThanEqual\",\"value\":\"1000\",\"error\":\"\",\"meta\":\"\"}]}},\"states\":{\"0\":{\"data\":{\"all\":[{\"name\":\"transactionCount\",\"operator\":\"equalTo\",\"value\":\"1\",\"error\":\"\",\"meta\":\"\"}]}},\"1\":{\"data\":{\"all\":[{\"name\":\"transactionCount\",\"operator\":\"equalTo\",\"value\":\"3\",\"error\":\"\",\"meta\":\"\"}]}},\"2\":{\"data\":{\"all\":[{\"name\":\"transactionCount\",\"operator\":\"equalTo\",\"value\":\"2\",\"error\":\"\",\"meta\":\"\"}]}},\"3\":{\"data\":{\"all\":[{\"name\":\"transactionCount\",\"operator\":\"equalTo\",\"value\":\"3\",\"error\":\"\",\"meta\":\"\"}]}}}}",
        "offer_expiry_amount": "5",
        "progress_screen_cta": "Recharge Now",
        "offer_type_text": "Mobile Prepaid Recharge Offer",
        "total_cashback_earned": 0,
        "campaign": "AUTOMATION_MULTI_SCB",
        "new_offers_image_url": "https://assetscdn.paytm.com/images/catalog/wallet/ic_mobile.png",
        "important_terms": "<p><span style=\"color: #FFA500;\">★<\/span><span style=\"color: #000000;\">Offer can be availed 1000 times during the campaign validity<\/span><\/p>\n\n<p><span style=\"color: #FFA500;\">★<\/span><span style=\"color: #000000;\">Minimum amount of each transaction should be 200 <\/span><\/p>\n\n<p> <\/p>\n",
        "offer_type_id": 1,
        "short_description": "Do 8 mobile recharges of \u20b9200 or more within ",
        "background_image_url": "Bg image URL",
        "offer_summary": "You have earned \u20b90",
        "max_cashback_value_initial_stage": "50",
        "description": "Do your first mobile recharge of \u20b9200 or more to activate your offer",
        "initial_amount": "50",
        "game_expiry": 0.16,
        "title": "Activate offer to get upto \u20b9380 by doing 8 more mobile recharges of \u20b9200 or more within ",
        "offer_text_override": "Mobile Recharge - upto \u20b9380",
        "surprise_text": "<p><span style=\"color: #FFA500;\">★<\/span><span style=\"color: #000000;\">1st mobile recharge, Get \u20b950 goldback<p><span style=\"color: #FFA500;\">★<\/span><span style=\"color: #000000;\">3rd mobile recharge, Get upto \u20b9100 goldback<p><span style=\"color: #FFA500;\">★<\/span><span style=\"color: #000000;\">5th mobile recharge, Get \u20b9150 cashback<p><span style=\"color: #FFA500;\">★<\/span><span style=\"color: #000000;\">8th mobile recharge, Get upto \u20b980 cashback<p>",
        "percent_redemption": "100",
        "cashback_process_delay": 10,
        "surprise_text_title": "Offer Details",
        "offerMerchantCondition": {

        },
        "total_offer_value": 0,
        "game_expiry_amount": "8",
        "offerPerMerchantPerCampaignPerWeek": {

        },
        "max_cashback_value_bonus_stage": "100",
        "cashback_process_delay_unit": 60,
        "pending_offer_value": null,
        "merchantPerCampaignCondition": {

        },
        "valid_upto": "2021-01-31T07:27:00.000Z",
        "stages": {
          "0": {
            "event": "ACCEPT_OFFER"
          },
          "1": {

          },
          "2": {

          },
          "3": {

          }
        },
        "offer_image_url": "https://assetscdn.paytm.com/images/catalog/wallet/ic_mobile.png",
        "background_overlay": false,
        "total_txn_count": "8"
      },
      "supercash_list": [

      ]
    },
    "errors": [

    ],
    "status": 1
  },
  "ExpiredGameForMultiStage":{
    "data": {
      "campaign": {
        "first_transaction_cta": "Do your first recharge",
        "auto_activate": false,
        "third_party_id": -1,
        "multi_stage_goldback": false,
        "off_us_transaction_text": "",
        "max_offer_allowed": "1000",
        "multi_stage_campaign": true,
        "offerPerMerchantPerCampaignPerDay": {

        },
        "is_offus_transaction": true,
        "stage_txn_count": "8",
        "progress_screen_construct": "@order_name",
        "promoMerchantAssociation": {

        },
        "action": {
          "isAllRandomAction": false,
          "global": {
            "data": [

            ]
          },
          "states": {
            "0": {
              "data": [
                {
                  "frontend_redemption_type": "",
                  "name": "action-select",
                  "fields": [
                    {
                      "name": "type",
                      "value": "absolute"
                    },
                    {
                      "name": "value",
                      "value": "50"
                    },
                    {
                      "name": "cap",
                      "value": "50"
                    },
                    {
                      "name": "cashback_text",
                      "value": "cashback"
                    },
                    {
                      "name": "earned_text",
                      "value": "earned"
                    }
                  ],
                  "value": "giveSuperGoldback",
                  "surprise_stage": false
                }
              ]
            },
            "1": {
              "data": [
                {
                  "frontend_redemption_type": "",
                  "name": "action-select",
                  "fields": [
                    {
                      "name": "type",
                      "value": "percentage"
                    },
                    {
                      "name": "value",
                      "value": "100"
                    },
                    {
                      "name": "cap",
                      "value": "100"
                    },
                    {
                      "name": "cashback_text",
                      "value": "a"
                    },
                    {
                      "name": "earned_text",
                      "value": "b"
                    }
                  ],
                  "value": "giveSuperGoldback",
                  "surprise_stage": false
                }
              ]
            },
            "2": {
              "data": [
                {
                  "frontend_redemption_type": "",
                  "name": "action-select",
                  "fields": [
                    {
                      "name": "type",
                      "value": "absolute"
                    },
                    {
                      "name": "value",
                      "value": "150"
                    },
                    {
                      "name": "cap",
                      "value": "150"
                    },
                    {
                      "name": "non_kyc_cashback_mode",
                      "value": "goldback"
                    },
                    {
                      "name": "cashback_text",
                      "value": "test"
                    },
                    {
                      "name": "earned_text",
                      "value": "test"
                    }
                  ],
                  "value": "giveSuperCash",
                  "surprise_stage": false
                }
              ]
            },
            "3": {
              "data": [
                {
                  "frontend_redemption_type": "",
                  "name": "action-select",
                  "fields": [
                    {
                      "name": "type",
                      "value": "percentage"
                    },
                    {
                      "name": "value",
                      "value": "20"
                    },
                    {
                      "name": "cap",
                      "value": "80"
                    },
                    {
                      "name": "rem_ac_no",
                      "value": "233"
                    },
                    {
                      "name": "cashback_text",
                      "value": "v"
                    },
                    {
                      "name": "earned_text",
                      "value": "v"
                    }
                  ],
                  "value": "giveSuperPPBLCashback",
                  "surprise_stage": false
                }
              ]
            }
          }
        },
        "redemption_type": "ppbl",
        "id": "29730",
        "info": {
          "first_transaction_cta": "Do your first recharge",
          "background_image_url": "Bg image URL",
          "auto_activate": false,
          "isDeeplink": true,
          "game_expiry": "0.16",
          "ppi_type": "SCLW ",
          "title": "Activate offer to get upto \u20b9380 by doing 8 more mobile recharges of \u20b9200 or more within ",
          "offer_text_override": "Mobile Recharge - upto \u20b9380",
          "surprise_text": "<p><span style=\"color: #FFA500;\">★<\/span><span style=\"color: #000000;\">1st mobile recharge, Get \u20b950 goldback<p><span style=\"color: #FFA500;\">★<\/span><span style=\"color: #000000;\">3rd mobile recharge, Get upto \u20b9100 goldback<p><span style=\"color: #FFA500;\">★<\/span><span style=\"color: #000000;\">5th mobile recharge, Get \u20b9150 cashback<p><span style=\"color: #FFA500;\">★<\/span><span style=\"color: #000000;\">8th mobile recharge, Get upto \u20b980 cashback<p>",
          "progress_screen_construct": "@order_name",
          "cashback_process_delay": "10",
          "time_unit": "1",
          "offer_expiry_time_unit": "1",
          "game_expiry_amount": "8",
          "offer_keyword": "mobile recharge%s",
          "deeplink_url": "paytmmp://mobile_prepaid?url=https://catalog.paytm.com/v1/mobile/mobile-prepaid/17",
          "tags": "Recharge & Bill payment Offers, Recharges",
          "display_tags": [

          ],
          "cashback_process_delay_unit": "60",
          "offer_expiry": "0.05",
          "offer_expiry_amount": "5",
          "progress_screen_cta": "Recharge Now",
          "supercash_stages": {
            "0": {
              "event": "ACCEPT_OFFER"
            },
            "1": {

            },
            "2": {

            },
            "3": {

            }
          },
          "offer_image_url": "https://assetscdn.paytm.com/images/catalog/wallet/ic_mobile.png",
          "important_terms": "<p><span style=\"color: #FFA500;\">★<\/span><span style=\"color: #000000;\">Offer can be availed 1000 times during the campaign validity<\/span><\/p>\n\n<p><span style=\"color: #FFA500;\">★<\/span><span style=\"color: #000000;\">Minimum amount of each transaction should be 200 <\/span><\/p>\n\n<p> <\/p>\n",
          "new_offers_image_url": "https://assetscdn.paytm.com/images/catalog/wallet/ic_mobile.png",
          "background_overlay": false,
          "offer_type_id": "1"
        },
        "redemption_type_flat_percent": "percentage",
        "multi_stage_icon": "",
        "tnc": "https://paytmmall.com/papi/v2/promocard/supercash/campaign/tnc/29730",
        "offer_keyword": "mobile recharge%s",
        "bonus_amount": "80",
        "promocode": "",
        "deeplink_url": "paytmmp://mobile_prepaid?url=https://catalog.paytm.com/v1/mobile/mobile-prepaid/17",
        "offer_expiry": 0.05,
        "condition": "{\"global\":{\"data\":{\"all\":[{\"name\":\"amount\",\"operator\":\"greaterThanEqual\",\"value\":\"200\",\"error\":\"\",\"meta\":\"\"},{\"name\":\"WALLET_payeeId\",\"operator\":\"isOneOf\",\"value\":[\"987111\"],\"error\":\"\",\"meta\":\"\"},{\"name\":\"WALLET_transactionType\",\"operator\":\"isOneOf\",\"value\":[\"P2P\"],\"error\":\"\",\"meta\":\"\"},{\"name\":\"offers_per_user\",\"operator\":\"lessThanEqual\",\"value\":\"1000\",\"error\":\"\",\"meta\":\"\"}]}},\"states\":{\"0\":{\"data\":{\"all\":[{\"name\":\"transactionCount\",\"operator\":\"equalTo\",\"value\":\"1\",\"error\":\"\",\"meta\":\"\"}]}},\"1\":{\"data\":{\"all\":[{\"name\":\"transactionCount\",\"operator\":\"equalTo\",\"value\":\"3\",\"error\":\"\",\"meta\":\"\"}]}},\"2\":{\"data\":{\"all\":[{\"name\":\"transactionCount\",\"operator\":\"equalTo\",\"value\":\"2\",\"error\":\"\",\"meta\":\"\"}]}},\"3\":{\"data\":{\"all\":[{\"name\":\"transactionCount\",\"operator\":\"equalTo\",\"value\":\"3\",\"error\":\"\",\"meta\":\"\"}]}}}}",
        "offer_expiry_amount": "5",
        "progress_screen_cta": "Recharge Now",
        "offer_type_text": "Mobile Prepaid Recharge Offer",
        "total_cashback_earned": 0,
        "campaign": "AUTOMATION_MULTI_SCB",
        "new_offers_image_url": "https://assetscdn.paytm.com/images/catalog/wallet/ic_mobile.png",
        "important_terms": "<p><span style=\"color: #FFA500;\">★<\/span><span style=\"color: #000000;\">Offer can be availed 1000 times during the campaign validity<\/span><\/p>\n\n<p><span style=\"color: #FFA500;\">★<\/span><span style=\"color: #000000;\">Minimum amount of each transaction should be 200 <\/span><\/p>\n\n<p> <\/p>\n",
        "offer_type_id": 1,
        "short_description": "Do 8 mobile recharges of \u20b9200 or more within ",
        "background_image_url": "Bg image URL",
        "offer_summary": "You have earned \u20b90",
        "max_cashback_value_initial_stage": "50",
        "description": "Do your first mobile recharge of \u20b9200 or more to activate your offer",
        "initial_amount": "50",
        "game_expiry": 0.16,
        "title": "Activate offer to get upto \u20b9380 by doing 8 more mobile recharges of \u20b9200 or more within ",
        "offer_text_override": "Mobile Recharge - upto \u20b9380",
        "surprise_text": "<p><span style=\"color: #FFA500;\">★<\/span><span style=\"color: #000000;\">1st mobile recharge, Get \u20b950 goldback<p><span style=\"color: #FFA500;\">★<\/span><span style=\"color: #000000;\">3rd mobile recharge, Get upto \u20b9100 goldback<p><span style=\"color: #FFA500;\">★<\/span><span style=\"color: #000000;\">5th mobile recharge, Get \u20b9150 cashback<p><span style=\"color: #FFA500;\">★<\/span><span style=\"color: #000000;\">8th mobile recharge, Get upto \u20b980 cashback<p>",
        "percent_redemption": "100",
        "cashback_process_delay": 10,
        "surprise_text_title": "Offer Details",
        "offerMerchantCondition": {

        },
        "total_offer_value": 0,
        "game_expiry_amount": "8",
        "offerPerMerchantPerCampaignPerWeek": {

        },
        "max_cashback_value_bonus_stage": "100",
        "cashback_process_delay_unit": 60,
        "pending_offer_value": null,
        "merchantPerCampaignCondition": {

        },
        "valid_upto": "2021-01-31T07:27:00.000Z",
        "stages": {
          "0": {
            "event": "ACCEPT_OFFER"
          },
          "1": {

          },
          "2": {

          },
          "3": {

          }
        },
        "offer_image_url": "https://assetscdn.paytm.com/images/catalog/wallet/ic_mobile.png",
        "background_overlay": false,
        "total_txn_count": "8"
      },
      "supercash_list": [

      ]
    },
    "errors": [

    ],
    "status": 1
  },
  "InProgressGameForMultiStage": {
    "data": {
      "campaign": {
        "first_transaction_cta": "Do your first recharge",
        "auto_activate": false,
        "third_party_id": -1,
        "multi_stage_goldback": false,
        "off_us_transaction_text": "",
        "max_offer_allowed": "1000",
        "multi_stage_campaign": true,
        "offerPerMerchantPerCampaignPerDay": {},
        "is_offus_transaction": true,
        "stage_txn_count": "8",
        "progress_screen_construct": "@order_name",
        "promoMerchantAssociation": {},
        "action": {
          "isAllRandomAction": false,
          "global": {
            "data": []
          },
          "states": {
            "0": {
              "data": [
                {
                  "frontend_redemption_type": "",
                  "name": "action-select",
                  "fields": [
                    {
                      "name": "type",
                      "value": "absolute"
                    },
                    {
                      "name": "value",
                      "value": "50"
                    },
                    {
                      "name": "cap",
                      "value": "50"
                    },
                    {
                      "name": "cashback_text",
                      "value": "cashback"
                    },
                    {
                      "name": "earned_text",
                      "value": "earned"
                    }
                  ],
                  "value": "giveSuperGoldback",
                  "surprise_stage": false
                }
              ]
            },
            "1": {
              "data": [
                {
                  "frontend_redemption_type": "",
                  "name": "action-select",
                  "fields": [
                    {
                      "name": "type",
                      "value": "percentage"
                    },
                    {
                      "name": "value",
                      "value": "100"
                    },
                    {
                      "name": "cap",
                      "value": "100"
                    },
                    {
                      "name": "cashback_text",
                      "value": "a"
                    },
                    {
                      "name": "earned_text",
                      "value": "b"
                    }
                  ],
                  "value": "giveSuperGoldback",
                  "surprise_stage": false
                }
              ]
            },
            "2": {
              "data": [
                {
                  "frontend_redemption_type": "",
                  "name": "action-select",
                  "fields": [
                    {
                      "name": "type",
                      "value": "absolute"
                    },
                    {
                      "name": "value",
                      "value": "150"
                    },
                    {
                      "name": "cap",
                      "value": "150"
                    },
                    {
                      "name": "non_kyc_cashback_mode",
                      "value": "goldback"
                    },
                    {
                      "name": "cashback_text",
                      "value": "test"
                    },
                    {
                      "name": "earned_text",
                      "value": "test"
                    }
                  ],
                  "value": "giveSuperCash",
                  "surprise_stage": false
                }
              ]
            },
            "3": {
              "data": [
                {
                  "frontend_redemption_type": "",
                  "name": "action-select",
                  "fields": [
                    {
                      "name": "type",
                      "value": "percentage"
                    },
                    {
                      "name": "value",
                      "value": "20"
                    },
                    {
                      "name": "cap",
                      "value": "80"
                    },
                    {
                      "name": "rem_ac_no",
                      "value": "233"
                    },
                    {
                      "name": "cashback_text",
                      "value": "v"
                    },
                    {
                      "name": "earned_text",
                      "value": "v"
                    }
                  ],
                  "value": "giveSuperPPBLCashback",
                  "surprise_stage": false
                }
              ]
            }
          }
        },
        "redemption_type": "ppbl",
        "id": "29730",
        "info": {
          "first_transaction_cta": "Do your first recharge",
          "background_image_url": "Bg image URL",
          "auto_activate": false,
          "isDeeplink": true,
          "game_expiry": "0.16",
          "ppi_type": "SCLW ",
          "title": "Activate offer to get upto ₹380 by doing 8 more mobile recharges of ₹200 or more within ",
          "offer_text_override": "Mobile Recharge - upto ₹380",
          "surprise_text": "<p><span style=\"color: #FFA500;\">★</span><span style=\"color: #000000;\">1st mobile recharge, Get ₹50 goldback<p><span style=\"color: #FFA500;\">★</span><span style=\"color: #000000;\">3rd mobile recharge, Get upto ₹100 goldback<p><span style=\"color: #FFA500;\">★</span><span style=\"color: #000000;\">5th mobile recharge, Get ₹150 cashback<p><span style=\"color: #FFA500;\">★</span><span style=\"color: #000000;\">8th mobile recharge, Get upto ₹80 cashback<p>",
          "progress_screen_construct": "@order_name",
          "cashback_process_delay": "10",
          "time_unit": "1",
          "offer_expiry_time_unit": "1",
          "game_expiry_amount": "8",
          "offer_keyword": "mobile recharge%s",
          "deeplink_url": "paytmmp://mobile_prepaid?url=https://catalog.paytm.com/v1/mobile/mobile-prepaid/17",
          "tags": "Recharge & Bill payment Offers, Recharges",
          "display_tags": [],
          "cashback_process_delay_unit": "60",
          "offer_expiry": "0.05",
          "offer_expiry_amount": "5",
          "progress_screen_cta": "Recharge Now",
          "supercash_stages": {
            "0": {
              "event": "ACCEPT_OFFER"
            },
            "1": {},
            "2": {},
            "3": {}
          },
          "offer_image_url": "https://assetscdn.paytm.com/images/catalog/wallet/ic_mobile.png",
          "important_terms": "<p><span style=\"color: #FFA500;\">★</span><span style=\"color: #000000;\">Offer can be availed 1000 times during the campaign validity</span></p>\n\n<p><span style=\"color: #FFA500;\">★</span><span style=\"color: #000000;\">Minimum amount of each transaction should be 200 </span></p>\n\n<p> </p>\n",
          "new_offers_image_url": "https://assetscdn.paytm.com/images/catalog/wallet/ic_mobile.png",
          "background_overlay": false,
          "offer_type_id": "1"
        },
        "redemption_type_flat_percent": "percentage",
        "multi_stage_icon": "",
        "tnc": "https://paytmmall.com/papi/v2/promocard/supercash/campaign/tnc/29730",
        "offer_keyword": "mobile recharge%s",
        "bonus_amount": "80",
        "promocode": "",
        "deeplink_url": "paytmmp://mobile_prepaid?url=https://catalog.paytm.com/v1/mobile/mobile-prepaid/17",
        "offer_expiry": 0.05,
        "condition": "{\"global\":{\"data\":{\"all\":[{\"name\":\"amount\",\"operator\":\"greaterThanEqual\",\"value\":\"200\",\"error\":\"\",\"meta\":\"\"},{\"name\":\"WALLET_payeeId\",\"operator\":\"isOneOf\",\"value\":[\"987111\"],\"error\":\"\",\"meta\":\"\"},{\"name\":\"WALLET_transactionType\",\"operator\":\"isOneOf\",\"value\":[\"P2P\"],\"error\":\"\",\"meta\":\"\"},{\"name\":\"offers_per_user\",\"operator\":\"lessThanEqual\",\"value\":\"1000\",\"error\":\"\",\"meta\":\"\"}]}},\"states\":{\"0\":{\"data\":{\"all\":[{\"name\":\"transactionCount\",\"operator\":\"equalTo\",\"value\":\"1\",\"error\":\"\",\"meta\":\"\"}]}},\"1\":{\"data\":{\"all\":[{\"name\":\"transactionCount\",\"operator\":\"equalTo\",\"value\":\"3\",\"error\":\"\",\"meta\":\"\"}]}},\"2\":{\"data\":{\"all\":[{\"name\":\"transactionCount\",\"operator\":\"equalTo\",\"value\":\"2\",\"error\":\"\",\"meta\":\"\"}]}},\"3\":{\"data\":{\"all\":[{\"name\":\"transactionCount\",\"operator\":\"equalTo\",\"value\":\"3\",\"error\":\"\",\"meta\":\"\"}]}}}}",
        "offer_expiry_amount": "5",
        "progress_screen_cta": "Recharge Now",
        "offer_type_text": "Mobile Prepaid Recharge Offer",
        "total_cashback_earned": 0,
        "campaign": "AUTOMATION_MULTI_SCB",
        "new_offers_image_url": "https://assetscdn.paytm.com/images/catalog/wallet/ic_mobile.png",
        "important_terms": "<p><span style=\"color: #FFA500;\">★</span><span style=\"color: #000000;\">Offer can be availed 1000 times during the campaign validity</span></p>\n\n<p><span style=\"color: #FFA500;\">★</span><span style=\"color: #000000;\">Minimum amount of each transaction should be 200 </span></p>\n\n<p> </p>\n",
        "offer_type_id": 1,
        "short_description": "Do 8 mobile recharges of ₹200 or more within ",
        "background_image_url": "Bg image URL",
        "offer_summary": "You have earned ₹0",
        "max_cashback_value_initial_stage": "50",
        "description": "Do your first mobile recharge of ₹200 or more to activate your offer",
        "initial_amount": "50",
        "game_expiry": 0.16,
        "title": "Activate offer to get upto ₹380 by doing 8 more mobile recharges of ₹200 or more within ",
        "offer_text_override": "Mobile Recharge - upto ₹380",
        "surprise_text": "<p><span style=\"color: #FFA500;\">★</span><span style=\"color: #000000;\">1st mobile recharge, Get ₹50 goldback<p><span style=\"color: #FFA500;\">★</span><span style=\"color: #000000;\">3rd mobile recharge, Get upto ₹100 goldback<p><span style=\"color: #FFA500;\">★</span><span style=\"color: #000000;\">5th mobile recharge, Get ₹150 cashback<p><span style=\"color: #FFA500;\">★</span><span style=\"color: #000000;\">8th mobile recharge, Get upto ₹80 cashback<p>",
        "percent_redemption": "100",
        "cashback_process_delay": 10,
        "surprise_text_title": "Offer Details",
        "offerMerchantCondition": {},
        "total_offer_value": 0,
        "game_expiry_amount": "8",
        "offerPerMerchantPerCampaignPerWeek": {},
        "max_cashback_value_bonus_stage": "100",
        "cashback_process_delay_unit": 60,
        "pending_offer_value": null,
        "merchantPerCampaignCondition": {},
        "valid_upto": "2021-01-31T07:27:00.000Z",
        "stages": {
          "0": {
            "event": "ACCEPT_OFFER"
          },
          "1": {},
          "2": {},
          "3": {}
        },
        "offer_image_url": "https://assetscdn.paytm.com/images/catalog/wallet/ic_mobile.png",
        "background_overlay": false,
        "total_txn_count": "8"
      },
      "supercash_list": []
    },
    "errors": [],
    "status": 1
  }
}