{
  "InProgressGame": {
    "status": 0,
    "errors": [
      {
        "status": 400,
        "errorCode": "PROMO_SUPERCASH_4001",
        "code": "PROMO_SUPERCASH_4001",
        "message": "Action cannot be performed for expired offer",
        "data": {},
        "title": "Action cannot be performed for expired offer"
      }
    ],
    "data": {}
  },
  "UnAckedGame": {
    "status": 0,
    "errors": [
      {
        "status": 400,
        "errorCode": "PROMO_SUPERCASH_4001",
        "code": "PROMO_SUPERCASH_4001",
        "message": "Action cannot be performed for expired offer",
        "data": {},
        "title": "Action cannot be performed for expired offer"
      }
    ],
    "data": {}
  },
  "OfferExpiredGame": {
    "status": 0,
    "errors": [
      {
        "status": 400,
        "errorCode": "PROMO_SUPERCASH_4001",
        "code": "PROMO_SUPERCASH_4001",
        "message": "Action cannot be performed for expired offer",
        "data": {},
        "title": "Action cannot be performed for expired offer"
      }
    ],
    "data": {}
  },
  "CompletedGame": {
    "status": 0,
    "errors": [
      {
        "status": 400,
        "errorCode": "PROMO_SUPERCASH_4001",
        "code": "PROMO_SUPERCASH_4001",
        "message": "Action cannot be performed for expired offer",
        "data": {},
        "title": "Action cannot be performed for expired offer"
      }
    ],
    "data": {}
  },
  "ExpiredGame": {
    "status": 0,
    "errors": [
      {
        "status": 400,
        "errorCode": "PROMO_SUPERCASH_4001",
        "code": "PROMO_SUPERCASH_4001",
        "message": "Action cannot be performed for expired offer",
        "data": {},
        "title": "Action cannot be performed for expired offer"
      }
    ],
    "data": {}
  },
  "RejectedGame": {
    "status": 0,
    "errors": [
      {
        "status": 400,
        "errorCode": "PROMO_SUPERCASH_4001",
        "code": "PROMO_SUPERCASH_4001",
        "message": "Action cannot be performed for expired offer",
        "data": {},
        "title": "Action cannot be performed for expired offer"
      }
    ],
    "data": {}
  }
}