{
  "UserIdQueryForMultiStage":  [
    {
    "created_at": "2021-11-26T15:27:11.000Z",
    "initial_amount": 100,
    "game_expiry": "2021-11-26T17:27:11.000Z",
    "stage_txn_count": 5,
    "updated_at": "2021-11-26T15:27:11.000Z",
    "post_transaction_initialized": "",
    "frontend_redemption_type": "Paytm Movies voucher",
    "initialized_transaction_construct": "Claim \u20b9100 Paytm Movies voucher now or Activate offer and Offer Keyword 4 more times to get upto \u20b9520",
    "id": 1303171,
    "campaign_id": 28798,
    "info": {
      "cb_earned_at": "",
      "game_expiry_reason": "Your offer expired as you did not complete 4 out of 5 transactions.",
      "campaign": {
        "short_description": "short description",
        "first_transaction_cta": null,
        "background_image_url": "background image",
        "auto_activate": false,
        "offer_summary": "You have earned \u20b90",
        "isDeeplink": true,
        "offer_text_override": "Offer Override Text ",
        "multi_stage_campaign": true,
        "is_offus_transaction": true,
        "surprise_text": "<p><em style=\"color: rgb(51, 51, 51); font-family: sans-serif, Arial, Verdana, &quot;Trebuchet MS&quot;; font-size: 13px; background-color: rgb(255, 255, 255);\"><b>Offer<\/b><\/em><em><b> Details<\/b><\/em><\/p>\n\n<ul>\n\t<li>Surprise text<\/li>\n\t<li>Wallet pripeline<\/li>\n<\/ul>\n\n<p> <\/p>\n\n<p><img alt=\"Search icon\" src=\"https://www.iconfinder.com/icons/314478/search_icon\" /><\/p>\n",
        "id": 28798,
        "event": "REJECT_OFFER",
        "surprise_text_title": "Offer Details",
        "info": {
          "first_transaction_cta": null,
          "supercash_stages": {
            "0": {
              "event": "REJECT_OFFER",
              "surprise_stage": "false"
            },
            "1": {
              "event": null,
              "surprise_stage": "false"
            },
            "2": {
              "event": null,
              "surprise_stage": "false"
            },
            "3": {
              "event": null,
              "surprise_stage": "false"
            }
          }
        },
        "offer_keyword": "Payment",
        "tnc": "https://gateway.paytm.com/papi/v2/promocard/supercash/campaign/tnc/28798",
        "show_game_progress": true,
        "deeplink_url": "deeplink",
        "valid_upto": "2024-04-25T07:13:00.000Z",
        "progress_screen_cta": "Progress Screen CTA111",
        "total_cashback_earned": 0,
        "campaign": "AUTOMATION_C_S1_C_S4",
        "offer_image_url": "Offer Icon override URL",
        "new_offers_image_url": "new offers image",
        "important_terms": "<p>important terms<\/p>\n",
        "background_overlay": false,
        "offer_type_id": 1
      },
      "cancelled_txn_count": 0,
      "transactions": [
        {
          "txn_id": "V3GETAPI1637971570",
          "stage_objects": [
            {
              "earned_text": "",
              "fulfillment_at": null,
              "bonus_amount": 0,
              "stage_status": "COMPLETED",
              "is_scratched": false,
              "cashback_text": "",
              "stage_txn_count": 1,
              "redemption_text": "",
              "redemption_status": null,
              "redemption_type_icon": "icon",
              "crosspromo_data": {
                "cta": "cta",
                "valid_upto": "2",
                "cross_promo_usage_text": "usage text stage 1",
                "code": null,
                "cross_promo_text": "You have won a Paytm Movies voucher worth \u20b9100",
                "frontend_redemption_type": "Paytm Movies voucher",
                "terms_conditions": "terms and conditions",
                "site_id": "2",
                "valid_from": "0",
                "cta_deeplink": "deeplink",
                "cross_promocode_icon": "icon"
              },
              "frontend_redemption_type": "Paytm Movies voucher",
              "redemption_display_type": "NONE",
              "redemption_type": "crosspromo",
              "surprise_stage": false,
              "deal_data": null
            }
          ],
          "progress_screen_construct": "1st Payment",
          "stage": 0,
          "created_at": "2021-11-26T15:27:10.000Z",
          "txn_amount": "2400",
          "txn_source": "WALLET",
          "order_id": "SM_FEAFFBA43D7F1F52",
          "status": "SUCCESS"
        },
        {
          "txn_id": "",
          "stage_objects": [
            {
              "earned_text": "",
              "fulfillment_at": null,
              "bonus_amount": 0,
              "stage_status": "INCOMPLETE",
              "is_scratched": false,
              "cashback_text": "You will get upto \u20b9300 cashback",
              "stage_txn_count": 2,
              "redemption_text": "",
              "redemption_status": null,
              "redemption_type_icon": "https://paytm.s3-ap-southeast-1.amazonaws.com/promo_seller_panel_uploads/production/Cashback.png",
              "crosspromo_data": null,
              "frontend_redemption_type": "cashback",
              "redemption_display_type": "NONE",
              "redemption_type": "cashback",
              "surprise_stage": false,
              "deal_data": null
            }
          ],
          "progress_screen_construct": "2nd Payment",
          "stage": 1,
          "merchant_name": "",
          "created_at": "",
          "txn_source": "",
          "order_id": "",
          "status": ""
        },
        {
          "txn_id": "",
          "progress_screen_construct": "3rd Payment",
          "stage": 2,
          "merchant_name": "",
          "created_at": "",
          "txn_source": "",
          "order_id": "",
          "status": ""
        },
        {
          "txn_id": "",
          "stage_objects": [
            {
              "earned_text": "",
              "fulfillment_at": null,
              "bonus_amount": 0,
              "stage_status": "INCOMPLETE",
              "is_scratched": false,
              "cashback_text": "You will get upto \u20b920 goldback",
              "stage_txn_count": 2,
              "redemption_text": "",
              "redemption_status": null,
              "redemption_type_icon": "https://paytm.s3-ap-southeast-1.amazonaws.com/promo_seller_panel_uploads/production/Goldcoin.png",
              "crosspromo_data": null,
              "frontend_redemption_type": "goldback",
              "redemption_display_type": "NONE",
              "redemption_type": "goldback",
              "surprise_stage": false,
              "deal_data": null
            }
          ],
          "progress_screen_construct": "4th Payment",
          "stage": 2,
          "merchant_name": "",
          "created_at": "",
          "txn_source": "",
          "order_id": "",
          "status": ""
        },
        {
          "txn_id": "",
          "stage_objects": [
            {
              "earned_text": "",
              "fulfillment_at": null,
              "bonus_amount": 0,
              "stage_status": "INCOMPLETE",
              "is_scratched": false,
              "cashback_text": "You will get \u20b9200 Paytm Games voucher",
              "stage_txn_count": 1,
              "redemption_text": "",
              "redemption_status": null,
              "redemption_type_icon": "icon",
              "crosspromo_data": {
                "cta": "cta",
                "valid_upto": "3",
                "cross_promo_usage_text": "usage text stage 4",
                "code": null,
                "cross_promo_text": "You have won a Paytm Games voucher worth \u20b9200",
                "frontend_redemption_type": "Paytm Games voucher",
                "terms_conditions": "terms",
                "site_id": "2",
                "valid_from": "1",
                "cta_deeplink": "deeplink",
                "cross_promocode_icon": "icon"
              },
              "frontend_redemption_type": "Paytm Games voucher",
              "redemption_display_type": "NONE",
              "redemption_type": "crosspromo",
              "surprise_stage": false,
              "deal_data": null
            }
          ],
          "progress_screen_construct": "5th Payment",
          "stage": 3,
          "merchant_name": "",
          "created_at": "",
          "txn_source": "",
          "order_id": "",
          "status": ""
        }
      ],
      "offer_expiry_reason": ""
    },
    "server_timestamp": "2021-11-26T15:27:12.015Z",
    "game_expiry_amount": 0,
    "bonus_amount": 0,
    "opt_out_time": "",
    "offer_id": "1303171",
    "offer_status_text": "",
    "offer_progress_construct": "Claim \u20b9100 Paytm Movies voucher now or Activate offer and Offer Keyword 4 more times to get upto \u20b9520",
    "Claim_CTA": "Claim \u20b9100 Paytm Movies voucher now",
    "offer_expiry": "2021-11-26T21:27:11.000Z",
    "stage": 0,
    "offer_expiry_amount": 0,
    "expire_at": "2021-11-26T17:27:11.000Z",
    "total_txn_count": 1,
    "acknowledged_at": "2021-11-26T15:27:11.000Z",
    "status": "INITIALIZED"
  }
  ]
}