[
  {
    "testCaseName": "Supercash invalid game id details using V2 API",
    "expectedResponse": {
      "data": null,
      "errors": [
        {
          "code": null,
          "errorCode": "SUCASH_4023",
          "message": "No valid game found",
          "title": "Not Found",
          "status": 404
        }
      ],
      "status": 0
    },
    "gameId": "-1",
    "userId": "471024472343251"
  },
  {
    "testCaseName": "Supercash game details for invalid game id and user id  using V2 API",
    "expectedResponse": {
      "data": null,
      "errors": [
        {
          "code": null,
          "errorCode": "SUCASH_4023",
          "message": "No valid game found",
          "title": "Not Found",
          "status": 404
        }
      ],
      "status": 0
    },
    "gameId": "-1",
    "userId": "-1"
  }
]