{
  "txnNotExist": {
    "status": 0,
    "errors": [
      {
        "status": 404,
        "code": null,
        "message": "Transaction does not exists in system.",
        "title": "Bad Request",
        "errorCode": "SUCASH_4001"
      }
    ],
    "data": null
  },
  "txnUserString": {
    "data": {},
    "errors": [
      {
        "code": "CAMP_TAG_4000",
        "data": {},
        "message": "mandatory param transaction type is missing",
        "title": "Invalid Request",
        "status": 400
      }
    ],
    "status": 0
  },
  "initState":{
    "data": {
      "post_transaction_completed": null,
      "post_transaction_completed_status": null,
      "created_at": "2021-12-06T15:44:03.000Z",
      "post_transaction_progress_status": "Activate offer and Recharge your mobile to get upto \u20b940",
      "initial_amount": 0,
      "game_expiry": "2021-12-06T15:54:03.000Z",
      "post_transaction_progress_title": "Congratulations!",
      "stage_txn_count": 2,
      "updated_at": "2021-12-06T15:44:03.000Z",
      "post_transaction_initialized": "Recharge your mobile to get upto \u20b940",
      "post_transaction_collapsed_completed": null,
      "frontend_redemption_type": "cashback",
      "initialized_transaction_construct": "Activate offer and Recharge your mobile to get upto \u20b940",
      "id": 1307678,
      "post_transaction_collapsed_progress": "Recharge your mobile to get goldback worth #\u20b920#",
      "campaign_id": 96837,
      "post_transaction_collapsed_initialized": "Recharge your mobile to get cashback upto #\u20b920#",
      "info": {
        "cb_earned_at": "",
        "game_expiry_reason": "Your offer expired as you did not complete 1 out of 2 transactions.",
        "campaign": {
          "short_description": "Recharge your mobile 2 times for  within 10 minutes",
          "first_transaction_cta": "Do your first recharge",
          "background_image_url": "test",
          "auto_activate": false,
          "offer_summary": "You have earned \u20b90",
          "isDeeplink": true,
          "offer_text_override": "Get upto \u20b940 cashback",
          "multi_stage_campaign": true,
          "is_offus_transaction": true,
          "surprise_text": "<p><span style=\"color: #FFA500;\">★<\/span><span style=\"color: #000000;\">Recharge your mobile 1st time, Get upto \u20b920 cashback<p><span style=\"color: #FFA500;\">★<\/span><span style=\"color: #000000;\">Recharge your mobile 2nd time, Get \u20b920 goldback<p>",
          "id": 96837,
          "event": "ACCEPT_OFFER",
          "surprise_text_title": "Offer Details",
          "info": {
            "first_transaction_cta": "Do your first recharge",
            "supercash_stages": {
              "0": {
                "event": "ACCEPT_OFFER",
                "surprise_stage": "false"
              },
              "1": {
                "event": null,
                "surprise_stage": "false"
              }
            }
          },
          "offer_keyword": "Payment",
          "tnc": "https://gateway.paytm.com/papi/v2/promocard/supercash/campaign/tnc/96837",
          "show_game_progress": true,
          "deeplink_url": "paytmmp://mobile_prepaid?url=https://catalog.paytm.com/v1/mobile/mobile-prepaid/17",
          "valid_upto": "2022-01-31T10:07:00.000Z",
          "progress_screen_cta": "Recharge Now",
          "total_cashback_earned": 0,
          "campaign": "AUTOCAMP_SUPERCASHV3",
          "offer_image_url": "https://s3-ap-southeast-1.amazonaws.com/assets.paytm.com/promotion/Rituraj/PNG+images/Mobile+Prepaid+Recharge+Offer.png",
          "new_offers_image_url": "https://s3-ap-southeast-1.amazonaws.com/assets.paytm.com/promotion/Rituraj/PNG+images/Mobile+Prepaid+Recharge+Offer.png",
          "important_terms": "<p><span style=\"color: #FFA500;\">★<\/span><span style=\"color: #000000;\">Offer can be availed 1000 times during the campaign validity<\/span><\/p>\n\n<p> <\/p>\n",
          "background_overlay": false,
          "offer_type_id": 1
        },
        "cancelled_txn_count": 0,
        "transactions": [
          {
            "txn_id": "V3GETAPI1638824157",
            "stage_objects": [
              {
                "earned_text": "",
                "fulfillment_at": null,
                "bonus_amount": 0,
                "stage_status": "COMPLETED",
                "is_scratched": false,
                "cashback_text": "You will get upto \u20b920 cashback",
                "stage_txn_count": 1,
                "redemption_text": "",
                "redemption_status": null,
                "redemption_type_icon": "https://paytm.s3-ap-southeast-1.amazonaws.com/promo_seller_panel_uploads/production/Cashback.png",
                "crosspromo_data": null,
                "frontend_redemption_type": "cashback",
                "redemption_display_type": "NONE",
                "redemption_type": "cashback",
                "surprise_stage": false,
                "deal_data": null
              }
            ],
            "progress_screen_construct": "1st Payment",
            "stage": 0,
            "created_at": "2021-12-06T15:43:44.000Z",
            "txn_amount": "20",
            "txn_source": "PGP",
            "order_id": "5515431212",
            "status": "SUCCESS"
          },
          {
            "txn_id": "",
            "stage_objects": [
              {
                "earned_text": "",
                "fulfillment_at": null,
                "bonus_amount": 0,
                "stage_status": "INCOMPLETE",
                "is_scratched": false,
                "cashback_text": "You will get goldback worth \u20b920",
                "stage_txn_count": 2,
                "redemption_text": "",
                "redemption_status": null,
                "redemption_type_icon": "https://paytm.s3-ap-southeast-1.amazonaws.com/promo_seller_panel_uploads/production/Goldcoin.png",
                "crosspromo_data": null,
                "frontend_redemption_type": "goldback",
                "redemption_display_type": "NONE",
                "redemption_type": "goldback",
                "surprise_stage": false,
                "deal_data": null
              }
            ],
            "progress_screen_construct": "2nd Payment",
            "stage": 1,
            "merchant_name": "",
            "created_at": "",
            "txn_source": "",
            "order_id": "",
            "status": ""
          }
        ],
        "offer_expiry_reason": ""
      },
      "post_transaction_initialized_title": "You have won a new offer",
      "server_timestamp": "2021-12-06T15:44:24.854Z",
      "Claim_title": "Select your offer",
      "claim_text": "Claim upto \u20b920 cashback now without participating in offer ",
      "game_expiry_amount": 0,
      "winning_text": "Better Luck Next Time",
      "bonus_amount": 0,
      "opt_out_time": "",
      "offer_id": "1307678",
      "offer_status_text": "",
      "offer_progress_construct": "Activate offer and Recharge your mobile to get upto \u20b940",
      "Claim_CTA": "Claim upto \u20b920 cashback now",
      "offer_expiry": "2021-12-06T15:48:03.000Z",
      "stage": 0,
      "offer_expiry_amount": 0,
      "expire_at": "2021-12-06T15:54:03.000Z",
      "total_txn_count": 1,
      "acknowledged_at": "2021-12-06T15:44:03.000Z",
      "status": "INITIALIZED"
    },
    "errors": [

    ],
    "status": 1
  },
  "inprogressState": {
    "data": {
      "post_transaction_completed": "You have completed the offer \"Get upto \u20b940 cashback\"",
      "post_transaction_completed_status": "You have earned \u20b92 cashback",
      "created_at": "2021-12-06T16:20:00.000Z",
      "post_transaction_progress_status": "Recharge your mobile to get \u20b920 goldback",
      "initial_amount": 0,
      "game_expiry": "2021-12-06T16:30:00.000Z",
      "post_transaction_progress_title": "Congratulations!",
      "stage_txn_count": 2,
      "updated_at": "2021-12-06T16:20:02.000Z",
      "post_transaction_initialized": "Recharge your mobile to get upto \u20b940",
      "post_transaction_collapsed_completed": "Congratulations! #\u20b92# cashback earned",
      "frontend_redemption_type": "goldback",
      "initialized_transaction_construct": "Activate offer and Recharge your mobile to get upto \u20b940",
      "id": 1307693,
      "post_transaction_collapsed_progress": "Recharge your mobile to get goldback worth #\u20b920#",
      "campaign_id": 96837,
      "post_transaction_collapsed_initialized": "Recharge your mobile to get cashback upto #\u20b920#",
      "info": {
        "cb_earned_at": "",
        "game_expiry_reason": "Your offer expired as you did not complete 1 out of 2 transactions.",
        "campaign": {
          "short_description": "Recharge your mobile 2 times for  within 10 minutes",
          "first_transaction_cta": "Do your first recharge",
          "background_image_url": "test",
          "auto_activate": false,
          "offer_summary": "You have earned \u20b92",
          "isDeeplink": true,
          "offer_text_override": "Get upto \u20b940 cashback",
          "multi_stage_campaign": true,
          "is_offus_transaction": true,
          "surprise_text": "<p><span style=\"color: #FFA500;\">★<\/span><span style=\"color: #000000;\">Recharge your mobile 1st time, Get upto \u20b920 cashback<p><span style=\"color: #FFA500;\">★<\/span><span style=\"color: #000000;\">Recharge your mobile 2nd time, Get \u20b920 goldback<p>",
          "id": 96837,
          "event": "ACCEPT_OFFER",
          "surprise_text_title": "Offer Details",
          "info": {
            "first_transaction_cta": "Do your first recharge",
            "supercash_stages": {
              "0": {
                "event": "ACCEPT_OFFER",
                "surprise_stage": "false"
              },
              "1": {
                "event": null,
                "surprise_stage": "false"
              }
            }
          },
          "offer_keyword": "Payment",
          "tnc": "https://gateway.paytm.com/papi/v2/promocard/supercash/campaign/tnc/96837",
          "show_game_progress": true,
          "deeplink_url": "paytmmp://mobile_prepaid?url=https://catalog.paytm.com/v1/mobile/mobile-prepaid/17",
          "valid_upto": "2022-01-31T10:07:00.000Z",
          "progress_screen_cta": "Recharge Now",
          "total_cashback_earned": 2,
          "campaign": "AUTOCAMP_SUPERCASHV3",
          "offer_image_url": "https://s3-ap-southeast-1.amazonaws.com/assets.paytm.com/promotion/Rituraj/PNG+images/Mobile+Prepaid+Recharge+Offer.png",
          "new_offers_image_url": "https://s3-ap-southeast-1.amazonaws.com/assets.paytm.com/promotion/Rituraj/PNG+images/Mobile+Prepaid+Recharge+Offer.png",
          "important_terms": "<p><span style=\"color: #FFA500;\">★<\/span><span style=\"color: #000000;\">Offer can be availed 1000 times during the campaign validity<\/span><\/p>\n\n<p> <\/p>\n",
          "background_overlay": false,
          "offer_type_id": 1
        },
        "cancelled_txn_count": 0,
        "transactions": [
          {
            "txn_id": "V3GETAPI1638909457",
            "stage_objects": [
              {
                "earned_text": "You won \u20b92 cashback",
                "fulfillment_at": "2021-12-06T16:20:02.000+0000",
                "bonus_amount": 2,
                "stage_status": "COMPLETED",
                "is_scratched": false,
                "cashback_text": "You will get upto \u20b920 cashback",
                "stage_txn_count": 1,
                "redemption_text": "Cashback will be credited within 24 hours to your Paytm Wallet.",
                "redemption_status": "REDEEM_REQUESTED",
                "redemption_type_icon": "https://paytm.s3-ap-southeast-1.amazonaws.com/promo_seller_panel_uploads/production/Cashback.png",
                "crosspromo_data": null,
                "frontend_redemption_type": "cashback",
                "redemption_display_type": "NONE",
                "redemption_type": "cashback",
                "surprise_stage": false,
                "deal_data": null
              }
            ],
            "progress_screen_construct": "1st Payment",
            "stage": 0,
            "created_at": "2021-12-06T16:19:55.000Z",
            "txn_amount": "20",
            "txn_source": "PGP",
            "order_id": "5515431212",
            "status": "SUCCESS"
          },
          {
            "txn_id": "",
            "stage_objects": [
              {
                "earned_text": "",
                "fulfillment_at": null,
                "bonus_amount": 0,
                "stage_status": "INCOMPLETE",
                "is_scratched": false,
                "cashback_text": "You will get goldback worth \u20b920",
                "stage_txn_count": 2,
                "redemption_text": "",
                "redemption_status": null,
                "redemption_type_icon": "https://paytm.s3-ap-southeast-1.amazonaws.com/promo_seller_panel_uploads/production/Goldcoin.png",
                "crosspromo_data": null,
                "frontend_redemption_type": "goldback",
                "redemption_display_type": "NONE",
                "redemption_type": "goldback",
                "surprise_stage": false,
                "deal_data": null
              }
            ],
            "progress_screen_construct": "2nd Payment",
            "stage": 1,
            "merchant_name": "",
            "created_at": "",
            "txn_source": "",
            "order_id": "",
            "status": ""
          }
        ],
        "offer_expiry_reason": ""
      },
      "post_transaction_initialized_title": "You have won a new offer",
      "server_timestamp": "2021-12-06T16:20:06.130Z",
      "Claim_title": "Select your offer",
      "claim_text": "Claim upto \u20b920 cashback now without participating in offer ",
      "game_expiry_amount": 0,
      "winning_text": "Congratulations! You have won",
      "bonus_amount": 2,
      "opt_out_time": "",
      "offer_id": "1307693",
      "offer_status_text": "",
      "offer_progress_construct": "Recharge your mobile to get \u20b920 goldback",
      "Claim_CTA": "Claim upto \u20b920 cashback now",
      "offer_expiry": "2021-12-06T16:24:00.000Z",
      "stage": 1,
      "offer_expiry_amount": 0,
      "expire_at": "2021-12-06T16:30:00.000Z",
      "total_txn_count": 1,
      "acknowledged_at": "2021-12-06T16:20:02.000Z",
      "status": "INPROGRESS"
    },
    "errors": [

    ],
    "status": 1
  },
  "completeState":{
    "status": 1,
    "errors": [],
    "data": {
      "id": 1307006,
      "stage": 1,
      "info": {
        "cb_earned_at": "2021-12-06T11:10:27.984Z",
        "transactions": [
          {
            "txn_id": "91638846080",
            "txn_source": "PGP",
            "stage": 0,
            "status": "SUCCESS",
            "order_id": "5515431212",
            "created_at": "2021-12-06T11:10:21.000Z",
            "txn_amount": "20",
            "progress_screen_construct": "1st Payment",
            "stage_objects": [
              {
                "redemption_type": "cashback",
                "frontend_redemption_type": "cashback",
                "stage_status": "COMPLETED",
                "stage_txn_count": 1,
                "cashback_text": "You will get upto ₹20 cashback",
                "redemption_status": "REDEEM_REQUESTED",
                "redemption_text": "Cashback will be credited within 24 hours to your Paytm Wallet.",
                "earned_text": "You won ₹2 cashback",
                "surprise_stage": false,
                "bonus_amount": 2,
                "deal_data": null,
                "crosspromo_data": null,
                "redemption_type_icon": "https://paytm.s3-ap-southeast-1.amazonaws.com/promo_seller_panel_uploads/production/Cashback.png",
                "redemption_display_type": "NONE",
                "is_scratched": false,
                "fulfillment_at": "2021-12-06T11:10:23.000+0000"
              }
            ]
          },
          {
            "txn_id": "91638890949",
            "txn_source": "PGP",
            "stage": 1,
            "status": "SUCCESS",
            "order_id": "5515431212",
            "created_at": "2021-12-06T11:10:23.000Z",
            "txn_amount": "20",
            "progress_screen_construct": "2nd Payment",
            "stage_objects": [
              {
                "redemption_type": "goldback",
                "frontend_redemption_type": "goldback",
                "stage_status": "COMPLETED",
                "stage_txn_count": 2,
                "cashback_text": "You will get goldback worth ₹20",
                "redemption_status": "REDEEM_REQUESTED",
                "redemption_text": "Goldback will be credited within 24 hours to your Paytm Gold account.",
                "earned_text": "You won ₹20 goldback",
                "surprise_stage": false,
                "bonus_amount": 20,
                "deal_data": null,
                "crosspromo_data": null,
                "redemption_type_icon": "https://paytm.s3-ap-southeast-1.amazonaws.com/promo_seller_panel_uploads/production/Goldcoin.png",
                "redemption_display_type": "NONE",
                "is_scratched": false,
                "fulfillment_at": "2021-12-06T11:10:27.000+0000"
              }
            ]
          }
        ],
        "offer_expiry_reason": "",
        "game_expiry_reason": "Your offer expired as you did not complete 0 out of 2 transactions.",
        "campaign": {
          "id": 96837,
          "event": "ACCEPT_OFFER",
          "deeplink_url": "paytmmp://mobile_prepaid?url=https://catalog.paytm.com/v1/mobile/mobile-prepaid/17",
          "offer_text_override": "Get upto ₹40 cashback",
          "background_image_url": "test",
          "new_offers_image_url": "https://s3-ap-southeast-1.amazonaws.com/assets.paytm.com/promotion/Rituraj/PNG+images/Mobile+Prepaid+Recharge+Offer.png",
          "offer_keyword": "Payment",
          "progress_screen_cta": "Recharge Now",
          "important_terms": "<p><span style=\"color: #FFA500;\">★</span><span style=\"color: #000000;\">Offer can be availed 1000 times during the campaign validity</span></p>\n\n<p> </p>\n",
          "surprise_text": "<p><span style=\"color: #FFA500;\">★</span><span style=\"color: #000000;\">Recharge your mobile 1st time, Get upto ₹20 cashback<p><span style=\"color: #FFA500;\">★</span><span style=\"color: #000000;\">Recharge your mobile 2nd time, Get ₹20 goldback<p>",
          "tnc": "https://gateway.paytm.com/papi/v2/promocard/supercash/campaign/tnc/96837",
          "campaign": "AUTOCAMP_SUPERCASHV3",
          "isDeeplink": true,
          "valid_upto": "2022-01-31T10:07:00.000Z",
          "short_description": "Recharge your mobile 2 times for  within 10 minutes",
          "offer_image_url": "https://s3-ap-southeast-1.amazonaws.com/assets.paytm.com/promotion/Rituraj/PNG+images/Mobile+Prepaid+Recharge+Offer.png",
          "auto_activate": false,
          "show_game_progress": true,
          "offer_type_id": 1,
          "background_overlay": false,
          "first_transaction_cta": "Do your first recharge",
          "surprise_text_title": "Offer Details",
          "info": {
            "supercash_stages": {
              "0": {
                "event": "ACCEPT_OFFER",
                "surprise_stage": "false"
              },
              "1": {
                "event": null,
                "surprise_stage": "false"
              }
            },
            "first_transaction_cta": "Do your first recharge"
          },
          "multi_stage_campaign": true,
          "is_offus_transaction": true,
          "offer_summary": "You have earned ₹22",
          "total_cashback_earned": 22
        },
        "cancelled_txn_count": 0
      },
      "offer_id": "1307006",
      "campaign_id": 96837,
      "stage_txn_count": 2,
      "created_at": "2021-12-06T11:10:22.000Z",
      "updated_at": "2021-12-06T11:10:27.000Z",
      "acknowledged_at": "2021-12-06T11:10:23.000Z",
      "bonus_amount": 22,
      "initial_amount": 0,
      "offer_expiry_amount": 0,
      "game_expiry_amount": 0,
      "total_txn_count": 2,
      "status": "COMPLETED",
      "offer_expiry": "2021-12-06T11:14:22.000Z",
      "game_expiry": "2021-12-06T11:20:22.000Z",
      "expire_at": "2021-12-06T11:20:22.000Z",
      "frontend_redemption_type": "goldback",
      "server_timestamp": "2021-12-06T11:11:07.053Z",
      "offer_progress_construct": "Recharge your mobile to get ₹20 goldback",
      "initialized_transaction_construct": "Activate offer and Recharge your mobile to get upto ₹40",
      "Claim_CTA": "Claim upto ₹20 cashback now",
      "post_transaction_initialized": "Recharge your mobile to get upto ₹40",
      "opt_out_time": "",
      "offer_status_text": "Congratulations!",
      "post_transaction_initialized_title": "You have won a new offer",
      "Claim_title": "Select your offer",
      "claim_text": "Claim upto ₹20 cashback now without participating in offer ",
      "winning_text": "Congratulations! You have won",
      "post_transaction_progress_status": "Recharge your mobile to get ₹20 goldback",
      "post_transaction_progress_title": "Congratulations!",
      "post_transaction_completed": "You have completed the offer \"Get upto ₹40 cashback\"",
      "post_transaction_completed_status": "You have earned ₹2 cashback",
      "post_transaction_collapsed_initialized": "Recharge your mobile to get cashback upto #₹20#",
      "post_transaction_collapsed_progress": "Recharge your mobile to get goldback worth #₹20#",
      "post_transaction_collapsed_completed": "Congratulations! #₹2# cashback earned"
    }
  }
}
