{
  "offerTagMultiStage": [{
    "id": "28275",
    "valid_upto": "2021-01-31T07:27:00.000Z",
    "campaign": "OFFERTAG_AUTOMATION_MULTISTAGE",
    "description": "Offer activated at step 1",
    "tnc": "https://paytmmall.com/papi/v2/promocard/supercash/campaign/tnc/28275",
    "short_description": "Short desc",
    "title": "Offer activated at step 2",
    "deeplink_url": "deeplink",
    "first_transaction_cta": "null",
    "game_expiry": 120,
    "offer_expiry": 360,
    "offer_type_id": 1,
    "offer_type_text": "Mobile Prepaid Recharge Offer",
    "offer_image_url": "Icon override URL",
    "offer_text_override": "override text",
    "offer_expiry_amount": "5",
    "background_image_url": "Bg image URL",
    "off_us_transaction_text": "",
    "new_offers_image_url": "Offer Image URL",
    "game_expiry_amount": "8",
    "auto_activate": false,
    "progress_screen_cta": "progress screen CTA",
    "offer_keyword": "Offer keyword",
    "progress_screen_construct": "Progress",
    "important_terms": "<p><span style=\"color: #FFA500;\">★</span><span style=\"color: #000000;\">Offer can be availed 10000 times during the campaign validity</span></p>\n\n<p><span style=\"color: #FFA500;\">★</span><span style=\"color: #000000;\">Minimum amount of each transaction should be 200 </span></p>\n\n<p> </p>\n",
    "surprise_text": "<p><span style=\"color: #FFA500;\">★</span><span style=\"color: #000000;\">1st mobile recharge, Get upto ₹900 cashback<p><span style=\"color: #FFA500;\">★</span><span style=\"color: #000000;\">2nd mobile recharge, Get <p><span style=\"color: #FFA500;\">★</span><span style=\"color: #000000;\">4th mobile recharge, Get ₹200 goldback<p>",
    "multi_stage_campaign": true,
    "surprise_text_title": "Offer Details",
    "promocode": "",
    "is_offus_transaction": true
  },
    {
      "id": "29460",
      "valid_upto": "2019-08-31T07:16:00.000Z",
      "campaign": "PRMSUCASH_388_TEST_DEAL_2",
      "description": "Do your first DTH recharge of ₹200 or more to activate your offer",
      "tnc": "https://paytmmall.com/papi/v2/promocard/supercash/campaign/tnc/29460",
      "short_description": "Do 4 DTH recharges of ₹200 or more within 2 hours",
      "title": "Activate offer to get upto ₹1100 by doing 4 more DTH recharges of ₹200 or more within 2 hours",
      "deeplink_url": "",
      "first_transaction_cta": "",
      "game_expiry": 120,
      "offer_expiry": 360,
      "offer_type_id": 2,
      "offer_type_text": "Data Card Prepaid Recharge Offer",
      "offer_image_url": "https://assetscdn.paytm.com/images/catalog/wallet/ic_dth.png",
      "offer_text_override": "DTH Recharge - upto ₹1100",
      "offer_expiry_amount": "11",
      "background_image_url": "BG URL",
      "off_us_transaction_text": "Off Us txn text",
      "new_offers_image_url": "https://assetscdn.paytm.com/images/catalog/wallet/ic_dth.png",
      "game_expiry_amount": "22",
      "auto_activate": false,
      "progress_screen_cta": "Recharge Now",
      "offer_keyword": "DTH recharge%s",
      "progress_screen_construct": "@order_name",
      "important_terms": "<p><span style=\"color: #FFA500;\">★</span><span style=\"color: #000000;\">Offer can be availed 10000 times during the campaign validity<p><span style=\"color: #FFA500;\">★</span><span style=\"color: #000000;\">Minimum amount of each transaction should be 200 <p>",
      "surprise_text": "<p><span style=\"color: #FFA500;\">★</span><span style=\"color: #000000;\">1st DTH recharge, Get upto ₹900 cashback<p><span style=\"color: #FFA500;\">★</span><span style=\"color: #000000;\">2nd DTH recharge, Get <p><span style=\"color: #FFA500;\">★</span><span style=\"color: #000000;\">4th DTH recharge, Get ₹200 goldback<p>",
      "multi_stage_campaign": true,
      "surprise_text_title": "Offer Details",
      "promocode": "",
      "is_offus_transaction": false
    },
    {
      "id": "29656",
      "valid_upto": "2019-07-31T09:20:00.000Z",
      "campaign": "NM_CROSSPROMO",
      "description": "Do your first mobile recharge of ₹600 or more to activate your offer",
      "tnc": "https://paytmmall.com/papi/v2/promocard/supercash/campaign/tnc/29656",
      "short_description": "Do 3 mobile recharges of ₹600 or more within 2 days",
      "title": "Activate offer to get ₹20 voucher by doing 3 more mobile recharges of ₹600 or more within 2 days",
      "deeplink_url": "paytmmp://mobile_prepaid?url=https://catalog.paytm.com/v1/mobile/mobile-prepaid/17",
      "first_transaction_cta": "Do your first recharge",
      "game_expiry": 2880,
      "offer_expiry": 8640,
      "offer_type_id": 1,
      "offer_type_text": "Mobile Prepaid Recharge Offer",
      "offer_image_url": "https://assetscdn.paytm.com/images/catalog/wallet/ic_mobile.png",
      "offer_text_override": "Mobile Recharge - ₹20 voucher",
      "offer_expiry_amount": "0",
      "background_image_url": "background image",
      "off_us_transaction_text": "",
      "new_offers_image_url": "https://assetscdn.paytm.com/images/catalog/wallet/ic_mobile.png",
      "game_expiry_amount": "10",
      "auto_activate": false,
      "progress_screen_cta": "Recharge Now",
      "offer_keyword": "mobile recharge%s",
      "progress_screen_construct": "@order_name",
      "important_terms": "<p><span style=\"color: #FFA500;\">★</span><span style=\"color: #000000;\">Offer can be availed 1000 times during the campaign validity</span></p>\n\n<p><span style=\"color: #FFA500;\">★</span><span style=\"color: #000000;\">Minimum amount of each transaction should be 600 </span></p>\n\n<p> </p>\n",
      "surprise_text": "<p><span style=\"color: #FFA500;\">★</span><span style=\"color: #000000;\">1st mobile recharge, Get ₹10 voucher<p><span style=\"color: #FFA500;\">★</span><span style=\"color: #000000;\">3rd mobile recharge, Get ₹10 voucher<p>",
      "multi_stage_campaign": false,
      "surprise_text_title": "Offer Details",
      "promocode": "",
      "is_offus_transaction": false
    },
    {
      "id": "29658",
      "valid_upto": "2019-07-31T08:09:00.000Z",
      "campaign": "NM_DEAL",
      "description": "Do your first mobile recharge of ₹600 or more to activate your offer",
      "tnc": "https://paytmmall.com/papi/v2/promocard/supercash/campaign/tnc/29658",
      "short_description": "Do 3 mobile recharges of ₹600 or more within 2 days",
      "title": "Activate offer to get ₹0 deal by doing 3 more mobile recharges of ₹600 or more within 2 days",
      "deeplink_url": "paytmmp://mobile_prepaid?url=https://catalog.paytm.com/v1/mobile/mobile-prepaid/17",
      "first_transaction_cta": "Do your first recharge",
      "game_expiry": 2880,
      "offer_expiry": 8640,
      "offer_type_id": 1,
      "offer_type_text": "Mobile Prepaid Recharge Offer",
      "offer_image_url": "https://assetscdn.paytm.com/images/catalog/wallet/ic_mobile.png",
      "offer_text_override": "Mobile Recharge - ₹0 deal",
      "offer_expiry_amount": "0",
      "background_image_url": "background image",
      "off_us_transaction_text": "",
      "new_offers_image_url": "https://assetscdn.paytm.com/images/catalog/wallet/ic_mobile.png",
      "game_expiry_amount": "0",
      "auto_activate": true,
      "progress_screen_cta": "Recharge Now",
      "offer_keyword": "mobile recharge%s",
      "progress_screen_construct": "@order_name",
      "important_terms": "<p><span style=\"color: #FFA500;\">★</span><span style=\"color: #000000;\">Offer can be availed 1000 times during the campaign validity</span></p>\n\n<p><span style=\"color: #FFA500;\">★</span><span style=\"color: #000000;\">Minimum amount of each transaction should be 600 </span></p>\n\n<p> </p>\n",
      "surprise_text": "<p><span style=\"color: #FFA500;\">★</span><span style=\"color: #000000;\">1st mobile recharge, Get <p><span style=\"color: #FFA500;\">★</span><span style=\"color: #000000;\">3rd mobile recharge, Get <p>",
      "multi_stage_campaign": true,
      "surprise_text_title": "Offer Details",
      "promocode": "",
      "is_offus_transaction": true
    },
    {
      "id": "29659",
      "valid_upto": "2019-07-31T08:09:00.000Z",
      "campaign": "NM_DEAL1",
      "description": "Do your first mobile recharge of ₹600 or more to activate your offer",
      "tnc": "https://paytmmall.com/papi/v2/promocard/supercash/campaign/tnc/29659",
      "short_description": "Do 3 mobile recharges of ₹600 or more within 2 days",
      "title": "Activate offer to get ₹0 deal by doing 3 more mobile recharges of ₹600 or more within 2 days",
      "deeplink_url": "paytmmp://mobile_prepaid?url=https://catalog.paytm.com/v1/mobile/mobile-prepaid/17",
      "first_transaction_cta": "Do your first recharge",
      "game_expiry": 2880,
      "offer_expiry": 8640,
      "offer_type_id": 1,
      "offer_type_text": "Mobile Prepaid Recharge Offer",
      "offer_image_url": "https://assetscdn.paytm.com/images/catalog/wallet/ic_mobile.png",
      "offer_text_override": "Mobile Recharge - ₹0 deal",
      "offer_expiry_amount": "0",
      "background_image_url": "background image",
      "off_us_transaction_text": "",
      "new_offers_image_url": "https://assetscdn.paytm.com/images/catalog/wallet/ic_mobile.png",
      "game_expiry_amount": "0",
      "auto_activate": true,
      "progress_screen_cta": "Recharge Now",
      "offer_keyword": "mobile recharge%s",
      "progress_screen_construct": "@order_name",
      "important_terms": "<p><span style=\"color: #FFA500;\">★</span><span style=\"color: #000000;\">Offer can be availed 1000 times during the campaign validity<p><span style=\"color: #FFA500;\">★</span><span style=\"color: #000000;\">Minimum amount of each transaction should be 600 <p>",
      "surprise_text": "<p><span style=\"color: #FFA500;\">★</span><span style=\"color: #000000;\">1st mobile recharge, Get <p><span style=\"color: #FFA500;\">★</span><span style=\"color: #000000;\">3rd mobile recharge, Get <p>",
      "multi_stage_campaign": false,
      "surprise_text_title": "Offer Details",
      "promocode": "",
      "is_offus_transaction": true
    },
    {
      "id": "29660",
      "valid_upto": "2019-07-31T08:09:00.000Z",
      "campaign": "NM_DEAL2",
      "description": "Do your first mobile recharge of ₹600 or more to activate your offer",
      "tnc": "https://paytmmall.com/papi/v2/promocard/supercash/campaign/tnc/29660",
      "short_description": "Do 3 mobile recharges of ₹600 or more within 2 days",
      "title": "Activate offer to get ₹0 deal by doing 3 more mobile recharges of ₹600 or more within 2 days",
      "deeplink_url": "paytmmp://mobile_prepaid?url=https://catalog.paytm.com/v1/mobile/mobile-prepaid/17",
      "first_transaction_cta": "Do your first recharge",
      "game_expiry": 2880,
      "offer_expiry": 8640,
      "offer_type_id": 1,
      "offer_type_text": "Mobile Prepaid Recharge Offer",
      "offer_image_url": "https://assetscdn.paytm.com/images/catalog/wallet/ic_mobile.png",
      "offer_text_override": "Mobile Recharge - ₹0 deal",
      "offer_expiry_amount": "0",
      "background_image_url": "background image",
      "off_us_transaction_text": "",
      "new_offers_image_url": "https://assetscdn.paytm.com/images/catalog/wallet/ic_mobile.png",
      "game_expiry_amount": "0",
      "auto_activate": true,
      "progress_screen_cta": "Recharge Now",
      "offer_keyword": "mobile recharge%s",
      "progress_screen_construct": "@order_name",
      "important_terms": "<p><span style=\"color: #FFA500;\">★</span><span style=\"color: #000000;\">Offer can be availed 1000 times during the campaign validity<p><span style=\"color: #FFA500;\">★</span><span style=\"color: #000000;\">Minimum amount of each transaction should be 600 <p>",
      "surprise_text": "<p><span style=\"color: #FFA500;\">★</span><span style=\"color: #000000;\">1st mobile recharge, Get <p><span style=\"color: #FFA500;\">★</span><span style=\"color: #000000;\">3rd mobile recharge, Get <p>",
      "multi_stage_campaign": false,
      "surprise_text_title": "Offer Details",
      "promocode": "",
      "is_offus_transaction": true
    },
    {
      "id": "29668",
      "valid_upto": "2019-07-31T09:20:00.000Z",
      "campaign": "MULTISTAGE_CROSSPROMO_NODELAY",
      "description": "Do your first mobile recharge of ₹600 or more to activate your offer",
      "tnc": "https://paytmmall.com/papi/v2/promocard/supercash/campaign/tnc/29668",
      "short_description": "Do 3 mobile recharges of ₹600 or more within 2 days",
      "title": "Activate offer to get ₹20 voucher by doing 3 more mobile recharges of ₹600 or more within 2 days",
      "deeplink_url": "paytmmp://mobile_prepaid?url=https://catalog.paytm.com/v1/mobile/mobile-prepaid/17",
      "first_transaction_cta": "Do your first recharge",
      "game_expiry": 2880,
      "offer_expiry": 8640,
      "offer_type_id": 1,
      "offer_type_text": "Mobile Prepaid Recharge Offer",
      "offer_image_url": "https://assetscdn.paytm.com/images/catalog/wallet/ic_mobile.png",
      "offer_text_override": "Mobile Recharge - ₹20 voucher",
      "offer_expiry_amount": "0",
      "background_image_url": "background image",
      "off_us_transaction_text": "",
      "new_offers_image_url": "https://assetscdn.paytm.com/images/catalog/wallet/ic_mobile.png",
      "game_expiry_amount": "10",
      "auto_activate": true,
      "progress_screen_cta": "Recharge Now",
      "offer_keyword": "mobile recharge%s",
      "progress_screen_construct": "@order_name",
      "important_terms": "<p><span style=\"color: #FFA500;\">★</span><span style=\"color: #000000;\">Offer can be availed 1000 times during the campaign validity<p><span style=\"color: #FFA500;\">★</span><span style=\"color: #000000;\">Minimum amount of each transaction should be 600 <p>",
      "surprise_text": "<p><span style=\"color: #FFA500;\">★</span><span style=\"color: #000000;\">1st mobile recharge, Get ₹10 voucher<p><span style=\"color: #FFA500;\">★</span><span style=\"color: #000000;\">3rd mobile recharge, Get ₹10 voucher<p>",
      "multi_stage_campaign": false,
      "surprise_text_title": "Offer Details",
      "promocode": "",
      "is_offus_transaction": true
    },
    {
      "id": "29669",
      "valid_upto": "2019-07-31T09:20:00.000Z",
      "campaign": "MULTISTAGE_CROSSPROMO_NODELAY1",
      "description": "Do your first mobile recharge of ₹600 or more to activate your offer",
      "tnc": "https://paytmmall.com/papi/v2/promocard/supercash/campaign/tnc/29669",
      "short_description": "Do 3 mobile recharges of ₹600 or more within 2 days",
      "title": "Activate offer to get ₹20 voucher by doing 3 more mobile recharges of ₹600 or more within 2 days",
      "deeplink_url": "paytmmp://mobile_prepaid?url=https://catalog.paytm.com/v1/mobile/mobile-prepaid/17",
      "first_transaction_cta": "Do your first recharge",
      "game_expiry": 2880,
      "offer_expiry": 8640,
      "offer_type_id": 1,
      "offer_type_text": "Mobile Prepaid Recharge Offer",
      "offer_image_url": "https://assetscdn.paytm.com/images/catalog/wallet/ic_mobile.png",
      "offer_text_override": "Mobile Recharge - ₹20 voucher",
      "offer_expiry_amount": "0",
      "background_image_url": "background image",
      "off_us_transaction_text": "",
      "new_offers_image_url": "https://assetscdn.paytm.com/images/catalog/wallet/ic_mobile.png",
      "game_expiry_amount": "10",
      "auto_activate": true,
      "progress_screen_cta": "Recharge Now",
      "offer_keyword": "mobile recharge%s",
      "progress_screen_construct": "@order_name",
      "important_terms": "<p><span style=\"color: #FFA500;\">★</span><span style=\"color: #000000;\">Offer can be availed 1000 times during the campaign validity<p><span style=\"color: #FFA500;\">★</span><span style=\"color: #000000;\">Minimum amount of each transaction should be 600 <p>",
      "surprise_text": "<p><span style=\"color: #FFA500;\">★</span><span style=\"color: #000000;\">1st mobile recharge, Get ₹10 voucher<p><span style=\"color: #FFA500;\">★</span><span style=\"color: #000000;\">3rd mobile recharge, Get ₹10 voucher<p>",
      "multi_stage_campaign": false,
      "surprise_text_title": "Offer Details",
      "promocode": "",
      "is_offus_transaction": true
    },
    {
      "id": "29670",
      "valid_upto": "2019-07-31T09:20:00.000Z",
      "campaign": "MULTISTAGE_CROSSPROMO_NODELAY2",
      "description": "Do your first mobile recharge of ₹600 or more to activate your offer",
      "tnc": "https://paytmmall.com/papi/v2/promocard/supercash/campaign/tnc/29670",
      "short_description": "Do 3 mobile recharges of ₹600 or more within 2 days",
      "title": "Activate offer to get ₹20 voucher by doing 3 more mobile recharges of ₹600 or more within 2 days",
      "deeplink_url": "paytmmp://mobile_prepaid?url=https://catalog.paytm.com/v1/mobile/mobile-prepaid/17",
      "first_transaction_cta": "Do your first recharge",
      "game_expiry": 2880,
      "offer_expiry": 8640,
      "offer_type_id": 1,
      "offer_type_text": "Mobile Prepaid Recharge Offer",
      "offer_image_url": "https://assetscdn.paytm.com/images/catalog/wallet/ic_mobile.png",
      "offer_text_override": "Mobile Recharge - ₹20 voucher",
      "offer_expiry_amount": "0",
      "background_image_url": "background image",
      "off_us_transaction_text": "",
      "new_offers_image_url": "https://assetscdn.paytm.com/images/catalog/wallet/ic_mobile.png",
      "game_expiry_amount": "10",
      "auto_activate": true,
      "progress_screen_cta": "Recharge Now",
      "offer_keyword": "mobile recharge%s",
      "progress_screen_construct": "@order_name",
      "important_terms": "<p><span style=\"color: #FFA500;\">★</span><span style=\"color: #000000;\">Offer can be availed 1000 times during the campaign validity<p><span style=\"color: #FFA500;\">★</span><span style=\"color: #000000;\">Minimum amount of each transaction should be 600 <p>",
      "surprise_text": "<p><span style=\"color: #FFA500;\">★</span><span style=\"color: #000000;\">1st mobile recharge, Get ₹10 voucher<p><span style=\"color: #FFA500;\">★</span><span style=\"color: #000000;\">3rd mobile recharge, Get ₹10 voucher<p>",
      "multi_stage_campaign": true,
      "surprise_text_title": "Offer Details",
      "promocode": "",
      "is_offus_transaction": true
    },
    {
      "id": "29129",
      "valid_upto": "2019-05-31T12:33:00.000Z",
      "campaign": "GS1145811",
      "description": "sadfdsfds",
      "tnc": "https://paytmmall.com/papi/v2/promocard/supercash/campaign/tnc/29129",
      "short_description": "cfdg",
      "title": "cfdgds",
      "deeplink_url": "",
      "first_transaction_cta": "",
      "game_expiry": 14400,
      "offer_expiry": 14400,
      "offer_type_id": 16,
      "offer_type_text": "Loan Payment Offer",
      "offer_image_url": "sdfdsasda",
      "offer_text_override": "dsfcc",
      "offer_expiry_amount": "100",
      "background_image_url": "dfdf",
      "off_us_transaction_text": "afcxzxds",
      "new_offers_image_url": "dfdf",
      "game_expiry_amount": "100",
      "auto_activate": true,
      "progress_screen_cta": "dsffds",
      "offer_keyword": "fdf",
      "progress_screen_construct": "hvcjhnkjdkew",
      "important_terms": "<p>dsfff</p>",
      "surprise_text": "fdsdfsdf",
      "multi_stage_campaign": false,
      "surprise_text_title": "Offer Details",
      "promocode": "",
      "is_offus_transaction": false
    }
  ],
  "offerTagNonMultiStage": {
    "data": {
      "is_next": false,
      "campaigns": [{
        "short_description": "sds",
        "background_image_url": "dasd",
        "auto_activate": false,
        "description": "asdas",
        "game_expiry": 3,
        "title": "asdsa",
        "off_us_transaction_text": "asda",
        "offer_text_override": "sds",
        "multi_stage_campaign": true,
        "is_offus_transaction": false,
        "progress_screen_construct": "asdads",
        "surprise_text": "dd",
        "id": "28276",
        "surprise_text_title": "Offer Details",
        "tnc": "https://paytmmall.com/papi/v2/promocard/supercash/campaign/tnc/28276",
        "game_expiry_amount": "20",
        "offer_keyword": "txn",
        "promocode": "",
        "deeplink_url": "",
        "offer_expiry": 3,
        "valid_upto": "2020-01-31T09:11:00.000Z",
        "offer_expiry_amount": "10",
        "progress_screen_cta": "12",
        "offer_type_text": "Recharge Offer",
        "campaign": "OFTAGNONMULTISTAGEAUTOMATI",
        "offer_image_url": "asda",
        "new_offers_image_url": "asdas",
        "important_terms": "sdf",
        "offer_type_id": 11
      }]
    },
    "errors": [

    ],
    "status": 1
  },
  "offerTagWithWithoutMultiStage": {
    "status": 1,
    "errors": [

    ],
    "data": {
      "is_next": false,
      "campaigns": [{
        "id": "28275",
        "valid_upto": "2021-01-31T07:27:00.000Z",
        "campaign": "OFFERTAG_AUTOMATION_MULTISTAGE",
        "description": "Offer activated at step 1",
        "tnc": "https://paytmmall.com/papi/v2/promocard/supercash/campaign/tnc/28275",
        "short_description": "Short desc",
        "title": "Offer activated at step 2",
        "deeplink_url": "deeplink",
        "game_expiry": 0.16,
        "offer_expiry": 0.05,
        "offer_type_id": 1,
        "offer_type_text": "Mobile Prepaid Recharge Offer",
        "offer_image_url": "Icon override URL",
        "offer_text_override": "override text",
        "offer_expiry_amount": "5",
        "background_image_url": "Bg image URL",
        "off_us_transaction_text": "",
        "new_offers_image_url": "Offer Image URL",
        "game_expiry_amount": "8",
        "auto_activate": false,
        "progress_screen_cta": "progress screen CTA",
        "offer_keyword": "Offer keyword",
        "progress_screen_construct": "Progress",
        "important_terms": "<p>important terms</p>\n",
        "surprise_text": "<p><em><b>Offer</b></em><em><b> Details</b></em></p>\n\n<ul>\n\t<li>Surprise text</li>\n\t<li>Wallet pripeline</li>\n</ul>\n",
        "multi_stage_campaign": true,
        "surprise_text_title": "Offer Details",
        "promocode": "",
        "is_offus_transaction": true
      },
        {
          "id": "28276",
          "valid_upto": "2020-01-31T09:11:00.000Z",
          "campaign": "OFTAGNONMULTISTAGEAUTOMATI",
          "description": "asdas",
          "tnc": "https://paytmmall.com/papi/v2/promocard/supercash/campaign/tnc/28276",
          "short_description": "sds",
          "title": "asdsa",
          "deeplink_url": "",
          "game_expiry": 3,
          "offer_expiry": 3,
          "offer_type_id": 11,
          "offer_type_text": "Recharge Offer",
          "offer_image_url": "asda",
          "offer_text_override": "sds",
          "offer_expiry_amount": "10",
          "background_image_url": "dasd",
          "off_us_transaction_text": "asda",
          "new_offers_image_url": "asdas",
          "game_expiry_amount": "20",
          "auto_activate": false,
          "progress_screen_cta": "12",
          "offer_keyword": "txn",
          "progress_screen_construct": "asdads",
          "important_terms": "sdf",
          "surprise_text": "dd",
          "multi_stage_campaign": true,
          "surprise_text_title": "Offer Details",
          "promocode": "",
          "is_offus_transaction": false
        }
      ]
    }
  }
}