[
  {
    "testCaseName": "Supercash campaign List for promocode associate to user (positive case)",
    "expectedResponse":{"data":{"is_next":true,"campaigns":[{"short_description":"Recharge your mobile 1 time for \u20b91000 within a day","first_transaction_cta":"Do your first recharge","background_image_url":"sda","auto_activate":true,"offer_summary":null,"isDeeplink":true,"offer_text_override":"Get \u20b910 cashback","multi_stage_campaign":false,"is_offus_transaction":true,"surprise_text":"<p><span style=\"color: #FFA500;\">★<\/span><span style=\"color: #000000;\">Recharge your mobile 1st time, Get \u20b910 cashback<p>","id":89569,"event":"ACCEPT_OFFER","surprise_text_title":"Offer Details","info":{"first_transaction_cta":"","supercash_stages":{"0":{"event":"ACCEPT_OFFER","surprise_stage":"false"}}},"offer_keyword":"Recharge your mobile","tnc":"https://gateway.paytm.com/papi/v2/promocard/supercash/campaign/tnc/89569","show_game_progress":true,"deeplink_url":"paytmmp://mobile_prepaid?url=https://catalog.paytm.com/v1/mobile/mobile-prepaid/17","valid_upto":"2022-03-31T14:31:00.000Z","progress_screen_cta":"Recharge Now","total_cashback_earned":0,"campaign":"TEST_PPBL_NEFT001","offer_image_url":"https://s3-ap-southeast-1.amazonaws.com/assets.paytm.com/promotion/Rituraj/PNG+images/Mobile+Prepaid+Recharge+Offer.png","new_offers_image_url":"https://s3-ap-southeast-1.amazonaws.com/assets.paytm.com/promotion/Rituraj/PNG+images/Mobile+Prepaid+Recharge+Offer.png","important_terms":"<p><span style=\"color: #FFA500;\">★<\/span><span style=\"color: #000000;\">This offer is applicable only when you Recharge your mobile for \u20b91000<p><span style=\"color: #FFA500;\">★<\/span><span style=\"color: #000000;\">Offer can be availed 1000 times during the campaign validity<p>","background_overlay":false,"offer_type_id":1},{"short_description":"Recharge your mobile 1 time for \u20b96 within a day","first_transaction_cta":"Do your first recharge","background_image_url":"sda","auto_activate":true,"offer_summary":null,"isDeeplink":true,"offer_text_override":"Get upto \u20b910 cashback","multi_stage_campaign":false,"is_offus_transaction":true,"surprise_text":"<p><span style=\"color: #FFA500;\">★<\/span><span style=\"color: #000000;\">Recharge your mobile 1st time, Get upto \u20b910 cashback<p>","id":90320,"event":"ACCEPT_OFFER","surprise_text_title":"Offer Details","info":{"first_transaction_cta":"","supercash_stages":{"0":{"event":"ACCEPT_OFFER","surprise_stage":"false"}}},"offer_keyword":"Recharge your mobile","tnc":"https://gateway.paytm.com/papi/v2/promocard/supercash/campaign/tnc/90320","show_game_progress":true,"deeplink_url":"paytmmp://mobile_prepaid?url=https://catalog.paytm.com/v1/mobile/mobile-prepaid/17","valid_upto":"2022-01-31T05:47:00.000Z","progress_screen_cta":"Recharge Now","total_cashback_earned":0,"campaign":"TEST_PPBL_REDEMPTION001","offer_image_url":"https://s3-ap-southeast-1.amazonaws.com/assets.paytm.com/promotion/Rituraj/PNG+images/Mobile+Prepaid+Recharge+Offer.png","new_offers_image_url":"https://s3-ap-southeast-1.amazonaws.com/assets.paytm.com/promotion/Rituraj/PNG+images/Mobile+Prepaid+Recharge+Offer.png","important_terms":"<p><span style=\"color: #FFA500;\">★<\/span><span style=\"color: #000000;\">This offer is applicable only when you Recharge your mobile for \u20b96<\/span><\/p>\n\n<p><span style=\"color: #FFA500;\">★<\/span><span style=\"color: #000000;\">Offer can be availed 1000 times during the campaign validity<\/span><\/p>\n\n<p> <\/p>\n","background_overlay":false,"offer_type_id":1},{"short_description":"Recharge your mobile 1 time for \u20b96 within a day","first_transaction_cta":"Do your first recharge","background_image_url":"sda","auto_activate":true,"offer_summary":null,"isDeeplink":true,"offer_text_override":"Get upto \u20b920 cashback","multi_stage_campaign":false,"is_offus_transaction":true,"surprise_text":"<p><span style=\"color: #FFA500;\">★<\/span><span style=\"color: #000000;\">Recharge your mobile 1st time, Get cashback worth \u20b910 to \u20b920<p>","id":90321,"event":"ACCEPT_OFFER","surprise_text_title":"Offer Details","info":{"first_transaction_cta":"","supercash_stages":{"0":{"event":"ACCEPT_OFFER","surprise_stage":"false"}}},"offer_keyword":"Recharge your mobile","tnc":"https://gateway.paytm.com/papi/v2/promocard/supercash/campaign/tnc/90321","show_game_progress":true,"deeplink_url":"paytmmp://mobile_prepaid?url=https://catalog.paytm.com/v1/mobile/mobile-prepaid/17","valid_upto":"2022-02-28T05:49:00.000Z","progress_screen_cta":"Recharge Now","total_cashback_earned":0,"campaign":"TEST_PPBL_REDEMPTION002","offer_image_url":"https://s3-ap-southeast-1.amazonaws.com/assets.paytm.com/promotion/Rituraj/PNG+images/Mobile+Prepaid+Recharge+Offer.png","new_offers_image_url":"https://s3-ap-southeast-1.amazonaws.com/assets.paytm.com/promotion/Rituraj/PNG+images/Mobile+Prepaid+Recharge+Offer.png","important_terms":"<p><span style=\"color: #FFA500;\">★<\/span><span style=\"color: #000000;\">This offer is applicable only when you Recharge your mobile for \u20b96<p><span style=\"color: #FFA500;\">★<\/span><span style=\"color: #000000;\">Offer can be availed 1000 times during the campaign validity<p>","background_overlay":false,"offer_type_id":1},{"short_description":"Recharge your mobile 1 time for more than \u20b910 within a day","first_transaction_cta":"Do your first recharge","background_image_url":"sda","auto_activate":true,"offer_summary":null,"isDeeplink":true,"offer_text_override":"Get upto \u20b910 cashback","multi_stage_campaign":false,"is_offus_transaction":true,"surprise_text":"<p><span style=\"color: #FFA500;\">★<\/span><span style=\"color: #000000;\">Recharge your mobile 1st time, Get upto \u20b910 cashback<p>","id":92449,"event":"ACCEPT_OFFER","surprise_text_title":"Offer Details","info":{"first_transaction_cta":"","supercash_stages":{"0":{"event":"ACCEPT_OFFER","surprise_stage":"false"}}},"offer_keyword":"Recharge your mobile","tnc":"https://gateway.paytm.com/papi/v2/promocard/supercash/campaign/tnc/92449","show_game_progress":true,"deeplink_url":"paytmmp://mobile_prepaid?url=https://catalog.paytm.com/v1/mobile/mobile-prepaid/17","valid_upto":"2022-02-28T05:22:00.000Z","progress_screen_cta":"Recharge Now","total_cashback_earned":0,"campaign":"TEST_PPBLSC_REDEMPTION003","offer_image_url":"https://s3-ap-southeast-1.amazonaws.com/assets.paytm.com/promotion/Rituraj/PNG+images/Mobile+Prepaid+Recharge+Offer.png","new_offers_image_url":"https://s3-ap-southeast-1.amazonaws.com/assets.paytm.com/promotion/Rituraj/PNG+images/Mobile+Prepaid+Recharge+Offer.png","important_terms":"<p><span style=\"color: #FFA500;\">★<\/span><span style=\"color: #000000;\">This offer is applicable only when you Recharge your mobile for more than \u20b910<p><span style=\"color: #FFA500;\">★<\/span><span style=\"color: #000000;\">Offer can be availed 1000 times during the campaign validity<p>","background_overlay":false,"offer_type_id":1},{"short_description":"Do 4 mobile recharges of \u20b9200 or more within 2 hours","first_transaction_cta":"Do your first recharge","background_image_url":"BG URL","auto_activate":true,"offer_summary":null,"isDeeplink":false,"offer_text_override":"Mobile Recharge - upto \u20b91100","multi_stage_campaign":true,"is_offus_transaction":false,"surprise_text":"<p><span style=\"color: #FFA500;\">★<\/span><span style=\"color: #000000;\">1st mobile recharge, Get upto \u20b9900 cashback<p><span style=\"color: #FFA500;\">★<\/span><span style=\"color: #000000;\">2nd mobile recharge, Get <p><span style=\"color: #FFA500;\">★<\/span><span style=\"color: #000000;\">4th mobile recharge, Get \u20b9200 goldback<p>","id":29446,"event":"ACCEPT_OFFER","surprise_text_title":"Offer Details","info":{"first_transaction_cta":"","supercash_stages":{"0":{"event":"ACCEPT_OFFER","surprise_stage":"false"},"1":{"event":null,"surprise_stage":"false"},"2":{"event":null,"surprise_stage":"false"}}},"offer_keyword":"mobile recharge%s","tnc":"https://gateway.paytm.com/papi/v2/promocard/supercash/campaign/tnc/29446","show_game_progress":true,"deeplink_url":"paytmmp://mobile_prepaid?url=https://catalog.paytm.com/v1/mobile/mobile-prepaid/17","valid_upto":"2024-03-31T06:17:00.000Z","progress_screen_cta":"Recharge Now","total_cashback_earned":0,"campaign":"PRMSUCASH_388_TEST_DEAL","offer_image_url":"https://assetscdn.paytm.com/images/catalog/wallet/ic_mobile.png","new_offers_image_url":"https://assetscdn.paytm.com/images/catalog/wallet/ic_mobile.png","important_terms":"<p><span style=\"color: #FFA500;\">★<\/span><span style=\"color: #000000;\">Offer can be availed 10000 times during the campaign validity<\/span><\/p>\n\n<p><span style=\"color: #FFA500;\">★<\/span><span style=\"color: #000000;\">Minimum amount of each transaction should be 200 <\/span><\/p>\n\n<p> <\/p>\n","background_overlay":false,"offer_type_id":2},{"short_description":"Do 4 DTH recharges of \u20b9200 or more within 2 hours","first_transaction_cta":"Do your first recharge","background_image_url":"BG URL","auto_activate":true,"offer_summary":null,"isDeeplink":false,"offer_text_override":"DTH Recharge - upto \u20b91100","multi_stage_campaign":true,"is_offus_transaction":false,"surprise_text":"<p><span style=\"color: #FFA500;\">★<\/span><span style=\"color: #000000;\">1st DTH recharge, Get upto \u20b9900 cashback<p><span style=\"color: #FFA500;\">★<\/span><span style=\"color: #000000;\">2nd DTH recharge, Get <p><span style=\"color: #FFA500;\">★<\/span><span style=\"color: #000000;\">4th DTH recharge, Get \u20b9200 goldback<p>","id":29460,"event":"ACCEPT_OFFER","surprise_text_title":"Offer Details","info":{"first_transaction_cta":"","supercash_stages":{"0":{"event":"ACCEPT_OFFER","surprise_stage":"false"},"1":{"event":null,"surprise_stage":"false"},"2":{"event":null,"surprise_stage":"false"}}},"offer_keyword":"DTH recharge%s","tnc":"https://gateway.paytm.com/papi/v2/promocard/supercash/campaign/tnc/29460","show_game_progress":true,"deeplink_url":"paytmmp://dth?url=https://catalog.paytm.com/v1/mobile/DTH/18","valid_upto":"2024-03-31T06:17:00.000Z","progress_screen_cta":"Recharge Now","total_cashback_earned":0,"campaign":"PRMSUCASH_388_TEST_DEAL_2","offer_image_url":"https://assetscdn.paytm.com/images/catalog/wallet/ic_dth.png","new_offers_image_url":"https://assetscdn.paytm.com/images/catalog/wallet/ic_dth.png","important_terms":"<p><span style=\"color: #FFA500;\">★<\/span><span style=\"color: #000000;\">Offer can be availed 10000 times during the campaign validity<p><span style=\"color: #FFA500;\">★<\/span><span style=\"color: #000000;\">Minimum amount of each transaction should be 200 <p>","background_overlay":false,"offer_type_id":2},{"short_description":"Do 5 DTH recharges of \u20b9500 or more within 10 minutes","first_transaction_cta":"Do your first recharge","background_image_url":"BG URL","auto_activate":false,"offer_summary":null,"isDeeplink":true,"offer_text_override":"DTH Recharge - Upto \u20b9900 cashback","multi_stage_campaign":true,"is_offus_transaction":true,"surprise_text":"<p><span style=\"color: #FFA500;\">★<\/span><span style=\"color: #000000;\">1st DTH recharge, Get upto \u20b9200 cashback<p><span style=\"color: #FFA500;\">★<\/span><span style=\"color: #000000;\">3rd DTH recharge, Get upto \u20b9300 voucher<p><span style=\"color: #FFA500;\">★<\/span><span style=\"color: #000000;\">5th DTH recharge, Get \u20b9400 goldback<p>","id":31451,"event":"ACCEPT_OFFER","surprise_text_title":"Offer Details","info":{"first_transaction_cta":"","supercash_stages":{"0":{"event":"ACCEPT_OFFER","surprise_stage":"false"},"1":{"event":null,"surprise_stage":"false"},"2":{"event":null,"surprise_stage":"false"}}},"offer_keyword":"DTH recharge%s","tnc":"https://gateway.paytm.com/papi/v2/promocard/supercash/campaign/tnc/31451","show_game_progress":true,"deeplink_url":"paytmmp://dth?url=https://catalog.paytm.com/v1/mobile/DTH/18","valid_upto":"2024-07-03T12:12:00.000Z","progress_screen_cta":"Recharge Now","total_cashback_earned":0,"campaign":"AUTOMATION_CANCEL_INT2","offer_image_url":"https://s3-ap-southeast-1.amazonaws.com/assets.paytm.com/promotion/Rituraj/PNG+images/DTH+Recharge+Offer.png","new_offers_image_url":"https://s3-ap-southeast-1.amazonaws.com/assets.paytm.com/promotion/Rituraj/PNG+images/DTH+Recharge+Offer.png","important_terms":"<p><span style=\"color: #FFA500;\">★<\/span><span style=\"color: #000000;\">Offer can be availed 10000 times during the campaign validity<p><span style=\"color: #FFA500;\">★<\/span><span style=\"color: #000000;\">Minimum amount of each transaction should be \u20b9500 <p>","background_overlay":false,"offer_type_id":2},{"short_description":"Do 5 DTH recharges of \u20b9300 or more within 10 minutes","first_transaction_cta":"Do your first recharge","background_image_url":"BG URL","auto_activate":false,"offer_summary":null,"isDeeplink":true,"offer_text_override":"DTH Recharge - Upto \u20b91000 cashback","multi_stage_campaign":true,"is_offus_transaction":true,"surprise_text":"<p><span style=\"color: #FFA500;\">★<\/span><span style=\"color: #000000;\">1st DTH recharge, Get upto \u20b9300 cashback<p><span style=\"color: #FFA500;\">★<\/span><span style=\"color: #000000;\">3rd DTH recharge, Get upto \u20b9300 voucher<p><span style=\"color: #FFA500;\">★<\/span><span style=\"color: #000000;\">5th DTH recharge, Get \u20b9400 goldback<p>","id":31457,"event":"ACCEPT_OFFER","surprise_text_title":"Offer Details","info":{"first_transaction_cta":"","supercash_stages":{"0":{"event":"ACCEPT_OFFER","surprise_stage":"false"},"1":{"event":null,"surprise_stage":"false"},"2":{"event":null,"surprise_stage":"false"}}},"offer_keyword":"DTH recharge%s","tnc":"https://gateway.paytm.com/papi/v2/promocard/supercash/campaign/tnc/31457","show_game_progress":true,"deeplink_url":"paytmmp://dth?url=https://catalog.paytm.com/v1/mobile/DTH/18","valid_upto":"2024-07-03T12:12:00.000Z","progress_screen_cta":"Recharge Now","total_cashback_earned":0,"campaign":"AUTOMATION_CANCEL_INT3","offer_image_url":"https://s3-ap-southeast-1.amazonaws.com/assets.paytm.com/promotion/Rituraj/PNG+images/DTH+Recharge+Offer.png","new_offers_image_url":"https://s3-ap-southeast-1.amazonaws.com/assets.paytm.com/promotion/Rituraj/PNG+images/DTH+Recharge+Offer.png","important_terms":"<p><span style=\"color: #FFA500;\">★<\/span><span style=\"color: #000000;\">Offer can be availed 10000 times during the campaign validity<\/span><\/p>\n\n<p><span style=\"color: #FFA500;\">★<\/span><span style=\"color: #000000;\">Minimum amount of each transaction should be \u20b9300 <\/span><\/p>\n\n<p> <\/p>\n","background_overlay":true,"offer_type_id":2},{"short_description":"Do 5 DTH recharges of \u20b9300 or more 10 minutes","first_transaction_cta":"Do your first recharge","background_image_url":"BG URL","auto_activate":true,"offer_summary":null,"isDeeplink":true,"offer_text_override":"DTH Recharge - Upto \u20b91922 cashback","multi_stage_campaign":true,"is_offus_transaction":true,"surprise_text":"<p><span style=\"color: #FFA500;\">★<\/span><span style=\"color: #000000;\">1st DTH recharge, Get cashback upto \u20b91222<p><span style=\"color: #FFA500;\">★<\/span><span style=\"color: #000000;\">3rd DTH recharge, Get upto \u20b9300 Movies voucher<p><span style=\"color: #FFA500;\">★<\/span><span style=\"color: #000000;\">5th DTH recharge, Get \u20b9400 goldback<p>","id":32681,"event":"ACCEPT_OFFER","surprise_text_title":"Offer Details","info":{"first_transaction_cta":"","supercash_stages":{"0":{"event":"ACCEPT_OFFER","surprise_stage":"false"},"1":{"event":null,"surprise_stage":"false"},"2":{"event":null,"surprise_stage":"false"}}},"offer_keyword":"DTH recharge%s","tnc":"https://gateway.paytm.com/papi/v2/promocard/supercash/campaign/tnc/32681","show_game_progress":true,"deeplink_url":"paytmmp://dth?url=https://catalog.paytm.com/v1/mobile/DTH/18","valid_upto":"2024-07-03T12:12:00.000Z","progress_screen_cta":"Recharge Now","total_cashback_earned":0,"campaign":"AUTOMATION_CANCEL_AUTO","offer_image_url":"https://s3-ap-southeast-1.amazonaws.com/assets.paytm.com/promotion/Rituraj/PNG+images/DTH+Recharge+Offer.png","new_offers_image_url":"https://s3-ap-southeast-1.amazonaws.com/assets.paytm.com/promotion/Rituraj/PNG+images/DTH+Recharge+Offer.png","important_terms":"<p><span style=\"color: #FFA500;\">★<\/span><span style=\"color: #000000;\">Offer can be availed 10000 times during the campaign validity<p><span style=\"color: #FFA500;\">★<\/span><span style=\"color: #000000;\">Minimum amount of each transaction should be \u20b9300 <p>","background_overlay":true,"offer_type_id":2},{"short_description":"Do 2 DTH recharges of \u20b9300 or more 10 minutes","first_transaction_cta":"Do your first recharge","background_image_url":"BG URL","auto_activate":true,"offer_summary":null,"isDeeplink":true,"offer_text_override":"DTH Recharge - Upto \u20b910100 cashback","multi_stage_campaign":true,"is_offus_transaction":true,"surprise_text":"<p><span style=\"color: #FFA500;\">★<\/span><span style=\"color: #000000;\">1st DTH recharge, Get upto \u20b910000 cashback<p><span style=\"color: #FFA500;\">★<\/span><span style=\"color: #000000;\">2nd DTH recharge, Get \u20b9100 goldback<p>","id":32683,"event":"ACCEPT_OFFER","surprise_text_title":"Offer Details","info":{"first_transaction_cta":"","supercash_stages":{"0":{"event":"ACCEPT_OFFER","surprise_stage":"false"},"1":{"event":null,"surprise_stage":"false"}}},"offer_keyword":"DTH recharge%s","tnc":"https://gateway.paytm.com/papi/v2/promocard/supercash/campaign/tnc/32683","show_game_progress":true,"deeplink_url":"paytmmp://dth?url=https://catalog.paytm.com/v1/mobile/DTH/18","valid_upto":"2022-01-31T07:16:00.000Z","progress_screen_cta":"Recharge Now","total_cashback_earned":0,"campaign":"AUTOMATION_CANCEL_PARTIAL1","offer_image_url":"https://s3-ap-southeast-1.amazonaws.com/assets.paytm.com/promotion/Rituraj/PNG+images/DTH+Recharge+Offer.png","new_offers_image_url":"https://s3-ap-southeast-1.amazonaws.com/assets.paytm.com/promotion/Rituraj/PNG+images/DTH+Recharge+Offer.png","important_terms":"<p><span style=\"color: #FFA500;\">★<\/span><span style=\"color: #000000;\">Offer can be availed 10000 times during the campaign validity<p><span style=\"color: #FFA500;\">★<\/span><span style=\"color: #000000;\">Minimum amount of each transaction should be \u20b9300 <p>","background_overlay":true,"offer_type_id":2}]},"errors":[],"status":1},
    "userId": "4454632",
    "pageSize": 10
  },
  {
    "testCaseName": "Supercash campaign List for promocode associate to user (Negative case)",
    "expectedResponse":{"data":{"is_next":true,"campaigns":[{"short_description":"Recharge your mobile 1 time for \u20b91000 within a day","first_transaction_cta":"Do your first recharge","background_image_url":"sda","auto_activate":true,"offer_summary":null,"isDeeplink":true,"offer_text_override":"Get \u20b910 cashback","multi_stage_campaign":false,"is_offus_transaction":true,"surprise_text":"<p><span style=\"color: #FFA500;\">★<\/span><span style=\"color: #000000;\">Recharge your mobile 1st time, Get \u20b910 cashback<p>","id":89569,"event":"ACCEPT_OFFER","surprise_text_title":"Offer Details","info":{"first_transaction_cta":"","supercash_stages":{"0":{"event":"ACCEPT_OFFER","surprise_stage":"false"}}},"offer_keyword":"Recharge your mobile","tnc":"https://gateway.paytm.com/papi/v2/promocard/supercash/campaign/tnc/89569","show_game_progress":true,"deeplink_url":"paytmmp://mobile_prepaid?url=https://catalog.paytm.com/v1/mobile/mobile-prepaid/17","valid_upto":"2022-03-31T14:31:00.000Z","progress_screen_cta":"Recharge Now","total_cashback_earned":0,"campaign":"TEST_PPBL_NEFT001","offer_image_url":"https://s3-ap-southeast-1.amazonaws.com/assets.paytm.com/promotion/Rituraj/PNG+images/Mobile+Prepaid+Recharge+Offer.png","new_offers_image_url":"https://s3-ap-southeast-1.amazonaws.com/assets.paytm.com/promotion/Rituraj/PNG+images/Mobile+Prepaid+Recharge+Offer.png","important_terms":"<p><span style=\"color: #FFA500;\">★<\/span><span style=\"color: #000000;\">This offer is applicable only when you Recharge your mobile for \u20b91000<p><span style=\"color: #FFA500;\">★<\/span><span style=\"color: #000000;\">Offer can be availed 1000 times during the campaign validity<p>","background_overlay":false,"offer_type_id":1},{"short_description":"Recharge your mobile 1 time for \u20b96 within a day","first_transaction_cta":"Do your first recharge","background_image_url":"sda","auto_activate":true,"offer_summary":null,"isDeeplink":true,"offer_text_override":"Get upto \u20b910 cashback","multi_stage_campaign":false,"is_offus_transaction":true,"surprise_text":"<p><span style=\"color: #FFA500;\">★<\/span><span style=\"color: #000000;\">Recharge your mobile 1st time, Get upto \u20b910 cashback<p>","id":90320,"event":"ACCEPT_OFFER","surprise_text_title":"Offer Details","info":{"first_transaction_cta":"","supercash_stages":{"0":{"event":"ACCEPT_OFFER","surprise_stage":"false"}}},"offer_keyword":"Recharge your mobile","tnc":"https://gateway.paytm.com/papi/v2/promocard/supercash/campaign/tnc/90320","show_game_progress":true,"deeplink_url":"paytmmp://mobile_prepaid?url=https://catalog.paytm.com/v1/mobile/mobile-prepaid/17","valid_upto":"2022-01-31T05:47:00.000Z","progress_screen_cta":"Recharge Now","total_cashback_earned":0,"campaign":"TEST_PPBL_REDEMPTION001","offer_image_url":"https://s3-ap-southeast-1.amazonaws.com/assets.paytm.com/promotion/Rituraj/PNG+images/Mobile+Prepaid+Recharge+Offer.png","new_offers_image_url":"https://s3-ap-southeast-1.amazonaws.com/assets.paytm.com/promotion/Rituraj/PNG+images/Mobile+Prepaid+Recharge+Offer.png","important_terms":"<p><span style=\"color: #FFA500;\">★<\/span><span style=\"color: #000000;\">This offer is applicable only when you Recharge your mobile for \u20b96<\/span><\/p>\n\n<p><span style=\"color: #FFA500;\">★<\/span><span style=\"color: #000000;\">Offer can be availed 1000 times during the campaign validity<\/span><\/p>\n\n<p> <\/p>\n","background_overlay":false,"offer_type_id":1},{"short_description":"Recharge your mobile 1 time for \u20b96 within a day","first_transaction_cta":"Do your first recharge","background_image_url":"sda","auto_activate":true,"offer_summary":null,"isDeeplink":true,"offer_text_override":"Get upto \u20b920 cashback","multi_stage_campaign":false,"is_offus_transaction":true,"surprise_text":"<p><span style=\"color: #FFA500;\">★<\/span><span style=\"color: #000000;\">Recharge your mobile 1st time, Get cashback worth \u20b910 to \u20b920<p>","id":90321,"event":"ACCEPT_OFFER","surprise_text_title":"Offer Details","info":{"first_transaction_cta":"","supercash_stages":{"0":{"event":"ACCEPT_OFFER","surprise_stage":"false"}}},"offer_keyword":"Recharge your mobile","tnc":"https://gateway.paytm.com/papi/v2/promocard/supercash/campaign/tnc/90321","show_game_progress":true,"deeplink_url":"paytmmp://mobile_prepaid?url=https://catalog.paytm.com/v1/mobile/mobile-prepaid/17","valid_upto":"2022-02-28T05:49:00.000Z","progress_screen_cta":"Recharge Now","total_cashback_earned":0,"campaign":"TEST_PPBL_REDEMPTION002","offer_image_url":"https://s3-ap-southeast-1.amazonaws.com/assets.paytm.com/promotion/Rituraj/PNG+images/Mobile+Prepaid+Recharge+Offer.png","new_offers_image_url":"https://s3-ap-southeast-1.amazonaws.com/assets.paytm.com/promotion/Rituraj/PNG+images/Mobile+Prepaid+Recharge+Offer.png","important_terms":"<p><span style=\"color: #FFA500;\">★<\/span><span style=\"color: #000000;\">This offer is applicable only when you Recharge your mobile for \u20b96<p><span style=\"color: #FFA500;\">★<\/span><span style=\"color: #000000;\">Offer can be availed 1000 times during the campaign validity<p>","background_overlay":false,"offer_type_id":1},{"short_description":"Recharge your mobile 1 time for more than \u20b910 within a day","first_transaction_cta":"Do your first recharge","background_image_url":"sda","auto_activate":true,"offer_summary":null,"isDeeplink":true,"offer_text_override":"Get upto \u20b910 cashback","multi_stage_campaign":false,"is_offus_transaction":true,"surprise_text":"<p><span style=\"color: #FFA500;\">★<\/span><span style=\"color: #000000;\">Recharge your mobile 1st time, Get upto \u20b910 cashback<p>","id":92449,"event":"ACCEPT_OFFER","surprise_text_title":"Offer Details","info":{"first_transaction_cta":"","supercash_stages":{"0":{"event":"ACCEPT_OFFER","surprise_stage":"false"}}},"offer_keyword":"Recharge your mobile","tnc":"https://gateway.paytm.com/papi/v2/promocard/supercash/campaign/tnc/92449","show_game_progress":true,"deeplink_url":"paytmmp://mobile_prepaid?url=https://catalog.paytm.com/v1/mobile/mobile-prepaid/17","valid_upto":"2022-02-28T05:22:00.000Z","progress_screen_cta":"Recharge Now","total_cashback_earned":0,"campaign":"TEST_PPBLSC_REDEMPTION003","offer_image_url":"https://s3-ap-southeast-1.amazonaws.com/assets.paytm.com/promotion/Rituraj/PNG+images/Mobile+Prepaid+Recharge+Offer.png","new_offers_image_url":"https://s3-ap-southeast-1.amazonaws.com/assets.paytm.com/promotion/Rituraj/PNG+images/Mobile+Prepaid+Recharge+Offer.png","important_terms":"<p><span style=\"color: #FFA500;\">★<\/span><span style=\"color: #000000;\">This offer is applicable only when you Recharge your mobile for more than \u20b910<p><span style=\"color: #FFA500;\">★<\/span><span style=\"color: #000000;\">Offer can be availed 1000 times during the campaign validity<p>","background_overlay":false,"offer_type_id":1},{"short_description":"Do 4 mobile recharges of \u20b9200 or more within 2 hours","first_transaction_cta":"Do your first recharge","background_image_url":"BG URL","auto_activate":true,"offer_summary":null,"isDeeplink":false,"offer_text_override":"Mobile Recharge - upto \u20b91100","multi_stage_campaign":true,"is_offus_transaction":false,"surprise_text":"<p><span style=\"color: #FFA500;\">★<\/span><span style=\"color: #000000;\">1st mobile recharge, Get upto \u20b9900 cashback<p><span style=\"color: #FFA500;\">★<\/span><span style=\"color: #000000;\">2nd mobile recharge, Get <p><span style=\"color: #FFA500;\">★<\/span><span style=\"color: #000000;\">4th mobile recharge, Get \u20b9200 goldback<p>","id":29446,"event":"ACCEPT_OFFER","surprise_text_title":"Offer Details","info":{"first_transaction_cta":"","supercash_stages":{"0":{"event":"ACCEPT_OFFER","surprise_stage":"false"},"1":{"event":null,"surprise_stage":"false"},"2":{"event":null,"surprise_stage":"false"}}},"offer_keyword":"mobile recharge%s","tnc":"https://gateway.paytm.com/papi/v2/promocard/supercash/campaign/tnc/29446","show_game_progress":true,"deeplink_url":"paytmmp://mobile_prepaid?url=https://catalog.paytm.com/v1/mobile/mobile-prepaid/17","valid_upto":"2024-03-31T06:17:00.000Z","progress_screen_cta":"Recharge Now","total_cashback_earned":0,"campaign":"PRMSUCASH_388_TEST_DEAL","offer_image_url":"https://assetscdn.paytm.com/images/catalog/wallet/ic_mobile.png","new_offers_image_url":"https://assetscdn.paytm.com/images/catalog/wallet/ic_mobile.png","important_terms":"<p><span style=\"color: #FFA500;\">★<\/span><span style=\"color: #000000;\">Offer can be availed 10000 times during the campaign validity<\/span><\/p>\n\n<p><span style=\"color: #FFA500;\">★<\/span><span style=\"color: #000000;\">Minimum amount of each transaction should be 200 <\/span><\/p>\n\n<p> <\/p>\n","background_overlay":false,"offer_type_id":2},{"short_description":"Do 4 DTH recharges of \u20b9200 or more within 2 hours","first_transaction_cta":"Do your first recharge","background_image_url":"BG URL","auto_activate":true,"offer_summary":null,"isDeeplink":false,"offer_text_override":"DTH Recharge - upto \u20b91100","multi_stage_campaign":true,"is_offus_transaction":false,"surprise_text":"<p><span style=\"color: #FFA500;\">★<\/span><span style=\"color: #000000;\">1st DTH recharge, Get upto \u20b9900 cashback<p><span style=\"color: #FFA500;\">★<\/span><span style=\"color: #000000;\">2nd DTH recharge, Get <p><span style=\"color: #FFA500;\">★<\/span><span style=\"color: #000000;\">4th DTH recharge, Get \u20b9200 goldback<p>","id":29460,"event":"ACCEPT_OFFER","surprise_text_title":"Offer Details","info":{"first_transaction_cta":"","supercash_stages":{"0":{"event":"ACCEPT_OFFER","surprise_stage":"false"},"1":{"event":null,"surprise_stage":"false"},"2":{"event":null,"surprise_stage":"false"}}},"offer_keyword":"DTH recharge%s","tnc":"https://gateway.paytm.com/papi/v2/promocard/supercash/campaign/tnc/29460","show_game_progress":true,"deeplink_url":"paytmmp://dth?url=https://catalog.paytm.com/v1/mobile/DTH/18","valid_upto":"2024-03-31T06:17:00.000Z","progress_screen_cta":"Recharge Now","total_cashback_earned":0,"campaign":"PRMSUCASH_388_TEST_DEAL_2","offer_image_url":"https://assetscdn.paytm.com/images/catalog/wallet/ic_dth.png","new_offers_image_url":"https://assetscdn.paytm.com/images/catalog/wallet/ic_dth.png","important_terms":"<p><span style=\"color: #FFA500;\">★<\/span><span style=\"color: #000000;\">Offer can be availed 10000 times during the campaign validity<p><span style=\"color: #FFA500;\">★<\/span><span style=\"color: #000000;\">Minimum amount of each transaction should be 200 <p>","background_overlay":false,"offer_type_id":2},{"short_description":"Do 5 DTH recharges of \u20b9500 or more within 10 minutes","first_transaction_cta":"Do your first recharge","background_image_url":"BG URL","auto_activate":false,"offer_summary":null,"isDeeplink":true,"offer_text_override":"DTH Recharge - Upto \u20b9900 cashback","multi_stage_campaign":true,"is_offus_transaction":true,"surprise_text":"<p><span style=\"color: #FFA500;\">★<\/span><span style=\"color: #000000;\">1st DTH recharge, Get upto \u20b9200 cashback<p><span style=\"color: #FFA500;\">★<\/span><span style=\"color: #000000;\">3rd DTH recharge, Get upto \u20b9300 voucher<p><span style=\"color: #FFA500;\">★<\/span><span style=\"color: #000000;\">5th DTH recharge, Get \u20b9400 goldback<p>","id":31451,"event":"ACCEPT_OFFER","surprise_text_title":"Offer Details","info":{"first_transaction_cta":"","supercash_stages":{"0":{"event":"ACCEPT_OFFER","surprise_stage":"false"},"1":{"event":null,"surprise_stage":"false"},"2":{"event":null,"surprise_stage":"false"}}},"offer_keyword":"DTH recharge%s","tnc":"https://gateway.paytm.com/papi/v2/promocard/supercash/campaign/tnc/31451","show_game_progress":true,"deeplink_url":"paytmmp://dth?url=https://catalog.paytm.com/v1/mobile/DTH/18","valid_upto":"2024-07-03T12:12:00.000Z","progress_screen_cta":"Recharge Now","total_cashback_earned":0,"campaign":"AUTOMATION_CANCEL_INT2","offer_image_url":"https://s3-ap-southeast-1.amazonaws.com/assets.paytm.com/promotion/Rituraj/PNG+images/DTH+Recharge+Offer.png","new_offers_image_url":"https://s3-ap-southeast-1.amazonaws.com/assets.paytm.com/promotion/Rituraj/PNG+images/DTH+Recharge+Offer.png","important_terms":"<p><span style=\"color: #FFA500;\">★<\/span><span style=\"color: #000000;\">Offer can be availed 10000 times during the campaign validity<p><span style=\"color: #FFA500;\">★<\/span><span style=\"color: #000000;\">Minimum amount of each transaction should be \u20b9500 <p>","background_overlay":false,"offer_type_id":2},{"short_description":"Do 5 DTH recharges of \u20b9300 or more within 10 minutes","first_transaction_cta":"Do your first recharge","background_image_url":"BG URL","auto_activate":false,"offer_summary":null,"isDeeplink":true,"offer_text_override":"DTH Recharge - Upto \u20b91000 cashback","multi_stage_campaign":true,"is_offus_transaction":true,"surprise_text":"<p><span style=\"color: #FFA500;\">★<\/span><span style=\"color: #000000;\">1st DTH recharge, Get upto \u20b9300 cashback<p><span style=\"color: #FFA500;\">★<\/span><span style=\"color: #000000;\">3rd DTH recharge, Get upto \u20b9300 voucher<p><span style=\"color: #FFA500;\">★<\/span><span style=\"color: #000000;\">5th DTH recharge, Get \u20b9400 goldback<p>","id":31457,"event":"ACCEPT_OFFER","surprise_text_title":"Offer Details","info":{"first_transaction_cta":"","supercash_stages":{"0":{"event":"ACCEPT_OFFER","surprise_stage":"false"},"1":{"event":null,"surprise_stage":"false"},"2":{"event":null,"surprise_stage":"false"}}},"offer_keyword":"DTH recharge%s","tnc":"https://gateway.paytm.com/papi/v2/promocard/supercash/campaign/tnc/31457","show_game_progress":true,"deeplink_url":"paytmmp://dth?url=https://catalog.paytm.com/v1/mobile/DTH/18","valid_upto":"2024-07-03T12:12:00.000Z","progress_screen_cta":"Recharge Now","total_cashback_earned":0,"campaign":"AUTOMATION_CANCEL_INT3","offer_image_url":"https://s3-ap-southeast-1.amazonaws.com/assets.paytm.com/promotion/Rituraj/PNG+images/DTH+Recharge+Offer.png","new_offers_image_url":"https://s3-ap-southeast-1.amazonaws.com/assets.paytm.com/promotion/Rituraj/PNG+images/DTH+Recharge+Offer.png","important_terms":"<p><span style=\"color: #FFA500;\">★<\/span><span style=\"color: #000000;\">Offer can be availed 10000 times during the campaign validity<\/span><\/p>\n\n<p><span style=\"color: #FFA500;\">★<\/span><span style=\"color: #000000;\">Minimum amount of each transaction should be \u20b9300 <\/span><\/p>\n\n<p> <\/p>\n","background_overlay":true,"offer_type_id":2},{"short_description":"Do 5 DTH recharges of \u20b9300 or more 10 minutes","first_transaction_cta":"Do your first recharge","background_image_url":"BG URL","auto_activate":true,"offer_summary":null,"isDeeplink":true,"offer_text_override":"DTH Recharge - Upto \u20b91922 cashback","multi_stage_campaign":true,"is_offus_transaction":true,"surprise_text":"<p><span style=\"color: #FFA500;\">★<\/span><span style=\"color: #000000;\">1st DTH recharge, Get cashback upto \u20b91222<p><span style=\"color: #FFA500;\">★<\/span><span style=\"color: #000000;\">3rd DTH recharge, Get upto \u20b9300 Movies voucher<p><span style=\"color: #FFA500;\">★<\/span><span style=\"color: #000000;\">5th DTH recharge, Get \u20b9400 goldback<p>","id":32681,"event":"ACCEPT_OFFER","surprise_text_title":"Offer Details","info":{"first_transaction_cta":"","supercash_stages":{"0":{"event":"ACCEPT_OFFER","surprise_stage":"false"},"1":{"event":null,"surprise_stage":"false"},"2":{"event":null,"surprise_stage":"false"}}},"offer_keyword":"DTH recharge%s","tnc":"https://gateway.paytm.com/papi/v2/promocard/supercash/campaign/tnc/32681","show_game_progress":true,"deeplink_url":"paytmmp://dth?url=https://catalog.paytm.com/v1/mobile/DTH/18","valid_upto":"2024-07-03T12:12:00.000Z","progress_screen_cta":"Recharge Now","total_cashback_earned":0,"campaign":"AUTOMATION_CANCEL_AUTO","offer_image_url":"https://s3-ap-southeast-1.amazonaws.com/assets.paytm.com/promotion/Rituraj/PNG+images/DTH+Recharge+Offer.png","new_offers_image_url":"https://s3-ap-southeast-1.amazonaws.com/assets.paytm.com/promotion/Rituraj/PNG+images/DTH+Recharge+Offer.png","important_terms":"<p><span style=\"color: #FFA500;\">★<\/span><span style=\"color: #000000;\">Offer can be availed 10000 times during the campaign validity<p><span style=\"color: #FFA500;\">★<\/span><span style=\"color: #000000;\">Minimum amount of each transaction should be \u20b9300 <p>","background_overlay":true,"offer_type_id":2},{"short_description":"Do 2 DTH recharges of \u20b9300 or more 10 minutes","first_transaction_cta":"Do your first recharge","background_image_url":"BG URL","auto_activate":true,"offer_summary":null,"isDeeplink":true,"offer_text_override":"DTH Recharge - Upto \u20b910100 cashback","multi_stage_campaign":true,"is_offus_transaction":true,"surprise_text":"<p><span style=\"color: #FFA500;\">★<\/span><span style=\"color: #000000;\">1st DTH recharge, Get upto \u20b910000 cashback<p><span style=\"color: #FFA500;\">★<\/span><span style=\"color: #000000;\">2nd DTH recharge, Get \u20b9100 goldback<p>","id":32683,"event":"ACCEPT_OFFER","surprise_text_title":"Offer Details","info":{"first_transaction_cta":"","supercash_stages":{"0":{"event":"ACCEPT_OFFER","surprise_stage":"false"},"1":{"event":null,"surprise_stage":"false"}}},"offer_keyword":"DTH recharge%s","tnc":"https://gateway.paytm.com/papi/v2/promocard/supercash/campaign/tnc/32683","show_game_progress":true,"deeplink_url":"paytmmp://dth?url=https://catalog.paytm.com/v1/mobile/DTH/18","valid_upto":"2022-01-31T07:16:00.000Z","progress_screen_cta":"Recharge Now","total_cashback_earned":0,"campaign":"AUTOMATION_CANCEL_PARTIAL1","offer_image_url":"https://s3-ap-southeast-1.amazonaws.com/assets.paytm.com/promotion/Rituraj/PNG+images/DTH+Recharge+Offer.png","new_offers_image_url":"https://s3-ap-southeast-1.amazonaws.com/assets.paytm.com/promotion/Rituraj/PNG+images/DTH+Recharge+Offer.png","important_terms":"<p><span style=\"color: #FFA500;\">★<\/span><span style=\"color: #000000;\">Offer can be availed 10000 times during the campaign validity<p><span style=\"color: #FFA500;\">★<\/span><span style=\"color: #000000;\">Minimum amount of each transaction should be \u20b9300 <p>","background_overlay":true,"offer_type_id":2}]},"errors":[],"status":1},
    "userId": "123",
    "pageSize": 10
  },
  {
    "testCaseName": "Supercash campaign List for non default page size greater than default size",
    "expectedResponse":{"data":{"is_next":true,"campaigns":[{"short_description":"Recharge your mobile 1 time for \u20b91000 within a day","first_transaction_cta":"Do your first recharge","background_image_url":"sda","auto_activate":true,"offer_summary":null,"isDeeplink":true,"offer_text_override":"Get \u20b910 cashback","multi_stage_campaign":false,"is_offus_transaction":true,"surprise_text":"<p><span style=\"color: #FFA500;\">★<\/span><span style=\"color: #000000;\">Recharge your mobile 1st time, Get \u20b910 cashback<p>","id":89569,"event":"ACCEPT_OFFER","surprise_text_title":"Offer Details","info":{"first_transaction_cta":"","supercash_stages":{"0":{"event":"ACCEPT_OFFER","surprise_stage":"false"}}},"offer_keyword":"Recharge your mobile","tnc":"https://gateway.paytm.com/papi/v2/promocard/supercash/campaign/tnc/89569","show_game_progress":true,"deeplink_url":"paytmmp://mobile_prepaid?url=https://catalog.paytm.com/v1/mobile/mobile-prepaid/17","valid_upto":"2022-03-31T14:31:00.000Z","progress_screen_cta":"Recharge Now","total_cashback_earned":0,"campaign":"TEST_PPBL_NEFT001","offer_image_url":"https://s3-ap-southeast-1.amazonaws.com/assets.paytm.com/promotion/Rituraj/PNG+images/Mobile+Prepaid+Recharge+Offer.png","new_offers_image_url":"https://s3-ap-southeast-1.amazonaws.com/assets.paytm.com/promotion/Rituraj/PNG+images/Mobile+Prepaid+Recharge+Offer.png","important_terms":"<p><span style=\"color: #FFA500;\">★<\/span><span style=\"color: #000000;\">This offer is applicable only when you Recharge your mobile for \u20b91000<p><span style=\"color: #FFA500;\">★<\/span><span style=\"color: #000000;\">Offer can be availed 1000 times during the campaign validity<p>","background_overlay":false,"offer_type_id":1},{"short_description":"Recharge your mobile 1 time for \u20b96 within a day","first_transaction_cta":"Do your first recharge","background_image_url":"sda","auto_activate":true,"offer_summary":null,"isDeeplink":true,"offer_text_override":"Get upto \u20b910 cashback","multi_stage_campaign":false,"is_offus_transaction":true,"surprise_text":"<p><span style=\"color: #FFA500;\">★<\/span><span style=\"color: #000000;\">Recharge your mobile 1st time, Get upto \u20b910 cashback<p>","id":90320,"event":"ACCEPT_OFFER","surprise_text_title":"Offer Details","info":{"first_transaction_cta":"","supercash_stages":{"0":{"event":"ACCEPT_OFFER","surprise_stage":"false"}}},"offer_keyword":"Recharge your mobile","tnc":"https://gateway.paytm.com/papi/v2/promocard/supercash/campaign/tnc/90320","show_game_progress":true,"deeplink_url":"paytmmp://mobile_prepaid?url=https://catalog.paytm.com/v1/mobile/mobile-prepaid/17","valid_upto":"2022-01-31T05:47:00.000Z","progress_screen_cta":"Recharge Now","total_cashback_earned":0,"campaign":"TEST_PPBL_REDEMPTION001","offer_image_url":"https://s3-ap-southeast-1.amazonaws.com/assets.paytm.com/promotion/Rituraj/PNG+images/Mobile+Prepaid+Recharge+Offer.png","new_offers_image_url":"https://s3-ap-southeast-1.amazonaws.com/assets.paytm.com/promotion/Rituraj/PNG+images/Mobile+Prepaid+Recharge+Offer.png","important_terms":"<p><span style=\"color: #FFA500;\">★<\/span><span style=\"color: #000000;\">This offer is applicable only when you Recharge your mobile for \u20b96<\/span><\/p>\n\n<p><span style=\"color: #FFA500;\">★<\/span><span style=\"color: #000000;\">Offer can be availed 1000 times during the campaign validity<\/span><\/p>\n\n<p> <\/p>\n","background_overlay":false,"offer_type_id":1},{"short_description":"Recharge your mobile 1 time for \u20b96 within a day","first_transaction_cta":"Do your first recharge","background_image_url":"sda","auto_activate":true,"offer_summary":null,"isDeeplink":true,"offer_text_override":"Get upto \u20b920 cashback","multi_stage_campaign":false,"is_offus_transaction":true,"surprise_text":"<p><span style=\"color: #FFA500;\">★<\/span><span style=\"color: #000000;\">Recharge your mobile 1st time, Get cashback worth \u20b910 to \u20b920<p>","id":90321,"event":"ACCEPT_OFFER","surprise_text_title":"Offer Details","info":{"first_transaction_cta":"","supercash_stages":{"0":{"event":"ACCEPT_OFFER","surprise_stage":"false"}}},"offer_keyword":"Recharge your mobile","tnc":"https://gateway.paytm.com/papi/v2/promocard/supercash/campaign/tnc/90321","show_game_progress":true,"deeplink_url":"paytmmp://mobile_prepaid?url=https://catalog.paytm.com/v1/mobile/mobile-prepaid/17","valid_upto":"2022-02-28T05:49:00.000Z","progress_screen_cta":"Recharge Now","total_cashback_earned":0,"campaign":"TEST_PPBL_REDEMPTION002","offer_image_url":"https://s3-ap-southeast-1.amazonaws.com/assets.paytm.com/promotion/Rituraj/PNG+images/Mobile+Prepaid+Recharge+Offer.png","new_offers_image_url":"https://s3-ap-southeast-1.amazonaws.com/assets.paytm.com/promotion/Rituraj/PNG+images/Mobile+Prepaid+Recharge+Offer.png","important_terms":"<p><span style=\"color: #FFA500;\">★<\/span><span style=\"color: #000000;\">This offer is applicable only when you Recharge your mobile for \u20b96<p><span style=\"color: #FFA500;\">★<\/span><span style=\"color: #000000;\">Offer can be availed 1000 times during the campaign validity<p>","background_overlay":false,"offer_type_id":1},{"short_description":"Recharge your mobile 1 time for more than \u20b910 within a day","first_transaction_cta":"Do your first recharge","background_image_url":"sda","auto_activate":true,"offer_summary":null,"isDeeplink":true,"offer_text_override":"Get upto \u20b910 cashback","multi_stage_campaign":false,"is_offus_transaction":true,"surprise_text":"<p><span style=\"color: #FFA500;\">★<\/span><span style=\"color: #000000;\">Recharge your mobile 1st time, Get upto \u20b910 cashback<p>","id":92449,"event":"ACCEPT_OFFER","surprise_text_title":"Offer Details","info":{"first_transaction_cta":"","supercash_stages":{"0":{"event":"ACCEPT_OFFER","surprise_stage":"false"}}},"offer_keyword":"Recharge your mobile","tnc":"https://gateway.paytm.com/papi/v2/promocard/supercash/campaign/tnc/92449","show_game_progress":true,"deeplink_url":"paytmmp://mobile_prepaid?url=https://catalog.paytm.com/v1/mobile/mobile-prepaid/17","valid_upto":"2022-02-28T05:22:00.000Z","progress_screen_cta":"Recharge Now","total_cashback_earned":0,"campaign":"TEST_PPBLSC_REDEMPTION003","offer_image_url":"https://s3-ap-southeast-1.amazonaws.com/assets.paytm.com/promotion/Rituraj/PNG+images/Mobile+Prepaid+Recharge+Offer.png","new_offers_image_url":"https://s3-ap-southeast-1.amazonaws.com/assets.paytm.com/promotion/Rituraj/PNG+images/Mobile+Prepaid+Recharge+Offer.png","important_terms":"<p><span style=\"color: #FFA500;\">★<\/span><span style=\"color: #000000;\">This offer is applicable only when you Recharge your mobile for more than \u20b910<p><span style=\"color: #FFA500;\">★<\/span><span style=\"color: #000000;\">Offer can be availed 1000 times during the campaign validity<p>","background_overlay":false,"offer_type_id":1},{"short_description":"Do 4 mobile recharges of \u20b9200 or more within 2 hours","first_transaction_cta":"Do your first recharge","background_image_url":"BG URL","auto_activate":true,"offer_summary":null,"isDeeplink":false,"offer_text_override":"Mobile Recharge - upto \u20b91100","multi_stage_campaign":true,"is_offus_transaction":false,"surprise_text":"<p><span style=\"color: #FFA500;\">★<\/span><span style=\"color: #000000;\">1st mobile recharge, Get upto \u20b9900 cashback<p><span style=\"color: #FFA500;\">★<\/span><span style=\"color: #000000;\">2nd mobile recharge, Get <p><span style=\"color: #FFA500;\">★<\/span><span style=\"color: #000000;\">4th mobile recharge, Get \u20b9200 goldback<p>","id":29446,"event":"ACCEPT_OFFER","surprise_text_title":"Offer Details","info":{"first_transaction_cta":"","supercash_stages":{"0":{"event":"ACCEPT_OFFER","surprise_stage":"false"},"1":{"event":null,"surprise_stage":"false"},"2":{"event":null,"surprise_stage":"false"}}},"offer_keyword":"mobile recharge%s","tnc":"https://gateway.paytm.com/papi/v2/promocard/supercash/campaign/tnc/29446","show_game_progress":true,"deeplink_url":"paytmmp://mobile_prepaid?url=https://catalog.paytm.com/v1/mobile/mobile-prepaid/17","valid_upto":"2024-03-31T06:17:00.000Z","progress_screen_cta":"Recharge Now","total_cashback_earned":0,"campaign":"PRMSUCASH_388_TEST_DEAL","offer_image_url":"https://assetscdn.paytm.com/images/catalog/wallet/ic_mobile.png","new_offers_image_url":"https://assetscdn.paytm.com/images/catalog/wallet/ic_mobile.png","important_terms":"<p><span style=\"color: #FFA500;\">★<\/span><span style=\"color: #000000;\">Offer can be availed 10000 times during the campaign validity<\/span><\/p>\n\n<p><span style=\"color: #FFA500;\">★<\/span><span style=\"color: #000000;\">Minimum amount of each transaction should be 200 <\/span><\/p>\n\n<p> <\/p>\n","background_overlay":false,"offer_type_id":2},{"short_description":"Do 4 DTH recharges of \u20b9200 or more within 2 hours","first_transaction_cta":"Do your first recharge","background_image_url":"BG URL","auto_activate":true,"offer_summary":null,"isDeeplink":false,"offer_text_override":"DTH Recharge - upto \u20b91100","multi_stage_campaign":true,"is_offus_transaction":false,"surprise_text":"<p><span style=\"color: #FFA500;\">★<\/span><span style=\"color: #000000;\">1st DTH recharge, Get upto \u20b9900 cashback<p><span style=\"color: #FFA500;\">★<\/span><span style=\"color: #000000;\">2nd DTH recharge, Get <p><span style=\"color: #FFA500;\">★<\/span><span style=\"color: #000000;\">4th DTH recharge, Get \u20b9200 goldback<p>","id":29460,"event":"ACCEPT_OFFER","surprise_text_title":"Offer Details","info":{"first_transaction_cta":"","supercash_stages":{"0":{"event":"ACCEPT_OFFER","surprise_stage":"false"},"1":{"event":null,"surprise_stage":"false"},"2":{"event":null,"surprise_stage":"false"}}},"offer_keyword":"DTH recharge%s","tnc":"https://gateway.paytm.com/papi/v2/promocard/supercash/campaign/tnc/29460","show_game_progress":true,"deeplink_url":"paytmmp://dth?url=https://catalog.paytm.com/v1/mobile/DTH/18","valid_upto":"2024-03-31T06:17:00.000Z","progress_screen_cta":"Recharge Now","total_cashback_earned":0,"campaign":"PRMSUCASH_388_TEST_DEAL_2","offer_image_url":"https://assetscdn.paytm.com/images/catalog/wallet/ic_dth.png","new_offers_image_url":"https://assetscdn.paytm.com/images/catalog/wallet/ic_dth.png","important_terms":"<p><span style=\"color: #FFA500;\">★<\/span><span style=\"color: #000000;\">Offer can be availed 10000 times during the campaign validity<p><span style=\"color: #FFA500;\">★<\/span><span style=\"color: #000000;\">Minimum amount of each transaction should be 200 <p>","background_overlay":false,"offer_type_id":2},{"short_description":"Do 5 DTH recharges of \u20b9500 or more within 10 minutes","first_transaction_cta":"Do your first recharge","background_image_url":"BG URL","auto_activate":false,"offer_summary":null,"isDeeplink":true,"offer_text_override":"DTH Recharge - Upto \u20b9900 cashback","multi_stage_campaign":true,"is_offus_transaction":true,"surprise_text":"<p><span style=\"color: #FFA500;\">★<\/span><span style=\"color: #000000;\">1st DTH recharge, Get upto \u20b9200 cashback<p><span style=\"color: #FFA500;\">★<\/span><span style=\"color: #000000;\">3rd DTH recharge, Get upto \u20b9300 voucher<p><span style=\"color: #FFA500;\">★<\/span><span style=\"color: #000000;\">5th DTH recharge, Get \u20b9400 goldback<p>","id":31451,"event":"ACCEPT_OFFER","surprise_text_title":"Offer Details","info":{"first_transaction_cta":"","supercash_stages":{"0":{"event":"ACCEPT_OFFER","surprise_stage":"false"},"1":{"event":null,"surprise_stage":"false"},"2":{"event":null,"surprise_stage":"false"}}},"offer_keyword":"DTH recharge%s","tnc":"https://gateway.paytm.com/papi/v2/promocard/supercash/campaign/tnc/31451","show_game_progress":true,"deeplink_url":"paytmmp://dth?url=https://catalog.paytm.com/v1/mobile/DTH/18","valid_upto":"2024-07-03T12:12:00.000Z","progress_screen_cta":"Recharge Now","total_cashback_earned":0,"campaign":"AUTOMATION_CANCEL_INT2","offer_image_url":"https://s3-ap-southeast-1.amazonaws.com/assets.paytm.com/promotion/Rituraj/PNG+images/DTH+Recharge+Offer.png","new_offers_image_url":"https://s3-ap-southeast-1.amazonaws.com/assets.paytm.com/promotion/Rituraj/PNG+images/DTH+Recharge+Offer.png","important_terms":"<p><span style=\"color: #FFA500;\">★<\/span><span style=\"color: #000000;\">Offer can be availed 10000 times during the campaign validity<p><span style=\"color: #FFA500;\">★<\/span><span style=\"color: #000000;\">Minimum amount of each transaction should be \u20b9500 <p>","background_overlay":false,"offer_type_id":2},{"short_description":"Do 5 DTH recharges of \u20b9300 or more within 10 minutes","first_transaction_cta":"Do your first recharge","background_image_url":"BG URL","auto_activate":false,"offer_summary":null,"isDeeplink":true,"offer_text_override":"DTH Recharge - Upto \u20b91000 cashback","multi_stage_campaign":true,"is_offus_transaction":true,"surprise_text":"<p><span style=\"color: #FFA500;\">★<\/span><span style=\"color: #000000;\">1st DTH recharge, Get upto \u20b9300 cashback<p><span style=\"color: #FFA500;\">★<\/span><span style=\"color: #000000;\">3rd DTH recharge, Get upto \u20b9300 voucher<p><span style=\"color: #FFA500;\">★<\/span><span style=\"color: #000000;\">5th DTH recharge, Get \u20b9400 goldback<p>","id":31457,"event":"ACCEPT_OFFER","surprise_text_title":"Offer Details","info":{"first_transaction_cta":"","supercash_stages":{"0":{"event":"ACCEPT_OFFER","surprise_stage":"false"},"1":{"event":null,"surprise_stage":"false"},"2":{"event":null,"surprise_stage":"false"}}},"offer_keyword":"DTH recharge%s","tnc":"https://gateway.paytm.com/papi/v2/promocard/supercash/campaign/tnc/31457","show_game_progress":true,"deeplink_url":"paytmmp://dth?url=https://catalog.paytm.com/v1/mobile/DTH/18","valid_upto":"2024-07-03T12:12:00.000Z","progress_screen_cta":"Recharge Now","total_cashback_earned":0,"campaign":"AUTOMATION_CANCEL_INT3","offer_image_url":"https://s3-ap-southeast-1.amazonaws.com/assets.paytm.com/promotion/Rituraj/PNG+images/DTH+Recharge+Offer.png","new_offers_image_url":"https://s3-ap-southeast-1.amazonaws.com/assets.paytm.com/promotion/Rituraj/PNG+images/DTH+Recharge+Offer.png","important_terms":"<p><span style=\"color: #FFA500;\">★<\/span><span style=\"color: #000000;\">Offer can be availed 10000 times during the campaign validity<\/span><\/p>\n\n<p><span style=\"color: #FFA500;\">★<\/span><span style=\"color: #000000;\">Minimum amount of each transaction should be \u20b9300 <\/span><\/p>\n\n<p> <\/p>\n","background_overlay":true,"offer_type_id":2},{"short_description":"Do 5 DTH recharges of \u20b9300 or more 10 minutes","first_transaction_cta":"Do your first recharge","background_image_url":"BG URL","auto_activate":true,"offer_summary":null,"isDeeplink":true,"offer_text_override":"DTH Recharge - Upto \u20b91922 cashback","multi_stage_campaign":true,"is_offus_transaction":true,"surprise_text":"<p><span style=\"color: #FFA500;\">★<\/span><span style=\"color: #000000;\">1st DTH recharge, Get cashback upto \u20b91222<p><span style=\"color: #FFA500;\">★<\/span><span style=\"color: #000000;\">3rd DTH recharge, Get upto \u20b9300 Movies voucher<p><span style=\"color: #FFA500;\">★<\/span><span style=\"color: #000000;\">5th DTH recharge, Get \u20b9400 goldback<p>","id":32681,"event":"ACCEPT_OFFER","surprise_text_title":"Offer Details","info":{"first_transaction_cta":"","supercash_stages":{"0":{"event":"ACCEPT_OFFER","surprise_stage":"false"},"1":{"event":null,"surprise_stage":"false"},"2":{"event":null,"surprise_stage":"false"}}},"offer_keyword":"DTH recharge%s","tnc":"https://gateway.paytm.com/papi/v2/promocard/supercash/campaign/tnc/32681","show_game_progress":true,"deeplink_url":"paytmmp://dth?url=https://catalog.paytm.com/v1/mobile/DTH/18","valid_upto":"2024-07-03T12:12:00.000Z","progress_screen_cta":"Recharge Now","total_cashback_earned":0,"campaign":"AUTOMATION_CANCEL_AUTO","offer_image_url":"https://s3-ap-southeast-1.amazonaws.com/assets.paytm.com/promotion/Rituraj/PNG+images/DTH+Recharge+Offer.png","new_offers_image_url":"https://s3-ap-southeast-1.amazonaws.com/assets.paytm.com/promotion/Rituraj/PNG+images/DTH+Recharge+Offer.png","important_terms":"<p><span style=\"color: #FFA500;\">★<\/span><span style=\"color: #000000;\">Offer can be availed 10000 times during the campaign validity<p><span style=\"color: #FFA500;\">★<\/span><span style=\"color: #000000;\">Minimum amount of each transaction should be \u20b9300 <p>","background_overlay":true,"offer_type_id":2},{"short_description":"Do 2 DTH recharges of \u20b9300 or more 10 minutes","first_transaction_cta":"Do your first recharge","background_image_url":"BG URL","auto_activate":true,"offer_summary":null,"isDeeplink":true,"offer_text_override":"DTH Recharge - Upto \u20b910100 cashback","multi_stage_campaign":true,"is_offus_transaction":true,"surprise_text":"<p><span style=\"color: #FFA500;\">★<\/span><span style=\"color: #000000;\">1st DTH recharge, Get upto \u20b910000 cashback<p><span style=\"color: #FFA500;\">★<\/span><span style=\"color: #000000;\">2nd DTH recharge, Get \u20b9100 goldback<p>","id":32683,"event":"ACCEPT_OFFER","surprise_text_title":"Offer Details","info":{"first_transaction_cta":"","supercash_stages":{"0":{"event":"ACCEPT_OFFER","surprise_stage":"false"},"1":{"event":null,"surprise_stage":"false"}}},"offer_keyword":"DTH recharge%s","tnc":"https://gateway.paytm.com/papi/v2/promocard/supercash/campaign/tnc/32683","show_game_progress":true,"deeplink_url":"paytmmp://dth?url=https://catalog.paytm.com/v1/mobile/DTH/18","valid_upto":"2022-01-31T07:16:00.000Z","progress_screen_cta":"Recharge Now","total_cashback_earned":0,"campaign":"AUTOMATION_CANCEL_PARTIAL1","offer_image_url":"https://s3-ap-southeast-1.amazonaws.com/assets.paytm.com/promotion/Rituraj/PNG+images/DTH+Recharge+Offer.png","new_offers_image_url":"https://s3-ap-southeast-1.amazonaws.com/assets.paytm.com/promotion/Rituraj/PNG+images/DTH+Recharge+Offer.png","important_terms":"<p><span style=\"color: #FFA500;\">★<\/span><span style=\"color: #000000;\">Offer can be availed 10000 times during the campaign validity<p><span style=\"color: #FFA500;\">★<\/span><span style=\"color: #000000;\">Minimum amount of each transaction should be \u20b9300 <p>","background_overlay":true,"offer_type_id":2}]},"errors":[],"status":1},
    "userId": "123",
    "pageSize": 20
  },
  {
    "testCaseName": "Supercash campaign List for non default page size less than the default size",
    "expectedResponse":{"data":{"is_next":true,"campaigns":[{"short_description":"Recharge your mobile 1 time for \u20b91000 within a day","first_transaction_cta":"Do your first recharge","background_image_url":"sda","auto_activate":true,"offer_summary":null,"isDeeplink":true,"offer_text_override":"Get \u20b910 cashback","multi_stage_campaign":false,"is_offus_transaction":true,"surprise_text":"<p><span style=\"color: #FFA500;\">★<\/span><span style=\"color: #000000;\">Recharge your mobile 1st time, Get \u20b910 cashback<p>","id":89569,"event":"ACCEPT_OFFER","surprise_text_title":"Offer Details","info":{"first_transaction_cta":"","supercash_stages":{"0":{"event":"ACCEPT_OFFER","surprise_stage":"false"}}},"offer_keyword":"Recharge your mobile","tnc":"https://gateway.paytm.com/papi/v2/promocard/supercash/campaign/tnc/89569","show_game_progress":true,"deeplink_url":"paytmmp://mobile_prepaid?url=https://catalog.paytm.com/v1/mobile/mobile-prepaid/17","valid_upto":"2022-03-31T14:31:00.000Z","progress_screen_cta":"Recharge Now","total_cashback_earned":0,"campaign":"TEST_PPBL_NEFT001","offer_image_url":"https://s3-ap-southeast-1.amazonaws.com/assets.paytm.com/promotion/Rituraj/PNG+images/Mobile+Prepaid+Recharge+Offer.png","new_offers_image_url":"https://s3-ap-southeast-1.amazonaws.com/assets.paytm.com/promotion/Rituraj/PNG+images/Mobile+Prepaid+Recharge+Offer.png","important_terms":"<p><span style=\"color: #FFA500;\">★<\/span><span style=\"color: #000000;\">This offer is applicable only when you Recharge your mobile for \u20b91000<p><span style=\"color: #FFA500;\">★<\/span><span style=\"color: #000000;\">Offer can be availed 1000 times during the campaign validity<p>","background_overlay":false,"offer_type_id":1},{"short_description":"Recharge your mobile 1 time for \u20b96 within a day","first_transaction_cta":"Do your first recharge","background_image_url":"sda","auto_activate":true,"offer_summary":null,"isDeeplink":true,"offer_text_override":"Get upto \u20b910 cashback","multi_stage_campaign":false,"is_offus_transaction":true,"surprise_text":"<p><span style=\"color: #FFA500;\">★<\/span><span style=\"color: #000000;\">Recharge your mobile 1st time, Get upto \u20b910 cashback<p>","id":90320,"event":"ACCEPT_OFFER","surprise_text_title":"Offer Details","info":{"first_transaction_cta":"","supercash_stages":{"0":{"event":"ACCEPT_OFFER","surprise_stage":"false"}}},"offer_keyword":"Recharge your mobile","tnc":"https://gateway.paytm.com/papi/v2/promocard/supercash/campaign/tnc/90320","show_game_progress":true,"deeplink_url":"paytmmp://mobile_prepaid?url=https://catalog.paytm.com/v1/mobile/mobile-prepaid/17","valid_upto":"2022-01-31T05:47:00.000Z","progress_screen_cta":"Recharge Now","total_cashback_earned":0,"campaign":"TEST_PPBL_REDEMPTION001","offer_image_url":"https://s3-ap-southeast-1.amazonaws.com/assets.paytm.com/promotion/Rituraj/PNG+images/Mobile+Prepaid+Recharge+Offer.png","new_offers_image_url":"https://s3-ap-southeast-1.amazonaws.com/assets.paytm.com/promotion/Rituraj/PNG+images/Mobile+Prepaid+Recharge+Offer.png","important_terms":"<p><span style=\"color: #FFA500;\">★<\/span><span style=\"color: #000000;\">This offer is applicable only when you Recharge your mobile for \u20b96<\/span><\/p>\n\n<p><span style=\"color: #FFA500;\">★<\/span><span style=\"color: #000000;\">Offer can be availed 1000 times during the campaign validity<\/span><\/p>\n\n<p> <\/p>\n","background_overlay":false,"offer_type_id":1},{"short_description":"Recharge your mobile 1 time for \u20b96 within a day","first_transaction_cta":"Do your first recharge","background_image_url":"sda","auto_activate":true,"offer_summary":null,"isDeeplink":true,"offer_text_override":"Get upto \u20b920 cashback","multi_stage_campaign":false,"is_offus_transaction":true,"surprise_text":"<p><span style=\"color: #FFA500;\">★<\/span><span style=\"color: #000000;\">Recharge your mobile 1st time, Get cashback worth \u20b910 to \u20b920<p>","id":90321,"event":"ACCEPT_OFFER","surprise_text_title":"Offer Details","info":{"first_transaction_cta":"","supercash_stages":{"0":{"event":"ACCEPT_OFFER","surprise_stage":"false"}}},"offer_keyword":"Recharge your mobile","tnc":"https://gateway.paytm.com/papi/v2/promocard/supercash/campaign/tnc/90321","show_game_progress":true,"deeplink_url":"paytmmp://mobile_prepaid?url=https://catalog.paytm.com/v1/mobile/mobile-prepaid/17","valid_upto":"2022-02-28T05:49:00.000Z","progress_screen_cta":"Recharge Now","total_cashback_earned":0,"campaign":"TEST_PPBL_REDEMPTION002","offer_image_url":"https://s3-ap-southeast-1.amazonaws.com/assets.paytm.com/promotion/Rituraj/PNG+images/Mobile+Prepaid+Recharge+Offer.png","new_offers_image_url":"https://s3-ap-southeast-1.amazonaws.com/assets.paytm.com/promotion/Rituraj/PNG+images/Mobile+Prepaid+Recharge+Offer.png","important_terms":"<p><span style=\"color: #FFA500;\">★<\/span><span style=\"color: #000000;\">This offer is applicable only when you Recharge your mobile for \u20b96<p><span style=\"color: #FFA500;\">★<\/span><span style=\"color: #000000;\">Offer can be availed 1000 times during the campaign validity<p>","background_overlay":false,"offer_type_id":1},{"short_description":"Recharge your mobile 1 time for more than \u20b910 within a day","first_transaction_cta":"Do your first recharge","background_image_url":"sda","auto_activate":true,"offer_summary":null,"isDeeplink":true,"offer_text_override":"Get upto \u20b910 cashback","multi_stage_campaign":false,"is_offus_transaction":true,"surprise_text":"<p><span style=\"color: #FFA500;\">★<\/span><span style=\"color: #000000;\">Recharge your mobile 1st time, Get upto \u20b910 cashback<p>","id":92449,"event":"ACCEPT_OFFER","surprise_text_title":"Offer Details","info":{"first_transaction_cta":"","supercash_stages":{"0":{"event":"ACCEPT_OFFER","surprise_stage":"false"}}},"offer_keyword":"Recharge your mobile","tnc":"https://gateway.paytm.com/papi/v2/promocard/supercash/campaign/tnc/92449","show_game_progress":true,"deeplink_url":"paytmmp://mobile_prepaid?url=https://catalog.paytm.com/v1/mobile/mobile-prepaid/17","valid_upto":"2022-02-28T05:22:00.000Z","progress_screen_cta":"Recharge Now","total_cashback_earned":0,"campaign":"TEST_PPBLSC_REDEMPTION003","offer_image_url":"https://s3-ap-southeast-1.amazonaws.com/assets.paytm.com/promotion/Rituraj/PNG+images/Mobile+Prepaid+Recharge+Offer.png","new_offers_image_url":"https://s3-ap-southeast-1.amazonaws.com/assets.paytm.com/promotion/Rituraj/PNG+images/Mobile+Prepaid+Recharge+Offer.png","important_terms":"<p><span style=\"color: #FFA500;\">★<\/span><span style=\"color: #000000;\">This offer is applicable only when you Recharge your mobile for more than \u20b910<p><span style=\"color: #FFA500;\">★<\/span><span style=\"color: #000000;\">Offer can be availed 1000 times during the campaign validity<p>","background_overlay":false,"offer_type_id":1},{"short_description":"Do 4 mobile recharges of \u20b9200 or more within 2 hours","first_transaction_cta":"Do your first recharge","background_image_url":"BG URL","auto_activate":true,"offer_summary":null,"isDeeplink":false,"offer_text_override":"Mobile Recharge - upto \u20b91100","multi_stage_campaign":true,"is_offus_transaction":false,"surprise_text":"<p><span style=\"color: #FFA500;\">★<\/span><span style=\"color: #000000;\">1st mobile recharge, Get upto \u20b9900 cashback<p><span style=\"color: #FFA500;\">★<\/span><span style=\"color: #000000;\">2nd mobile recharge, Get <p><span style=\"color: #FFA500;\">★<\/span><span style=\"color: #000000;\">4th mobile recharge, Get \u20b9200 goldback<p>","id":29446,"event":"ACCEPT_OFFER","surprise_text_title":"Offer Details","info":{"first_transaction_cta":"","supercash_stages":{"0":{"event":"ACCEPT_OFFER","surprise_stage":"false"},"1":{"event":null,"surprise_stage":"false"},"2":{"event":null,"surprise_stage":"false"}}},"offer_keyword":"mobile recharge%s","tnc":"https://gateway.paytm.com/papi/v2/promocard/supercash/campaign/tnc/29446","show_game_progress":true,"deeplink_url":"paytmmp://mobile_prepaid?url=https://catalog.paytm.com/v1/mobile/mobile-prepaid/17","valid_upto":"2024-03-31T06:17:00.000Z","progress_screen_cta":"Recharge Now","total_cashback_earned":0,"campaign":"PRMSUCASH_388_TEST_DEAL","offer_image_url":"https://assetscdn.paytm.com/images/catalog/wallet/ic_mobile.png","new_offers_image_url":"https://assetscdn.paytm.com/images/catalog/wallet/ic_mobile.png","important_terms":"<p><span style=\"color: #FFA500;\">★<\/span><span style=\"color: #000000;\">Offer can be availed 10000 times during the campaign validity<\/span><\/p>\n\n<p><span style=\"color: #FFA500;\">★<\/span><span style=\"color: #000000;\">Minimum amount of each transaction should be 200 <\/span><\/p>\n\n<p> <\/p>\n","background_overlay":false,"offer_type_id":2},{"short_description":"Do 4 DTH recharges of \u20b9200 or more within 2 hours","first_transaction_cta":"Do your first recharge","background_image_url":"BG URL","auto_activate":true,"offer_summary":null,"isDeeplink":false,"offer_text_override":"DTH Recharge - upto \u20b91100","multi_stage_campaign":true,"is_offus_transaction":false,"surprise_text":"<p><span style=\"color: #FFA500;\">★<\/span><span style=\"color: #000000;\">1st DTH recharge, Get upto \u20b9900 cashback<p><span style=\"color: #FFA500;\">★<\/span><span style=\"color: #000000;\">2nd DTH recharge, Get <p><span style=\"color: #FFA500;\">★<\/span><span style=\"color: #000000;\">4th DTH recharge, Get \u20b9200 goldback<p>","id":29460,"event":"ACCEPT_OFFER","surprise_text_title":"Offer Details","info":{"first_transaction_cta":"","supercash_stages":{"0":{"event":"ACCEPT_OFFER","surprise_stage":"false"},"1":{"event":null,"surprise_stage":"false"},"2":{"event":null,"surprise_stage":"false"}}},"offer_keyword":"DTH recharge%s","tnc":"https://gateway.paytm.com/papi/v2/promocard/supercash/campaign/tnc/29460","show_game_progress":true,"deeplink_url":"paytmmp://dth?url=https://catalog.paytm.com/v1/mobile/DTH/18","valid_upto":"2024-03-31T06:17:00.000Z","progress_screen_cta":"Recharge Now","total_cashback_earned":0,"campaign":"PRMSUCASH_388_TEST_DEAL_2","offer_image_url":"https://assetscdn.paytm.com/images/catalog/wallet/ic_dth.png","new_offers_image_url":"https://assetscdn.paytm.com/images/catalog/wallet/ic_dth.png","important_terms":"<p><span style=\"color: #FFA500;\">★<\/span><span style=\"color: #000000;\">Offer can be availed 10000 times during the campaign validity<p><span style=\"color: #FFA500;\">★<\/span><span style=\"color: #000000;\">Minimum amount of each transaction should be 200 <p>","background_overlay":false,"offer_type_id":2},{"short_description":"Do 5 DTH recharges of \u20b9500 or more within 10 minutes","first_transaction_cta":"Do your first recharge","background_image_url":"BG URL","auto_activate":false,"offer_summary":null,"isDeeplink":true,"offer_text_override":"DTH Recharge - Upto \u20b9900 cashback","multi_stage_campaign":true,"is_offus_transaction":true,"surprise_text":"<p><span style=\"color: #FFA500;\">★<\/span><span style=\"color: #000000;\">1st DTH recharge, Get upto \u20b9200 cashback<p><span style=\"color: #FFA500;\">★<\/span><span style=\"color: #000000;\">3rd DTH recharge, Get upto \u20b9300 voucher<p><span style=\"color: #FFA500;\">★<\/span><span style=\"color: #000000;\">5th DTH recharge, Get \u20b9400 goldback<p>","id":31451,"event":"ACCEPT_OFFER","surprise_text_title":"Offer Details","info":{"first_transaction_cta":"","supercash_stages":{"0":{"event":"ACCEPT_OFFER","surprise_stage":"false"},"1":{"event":null,"surprise_stage":"false"},"2":{"event":null,"surprise_stage":"false"}}},"offer_keyword":"DTH recharge%s","tnc":"https://gateway.paytm.com/papi/v2/promocard/supercash/campaign/tnc/31451","show_game_progress":true,"deeplink_url":"paytmmp://dth?url=https://catalog.paytm.com/v1/mobile/DTH/18","valid_upto":"2024-07-03T12:12:00.000Z","progress_screen_cta":"Recharge Now","total_cashback_earned":0,"campaign":"AUTOMATION_CANCEL_INT2","offer_image_url":"https://s3-ap-southeast-1.amazonaws.com/assets.paytm.com/promotion/Rituraj/PNG+images/DTH+Recharge+Offer.png","new_offers_image_url":"https://s3-ap-southeast-1.amazonaws.com/assets.paytm.com/promotion/Rituraj/PNG+images/DTH+Recharge+Offer.png","important_terms":"<p><span style=\"color: #FFA500;\">★<\/span><span style=\"color: #000000;\">Offer can be availed 10000 times during the campaign validity<p><span style=\"color: #FFA500;\">★<\/span><span style=\"color: #000000;\">Minimum amount of each transaction should be \u20b9500 <p>","background_overlay":false,"offer_type_id":2},{"short_description":"Do 5 DTH recharges of \u20b9300 or more within 10 minutes","first_transaction_cta":"Do your first recharge","background_image_url":"BG URL","auto_activate":false,"offer_summary":null,"isDeeplink":true,"offer_text_override":"DTH Recharge - Upto \u20b91000 cashback","multi_stage_campaign":true,"is_offus_transaction":true,"surprise_text":"<p><span style=\"color: #FFA500;\">★<\/span><span style=\"color: #000000;\">1st DTH recharge, Get upto \u20b9300 cashback<p><span style=\"color: #FFA500;\">★<\/span><span style=\"color: #000000;\">3rd DTH recharge, Get upto \u20b9300 voucher<p><span style=\"color: #FFA500;\">★<\/span><span style=\"color: #000000;\">5th DTH recharge, Get \u20b9400 goldback<p>","id":31457,"event":"ACCEPT_OFFER","surprise_text_title":"Offer Details","info":{"first_transaction_cta":"","supercash_stages":{"0":{"event":"ACCEPT_OFFER","surprise_stage":"false"},"1":{"event":null,"surprise_stage":"false"},"2":{"event":null,"surprise_stage":"false"}}},"offer_keyword":"DTH recharge%s","tnc":"https://gateway.paytm.com/papi/v2/promocard/supercash/campaign/tnc/31457","show_game_progress":true,"deeplink_url":"paytmmp://dth?url=https://catalog.paytm.com/v1/mobile/DTH/18","valid_upto":"2024-07-03T12:12:00.000Z","progress_screen_cta":"Recharge Now","total_cashback_earned":0,"campaign":"AUTOMATION_CANCEL_INT3","offer_image_url":"https://s3-ap-southeast-1.amazonaws.com/assets.paytm.com/promotion/Rituraj/PNG+images/DTH+Recharge+Offer.png","new_offers_image_url":"https://s3-ap-southeast-1.amazonaws.com/assets.paytm.com/promotion/Rituraj/PNG+images/DTH+Recharge+Offer.png","important_terms":"<p><span style=\"color: #FFA500;\">★<\/span><span style=\"color: #000000;\">Offer can be availed 10000 times during the campaign validity<\/span><\/p>\n\n<p><span style=\"color: #FFA500;\">★<\/span><span style=\"color: #000000;\">Minimum amount of each transaction should be \u20b9300 <\/span><\/p>\n\n<p> <\/p>\n","background_overlay":true,"offer_type_id":2},{"short_description":"Do 5 DTH recharges of \u20b9300 or more 10 minutes","first_transaction_cta":"Do your first recharge","background_image_url":"BG URL","auto_activate":true,"offer_summary":null,"isDeeplink":true,"offer_text_override":"DTH Recharge - Upto \u20b91922 cashback","multi_stage_campaign":true,"is_offus_transaction":true,"surprise_text":"<p><span style=\"color: #FFA500;\">★<\/span><span style=\"color: #000000;\">1st DTH recharge, Get cashback upto \u20b91222<p><span style=\"color: #FFA500;\">★<\/span><span style=\"color: #000000;\">3rd DTH recharge, Get upto \u20b9300 Movies voucher<p><span style=\"color: #FFA500;\">★<\/span><span style=\"color: #000000;\">5th DTH recharge, Get \u20b9400 goldback<p>","id":32681,"event":"ACCEPT_OFFER","surprise_text_title":"Offer Details","info":{"first_transaction_cta":"","supercash_stages":{"0":{"event":"ACCEPT_OFFER","surprise_stage":"false"},"1":{"event":null,"surprise_stage":"false"},"2":{"event":null,"surprise_stage":"false"}}},"offer_keyword":"DTH recharge%s","tnc":"https://gateway.paytm.com/papi/v2/promocard/supercash/campaign/tnc/32681","show_game_progress":true,"deeplink_url":"paytmmp://dth?url=https://catalog.paytm.com/v1/mobile/DTH/18","valid_upto":"2024-07-03T12:12:00.000Z","progress_screen_cta":"Recharge Now","total_cashback_earned":0,"campaign":"AUTOMATION_CANCEL_AUTO","offer_image_url":"https://s3-ap-southeast-1.amazonaws.com/assets.paytm.com/promotion/Rituraj/PNG+images/DTH+Recharge+Offer.png","new_offers_image_url":"https://s3-ap-southeast-1.amazonaws.com/assets.paytm.com/promotion/Rituraj/PNG+images/DTH+Recharge+Offer.png","important_terms":"<p><span style=\"color: #FFA500;\">★<\/span><span style=\"color: #000000;\">Offer can be availed 10000 times during the campaign validity<p><span style=\"color: #FFA500;\">★<\/span><span style=\"color: #000000;\">Minimum amount of each transaction should be \u20b9300 <p>","background_overlay":true,"offer_type_id":2},{"short_description":"Do 2 DTH recharges of \u20b9300 or more 10 minutes","first_transaction_cta":"Do your first recharge","background_image_url":"BG URL","auto_activate":true,"offer_summary":null,"isDeeplink":true,"offer_text_override":"DTH Recharge - Upto \u20b910100 cashback","multi_stage_campaign":true,"is_offus_transaction":true,"surprise_text":"<p><span style=\"color: #FFA500;\">★<\/span><span style=\"color: #000000;\">1st DTH recharge, Get upto \u20b910000 cashback<p><span style=\"color: #FFA500;\">★<\/span><span style=\"color: #000000;\">2nd DTH recharge, Get \u20b9100 goldback<p>","id":32683,"event":"ACCEPT_OFFER","surprise_text_title":"Offer Details","info":{"first_transaction_cta":"","supercash_stages":{"0":{"event":"ACCEPT_OFFER","surprise_stage":"false"},"1":{"event":null,"surprise_stage":"false"}}},"offer_keyword":"DTH recharge%s","tnc":"https://gateway.paytm.com/papi/v2/promocard/supercash/campaign/tnc/32683","show_game_progress":true,"deeplink_url":"paytmmp://dth?url=https://catalog.paytm.com/v1/mobile/DTH/18","valid_upto":"2022-01-31T07:16:00.000Z","progress_screen_cta":"Recharge Now","total_cashback_earned":0,"campaign":"AUTOMATION_CANCEL_PARTIAL1","offer_image_url":"https://s3-ap-southeast-1.amazonaws.com/assets.paytm.com/promotion/Rituraj/PNG+images/DTH+Recharge+Offer.png","new_offers_image_url":"https://s3-ap-southeast-1.amazonaws.com/assets.paytm.com/promotion/Rituraj/PNG+images/DTH+Recharge+Offer.png","important_terms":"<p><span style=\"color: #FFA500;\">★<\/span><span style=\"color: #000000;\">Offer can be availed 10000 times during the campaign validity<p><span style=\"color: #FFA500;\">★<\/span><span style=\"color: #000000;\">Minimum amount of each transaction should be \u20b9300 <p>","background_overlay":true,"offer_type_id":2}]},"errors":[],"status":1},
    "userId": "123",
    "pageSize": 10
  }
]