{
  "data": [
    {
      "campaignDataList": [
        {
          "short_description": "Recharge your mobile 1 time for \u20b91 or more within a day",
          "first_transaction_cta": "Do your first recharge",
          "background_image_url": "BG URL",
          "auto_activate": true,
          "isDeeplink": true,
          "stageObjectMap": {
            "0": {
              "gratifications": [
                {
                  "randomBucketMap": {
                    "B5_0_0": {
                      "frontendRedemptionTypeIconUrl": "https://paytm.s3-ap-southeast-1.amazonaws.com/promo_seller_panel_uploads/production/Cashback.png",
                      "amount": 15,
                      "frontendRedemptionType": "cashback"
                    },
                    "B3_0_0": {
                      "frontendRedemptionTypeIconUrl": "https://paytm.s3-ap-southeast-1.amazonaws.com/promo_seller_panel_uploads/production/Cashback.png",
                      "amount": 12,
                      "frontendRedemptionType": "cashback"
                    },
                    "B4_0_0": {
                      "frontendRedemptionTypeIconUrl": "https://assetscdn1.paytm.com/images/catalog/view_item/854901/1626162244532.png",
                      "amount": 14,
                      "frontendRedemptionType": "Cashback Points"
                    },
                    "B2_0_0": {
                      "frontendRedemptionTypeIconUrl": "https://paytm.s3-ap-southeast-1.amazonaws.com/promo_seller_panel_uploads/production/Goldcoin.png",
                      "amount": 11,
                      "frontendRedemptionType": "goldback"
                    },
                    "B1_0_0": {
                      "frontendRedemptionTypeIconUrl": "https://paytm.s3-ap-southeast-1.amazonaws.com/promo_seller_panel_uploads/production/Cashback.png",
                      "amount": 10,
                      "frontendRedemptionType": "cashback"
                    }
                  }
                }
              ]
            }
          },
          "collectibles": null,
          "offer_text_override": "Get upto \u20b915 cashback",
          "surprise_text": "<p><span style=\"color: #FFA500;\">★<\/span><span style=\"color: #000000;\">Recharge your mobile 1st time, Get anything worth \u20b910 to \u20b915<p>",
          "id": 70781,
          "event": "ACCEPT_OFFER",
          "surprise_text_title": "Offer Details",
          "offer_keyword": "Recharge your mobile",
          "tnc": "https://gateway.paytm.com/papi/v2/promocard/supercash/campaign/tnc/70781",
          "show_game_progress": true,
          "deeplink_url": "paytmmp://mobile_prepaid?url=https://catalog.paytm.com/v1/mobile/mobile-prepaid/17",
          "unlock_text": "Recharge your mobile to unlock",
          "valid_upto": "2022-03-31T15:58:00.000Z",
          "journey_info": {
            "ctaText": null,
            "ctaDeeplink": null
          },
          "progress_screen_cta": "Recharge Now",
          "campaign": "SC_AGGRIGATION_CB_RANDOM",
          "offer_image_url": "https://s3-ap-southeast-1.amazonaws.com/assets.paytm.com/promotion/Rituraj/PNG+images/Mobile+Prepaid+Recharge+Offer.png",
          "new_offers_image_url": "https://s3-ap-southeast-1.amazonaws.com/assets.paytm.com/promotion/Rituraj/PNG+images/Mobile+Prepaid+Recharge+Offer.png",
          "important_terms": "<p><span style=\"color: #FFA500;\">★<\/span><span style=\"color: #000000;\">This offer is applicable only when you Recharge your mobile for \u20b91 or more<p><span style=\"color: #FFA500;\">★<\/span><span style=\"color: #000000;\">Offer can be availed 100 times during the campaign validity<p>",
          "background_overlay": false,
          "offer_type_id": 1,
          "total_txn_count": 1,
          "campaign_detail_deeplink": "paytmmp://cash_wallet?featuretype=vip&screen=topoffer&campaignid=70781"
        },
        {
          "short_description": "Recharge your mobile 5 times for \u20b91 or more within a day",
          "first_transaction_cta": "Do your first recharge",
          "background_image_url": "BG URL",
          "auto_activate": true,
          "isDeeplink": true,
          "stageObjectMap": {
            "0": {
              "gratifications": [
                {}
              ]
            },
            "1": {
              "gratifications": [
                {}
              ]
            },
            "2": {
              "gratifications": [
                {}
              ]
            },
            "3": {
              "gratifications": [
                {}
              ]
            },
            "4": {
              "gratifications": [
                {}
              ]
            }
          },
          "collectibles": null,
          "offer_text_override": "Get upto \u20b9500 cashback",
          "surprise_text": "<p><span style=\"color: #FFA500;\">★<\/span><span style=\"color: #000000;\">Recharge your mobile 1st time, Get upto \u20b9100 cashback<p><span style=\"color: #FFA500;\">★<\/span><span style=\"color: #000000;\">Recharge your mobile 2nd time, Get upto \u20b9100 cashback<p><span style=\"color: #FFA500;\">★<\/span><span style=\"color: #000000;\">Recharge your mobile 3rd time, Get upto \u20b9100 goldback<p><span style=\"color: #FFA500;\">★<\/span><span style=\"color: #000000;\">Recharge your mobile 4th time, Get upto \u20b9100 cashback<p><span style=\"color: #FFA500;\">★<\/span><span style=\"color: #000000;\">Recharge your mobile 5th time, Get upto \u20b9100 Paytm First Points<p>",
          "id": 70780,
          "event": "ACCEPT_OFFER",
          "surprise_text_title": "Offer Details",
          "offer_keyword": "Recharge your mobile",
          "tnc": "https://gateway.paytm.com/papi/v2/promocard/supercash/campaign/tnc/70780",
          "show_game_progress": true,
          "deeplink_url": "paytmmp://mobile_prepaid?url=https://catalog.paytm.com/v1/mobile/mobile-prepaid/17",
          "unlock_text": "Recharge your mobile to unlock",
          "valid_upto": "2022-03-31T15:54:00.000Z",
          "journey_info": {
            "ctaText": null,
            "ctaDeeplink": null
          },
          "progress_screen_cta": "Recharge Now",
          "campaign": "SC_AGGRIGATN_CB_POINT_ASU_ABS",
          "offer_image_url": "https://s3-ap-southeast-1.amazonaws.com/assets.paytm.com/promotion/Rituraj/PNG+images/Mobile+Prepaid+Recharge+Offer.png",
          "new_offers_image_url": "https://s3-ap-southeast-1.amazonaws.com/assets.paytm.com/promotion/Rituraj/PNG+images/Mobile+Prepaid+Recharge+Offer.png",
          "important_terms": "<p><span style=\"color: #FFA500;\">★<\/span><span style=\"color: #000000;\">This offer is applicable only when you Recharge your mobile for \u20b91 or more<p><span style=\"color: #FFA500;\">★<\/span><span style=\"color: #000000;\">Offer can be availed 100 times during the campaign validity<p>",
          "background_overlay": false,
          "offer_type_id": 1,
          "total_txn_count": 5,
          "campaign_detail_deeplink": "paytmmp://cash_wallet?featuretype=vip&screen=topoffer&campaignid=70780"
        },
        {
          "short_description": "Recharge your mobile 1 time for \u20b975 within a day",
          "first_transaction_cta": "Do your first recharge",
          "background_image_url": "BG URL",
          "auto_activate": true,
          "isDeeplink": true,
          "stageObjectMap": {
            "0": {
              "gratifications": [
                {
                  "randomBucketMap": {
                    "B1_0_0": {
                      "frontendRedemptionTypeIconUrl": null,
                      "amount": 0,
                      "frontendRedemptionType": null
                    }
                  }
                },
                {
                  "randomBucketMap": {
                    "B1_0_1": {
                      "frontendRedemptionTypeIconUrl": "Corss Icon",
                      "amount": 20,
                      "frontendRedemptionType": "Movies voucher"
                    }
                  }
                },
                {},
                {}
              ]
            }
          },
          "collectibles": null,
          "offer_text_override": "Get upto \u20b9149 cashback",
          "surprise_text": "<p><span style=\"color: #FFA500;\">★<\/span><span style=\"color: #000000;\">Recharge your mobile 1st time, Get Paytm voucher upto \u20b920<p>",
          "id": 63118,
          "event": "ACCEPT_OFFER",
          "surprise_text_title": "Offer Details",
          "offer_keyword": "Recharge your mobile",
          "tnc": "https://gateway.paytm.com/papi/v2/promocard/supercash/campaign/tnc/63118",
          "show_game_progress": true,
          "deeplink_url": "paytmmp://mobile_prepaid?url=https://catalog.paytm.com/v1/mobile/mobile-prepaid/17",
          "unlock_text": "Recharge your mobile to unlock",
          "valid_upto": "2022-03-31T10:58:00.000Z",
          "journey_info": {
            "ctaText": null,
            "ctaDeeplink": null
          },
          "progress_screen_cta": "Recharge Now",
          "campaign": "RECHARGES_SUPER_DEAL01",
          "offer_image_url": "https://s3-ap-southeast-1.amazonaws.com/assets.paytm.com/promotion/Rituraj/PNG+images/Mobile+Prepaid+Recharge+Offer.png",
          "new_offers_image_url": "https://s3-ap-southeast-1.amazonaws.com/assets.paytm.com/promotion/Rituraj/PNG+images/Mobile+Prepaid+Recharge+Offer.png",
          "important_terms": "<p><span style=\"color: #FFA500;\">★<\/span><span style=\"color: #000000;\">This offer is applicable only when you Recharge your mobile for \u20b975<p><span style=\"color: #FFA500;\">★<\/span><span style=\"color: #000000;\">Offer can be availed 600 times during the campaign validity<p>",
          "background_overlay": false,
          "offer_type_id": 1,
          "total_txn_count": 1,
          "campaign_detail_deeplink": "paytmmp://cash_wallet?featuretype=vip&screen=topoffer&campaignid=63118"
        }
      ],
      "seourl": null,
      "tagViewLayoutModel": {},
      "id": 267,
      "title": "BULK_TAG",
      "tags": "BULK_TAG",
      "tagItemLayoutModel": {}
    },
    {
      "campaignDataList": [
        {
          "short_description": "Recharge your mobile 1 time for \u20b91 or more within a day",
          "first_transaction_cta": "Do your first recharge",
          "background_image_url": "BG URL",
          "auto_activate": true,
          "isDeeplink": true,
          "stageObjectMap": {
            "0": {
              "gratifications": [
                {
                  "randomBucketMap": {
                    "B5_0_0": {
                      "frontendRedemptionTypeIconUrl": "https://paytm.s3-ap-southeast-1.amazonaws.com/promo_seller_panel_uploads/production/Cashback.png",
                      "amount": 15,
                      "frontendRedemptionType": "cashback"
                    },
                    "B3_0_0": {
                      "frontendRedemptionTypeIconUrl": "https://paytm.s3-ap-southeast-1.amazonaws.com/promo_seller_panel_uploads/production/Cashback.png",
                      "amount": 12,
                      "frontendRedemptionType": "cashback"
                    },
                    "B4_0_0": {
                      "frontendRedemptionTypeIconUrl": "https://assetscdn1.paytm.com/images/catalog/view_item/854901/1626162244532.png",
                      "amount": 14,
                      "frontendRedemptionType": "Cashback Points"
                    },
                    "B2_0_0": {
                      "frontendRedemptionTypeIconUrl": "https://paytm.s3-ap-southeast-1.amazonaws.com/promo_seller_panel_uploads/production/Goldcoin.png",
                      "amount": 11,
                      "frontendRedemptionType": "goldback"
                    },
                    "B1_0_0": {
                      "frontendRedemptionTypeIconUrl": "https://paytm.s3-ap-southeast-1.amazonaws.com/promo_seller_panel_uploads/production/Cashback.png",
                      "amount": 10,
                      "frontendRedemptionType": "cashback"
                    }
                  }
                }
              ]
            }
          },
          "collectibles": null,
          "offer_text_override": "Get upto \u20b915 cashback",
          "surprise_text": "<p><span style=\"color: #FFA500;\">★<\/span><span style=\"color: #000000;\">Recharge your mobile 1st time, Get anything worth \u20b910 to \u20b915<p>",
          "id": 70781,
          "event": "ACCEPT_OFFER",
          "surprise_text_title": "Offer Details",
          "offer_keyword": "Recharge your mobile",
          "tnc": "https://gateway.paytm.com/papi/v2/promocard/supercash/campaign/tnc/70781",
          "show_game_progress": true,
          "deeplink_url": "paytmmp://mobile_prepaid?url=https://catalog.paytm.com/v1/mobile/mobile-prepaid/17",
          "unlock_text": "Recharge your mobile to unlock",
          "valid_upto": "2022-03-31T15:58:00.000Z",
          "journey_info": {
            "ctaText": null,
            "ctaDeeplink": null
          },
          "progress_screen_cta": "Recharge Now",
          "campaign": "SC_AGGRIGATION_CB_RANDOM",
          "offer_image_url": "https://s3-ap-southeast-1.amazonaws.com/assets.paytm.com/promotion/Rituraj/PNG+images/Mobile+Prepaid+Recharge+Offer.png",
          "new_offers_image_url": "https://s3-ap-southeast-1.amazonaws.com/assets.paytm.com/promotion/Rituraj/PNG+images/Mobile+Prepaid+Recharge+Offer.png",
          "important_terms": "<p><span style=\"color: #FFA500;\">★<\/span><span style=\"color: #000000;\">This offer is applicable only when you Recharge your mobile for \u20b91 or more<p><span style=\"color: #FFA500;\">★<\/span><span style=\"color: #000000;\">Offer can be availed 100 times during the campaign validity<p>",
          "background_overlay": false,
          "offer_type_id": 1,
          "total_txn_count": 1,
          "campaign_detail_deeplink": "paytmmp://cash_wallet?featuretype=vip&screen=topoffer&campaignid=70781"
        },
        {
          "short_description": "Recharge your mobile 1 time for \u20b91 or more within 10 minutes",
          "first_transaction_cta": "Do your first recharge",
          "background_image_url": "BG URL",
          "auto_activate": true,
          "isDeeplink": true,
          "stageObjectMap": {
            "0": {
              "gratifications": [
                {
                  "randomBucketMap": {
                    "B5_0_0": {
                      "frontendRedemptionTypeIconUrl": "https://paytm.s3-ap-southeast-1.amazonaws.com/promo_seller_panel_uploads/production/Cashback.png",
                      "amount": 15,
                      "frontendRedemptionType": "cashback"
                    },
                    "B3_0_0": {
                      "frontendRedemptionTypeIconUrl": "https://paytm.s3-ap-southeast-1.amazonaws.com/promo_seller_panel_uploads/production/Cashback.png",
                      "amount": 12,
                      "frontendRedemptionType": "cashback"
                    },
                    "B4_0_0": {
                      "frontendRedemptionTypeIconUrl": "https://assetscdn1.paytm.com/images/catalog/view_item/854901/1626162244532.png",
                      "amount": 14,
                      "frontendRedemptionType": "Cashback Points"
                    },
                    "B2_0_0": {
                      "frontendRedemptionTypeIconUrl": "https://paytm.s3-ap-southeast-1.amazonaws.com/promo_seller_panel_uploads/production/Goldcoin.png",
                      "amount": 11,
                      "frontendRedemptionType": "goldback"
                    },
                    "B1_0_0": {
                      "frontendRedemptionTypeIconUrl": "https://paytm.s3-ap-southeast-1.amazonaws.com/promo_seller_panel_uploads/production/Cashback.png",
                      "amount": 10,
                      "frontendRedemptionType": "cashback"
                    }
                  }
                }
              ]
            }
          },
          "collectibles": null,
          "offer_text_override": "Get upto \u20b915 cashback",
          "surprise_text": "<p><span style=\"color: #FFA500;\">★<\/span><span style=\"color: #000000;\">Recharge your mobile 1st time, Get anything worth \u20b910 to \u20b915<p>",
          "id": 90269,
          "event": "ACCEPT_OFFER",
          "surprise_text_title": "Offer Details",
          "offer_keyword": "Recharge your mobile",
          "tnc": "https://gateway.paytm.com/papi/v2/promocard/supercash/campaign/tnc/90269",
          "show_game_progress": true,
          "deeplink_url": "paytmmp://mobile_prepaid?url=https://catalog.paytm.com/v1/mobile/mobile-prepaid/17",
          "unlock_text": "Recharge your mobile to unlock",
          "valid_upto": "2021-12-31T12:25:00.000Z",
          "journey_info": {
            "ctaText": null,
            "ctaDeeplink": null
          },
          "progress_screen_cta": "Recharge Now",
          "campaign": "READ_IN_SHARD_RANDOM",
          "offer_image_url": "https://s3-ap-southeast-1.amazonaws.com/assets.paytm.com/promotion/Rituraj/PNG+images/Mobile+Prepaid+Recharge+Offer.png",
          "new_offers_image_url": "https://s3-ap-southeast-1.amazonaws.com/assets.paytm.com/promotion/Rituraj/PNG+images/Mobile+Prepaid+Recharge+Offer.png",
          "important_terms": "<p><span style=\"color: #FFA500;\">★<\/span><span style=\"color: #000000;\">This offer is applicable only when you Recharge your mobile for \u20b91 or more<p><span style=\"color: #FFA500;\">★<\/span><span style=\"color: #000000;\">Offer can be availed 1 time during the campaign validity<p>",
          "background_overlay": false,
          "offer_type_id": 1,
          "total_txn_count": 1,
          "campaign_detail_deeplink": "paytmmp://cash_wallet?featuretype=vip&screen=topoffer&campaignid=90269"
        },
        {
          "short_description": "Recharge your mobile 5 times for \u20b91 or more within a day",
          "first_transaction_cta": "Do your first recharge",
          "background_image_url": "BG URL",
          "auto_activate": true,
          "isDeeplink": true,
          "stageObjectMap": {
            "0": {
              "gratifications": [
                {}
              ]
            },
            "1": {
              "gratifications": [
                {}
              ]
            },
            "2": {
              "gratifications": [
                {}
              ]
            },
            "3": {
              "gratifications": [
                {}
              ]
            },
            "4": {
              "gratifications": [
                {}
              ]
            }
          },
          "collectibles": null,
          "offer_text_override": "Get upto \u20b9500 cashback",
          "surprise_text": "<p><span style=\"color: #FFA500;\">★<\/span><span style=\"color: #000000;\">Recharge your mobile 1st time, Get upto \u20b9100 cashback<p><span style=\"color: #FFA500;\">★<\/span><span style=\"color: #000000;\">Recharge your mobile 2nd time, Get upto \u20b9100 cashback<p><span style=\"color: #FFA500;\">★<\/span><span style=\"color: #000000;\">Recharge your mobile 3rd time, Get upto \u20b9100 goldback<p><span style=\"color: #FFA500;\">★<\/span><span style=\"color: #000000;\">Recharge your mobile 4th time, Get upto \u20b9100 cashback<p><span style=\"color: #FFA500;\">★<\/span><span style=\"color: #000000;\">Recharge your mobile 5th time, Get upto \u20b9100 Paytm First Points<p>",
          "id": 70780,
          "event": "ACCEPT_OFFER",
          "surprise_text_title": "Offer Details",
          "offer_keyword": "Recharge your mobile",
          "tnc": "https://gateway.paytm.com/papi/v2/promocard/supercash/campaign/tnc/70780",
          "show_game_progress": true,
          "deeplink_url": "paytmmp://mobile_prepaid?url=https://catalog.paytm.com/v1/mobile/mobile-prepaid/17",
          "unlock_text": "Recharge your mobile to unlock",
          "valid_upto": "2022-03-31T15:54:00.000Z",
          "journey_info": {
            "ctaText": null,
            "ctaDeeplink": null
          },
          "progress_screen_cta": "Recharge Now",
          "campaign": "SC_AGGRIGATN_CB_POINT_ASU_ABS",
          "offer_image_url": "https://s3-ap-southeast-1.amazonaws.com/assets.paytm.com/promotion/Rituraj/PNG+images/Mobile+Prepaid+Recharge+Offer.png",
          "new_offers_image_url": "https://s3-ap-southeast-1.amazonaws.com/assets.paytm.com/promotion/Rituraj/PNG+images/Mobile+Prepaid+Recharge+Offer.png",
          "important_terms": "<p><span style=\"color: #FFA500;\">★<\/span><span style=\"color: #000000;\">This offer is applicable only when you Recharge your mobile for \u20b91 or more<p><span style=\"color: #FFA500;\">★<\/span><span style=\"color: #000000;\">Offer can be availed 100 times during the campaign validity<p>",
          "background_overlay": false,
          "offer_type_id": 1,
          "total_txn_count": 5,
          "campaign_detail_deeplink": "paytmmp://cash_wallet?featuretype=vip&screen=topoffer&campaignid=70780"
        },
        {
          "short_description": "Recharge your mobile 1 time for \u20b975 within a day",
          "first_transaction_cta": "Do your first recharge",
          "background_image_url": "BG URL",
          "auto_activate": true,
          "isDeeplink": true,
          "stageObjectMap": {
            "0": {
              "gratifications": [
                {
                  "randomBucketMap": {
                    "B1_0_0": {
                      "frontendRedemptionTypeIconUrl": null,
                      "amount": 0,
                      "frontendRedemptionType": null
                    }
                  }
                },
                {
                  "randomBucketMap": {
                    "B1_0_1": {
                      "frontendRedemptionTypeIconUrl": "Corss Icon",
                      "amount": 20,
                      "frontendRedemptionType": "Movies voucher"
                    }
                  }
                },
                {},
                {}
              ]
            }
          },
          "collectibles": null,
          "offer_text_override": "Get upto \u20b9149 cashback",
          "surprise_text": "<p><span style=\"color: #FFA500;\">★<\/span><span style=\"color: #000000;\">Recharge your mobile 1st time, Get Paytm voucher upto \u20b920<p>",
          "id": 63118,
          "event": "ACCEPT_OFFER",
          "surprise_text_title": "Offer Details",
          "offer_keyword": "Recharge your mobile",
          "tnc": "https://gateway.paytm.com/papi/v2/promocard/supercash/campaign/tnc/63118",
          "show_game_progress": true,
          "deeplink_url": "paytmmp://mobile_prepaid?url=https://catalog.paytm.com/v1/mobile/mobile-prepaid/17",
          "unlock_text": "Recharge your mobile to unlock",
          "valid_upto": "2022-03-31T10:58:00.000Z",
          "journey_info": {
            "ctaText": null,
            "ctaDeeplink": null
          },
          "progress_screen_cta": "Recharge Now",
          "campaign": "RECHARGES_SUPER_DEAL01",
          "offer_image_url": "https://s3-ap-southeast-1.amazonaws.com/assets.paytm.com/promotion/Rituraj/PNG+images/Mobile+Prepaid+Recharge+Offer.png",
          "new_offers_image_url": "https://s3-ap-southeast-1.amazonaws.com/assets.paytm.com/promotion/Rituraj/PNG+images/Mobile+Prepaid+Recharge+Offer.png",
          "important_terms": "<p><span style=\"color: #FFA500;\">★<\/span><span style=\"color: #000000;\">This offer is applicable only when you Recharge your mobile for \u20b975<p><span style=\"color: #FFA500;\">★<\/span><span style=\"color: #000000;\">Offer can be availed 600 times during the campaign validity<p>",
          "background_overlay": false,
          "offer_type_id": 1,
          "total_txn_count": 1,
          "campaign_detail_deeplink": "paytmmp://cash_wallet?featuretype=vip&screen=topoffer&campaignid=63118"
        }
      ],
      "seourl": null,
      "tagViewLayoutModel": {},
      "id": 268,
      "title": "RANDOM_BULK,cAshBack_BULK,Deal_BULK",
      "tags": "RANDOM_BULK,cAshBack_BULK,Deal_BULK",
      "tagItemLayoutModel": {}
    },
    {
      "campaignDataList": [
        {
          "short_description": "Recharge your mobile 1 time for more than \u20b91 within a day",
          "first_transaction_cta": "Do your first recharge",
          "background_image_url": "BG URL",
          "auto_activate": false,
          "isDeeplink": true,
          "stageObjectMap": {
            "0": {
              "gratifications": [
                {
                  "randomBucketMap": {
                    "B2_0_0": {
                      "frontendRedemptionTypeIconUrl": "https://paytm.s3-ap-southeast-1.amazonaws.com/promo_seller_panel_uploads/production/Cashback.png",
                      "amount": 0,
                      "frontendRedemptionType": "namie1"
                    },
                    "B1_0_0": {
                      "frontendRedemptionTypeIconUrl": "https://paytm.s3-ap-southeast-1.amazonaws.com/promo_seller_panel_uploads/production/Cashback.png",
                      "amount": 0,
                      "frontendRedemptionType": "four_wheller"
                    }
                  }
                }
              ]
            }
          },
          "collectibles": null,
          "offer_text_override": "Get upto \u20b90 cashback",
          "surprise_text": "<p>",
          "id": 70829,
          "event": "ACCEPT_OFFER",
          "surprise_text_title": "Offer Details",
          "offer_keyword": "Recharge your mobile",
          "tnc": "https://gateway.paytm.com/papi/v2/promocard/supercash/campaign/tnc/70829",
          "show_game_progress": true,
          "deeplink_url": "paytmmp://mobile_prepaid?url=https://catalog.paytm.com/v1/mobile/mobile-prepaid/17",
          "unlock_text": "Recharge your mobile to unlock",
          "valid_upto": "2022-03-31T13:50:00.000Z",
          "journey_info": {
            "ctaText": null,
            "ctaDeeplink": null
          },
          "progress_screen_cta": "Recharge Now",
          "campaign": "SC_SHARD_MG_COLLECTIBLE",
          "offer_image_url": "https://s3-ap-southeast-1.amazonaws.com/assets.paytm.com/promotion/Rituraj/PNG+images/Mobile+Prepaid+Recharge+Offer.png",
          "new_offers_image_url": "https://s3-ap-southeast-1.amazonaws.com/assets.paytm.com/promotion/Rituraj/PNG+images/Mobile+Prepaid+Recharge+Offer.png",
          "important_terms": "<p><span style=\"color: #FFA500;\">★<\/span><span style=\"color: #000000;\">This offer is applicable only when you Recharge your mobile for more than \u20b91<\/span><\/p>\n\n<p><span style=\"color: #FFA500;\">★<\/span><span style=\"color: #000000;\">Offer can be availed 200 times during the campaign validity<\/span><\/p>\n\n<p> <\/p>\n",
          "background_overlay": false,
          "offer_type_id": 1,
          "total_txn_count": 1,
          "campaign_detail_deeplink": "paytmmp://cash_wallet?featuretype=vip&screen=topoffer&campaignid=70829"
        }
      ],
      "seourl": null,
      "tagViewLayoutModel": {},
      "id": 269,
      "title": "COLLECTIBLE_BULK",
      "tags": "COLLECTIBLE_BULK",
      "tagItemLayoutModel": {}
    }
  ],
  "errors": [],
  "status": 1
}
