{
  "offerTagMultiStage": {
    "status": 1,
    "errors": [

    ],
    "data": {
      "campaignData": [
        {
          "id": 35197,
          "event": "ACCEPT_OFFER",
          "deeplink_url": "paytmmp://mobile_prepaid?url=https://catalog.paytm.com/v1/mobile/mobile-prepaid/17",
          "offer_text_override": "Test Mobile Recharge - Flat ₹110 cashback",
          "background_image_url": "test",
          "new_offers_image_url": "https://s3-ap-southeast-1.amazonaws.com/assets.paytm.com/promotion/Rituraj/PNG+images/Mobile+Prepaid+Recharge+Offer.png",
          "offer_keyword": "mobile recharge%s",
          "progress_screen_cta": "Recharge Now",
          "important_terms": "<p><span style=\"color: #FFA500;\">★</span><span style=\"color: #000000;\">Offer can be availed 1000 times during the campaign validity</span></p>\n\n<p><span style=\"color: #FFA500;\">★</span><span style=\"color: #000000;\">Minimum amount of each transaction should be ₹100 </span></p>\n\n<p> </p>\n",
          "surprise_text": "<p><span style=\"color: #FFA500;\">★</span><span style=\"color: #000000;\">1st mobile recharge, Get ₹10 cashback<p><span style=\"color: #FFA500;\">★</span><span style=\"color: #000000;\">2nd mobile recharge, Get ₹100 cashback<p>",
          "tnc": "https://gateway.paytm.com/papi/v2/promocard/supercash/campaign/tnc/35197",


          "campaign": "AUTOMATIONOFFERTAG",
          "isDeeplink": true,
          "short_description": "Do 2 mobile recharges of ₹100 or more within a day",
          "offer_image_url": "https://s3-ap-southeast-1.amazonaws.com/assets.paytm.com/promotion/Rituraj/PNG+images/Mobile+Prepaid+Recharge+Offer.png",
          "offer_type_id": 1,
          "background_overlay": false,
          "first_transaction_cta": "Do your first recharge",
          "surprise_text_title": "Offer Details"
        }
      ],
      "superCashGameV4List": null
    }
  },
  "offerTagMultiStageGame": {
    "status": 1,
    "errors": [

    ],
    "data": {
      "campaignData": null,
      "superCashGameV4List": [
        {
          "id": 304606,
          "info": {
            "transactions": [
              {
                "txn_id": "ASSURED569660",
                "txn_source": "WALLET",
                "order_id": "SM_FEAFFBA43D7F1F52",
                "stage": 0,
                "status": "SUCCESS",
                "created_at": "2018-07-05T09:57:58.000Z",
                "txn_amount": "500",
                "progress_screen_construct": "1st mobile recharge",
                "stage_object": {
                  "stage_status": "COMPLETED",
                  "stage_txn_count": 1,
                  "stage_success_txn_count": 1,
                  "surprise_stage": false,
                  "stage_progress_construct": "You have earned ₹10 cashback",
                  "gratification_objects": [
                    {
                      "scratchCardData": null,
                      "redemption_type": "cashback",
                      "frontend_redemption_type": "cashback",
                      "cashback_text": "Get ₹10 cashback",
                      "redemption_status": "REDEEM_REQUESTED",
                      "redemption_text": "Cashback will be credited within 48 hours to your Paytm Wallet. If any transaction is cancelled, you need to do another transaction to be eligible for cashback.",
                      "earned_text": "You have earned ₹10 cashback",
                      "bonus_amount": 10,
                      "deal_data": null,
                      "crosspromo_data": null,
                      "redemption_type_icon": "https://paytm.s3-ap-southeast-1.amazonaws.com/promo_seller_panel_uploads/production/Cashback.png",
                      "winnning_title": "Congratulations!",
                      "progress_text": "You Won"
                    }
                  ]
                }
              },
              {
                "txn_id": "",
                "txn_source": "",
                "order_id": "",
                "stage": 1,
                "status": "",
                "created_at": "",
                "progress_screen_construct": "2nd mobile recharge",
                "stage_object": {
                  "stage_status": "INCOMPLETE",
                  "stage_txn_count": 1,
                  "stage_success_txn_count": 0,
                  "surprise_stage": false,
                  "stage_progress_construct": "You are 1 mobile recharge away from winning ₹100 cashback",
                  "gratification_objects": [
                    {
                      "scratchCardData": null,
                      "redemption_type": "cashback",
                      "frontend_redemption_type": "cashback",
                      "cashback_text": "Get ₹100 cashback",
                      "redemption_status": null,
                      "redemption_text": "",
                      "earned_text": "",
                      "bonus_amount": 0,
                      "deal_data": null,
                      "crosspromo_data": null,
                      "redemption_type_icon": "https://paytm.s3-ap-southeast-1.amazonaws.com/promo_seller_panel_uploads/production/Cashback.png",
                      "winnning_title": "",
                      "progress_text": "You have made a progress"
                    }
                  ]
                }
              }
            ],
            "offer_expiry_reason": "",
            "game_expiry_reason": "Your offer expired as you did not complete 1 out of 2 transactions.",
            "campaign": {
              "id": 35197,
              "event": "ACCEPT_OFFER",
              "deeplink_url": "paytmmp://mobile_prepaid?url=https://catalog.paytm.com/v1/mobile/mobile-prepaid/17",
              "offer_text_override": "Test Mobile Recharge - Flat ₹110 cashback",
              "background_image_url": "test",
              "new_offers_image_url": "https://s3-ap-southeast-1.amazonaws.com/assets.paytm.com/promotion/Rituraj/PNG+images/Mobile+Prepaid+Recharge+Offer.png",
              "offer_keyword": "mobile recharge%s",
              "progress_screen_cta": "Recharge Now",
              "important_terms": "<p><span style=\"color: #FFA500;\">★</span><span style=\"color: #000000;\">Offer can be availed 1000 times during the campaign validity</span></p>\n\n<p><span style=\"color: #FFA500;\">★</span><span style=\"color: #000000;\">Minimum amount of each transaction should be ₹100 </span></p>\n\n<p> </p>\n",
              "surprise_text": "<p><span style=\"color: #FFA500;\">★</span><span style=\"color: #000000;\">1st mobile recharge, Get ₹10 cashback<p><span style=\"color: #FFA500;\">★</span><span style=\"color: #000000;\">2nd mobile recharge, Get ₹100 cashback<p>",
              "tnc": "https://paytmmall.com/papi/v2/promocard/supercash/campaign/tnc/35197",
              "campaign": "AUTOMATIONOFFERTAG",
              "isDeeplink": true,
              "short_description": "Do 2 mobile recharges of ₹100 or more within a day",
              "offer_image_url": "https://s3-ap-southeast-1.amazonaws.com/assets.paytm.com/promotion/Rituraj/PNG+images/Mobile+Prepaid+Recharge+Offer.png",
              "offer_type_id": 1,
              "background_overlay": false,
              "auto_activate": true,
              "unlock_text": null,
              "first_transaction_cta": "Do your first recharge",
              "surprise_text_title": "Offer Details",
              "campaign_detail_deeplink": null
            }
          },
          "updated_at": "2020-02-05T17:34:36.000Z",
          "success_txn_count": 1,
          "total_txn_count": 2,
          "status": "INPROGRESS",
          "offer_expiry": "2020-02-05T18:29:59.000Z",
          "game_expiry": "2020-02-05T18:29:59.000Z",
          "opt_out_time": "",
          "offer_status_info": "",
          "current_stage": 1,
          "txn_linked": null,
          "Claim_CTA": null,
          "unlock_text": "mobile recharge%s to unlock",
          "offer_end_time": "",
          "server_timestamp": "2020-02-05T17:34:41.425Z"
        }
      ]
    }
  },
  "expiredGameOfferTag": {"status":1,"errors":[],"data":{"title":"verifyOfferTagV4ForExpiredGameWithStatusNotMovedToExpire","id":446,"seourl":null,"tagViewLayoutModel":{},"tagItemLayoutModel":{},"campaignData":[{"id":1017108,"event":"ACCEPT_OFFER","stageObjectMap":{"0":{"gratifications":[{}]},"1":{"gratifications":[{}]}},"deeplink_url":"paytmmp://mobile_prepaid?url=https://catalog.paytm.com/v1/mobile/mobile-prepaid/17","offer_text_override":"Get upto ₹110 cashback","background_image_url":"BG URL","new_offers_image_url":"https://s3-ap-southeast-1.amazonaws.com/assets.paytm.com/promotion/Rituraj/PNG+images/Mobile+Prepaid+Recharge+Offer.png","offer_keyword":"Recharge your mobile","progress_screen_cta":"Recharge Now","important_terms":"<p><span style=\"color: #FFA500;\">★</span><span style=\"color: #000000;\">This offer is applicable only when you Recharge your mobile for ₹10 or more<p><span style=\"color: #FFA500;\">★</span><span style=\"color: #000000;\">Offer can be availed 10 times during the campaign validity<p>","surprise_text":"<p><span style=\"color: #FFA500;\">★</span><span style=\"color: #000000;\">Recharge your mobile 1st time, Get ₹10 cashback<p><span style=\"color: #FFA500;\">★</span><span style=\"color: #000000;\">Recharge your mobile 2nd time, Get upto ₹100 Cashback Points<p>","tnc":"https://gateway.paytm.com/papi/v2/promocard/supercash/campaign/tnc/1017108","campaign":"AUTOMATION_GAME_EXPIRED_TAG","isDeeplink":true,"valid_upto":"2022-12-31T06:15:00.000Z","short_description":"Recharge your mobile 2 times for ₹10 or more within 5 minutes","offer_image_url":"https://s3-ap-southeast-1.amazonaws.com/assets.paytm.com/promotion/Rituraj/PNG+images/Mobile+Prepaid+Recharge+Offer.png","auto_activate":true,"show_game_progress":true,"offer_type_id":1,"background_overlay":false,"first_transaction_cta":"Do your first recharge","surprise_text_title":"Offer Details","unlock_text":"Recharge your mobile to unlock","total_txn_count":2,"collectibles":null,"campaign_detail_deeplink":"paytmmp://cash_wallet?featuretype=vip&screen=topoffer&campaignid=1017108","journey_info":{"ctaText":null,"ctaDeeplink":null}}],"superCashGameV4List":null}},
  "offerBreachedOfferTagApi": {"status":1,"errors":[],"data":{"title":"verifyOfferTagV4ForExpiredGameWithStatusNotMovedToExpire","id":446,"seourl":null,"tagViewLayoutModel":{},"tagItemLayoutModel":{},"campaignData":null,"superCashGameV4List":null}},
  "expiredOffer-OfferTag": {"status":1,"errors":[],"data":{"title":"verifyOfferTagV4ForExpiredGameWithStatusNotMovedToOfferExpire","id":448,"seourl":null,"tagViewLayoutModel":{},"tagItemLayoutModel":{},"campaignData":[{"id":1017320,"event":"ACCEPT_OFFER","stageObjectMap":{"0":{"gratifications":[{}]},"1":{"gratifications":[{}]}},"deeplink_url":"paytmmp://mobile_prepaid?url=https://catalog.paytm.com/v1/mobile/mobile-prepaid/17","offer_text_override":"Get ₹20 cashback","background_image_url":"BG URL","new_offers_image_url":"https://s3-ap-southeast-1.amazonaws.com/assets.paytm.com/promotion/Rituraj/PNG+images/Mobile+Prepaid+Recharge+Offer.png","offer_keyword":"Recharge your mobile","progress_screen_cta":"Recharge Now","important_terms":"<p><span style=\"color: #FFA500;\">★</span><span style=\"color: #000000;\">This offer is applicable only when you Recharge your mobile for ₹100 or more<p><span style=\"color: #FFA500;\">★</span><span style=\"color: #000000;\">Offer can be availed 2 times during the campaign validity<p>","surprise_text":"<p><span style=\"color: #FFA500;\">★</span><span style=\"color: #000000;\">Recharge your mobile 1st time, Get ₹10 cashback<p><span style=\"color: #FFA500;\">★</span><span style=\"color: #000000;\">Recharge your mobile 2nd time, Get ₹10 cashback<p>","tnc":"https://gateway.paytm.com/papi/v2/promocard/supercash/campaign/tnc/1017320","campaign":"AUTO_OFFER_EXPIRED_TAG","isDeeplink":true,"valid_upto":"2023-04-30T12:43:00.000Z","short_description":"Recharge your mobile 2 times for ₹100 or more within 5 minutes","offer_image_url":"https://s3-ap-southeast-1.amazonaws.com/assets.paytm.com/promotion/Rituraj/PNG+images/Mobile+Prepaid+Recharge+Offer.png","auto_activate":false,"show_game_progress":true,"offer_type_id":1,"background_overlay":false,"first_transaction_cta":"Do your first recharge","surprise_text_title":"Offer Details","unlock_text":"Recharge your mobile to unlock","total_txn_count":2,"collectibles":null,"campaign_detail_deeplink":"paytmmp://cash_wallet?featuretype=vip&screen=topoffer&campaignid=1017320","journey_info":{"ctaText":null,"ctaDeeplink":null}}],"superCashGameV4List":null}},
  "OfferBreachedOfferExpireOfferTagApi": {"status":1,"errors":[],"data":{"title":"verifyOfferTagV4ForExpiredGameWithStatusNotMovedToOfferExpire","id":448,"seourl":null,"tagViewLayoutModel":{},"tagItemLayoutModel":{},"campaignData":null,"superCashGameV4List":null}}
}