{
  "OpenOfferSingleStage": {
    "status": 1,
    "errors": [
    ],
    "data": [
      {
        "tags": "ADSASSURED",
        "title": "ADSASSURED",
        "id": 370,
        "seourl": null,
        "tagViewLayoutModel": {
        },
        "tagItemLayoutModel": {
        },
        "campaignDataList": [
          {
            "id": 108778,
            "event": "ACCEPT_OFFER",
            "stageObjectMap": {
              "0": {
                "gratifications": [
                  {
                  }
                ]
              }
            },
            "deeplink_url": "paytmmp://mobile_prepaid?url=https://catalog.paytm.com/v1/mobile/mobile-prepaid/17",
            "offer_text_override": "Get ₹NaN cashback",
            "background_image_url": "FetchDealURl",
            "new_offers_image_url": "https://s3-ap-southeast-1.amazonaws.com/assets.paytm.com/promotion/Rituraj/PNG+images/Mobile+Prepaid+Recharge+Offer.png",
            "offer_keyword": "Recharge your mobile",
            "progress_screen_cta": "Recharge Now",
            "important_terms": "<p><span style=\"color: #FFA500;\">★</span><span style=\"color: #000000;\">This offer is applicable only when you Recharge your mobile for more than ₹10</span></p>\n\n<p><span style=\"color: #FFA500;\">★</span><span style=\"color: #000000;\">Offer can be availed 500000 times during the campaign validity</span></p>\n\n<p> </p>\n",
            "surprise_text": "<p>",
            "tnc": "https://gateway.paytm.com/papi/v2/promocard/supercash/campaign/tnc/108778",
            "campaign": "AUTO_ADSDEAL_001",
            "isDeeplink": true,
            "valid_upto": "2022-02-28T09:14:00.000Z",
            "short_description": "Recharge your mobile 1 time for more than ₹10 within a day",
            "offer_image_url": "https://s3-ap-southeast-1.amazonaws.com/assets.paytm.com/promotion/Rituraj/PNG+images/Mobile+Prepaid+Recharge+Offer.png",
            "auto_activate": true,
            "show_game_progress": true,
            "offer_type_id": 1,
            "background_overlay": false,
            "first_transaction_cta": "Do your first recharge",
            "surprise_text_title": "Offer Details",
            "unlock_text": "Recharge your mobile to unlock",
            "total_txn_count": 1,
            "collectibles": null,
            "campaign_detail_deeplink": "paytmmp://cash_wallet?featuretype=vip&screen=topoffer&campaignid=108778",
            "journey_info": {
              "ctaText": null,
              "ctaDeeplink": null
            }
          }
        ]
      }
    ]
  },
  "PclCashbackLandingAfterScIsScratched": {
    "backgroundImage": "https://assetscdn1.paytm.com/images/promo-engine/prod/sc_theme5.png",
    "message": "Recharge your mobile to unlock",
    "newOfferData": {
      "short_description": "Recharge your mobile 11 times for  before 11-07-2023, 00:00:00",
      "first_transaction_cta": "Do your first recharge",
      "background_image_url": "jasdlihsasadadsdsa",
      "auto_activate": true,
      "isDeeplink": true,
      "stageObjectMap": {
        "0": {
          "gratifications": [
            {}
          ]
        },
        "1": {
          "gratifications": [
            {},
            {
              "randomBucketMap": {
                "B1_1_1": {
                  "frontendRedemptionTypeIconUrl": "https://www.paytm.com/cricket/",
                  "amount": 7,
                  "frontendRedemptionType": "runs",
                  "capValue": 7
                }
              }
            },
            {
              "randomBucketMap": {
                "B1_1_2": {
                  "frontendRedemptionTypeIconUrl": "https://www.paytm.com/cricket/",
                  "amount": 50,
                  "frontendRedemptionType": "runs",
                  "capValue": 50
                }
              }
            },
            {
              "randomBucketMap": {
                "B1_1_3": {
                  "frontendRedemptionTypeIconUrl": "https://www.paytm.com/cricket/",
                  "amount": 9,
                  "frontendRedemptionType": "runs",
                  "capValue": 9
                }
              }
            }
          ]
        },
        "2": {
          "gratifications": [
            {},
            {},
            {},
            {
              "randomBucketMap": {
                "B1_2_3": {
                  "frontendRedemptionTypeIconUrl": "https://www.paytm.com/cricket/",
                  "amount": 9,
                  "frontendRedemptionType": "runs",
                  "capValue": 9
                }
              }
            }
          ]
        },
        "3": {
          "gratifications": [
            {},
            {}
          ]
        },
        "4": {
          "gratifications": [
            {
              "randomBucketMap": {
                "B1_4_0": {
                  "frontendRedemptionTypeIconUrl": "https://www.paytm.com/cricket/",
                  "amount": 9,
                  "frontendRedemptionType": "runs",
                  "capValue": 9
                }
              }
            }
          ]
        },
        "5": {
          "gratifications": [
            {
              "randomBucketMap": {
                "B4_5_0": {
                  "frontendRedemptionTypeIconUrl": "https://paytm.s3-ap-southeast-1.amazonaws.com/promo_seller_panel_uploads/production/Cashback.png",
                  "amount": 50,
                  "frontendRedemptionType": "cashback",
                  "capValue": 50
                },
                "B3_5_0": {
                  "frontendRedemptionTypeIconUrl": "https://paytm.s3-ap-southeast-1.amazonaws.com/promo_seller_panel_uploads/production/Cashback.png",
                  "amount": 40,
                  "frontendRedemptionType": "cashback",
                  "capValue": 40
                },
                "B1_5_0": {
                  "frontendRedemptionTypeIconUrl": "https://paytm.s3-ap-southeast-1.amazonaws.com/promo_seller_panel_uploads/production/Cashback.png",
                  "amount": 30,
                  "frontendRedemptionType": "cashback",
                  "capValue": 30
                },
                "B2_5_0": {
                  "frontendRedemptionTypeIconUrl": "https://paytm.s3-ap-southeast-1.amazonaws.com/promo_seller_panel_uploads/production/Goldcoin.png",
                  "amount": 100,
                  "frontendRedemptionType": "goldback",
                  "capValue": 100
                },
                "B5_5_0": {
                  "frontendRedemptionTypeIconUrl": "https://assetscdn1.paytm.com/images/catalog/view_item/854901/1626162244532.png",
                  "amount": 50,
                  "frontendRedemptionType": "Cashback Points",
                  "capValue": 50
                },
                "B7_5_0": {
                  "frontendRedemptionTypeIconUrl": "https://www.paytm.com/cricket/",
                  "amount": 9,
                  "frontendRedemptionType": "runs",
                  "capValue": 9
                },
                "B6_5_0": {
                  "frontendRedemptionTypeIconUrl": "testq",
                  "amount": 100,
                  "frontendRedemptionType": "5 voucher",
                  "capValue": 100
                }
              }
            }
          ]
        },
        "6": {
          "gratifications": [
            {
              "randomBucketMap": {
                "B4_6_0": {
                  "frontendRedemptionTypeIconUrl": "https://assetscdn1.paytm.com/images/catalog/view_item/854901/1626162244532.png",
                  "amount": 50,
                  "frontendRedemptionType": "Cashback Points",
                  "capValue": 50
                },
                "B3_6_0": {
                  "frontendRedemptionTypeIconUrl": "https://www.paytm.com/cricket/",
                  "amount": 9,
                  "frontendRedemptionType": "runs",
                  "capValue": 9
                },
                "B2_6_0": {
                  "frontendRedemptionTypeIconUrl": "https://paytm.s3-ap-southeast-1.amazonaws.com/promo_seller_panel_uploads/production/Goldcoin.png",
                  "amount": 50,
                  "frontendRedemptionType": "goldback",
                  "capValue": 50
                },
                "B1_6_0": {
                  "frontendRedemptionTypeIconUrl": "https://paytm.s3-ap-southeast-1.amazonaws.com/promo_seller_panel_uploads/production/Cashback.png",
                  "amount": 50,
                  "frontendRedemptionType": "cashback",
                  "capValue": 50
                }
              }
            }
          ]
        },
        "7": {
          "gratifications": [
            {},
            {
              "randomBucketMap": {
                "B3_7_1": {
                  "frontendRedemptionTypeIconUrl": "https://www.paytm.com/cricket/",
                  "amount": 100,
                  "frontendRedemptionType": "runs",
                  "capValue": 100
                },
                "B2_7_1": {
                  "frontendRedemptionTypeIconUrl": "https://paytm.s3-ap-southeast-1.amazonaws.com/promo_seller_panel_uploads/production/Cashback.png",
                  "amount": 9,
                  "frontendRedemptionType": "cashback",
                  "capValue": 9
                },
                "B1_7_1": {
                  "frontendRedemptionTypeIconUrl": "https://paytm.s3-ap-southeast-1.amazonaws.com/promo_seller_panel_uploads/production/Goldcoin.png",
                  "amount": 100,
                  "frontendRedemptionType": "goldback",
                  "capValue": 100
                }
              }
            }
          ]
        },
        "8": {
          "gratifications": [
            {}
          ]
        }
      },
      "collectibles": null,
      "offer_text_override": "Get upto ₹410 cashback",
      "surprise_text": "<p><span style=\"color: #FFA500;\">★</span><span style=\"color: #000000;\">Recharge your mobile 1st time, Get ₹2 undefined<p><span style=\"color: #FFA500;\">★</span><span style=\"color: #000000;\">Recharge your mobile 2nd time, Get ₹5 undefined<p><span style=\"color: #FFA500;\">★</span><span style=\"color: #000000;\">Recharge your mobile 3rd time, Get ₹9 undefined<p><span style=\"color: #FFA500;\">★</span><span style=\"color: #000000;\">Recharge your mobile 4th time, Get ₹10 undefined<p><span style=\"color: #FFA500;\">★</span><span style=\"color: #000000;\">Recharge your mobile 5th time, Get anything upto ₹9<p><span style=\"color: #FFA500;\">★</span><span style=\"color: #000000;\">Recharge your mobile 6th time, Get anything worth ₹9 to ₹100<p><span style=\"color: #FFA500;\">★</span><span style=\"color: #000000;\">Recharge your mobile 7th time, Get anything worth ₹9 to ₹50<p><span style=\"color: #FFA500;\">★</span><span style=\"color: #000000;\">Recharge your mobile 8th time, Get ₹10 undefined<p><span style=\"color: #FFA500;\">★</span><span style=\"color: #000000;\">Recharge your mobile 11th time, Get ₹10 undefined<p>",
      "id": 1019230,
      "event": "ACCEPT_OFFER",
      "surprise_text_title": "Offer Details",
      "offer_keyword": "Recharge your mobile",
      "tnc": "https://gateway.paytm.com/papi/v2/promocard/supercash/campaign/tnc/1019230",
      "show_game_progress": true,
      "deeplink_url": "paytmmp://mobile_prepaid?url=https://catalog.paytm.com/v1/mobile/mobile-prepaid/17",
      "unlock_text": "Recharge your mobile to unlock",
      "valid_upto": "2023-07-07T05:25:00.000Z",
      "journey_info": {
        "ctaText": null,
        "ctaDeeplink": null
      },
      "progress_screen_cta": "Recharge Now",
      "campaign": "PCL_GAME_SERVING1",
      "offer_image_url": "https://s3-ap-southeast-1.amazonaws.com/assets.paytm.com/promotion/Rituraj/PNG+images/Mobile+Prepaid+Recharge+Offer.png",
      "new_offers_image_url": "https://s3-ap-southeast-1.amazonaws.com/assets.paytm.com/promotion/Rituraj/PNG+images/Mobile+Prepaid+Recharge+Offer.png",
      "important_terms": "<p><span style=\"color: #FFA500;\">★</span><span style=\"color: #000000;\">Offer can be availed 9999999 times during the campaign validity<p>",
      "background_overlay": false,
      "offer_type_id": 1,
      "total_txn_count": 11,
      "campaign_detail_deeplink": "paytmmp://cash_wallet?featuretype=vip&screen=topoffer&campaignid=1019230"
    },
    "type": "NEW_OFFER"
  },
  "pclCashbackLandingBeforeScIsScratched": {
    "newOfferData": {
      "short_description": "Recharge your mobile 11 times for  before 11-07-2023, 00:00:00",
      "first_transaction_cta": "Do your first recharge",
      "background_image_url": "jasdlihsasadadsdsa",
      "auto_activate": true,
      "isDeeplink": true,
      "stageObjectMap": {
        "0": {
          "gratifications": [
            {}
          ]
        },
        "1": {
          "gratifications": [
            {},
            {
              "randomBucketMap": {
                "B1_1_1": {
                  "frontendRedemptionTypeIconUrl": "https://www.paytm.com/cricket/",
                  "amount": 7,
                  "frontendRedemptionType": "runs",
                  "capValue": 7
                }
              }
            },
            {
              "randomBucketMap": {
                "B1_1_2": {
                  "frontendRedemptionTypeIconUrl": "https://www.paytm.com/cricket/",
                  "amount": 50,
                  "frontendRedemptionType": "runs",
                  "capValue": 50
                }
              }
            },
            {
              "randomBucketMap": {
                "B1_1_3": {
                  "frontendRedemptionTypeIconUrl": "https://www.paytm.com/cricket/",
                  "amount": 9,
                  "frontendRedemptionType": "runs",
                  "capValue": 9
                }
              }
            }
          ]
        },
        "2": {
          "gratifications": [
            {},
            {},
            {},
            {
              "randomBucketMap": {
                "B1_2_3": {
                  "frontendRedemptionTypeIconUrl": "https://www.paytm.com/cricket/",
                  "amount": 9,
                  "frontendRedemptionType": "runs",
                  "capValue": 9
                }
              }
            }
          ]
        },
        "3": {
          "gratifications": [
            {},
            {}
          ]
        },
        "4": {
          "gratifications": [
            {
              "randomBucketMap": {
                "B1_4_0": {
                  "frontendRedemptionTypeIconUrl": "https://www.paytm.com/cricket/",
                  "amount": 9,
                  "frontendRedemptionType": "runs",
                  "capValue": 9
                }
              }
            }
          ]
        },
        "5": {
          "gratifications": [
            {
              "randomBucketMap": {
                "B4_5_0": {
                  "frontendRedemptionTypeIconUrl": "https://paytm.s3-ap-southeast-1.amazonaws.com/promo_seller_panel_uploads/production/Cashback.png",
                  "amount": 50,
                  "frontendRedemptionType": "cashback",
                  "capValue": 50
                },
                "B3_5_0": {
                  "frontendRedemptionTypeIconUrl": "https://paytm.s3-ap-southeast-1.amazonaws.com/promo_seller_panel_uploads/production/Cashback.png",
                  "amount": 40,
                  "frontendRedemptionType": "cashback",
                  "capValue": 40
                },
                "B1_5_0": {
                  "frontendRedemptionTypeIconUrl": "https://paytm.s3-ap-southeast-1.amazonaws.com/promo_seller_panel_uploads/production/Cashback.png",
                  "amount": 30,
                  "frontendRedemptionType": "cashback",
                  "capValue": 30
                },
                "B2_5_0": {
                  "frontendRedemptionTypeIconUrl": "https://paytm.s3-ap-southeast-1.amazonaws.com/promo_seller_panel_uploads/production/Goldcoin.png",
                  "amount": 100,
                  "frontendRedemptionType": "goldback",
                  "capValue": 100
                },
                "B5_5_0": {
                  "frontendRedemptionTypeIconUrl": "https://assetscdn1.paytm.com/images/catalog/view_item/854901/1626162244532.png",
                  "amount": 50,
                  "frontendRedemptionType": "Cashback Points",
                  "capValue": 50
                },
                "B7_5_0": {
                  "frontendRedemptionTypeIconUrl": "https://www.paytm.com/cricket/",
                  "amount": 9,
                  "frontendRedemptionType": "runs",
                  "capValue": 9
                },
                "B6_5_0": {
                  "frontendRedemptionTypeIconUrl": "testq",
                  "amount": 100,
                  "frontendRedemptionType": "5 voucher",
                  "capValue": 100
                }
              }
            }
          ]
        },
        "6": {
          "gratifications": [
            {
              "randomBucketMap": {
                "B4_6_0": {
                  "frontendRedemptionTypeIconUrl": "https://assetscdn1.paytm.com/images/catalog/view_item/854901/1626162244532.png",
                  "amount": 50,
                  "frontendRedemptionType": "Cashback Points",
                  "capValue": 50
                },
                "B3_6_0": {
                  "frontendRedemptionTypeIconUrl": "https://www.paytm.com/cricket/",
                  "amount": 9,
                  "frontendRedemptionType": "runs",
                  "capValue": 9
                },
                "B2_6_0": {
                  "frontendRedemptionTypeIconUrl": "https://paytm.s3-ap-southeast-1.amazonaws.com/promo_seller_panel_uploads/production/Goldcoin.png",
                  "amount": 50,
                  "frontendRedemptionType": "goldback",
                  "capValue": 50
                },
                "B1_6_0": {
                  "frontendRedemptionTypeIconUrl": "https://paytm.s3-ap-southeast-1.amazonaws.com/promo_seller_panel_uploads/production/Cashback.png",
                  "amount": 50,
                  "frontendRedemptionType": "cashback",
                  "capValue": 50
                }
              }
            }
          ]
        },
        "7": {
          "gratifications": [
            {},
            {
              "randomBucketMap": {
                "B3_7_1": {
                  "frontendRedemptionTypeIconUrl": "https://www.paytm.com/cricket/",
                  "amount": 100,
                  "frontendRedemptionType": "runs",
                  "capValue": 100
                },
                "B2_7_1": {
                  "frontendRedemptionTypeIconUrl": "https://paytm.s3-ap-southeast-1.amazonaws.com/promo_seller_panel_uploads/production/Cashback.png",
                  "amount": 9,
                  "frontendRedemptionType": "cashback",
                  "capValue": 9
                },
                "B1_7_1": {
                  "frontendRedemptionTypeIconUrl": "https://paytm.s3-ap-southeast-1.amazonaws.com/promo_seller_panel_uploads/production/Goldcoin.png",
                  "amount": 100,
                  "frontendRedemptionType": "goldback",
                  "capValue": 100
                }
              }
            }
          ]
        },
        "8": {
          "gratifications": [
            {}
          ]
        }
      },
      "collectibles": null,
      "offer_text_override": "Get upto ₹410 cashback",
      "surprise_text": "<p><span style=\"color: #FFA500;\">★</span><span style=\"color: #000000;\">Recharge your mobile 1st time, Get ₹2 undefined<p><span style=\"color: #FFA500;\">★</span><span style=\"color: #000000;\">Recharge your mobile 2nd time, Get ₹5 undefined<p><span style=\"color: #FFA500;\">★</span><span style=\"color: #000000;\">Recharge your mobile 3rd time, Get ₹9 undefined<p><span style=\"color: #FFA500;\">★</span><span style=\"color: #000000;\">Recharge your mobile 4th time, Get ₹10 undefined<p><span style=\"color: #FFA500;\">★</span><span style=\"color: #000000;\">Recharge your mobile 5th time, Get anything upto ₹9<p><span style=\"color: #FFA500;\">★</span><span style=\"color: #000000;\">Recharge your mobile 6th time, Get anything worth ₹9 to ₹100<p><span style=\"color: #FFA500;\">★</span><span style=\"color: #000000;\">Recharge your mobile 7th time, Get anything worth ₹9 to ₹50<p><span style=\"color: #FFA500;\">★</span><span style=\"color: #000000;\">Recharge your mobile 8th time, Get ₹10 undefined<p><span style=\"color: #FFA500;\">★</span><span style=\"color: #000000;\">Recharge your mobile 11th time, Get ₹10 undefined<p>",
      "id": 1019230,
      "event": "ACCEPT_OFFER",
      "surprise_text_title": "Offer Details",
      "offer_keyword": "Recharge your mobile",
      "tnc": "https://gateway.paytm.com/papi/v2/promocard/supercash/campaign/tnc/1019230",
      "show_game_progress": true,
      "deeplink_url": "paytmmp://mobile_prepaid?url=https://catalog.paytm.com/v1/mobile/mobile-prepaid/17",
      "unlock_text": "Recharge your mobile to unlock",
      "valid_upto": "2023-07-07T05:25:00.000Z",
      "journey_info": {
        "ctaText": null,
        "ctaDeeplink": null
      },
      "progress_screen_cta": "Recharge Now",
      "campaign": "PCL_GAME_SERVING1",
      "offer_image_url": "https://s3-ap-southeast-1.amazonaws.com/assets.paytm.com/promotion/Rituraj/PNG+images/Mobile+Prepaid+Recharge+Offer.png",
      "new_offers_image_url": "https://s3-ap-southeast-1.amazonaws.com/assets.paytm.com/promotion/Rituraj/PNG+images/Mobile+Prepaid+Recharge+Offer.png",
      "important_terms": "<p><span style=\"color: #FFA500;\">★</span><span style=\"color: #000000;\">Offer can be availed 9999999 times during the campaign validity<p>",
      "background_overlay": false,
      "offer_type_id": 1,
      "total_txn_count": 11,
      "campaign_detail_deeplink": "paytmmp://cash_wallet?featuretype=vip&screen=topoffer&campaignid=1019230"
    },
    "backgroundImage": "https://assetscdn1.paytm.com/images/promo-engine/prod/sc_theme5.png",
    "type": "NEW_OFFER",
    "message": "Recharge your mobile to unlock"
  }
}
