{
  "offerTagMultiStage": {
    "status": 1,
    "errors": [],
    "data": {
      "title": "multiStageOfferTag",
      "id": 120,
      "seourl": null,
      "tagViewLayoutModel": {},
      "tagItemLayoutModel": {},
      "campaigns": [
        {
          "id": 1024332,
          "event": "ACCEPT_OFFER",
          "stageObjectMap": {
            "0": {
              "gratifications": [
                {},
                {},
                {},
                {
                  "randomBucketMap": {
                    "B1_0_3": {
                      "amount": 12,
                      "frontendRedemptionType": "cashback",
                      "frontendRedemptionTypeIconUrl": "https://paytm.s3-ap-southeast-1.amazonaws.com/promo_seller_panel_uploads/production/Cashback.png",
                      "capValue": 12
                    }
                  }
                },
                {},
                {},
                {},
                {},
                {}
              ]
            }
          },
          "deeplink_url": "paytmmp://mobile_prepaid?url=https://catalog.paytm.com/v1/mobile/mobile-prepaid/17",
          "offer_text_override": "Get ₹68 cashback",
          "background_image_url": "https://paytm.s3-ap-southeast-1.amazonaws.com/promo_seller_panel_uploads/production/Cashback.png",
          "new_offers_image_url": "https://s3-ap-southeast-1.amazonaws.com/assets.paytm.com/promotion/Rituraj/PNG+images/Mobile+Prepaid+Recharge+Offer.png",
          "offer_keyword": "Recharge your mobile",
          "progress_screen_cta": "Recharge Now",
          "important_terms": "<p><span style=\"color: #FFA500;\">★</span><span style=\"color: #000000;\">This offer is applicable only when you Recharge your mobile for more than ₹1<p><span style=\"color: #FFA500;\">★</span><span style=\"color: #000000;\">Offer can be availed 1000 times during the campaign validity<p>",
          "surprise_text": "<p><span style=\"color: #FFA500;\">★</span><span style=\"color: #000000;\">Recharge your mobile 1st time, Get ₹1 cashback<p>",
          "tnc": "https://gateway.paytm.com/papi/v2/promocard/supercash/campaign/tnc/1024332",
          "campaign": "AUTOCAMP_TESTDECIMALS1",
          "isDeeplink": true,
          "valid_upto": "2022-12-31T06:08:00.000Z",
          "short_description": "Recharge your mobile 1 time for more than ₹1 within a day",
          "offer_image_url": "https://s3-ap-southeast-1.amazonaws.com/assets.paytm.com/promotion/Rituraj/PNG+images/Mobile+Prepaid+Recharge+Offer.png",
          "auto_activate": true,
          "show_game_progress": true,
          "offer_type_id": 1,
          "background_overlay": false,
          "first_transaction_cta": "Do your first recharge",
          "surprise_text_title": "Offer Details",
          "unlock_text": "Recharge your mobile to unlock",
          "total_txn_count": 1,
          "collectibles": null,
          "campaign_detail_deeplink": "paytmmp://cash_wallet?featuretype=vip&screen=topoffer&campaignid=1024332",
          "journey_info": {
            "ctaText": null,
            "ctaDeeplink": null
          }
        }
      ],
      "is_next": false
    }
  },
  "nonmultistagelist": {
    "data": {
      "is_next": false,
      "campaigns": [
        {
          "id": 28275,
          "event": "ACCEPT_OFFER",
          "deeplink_url": "deeplink",
          "offer_text_override": "override text",
          "background_image_url": "Bg image URL",
          "new_offers_image_url": "Offer Image URL",
          "offer_keyword": "Offer keyword",
          "progress_screen_cta": "progress screen CTA",
          "important_terms": "<p>important terms</p>\n",
          "surprise_text": "<p><em><b>Offer</b></em><em><b> Details</b></em></p>\n\n<ul>\n\t<li>Surprise text</li>\n\t<li>Wallet pripeline</li>\n</ul>\n",
          "tnc": "https://gateway.paytm.com/papi/v2/promocard/supercash/campaign/tnc/28275",
          "campaign": "OfferTag_Automation_multiStage",
          "isDeeplink": true,
          "short_description": "Short desc",
          "offer_image_url": "Icon override URL",
          "offer_type_id": 1,
          "background_overlay": false,
          "auto_activate": false,
          "unlock_text": "Offer keyword to unlock",
          "first_transaction_cta": null,
          "surprise_text_title": "Offer Details",
          "campaign_detail_deeplink": "paytmmp://cash_wallet?featuretype=vip&screen=topoffer&campaignid=28275"
        }
      ]
    }
  }
}