{
  "address": {
    "country": "India",
    "pin": "110054",
    "address2": "Address line ",
    "city": "New Delhi",
    "name": "AddressLine1",
    "mobile": "8005381618",
    "state": "Delhi"
  },
  "site_id": "SITEIDFROMTESTCASE",
  "items": [
    {
      "is_in_stock": false,
      "product_type": 1,
      "quantity": 2,
      "product_id": "1200142695",
      "meta_data": {
        "cross_promo_redemption_start_date": "DATETOBEREPLACEDINFORMTYYYYMMDD"
      },
      "promocode": "PROMO1",
      "need_shipping": false,
      "validations": {
        "imei": {
          "number": "990000862471854"
        }
      },
      "priority": 0,
      "_in_stock": false
    },
    {
      "is_in_stock": false,
      "product_type": 1,
      "quantity": 2,
      "product_id": "1200142694",
      "meta_data": {
        "cross_promo_redemption_start_date": "DATETOBEREPLACEDINFORMTYYYYMMDD"
      },
      "promocode": "PROMO2",
      "need_shipping": false,
      "validations": {
        "imei": {
          "number": "990000862471854"
        }
      },
      "priority": 0,
      "_in_stock": false
    },
    {
      "is_in_stock": false,
      "product_type": 1,
      "quantity": 2,
      "product_id": "1200142696",
      "meta_data": {
        "cross_promo_redemption_start_date": "DATETOBEREPLACEDINFORMTYYYYMMDD"
      },
      "promocode": "PROMO3",
      "need_shipping": false,
      "validations": {
        "imei": {
          "number": "990000862471854"
        }
      },
      "priority": 0,
      "_in_stock": false
    }
  ]
}