{
  "items": [
    {
      "product_id": "1200142696",
      "product_type": 1,
      "priority": 0,
      "need_shipping": false,
      "is_in_stock": false,
      "quantity": 1,
      "_in_stock": false,
      "validations": {
        "imei": {
          "number": "990000862471854"
        }
      },
      "promocode": "PROMO1",
      "meta_data": {
        "cp_s_date": "DATETOBEREPLACEDINFORMTYYYYMMDD"
      }
    },
    {
      "product_id": "1200142695",
      "product_type": 1,
      "priority": 0,
      "need_shipping": false,
      "is_in_stock": false,
      "quantity": 1,
      "_in_stock": false,
      "validations": {
        "imei": {
          "number": "990000862471854"
        }
      },
      "promocode": "PROMO2",
      "meta_data": {
        "cp_s_date": "2ndDate"
      }
    }
  ],
  "site_id": "SITEIDFROMTESTCASE",
  "address": {
    "name": "AddressLine1",
    "address2": "Address line ",
    "city": "New Delhi",
    "state": "Delhi",
    "country": "India",
    "mobile": "8005381618",
    "pin": "110054"
  }
}