{
  "items": [
    {
      "product_id": "1201274788",
      "quantity": "1",
      "warehouse_id": "1026316",
      "promocode": "PROMOCODETOBEUSED",
      "configuration": {
        "discoverability": "online",
        "price": "PRICETOBEMODIFIED"
      },
      "meta_data": {
        "order_created_by": "franka",
        "random_alphanum": "t3vvnNU"
      }
    }
  ],
  "address": {
    "country": "India",
    "pin": "201301",
    "address2": "Address line",
    "city": "Noida",
    "name": "AddressLine1",
    "mobile": "8005381618",
    "state": "Uttar Pradesh"
  }
}