{
  "items": [
    {
      "product_id": "1200142695",
      "product_type": 0,
      "priority": 0,
      "need_shipping": false,
      "is_in_stock": false,
      "quantity": 1,
      "_in_stock": false,
      "promocode": "AUTPGCASHBACK",
      "meta_data": {
        "ticketCount": 5,
        "state": "Telangana",
        "displayValues": {
          "Class": "Nursery",
          "Name": "test"
        },
        "area": "HMT, Sathavahana Nagar",
        "city": "Hyderabad",
        "school": "Iris Florets - The Happy Play School",
        "paytype": "Fee Payment"
      }
    }
  ],
  "address": {
    "name": "AddressLine1",
    "address2": "Address line ",
    "city": "New Delhi",
    "state": "Delhi",
    "country": "India",
    "pin": "110001"
  },
  "payment_intent": [
    {
      "mode": "CREDIT_CARD",
      "channels": [
        "VISA"
      ],
      "banks": [
        "CITI"
      ],
      "txnAmount": 1000,
      "cardHash": "CARDHASHGENERATEEVERYTIME",
      "bin6": 6,
      "bin8": 45364675,
      "vpa": "vpa1"
    }
  ]
}