{
  "Request_Response": [
    {
      "TestCaseName": "Verify action should be updated : ACTION",
      "Request": {
        "action": [{"cap": 500,"valueType": "percentage","type": "CASHBACK","value": 50}],
        "user":"nam"
      },
      "Response": {
        "status": 1,
        "error": null,
        "data": {
          "message": "Campaign updated successfully."
        },
        "httpStatus": "OK"
      }
    },
    {
      "TestCaseName": "Verify status should be enabled : ENABLED ",
      "Request": {
        "status":"ENABLED",
        "user":"nam"
      },
      "Response": {
        "status": 1,
        "error": null,
        "data": {
          "message": "Campaign updated successfully."
        },
        "httpStatus": "OK"
      }
    },



    {
      "TestCaseName": "Verify condition should be updated but bulk condition not removed: CONDITION ",
      "Request": {
        "condition": [
          {
            "error": "Invalid Payment Method",
            "name": "PAY_PAYMENT_METHOD",
            "operator": "isOneOf",
            "value": ["CREDIT_CARD"]
          },
          {
            "error": "Invalid Payment Network",
            "name": "PAY_PAYMENT_NETWORK",
            "operator": "isOneOf",
            "value": ["VISA"]
          },
          {
            "error": "Invalid Bank",
            "name": "PAY_PAYMENT_BANK",
            "operator": "isOneOf",
            "value": ["HDFC"]
          },
          {
            "error": "Invalid Pay Channel",
            "name": "PAY_CHANNEL",
            "operator": "isOneOf",
            "value": ["WEB"]
          },
          {
            "name": "PAY_USAGE_BY_CAMPAIGN" ,
            "value":"10",
            "meta": {
              "duration": 10,
              "unit": "days"
            },
            "operator": "lessThanEqual" ,
            "error": "Pay Usage Exceeded"
          },
          {
            "name": "PAY_USAGE_BY_CAMPAIGN_BY_USER" ,
            "value":"10",
            "meta": {
              "duration": 10,
              "unit": "weeks"
            },
            "operator": "lessThanEqual" ,
            "error": "PAY_USAGE_BY_CAMPAIGN_BY_USER Exceeded"
          },
          {
            "name": "PAY_USAGE_BY_CAMPAIGN_BY_USER_BY_AMOUNT" ,
            "value":"10",
            "meta": {
              "duration": 10,
              "unit": "weeks"
            },
            "operator": "lessThanEqual" ,
            "error": "PAY_USAGE_BY_CAMPAIGN_BY_USER_BY_AMOUNT Exceeded"
          },
          {
            "name": "PAY_USAGE_BY_CAMPAIGN_BY_AMOUNT" ,
            "value":"10",
            "meta": {
              "duration": 2,
              "unit": "months"
            },
            "operator": "lessThanEqual" ,
            "error": "PAY_USAGE_BY_CAMPAIGN_BY_AMOUNT Exceeded"
          },
          {
            "name": "PAY_USAGE_BY_CAMPAIGN_BY_CARD" ,
            "value":"10",
            "meta": {
              "duration": 10,
              "unit": "weeks"
            },
            "operator": "lessThanEqual" ,
            "error": "PAY_USAGE_BY_CAMPAIGN_BY_CARD Exceeded"
          },
          {
            "name": "PAY_USAGE_BY_CAMPAIGN_BY_CARD_BY_AMOUNT" ,
            "value":"10",
            "meta": {
              "duration": 10,
              "unit": "days"
            },
            "operator": "lessThanEqual" ,
            "error": "PAY_USAGE_BY_CAMPAIGN_BY_CARD_BY_AMOUNT Exceeded"
          },
          {
            "name": "PAY_USAGE_BY_CAMPAIGN_BY_USER_BY_METHOD" ,
            "value":"10",
            "meta": {
              "duration": 10,
              "unit": "days"
            },
            "operator": "lessThanEqual" ,
            "error": "PAY_USAGE_BY_CAMPAIGN_BY_USER_BY_METHOD Exceeded"
          },
          {
            "name": "PAY_USAGE_BY_CAMPAIGN_BY_USER_BY_NETWORK" ,
            "value":"10",
            "meta": {
              "duration": 10,
              "unit": "days"
            },
            "operator": "lessThanEqual" ,
            "error": "PAY_USAGE_BY_CAMPAIGN_BY_USER_BY_NETWORK Exceeded"
          },
          {
            "name": "PAY_USAGE_BY_CAMPAIGN_BY_USER_BY_CARD" ,
            "value":"10",
            "meta": {
              "duration": 10,
              "unit": "days"
            },
            "operator": "lessThanEqual" ,
            "error": "PAY_USAGE_BY_CAMPAIGN_BY_USER_BY_CARD Exceeded"
          },
          {
            "name": "PAY_TRANSACTION_AMOUNT" ,
            "value":"10000",
            "operator": "lessThanEqual" ,
            "error": "PAY_TRANSACTION_AMOUNT Exceeded"
          }
        ],
        "user":"nam"
      },
      "Response": {
        "status": 1,
        "error": null,
        "data": {
          "message": "Campaign updated successfully."
        },
        "httpStatus": "OK"
      }
    },
    {
      "TestCaseName": "Verify desc,title and terms should be updated : RANDOMIZED ",
      "Request": {
        "description": "AUTOMATION",
        "terms": "AUTO",
        "title": "AUTOTITLE",
        "user":"nam"
      },
      "Response": {
        "status": 1,
        "error": null,
        "data": {
          "message": "Campaign updated successfully."
        },
        "httpStatus": "OK"
      }
    }





  ]

}
