{
  "Templete": {
  "status": 1,
  "error": null,
  "data": {
    "fields": [
      {
        "name": "promocodeName",
        "isUpdateable": false,
        "max": 12,
        "min": 4,
        "type": "string",
        "pattern": "^[A-Z][A-Z0-9]*$",
        "select": false,
        "multiSelect": false,
        "isMandatory": true,
        "errorMessage": "Promo Code Name must be Alphanumeric containing Capital letters and Starting with Alphabet",
        "allowedCampaigns": [
          5
        ]
      },
      {
        "name": "title",
        "isUpdateable": true,
        "max": 300,
        "min": 1,
        "type": "string",
        "select": false,
        "multiSelect": false,
        "isMandatory": true,
        "allowedCampaigns": [
          5
        ]
      },
      {
        "name": "description",
        "isUpdateable": true,
        "max": 300,
        "min": 1,
        "type": "string",
        "select": false,
        "multiSelect": false,
        "isMandatory": true,
        "allowedCampaigns": [
          5
        ]
      },
      {
        "name": "terms",
        "isUpdateable": true,
        "max": 2048,
        "min": 1,
        "type": "string",
        "select": false,
        "multiSelect": false,
        "isMandatory": true,
        "allowedCampaigns": [
          5
        ]
      },
      {
        "name": "validFrom",
        "isUpdateable": false,
        "type": "date",
        "select": false,
        "multiSelect": false,
        "isMandatory": true,
        "allowedCampaigns": [
          5
        ]
      },
      {
        "name": "validUpto",
        "isUpdateable": true,
        "type": "date",
        "select": false,
        "multiSelect": false,
        "isMandatory": true,
        "allowedCampaigns": [
          5
        ]
      },
      {
        "name": "promocodeVisiblity",
        "isUpdateable": true,
        "type": "bool",
        "select": false,
        "multiSelect": false,
        "isMandatory": false,
        "values": [
          true,
          false
        ],
        "allowedCampaigns": [
          5
        ]
      },
      {
        "name": "isSchedule",
        "isUpdateable": true,
        "type": "bool",
        "select": false,
        "multiSelect": false,
        "isMandatory": false,
        "values": [
          true,
          false
        ],
        "allowedCampaigns": [
          5
        ]
      },
      {
        "name": "type",
        "isUpdateable": true,
        "type": "string",
        "select": true,
        "multiSelect": false,
        "isMandatory": false,
        "values": [
          "DAYS_OF_WEEK",
          "DATES_OF_MONTH"
        ],
        "dependencyName": "isSchedule",
        "dependencyValue": true,
        "allowedCampaigns": [
          5
        ]
      }
    ],
    "conditions": [
      {
        "id": 311,
        "label": "UNIQUE_PROMOCODE_ASSOCIATED_TO_USER",
        "name": "unique_promocode_associated_to_user",
        "priority": 1,
        "operators": [
          {
            "id": 9,
            "name": "equalTo",
            "label": "is equal to",
            "dataType": "string"
          }
        ],
        "display": 1,
        "isEnabled": 1,
        "isValueRequired": false,
        "isMetaRequired": false,
        "allowedCampaigns": [
          5
        ],
        "isUpdateableValue": 1,
        "isUpdateableOperator": 1,
        "isUpdateableError": 1,
        "isUpdateableMeta": 1,
        "errorMin": 1,
        "errorMax": 100
      },
      {
        "id": 369,
        "label": "PAY_MERCHANT_ID",
        "name": "pay_merchant_id",
        "priority": 1,
        "operators": [
          {
            "id": 11,
            "name": "isOneOf",
            "label": "is one of",
            "dataType": "string"
          }
        ],
        "display": 1,
        "isEnabled": 1,
        "isValueRequired": true,
        "isMetaRequired": false,
        "mandatoryCondition": 64,
        "allowedCampaigns": [
          5
        ],
        "isUpdateableValue": 1,
        "isUpdateableOperator": 1,
        "isUpdateableError": 1,
        "isUpdateableMeta": 1,
        "errorMin": 1,
        "errorMax": 100
      },
      {
        "id": 371,
        "label": "PAY_PAYMENT_METHOD",
        "name": "pay_payment_method",
        "priority": 2,
        "operators": [
          {
            "id": 11,
            "name": "isOneOf",
            "label": "is one of",
            "dataType": "string"
          }
        ],
        "display": 1,
        "valueType": "multiSelect",
        "values": [
          {
            "label": "EMI_DC",
            "value": "EMI_DC"
          },
          {
            "label": "IMPS",
            "value": "IMPS"
          },
          {
            "label": "ADVANCE_DEPOSIT_ACCOUNT",
            "value": "ADVANCE_DEPOSIT_ACCOUNT"
          },
          {
            "label": "PAYTM_DIGITAL_CREDIT",
            "value": "PAYTM_DIGITAL_CREDIT"
          },
          {
            "label": "UPI",
            "value": "UPI"
          },
          {
            "label": "LOYALTY_POINT",
            "value": "LOYALTY_POINT"
          },
          {
            "label": "WALLET",
            "value": "WALLET"
          },
          {
            "label": "EMI",
            "value": "EMI"
          },
          {
            "label": "PREPAID_CARD",
            "value": "PREPAID_CARD"
          },
          {
            "label": "CREDIT_CARD",
            "value": "CREDIT_CARD"
          },
          {
            "label": "BALANCE",
            "value": "BALANCE"
          },
          {
            "label": "PPBL",
            "value": "PPBL"
          },
          {
            "label": "NET_BANKING",
            "value": "NET_BANKING"
          },
          {
            "label": "ATM",
            "value": "ATM"
          },
          {
            "label": "DEBIT_CARD",
            "value": "DEBIT_CARD"
          }
        ],
        "isEnabled": 1,
        "isValueRequired": true,
        "isMetaRequired": false,
        "allowedCampaigns": [
          5
        ],
        "isUpdateableValue": 1,
        "isUpdateableOperator": 1,
        "isUpdateableError": 1,
        "isUpdateableMeta": 1,
        "errorMin": 1,
        "errorMax": 100
      },
      {
        "id": 372,
        "label": "PAY_PAYMENT_BANK",
        "name": "pay_payment_bank",
        "priority": 2,
        "operators": [
          {
            "id": 11,
            "name": "isOneOf",
            "label": "is one of",
            "dataType": "string"
          }
        ],
        "display": 1,
        "valueType": "multiSelect",
        "values": [
          {
            "label": "Saraswat Bank",
            "value": "STB"
          },
          {
            "label": "Punjab National Bank",
            "value": "PNB"
          },
          {
            "label": "Bank of Bahrain and Kuwait",
            "value": "BBK"
          },
          {
            "label": "Bandhan Bank Ltd",
            "value": "BBL"
          },
          {
            "label": "Punjab & Sind Bank",
            "value": "PJBSIND"
          },
          {
            "label": "Janata Sahakari Bank Ltd Pune",
            "value": "JSB"
          },
          {
            "label": "Small Finance Bank",
            "value": "SMALLFB"
          },
          {
            "label": "Royal Bank of Scotland",
            "value": "RBS"
          },
          {
            "label": "Zilla Sahakari Bank",
            "value": "ZILLA"
          },
          {
            "label": "Andhra Bank",
            "value": "ANDHRA"
          },
          {
            "label": "Karur Vysya Bank",
            "value": "KVB"
          },
          {
            "label": "Kotak Bank",
            "value": "NKMB"
          },
          {
            "label": "India Post Payments Bank",
            "value": "IPPBL"
          },
          {
            "label": "Shamrao Vithal Bank",
            "value": "SVB"
          },
          {
            "label": "Indian Bank",
            "value": "INDB"
          },
          {
            "label": "SVC Cooperative Bank Ltd",
            "value": "SVC"
          },
          {
            "label": "Syndicate Bank",
            "value": "SYNBK"
          },
          {
            "label": "Prathama Bank",
            "value": "PRATHAMA"
          },
          {
            "label": "State Bank of Indore",
            "value": "SBOI"
          },
          {
            "label": "Coastal Local Area Bank",
            "value": "CLAB"
          },
          {
            "label": "IndusInd Bank",
            "value": "INDS"
          },
          {
            "label": "State Bank of Patiala",
            "value": "SBOP"
          },
          {
            "label": "Haryana State Coop Apex Bank",
            "value": "SCAB"
          },
          {
            "label": "Axis Corporate",
            "value": "AXISCORP"
          },
          {
            "label": "Paytm Payments Netbanking",
            "value": "PYTM"
          },
          {
            "label": "Paytm Payments Bank",
            "value": "PPBL"
          },
          {
            "label": "Rural Bank",
            "value": "RURAL"
          },
          {
            "label": "Gramin Bank",
            "value": "GRAMIN"
          },
          {
            "label": "IDBI Bank",
            "value": "IDBI"
          },
          {
            "label": "ICICI PAY",
            "value": "ICICIPAY"
          },
          {
            "label": "Canara Bank",
            "value": "CANARA"
          },
          {
            "label": "ITZ",
            "value": "ITZ"
          },
          {
            "label": "Vijaya Bank",
            "value": "VJYA"
          },
          {
            "label": "HDFC Bank",
            "value": "HDFC"
          },
          {
            "label": "HDFC Debit EMI",
            "value": "HDFE"
          },
          {
            "label": "Punjab & Sind Bank",
            "value": "PSB"
          },
          {
            "label": "Karnataka Bank",
            "value": "KTKB"
          },
          {
            "label": "Deutsche Bank",
            "value": "DEUTS"
          },
          {
            "label": "South Indian Bank",
            "value": "SIB"
          },
          {
            "label": "HSBC",
            "value": "HSBC"
          },
          {
            "label": "CANRDB",
            "value": "CANRDB"
          },
          {
            "label": "Gopinath Patil Parsik Janata Sahakari Bank Ltd",
            "value": "GPPB"
          },
          {
            "label": "YES BANK",
            "value": "YES"
          },
          {
            "label": "Paytm Postpaid",
            "value": "PAYTMCC"
          },
          {
            "label": "RBL Bank",
            "value": "RATN"
          },
          {
            "label": "Union Bank of India",
            "value": "UNI"
          },
          {
            "label": "Ellaquai Dehati Bank",
            "value": "DEHATI"
          },
          {
            "label": "HDFO",
            "value": "HDFO"
          },
          {
            "label": "Zest Money",
            "value": "ZEST"
          },
          {
            "label": "ICICI Corporate Banking",
            "value": "ICICICORPORATE"
          },
          {
            "label": "HDFC Bank",
            "value": "AHDF"
          },
          {
            "label": "Cosmos Bank",
            "value": "COSMOS"
          },
          {
            "label": "Jammu and Kashmir Bank",
            "value": "JKB"
          },
          {
            "label": "NSDL Payments Bank",
            "value": "NSDL"
          },
          {
            "label": "Krishna Bhima Samruddhi Area Bank Ltd",
            "value": "KBSABL"
          },
          {
            "label": "ICICI Bank",
            "value": "ICICI"
          },
          {
            "label": "Punjab and Maharashtra Co-operative Bank",
            "value": "PMCB"
          },
          {
            "label": "IDFC Bank",
            "value": "IDFC"
          },
          {
            "label": "Suryoday Small Finance Bank",
            "value": "SSFB"
          },
          {
            "label": "Cooperative Bank",
            "value": "COOPB"
          },
          {
            "label": "Citibank",
            "value": "CITI"
          },
          {
            "label": "Bharatiya Mahila Bank",
            "value": "BMB"
          },
          {
            "label": "United Bank of India",
            "value": "UBI"
          },
          {
            "label": "AU Small Finance Bank",
            "value": "AUBL"
          },
          {
            "label": "Bajaj Finserv EMI Card",
            "value": "BAJAJFN"
          },
          {
            "label": "Allahabad Corporate Bank",
            "value": "AALDCORP"
          },
          {
            "label": "Andhra Bank",
            "value": "ANDB"
          },
          {
            "label": "Allahabad Bank",
            "value": "ALH"
          },
          {
            "label": "Citi Direct",
            "value": "CITIDIRECT"
          },
          {
            "label": "UCO Bank",
            "value": "UCO"
          },
          {
            "label": "Airtel Payment Bank",
            "value": "AIRTEL"
          },
          {
            "label": "Paytm",
            "value": "PAYTM"
          },
          {
            "label": "National Payments Corporation Of India",
            "value": "NPCI"
          },
          {
            "label": "Bank of Baroda Credit Card",
            "value": "BOB"
          },
          {
            "label": "Development Bank of Singapore",
            "value": "DBS"
          },
          {
            "label": "ICICI Debit EMI",
            "value": "ICIE"
          },
          {
            "label": "Bank of India",
            "value": "BOI"
          },
          {
            "label": "Bank of Maharashtra",
            "value": "BOM"
          },
          {
            "label": "DCB Bank Limited",
            "value": "DCB"
          },
          {
            "label": "Bank of Rajasthan",
            "value": "BOR"
          },
          {
            "label": "City Union Bank",
            "value": "CITIUB"
          },
          {
            "label": "Tamilnad Mercantile Bank",
            "value": "TNMB"
          },
          {
            "label": "Oriental Bank of Commerce",
            "value": "OBPRF"
          },
          {
            "label": "Bank of Baroda",
            "value": "ABOB"
          },
          {
            "label": "Dhanlaxmi Bank",
            "value": "DHAN"
          },
          {
            "label": "Corporation Bank",
            "value": "CORP"
          },
          {
            "label": "Paytm Payments Bank",
            "value": "PPBLC"
          },
          {
            "label": "Axis Bank",
            "value": "AXIS"
          },
          {
            "label": "AMEX",
            "value": "AMEX"
          },
          {
            "label": "ING Vysya Bank (now Kotak)",
            "value": "ING"
          },
          {
            "label": "Central Bank of India",
            "value": "CBI"
          },
          {
            "label": "Catholic Syrian Bank",
            "value": "CSB"
          },
          {
            "label": "WALLET",
            "value": "WALLET"
          },
          {
            "label": "State Bank Of Hyderabad",
            "value": "SBH"
          },
          {
            "label": "State Bank of Bikaner and Jaipur",
            "value": "SBJ"
          },
          {
            "label": "State Bank of India",
            "value": "SBI"
          },
          {
            "label": "Kotak Bank",
            "value": "KOTAK"
          },
          {
            "label": "Indian Overseas Bank",
            "value": "IOB"
          },
          {
            "label": "State Bank of Mysore",
            "value": "SBM"
          },
          {
            "label": "State Bank of Travancore",
            "value": "SBT"
          },
          {
            "label": "State Bank of Shaurashtra",
            "value": "SBS"
          },
          {
            "label": "Subhadra Local Area Bank",
            "value": "SLABL"
          },
          {
            "label": "State Bank of India",
            "value": "ASBI"
          },
          {
            "label": "Dena Bank",
            "value": "DENA"
          },
          {
            "label": "Standard Chartered Bank",
            "value": "SCB"
          },
          {
            "label": "Lakshmi Vilas Bank",
            "value": "LVB"
          },
          {
            "label": "Federal Bank",
            "value": "FDEB"
          },
          {
            "label": "Ujjivan Small Finance Bank",
            "value": "USFB"
          },
          {
            "label": "Axis Corporate Bank",
            "value": "AAXISCORP"
          }
        ],
        "isEnabled": 1,
        "isValueRequired": true,
        "isMetaRequired": false,
        "allowedCampaigns": [
          5
        ],
        "isUpdateableValue": 1,
        "isUpdateableOperator": 1,
        "isUpdateableError": 1,
        "isUpdateableMeta": 1,
        "errorMin": 1,
        "errorMax": 100
      },
      {
        "id": 373,
        "label": "PAY_BIN_6NUMBER",
        "name": "pay_bin_6number",
        "priority": 2,
        "operators": [
          {
            "id": 11,
            "name": "isOneOf",
            "label": "is one of",
            "dataType": "string"
          }
        ],
        "display": 1,
        "valueDataType": "integer",
        "isEnabled": 1,
        "isValueRequired": true,
        "isMetaRequired": false,
        "dependencies": [
          {
            "id": 371,
            "label": "PAY_PAYMENT_METHOD",
            "name": "pay_payment_method",
            "values": [
              "DEBIT_CARD",
              "EMI",
              "EMI_DC",
              "CREDIT_CARD"
            ]
          }
        ],
        "allowedCampaigns": [
          5
        ],
        "isUpdateableValue": 1,
        "isUpdateableOperator": 1,
        "isUpdateableError": 1,
        "isUpdateableMeta": 1,
        "errorMin": 1,
        "errorMax": 100
      },
      {
        "id": 374,
        "label": "PAY_BIN_8NUMBER",
        "name": "pay_bin_8number",
        "priority": 2,
        "operators": [
          {
            "id": 11,
            "name": "isOneOf",
            "label": "is one of",
            "dataType": "string"
          }
        ],
        "display": 1,
        "valueDataType": "integer",
        "isEnabled": 1,
        "isValueRequired": true,
        "isMetaRequired": false,
        "dependencies": [
          {
            "id": 371,
            "label": "PAY_PAYMENT_METHOD",
            "name": "pay_payment_method",
            "values": [
              "DEBIT_CARD",
              "EMI",
              "EMI_DC",
              "CREDIT_CARD"
            ]
          }
        ],
        "allowedCampaigns": [
          5
        ],
        "isUpdateableValue": 1,
        "isUpdateableOperator": 1,
        "isUpdateableError": 1,
        "isUpdateableMeta": 1,
        "errorMin": 1,
        "errorMax": 100
      },
      {
        "id": 375,
        "label": "BULK_PAY_BIN_6NUMBER",
        "name": "bulk_pay_bin_6number",
        "priority": 10,
        "operators": [
          {
            "id": 8,
            "name": "equals",
            "label": "equals operator",
            "dataType": "string"
          }
        ],
        "display": 1,
        "values": [
          "true",
          "false"
        ],
        "isEnabled": 1,
        "isValueRequired": false,
        "isMetaRequired": false,
        "dependencies": [
          {
            "id": 371,
            "label": "PAY_PAYMENT_METHOD",
            "name": "pay_payment_method",
            "values": [
              "DEBIT_CARD",
              "EMI",
              "EMI_DC",
              "CREDIT_CARD"
            ]
          }
        ],
        "allowedCampaigns": [
          5
        ],
        "isUpdateableValue": 1,
        "isUpdateableOperator": 1,
        "isUpdateableError": 1,
        "isUpdateableMeta": 1,
        "errorMin": 1,
        "errorMax": 100
      },
      {
        "id": 376,
        "label": "BULK_PAY_BIN_8NUMBER",
        "name": "bulk_pay_bin_8number",
        "priority": 10,
        "operators": [
          {
            "id": 8,
            "name": "equals",
            "label": "equals operator",
            "dataType": "string"
          }
        ],
        "display": 1,
        "values": [
          "true",
          "false"
        ],
        "isEnabled": 1,
        "isValueRequired": false,
        "isMetaRequired": false,
        "dependencies": [
          {
            "id": 371,
            "label": "PAY_PAYMENT_METHOD",
            "name": "pay_payment_method",
            "values": [
              "DEBIT_CARD",
              "EMI",
              "EMI_DC",
              "CREDIT_CARD"
            ]
          }
        ],
        "allowedCampaigns": [
          5
        ],
        "isUpdateableValue": 1,
        "isUpdateableOperator": 1,
        "isUpdateableError": 1,
        "isUpdateableMeta": 1,
        "errorMin": 1,
        "errorMax": 100
      },
      {
        "id": 377,
        "label": "PAY_PAYMENT_NETWORK",
        "name": "pay_payment_network",
        "priority": 2,
        "operators": [
          {
            "id": 11,
            "name": "isOneOf",
            "label": "is one of",
            "dataType": "string"
          }
        ],
        "display": 1,
        "valueType": "multiSelect",
        "values": [
          {
            "label": "AMEX",
            "value": "AMEX"
          },
          {
            "label": "MASTER",
            "value": "MASTER"
          },
          {
            "label": "DISCOVER",
            "value": "DISCOVER"
          },
          {
            "label": "VISA",
            "value": "VISA"
          },
          {
            "label": "RUPAY",
            "value": "RUPAY"
          },
          {
            "label": "DINERS",
            "value": "DINERS"
          },
          {
            "label": "MAESTRO",
            "value": "MAESTRO"
          },
          {
            "label": "BAJAJ",
            "value": "BAJAJ"
          }
        ],
        "isEnabled": 1,
        "isValueRequired": true,
        "isMetaRequired": false,
        "dependencies": [
          {
            "id": 371,
            "label": "PAY_PAYMENT_METHOD",
            "name": "pay_payment_method",
            "values": [
              "DEBIT_CARD",
              "EMI",
              "EMI_DC",
              "CREDIT_CARD"
            ]
          }
        ],
        "allowedCampaigns": [
          5
        ],
        "isUpdateableValue": 1,
        "isUpdateableOperator": 1,
        "isUpdateableError": 1,
        "isUpdateableMeta": 1,
        "errorMin": 1,
        "errorMax": 100
      },
      {
        "id": 378,
        "label": "PAY_CHANNEL",
        "name": "pay_channel",
        "priority": 2,
        "operators": [
          {
            "id": 11,
            "name": "isOneOf",
            "label": "is one of",
            "dataType": "string"
          }
        ],
        "display": 1,
        "valueType": "multiSelect",
        "values": [
          "APP",
          "WEB",
          "WAP"
        ],
        "isEnabled": 1,
        "isValueRequired": true,
        "isMetaRequired": false,
        "allowedCampaigns": [
          5
        ],
        "isUpdateableValue": 1,
        "isUpdateableOperator": 1,
        "isUpdateableError": 1,
        "isUpdateableMeta": 1,
        "errorMin": 1,
        "errorMax": 100
      },
      {
        "id": 379,
        "label": "PAY_USAGE_BY_CAMPAIGN",
        "name": "pay_usage_by_campaign",
        "priority": 20,
        "operators": [
          {
            "id": 3,
            "name": "lessThanEqual",
            "label": "less Than or Equal to",
            "dataType": "string"
          }
        ],
        "display": 1,
        "valueDataType": "integer",
        "isEnabled": 1,
        "isValueRequired": true,
        "isMetaRequired": false,
        "allowedCampaigns": [
          5
        ],
        "meta": {
          "fields": [
            {
              "name": "duration",
              "label": "Time Duration",
              "type": "text",
              "required": true,
              "datatype": "integer"
            },
            {
              "name": "unit",
              "label": "Time Unit",
              "type": "select",
              "required": true,
              "options": [
                {
                  "name": "days",
                  "label": "day(s)",
                  "min": 1,
                  "max": 92
                },
                {
                  "name": "weeks",
                  "label": "week(s)",
                  "min": 1,
                  "max": 12
                },
                {
                  "name": "months",
                  "label": "month(s)",
                  "min": 1,
                  "max": 3
                },
                {
                  "name": "camp_duration",
                  "label": "campaign duration",
                  "min": 1,
                  "max": 92
                }
              ]
            }
          ]
        },
        "isUpdateableValue": 1,
        "isUpdateableOperator": 1,
        "isUpdateableError": 1,
        "isUpdateableMeta": 1,
        "valueMin": 1,
        "valueMax": 999999999,
        "errorMin": 1,
        "errorMax": 100
      },
      {
        "id": 380,
        "label": "PAY_USAGE_BY_CAMPAIGN_BY_USER",
        "name": "pay_usage_by_campaign_by_user",
        "priority": 21,
        "operators": [
          {
            "id": 3,
            "name": "lessThanEqual",
            "label": "less Than or Equal to",
            "dataType": "string"
          }
        ],
        "display": 1,
        "valueDataType": "integer",
        "isEnabled": 1,
        "isValueRequired": true,
        "isMetaRequired": false,
        "allowedCampaigns": [
          5
        ],
        "meta": {
          "fields": [
            {
              "name": "duration",
              "label": "Time Duration",
              "type": "text",
              "required": true,
              "datatype": "integer"
            },
            {
              "name": "unit",
              "label": "Time Unit",
              "type": "select",
              "required": true,
              "options": [
                {
                  "name": "days",
                  "label": "day(s)",
                  "min": 1,
                  "max": 92
                },
                {
                  "name": "weeks",
                  "label": "week(s)",
                  "min": 1,
                  "max": 12
                },
                {
                  "name": "months",
                  "label": "month(s)",
                  "min": 1,
                  "max": 3
                },
                {
                  "name": "camp_duration",
                  "label": "campaign duration",
                  "min": 1,
                  "max": 92
                }
              ]
            }
          ]
        },
        "isUpdateableValue": 1,
        "isUpdateableOperator": 1,
        "isUpdateableError": 1,
        "isUpdateableMeta": 1,
        "valueMin": 1,
        "valueMax": 999999999,
        "errorMin": 1,
        "errorMax": 100
      },
      {
        "id": 381,
        "label": "PAY_USAGE_BY_CAMPAIGN_BY_USER_BY_BANK",
        "name": "pay_usage_by_campaign_by_user_by_bank",
        "priority": 21,
        "operators": [
          {
            "id": 3,
            "name": "lessThanEqual",
            "label": "less Than or Equal to",
            "dataType": "string"
          }
        ],
        "display": 1,
        "valueDataType": "integer",
        "isEnabled": 1,
        "isValueRequired": true,
        "isMetaRequired": false,
        "allowedCampaigns": [
          5
        ],
        "meta": {
          "fields": [
            {
              "name": "duration",
              "label": "Time Duration",
              "type": "text",
              "required": true,
              "datatype": "integer"
            },
            {
              "name": "unit",
              "label": "Time Unit",
              "type": "select",
              "required": true,
              "options": [
                {
                  "name": "days",
                  "label": "day(s)",
                  "min": 1,
                  "max": 92
                },
                {
                  "name": "weeks",
                  "label": "week(s)",
                  "min": 1,
                  "max": 12
                },
                {
                  "name": "months",
                  "label": "month(s)",
                  "min": 1,
                  "max": 3
                },
                {
                  "name": "camp_duration",
                  "label": "campaign duration",
                  "min": 1,
                  "max": 92
                }
              ]
            }
          ]
        },
        "isUpdateableValue": 1,
        "isUpdateableOperator": 1,
        "isUpdateableError": 1,
        "isUpdateableMeta": 1,
        "valueMin": 1,
        "valueMax": 999999999,
        "errorMin": 1,
        "errorMax": 100
      },
      {
        "id": 382,
        "label": "PAY_USAGE_BY_CAMPAIGN_BY_USER_BY_METHOD",
        "name": "pay_usage_by_campaign_by_user_by_method",
        "priority": 21,
        "operators": [
          {
            "id": 3,
            "name": "lessThanEqual",
            "label": "less Than or Equal to",
            "dataType": "string"
          }
        ],
        "display": 1,
        "valueDataType": "integer",
        "isEnabled": 1,
        "isValueRequired": true,
        "isMetaRequired": false,
        "allowedCampaigns": [
          5
        ],
        "meta": {
          "fields": [
            {
              "name": "duration",
              "label": "Time Duration",
              "type": "text",
              "required": true,
              "datatype": "integer"
            },
            {
              "name": "unit",
              "label": "Time Unit",
              "type": "select",
              "required": true,
              "options": [
                {
                  "name": "days",
                  "label": "day(s)",
                  "min": 1,
                  "max": 92
                },
                {
                  "name": "weeks",
                  "label": "week(s)",
                  "min": 1,
                  "max": 12
                },
                {
                  "name": "months",
                  "label": "month(s)",
                  "min": 1,
                  "max": 3
                },
                {
                  "name": "camp_duration",
                  "label": "campaign duration",
                  "min": 1,
                  "max": 92
                }
              ]
            }
          ]
        },
        "isUpdateableValue": 1,
        "isUpdateableOperator": 1,
        "isUpdateableError": 1,
        "isUpdateableMeta": 1,
        "valueMin": 1,
        "valueMax": 999999999,
        "errorMin": 1,
        "errorMax": 100
      },
      {
        "id": 383,
        "label": "PAY_USAGE_BY_CAMPAIGN_BY_USER_BY_CARD",
        "name": "pay_usage_by_campaign_by_user_by_card",
        "priority": 21,
        "operators": [
          {
            "id": 3,
            "name": "lessThanEqual",
            "label": "less Than or Equal to",
            "dataType": "string"
          }
        ],
        "display": 1,
        "valueDataType": "integer",
        "isEnabled": 1,
        "isValueRequired": true,
        "isMetaRequired": false,
        "dependencies": [
          {
            "id": 371,
            "label": "PAY_PAYMENT_METHOD",
            "name": "pay_payment_method",
            "values": [
              "DEBIT_CARD",
              "EMI",
              "EMI_DC",
              "CREDIT_CARD"
            ]
          }
        ],
        "allowedCampaigns": [
          5
        ],
        "meta": {
          "fields": [
            {
              "name": "duration",
              "label": "Time Duration",
              "type": "text",
              "required": true,
              "datatype": "integer"
            },
            {
              "name": "unit",
              "label": "Time Unit",
              "type": "select",
              "required": true,
              "options": [
                {
                  "name": "days",
                  "label": "day(s)",
                  "min": 1,
                  "max": 92
                },
                {
                  "name": "weeks",
                  "label": "week(s)",
                  "min": 1,
                  "max": 12
                },
                {
                  "name": "months",
                  "label": "month(s)",
                  "min": 1,
                  "max": 3
                },
                {
                  "name": "camp_duration",
                  "label": "campaign duration",
                  "min": 1,
                  "max": 92
                }
              ]
            }
          ]
        },
        "isUpdateableValue": 1,
        "isUpdateableOperator": 1,
        "isUpdateableError": 1,
        "isUpdateableMeta": 1,
        "valueMin": 1,
        "valueMax": 999999999,
        "errorMin": 1,
        "errorMax": 100
      },
      {
        "id": 384,
        "label": "PAY_USAGE_BY_CAMPAIGN_BY_USER_BY_NETWORK",
        "name": "pay_usage_by_campaign_by_user_by_network",
        "priority": 21,
        "operators": [
          {
            "id": 3,
            "name": "lessThanEqual",
            "label": "less Than or Equal to",
            "dataType": "string"
          }
        ],
        "display": 1,
        "valueDataType": "integer",
        "isEnabled": 1,
        "isValueRequired": true,
        "isMetaRequired": false,
        "dependencies": [
          {
            "id": 371,
            "label": "PAY_PAYMENT_METHOD",
            "name": "pay_payment_method",
            "values": [
              "DEBIT_CARD",
              "EMI",
              "EMI_DC",
              "CREDIT_CARD"
            ]
          }
        ],
        "allowedCampaigns": [
          5
        ],
        "meta": {
          "fields": [
            {
              "name": "duration",
              "label": "Time Duration",
              "type": "text",
              "required": true,
              "datatype": "integer"
            },
            {
              "name": "unit",
              "label": "Time Unit",
              "type": "select",
              "required": true,
              "options": [
                {
                  "name": "days",
                  "label": "day(s)",
                  "min": 1,
                  "max": 92
                },
                {
                  "name": "weeks",
                  "label": "week(s)",
                  "min": 1,
                  "max": 12
                },
                {
                  "name": "months",
                  "label": "month(s)",
                  "min": 1,
                  "max": 3
                },
                {
                  "name": "camp_duration",
                  "label": "campaign duration",
                  "min": 1,
                  "max": 92
                }
              ]
            }
          ]
        },
        "isUpdateableValue": 1,
        "isUpdateableOperator": 1,
        "isUpdateableError": 1,
        "isUpdateableMeta": 1,
        "valueMin": 1,
        "valueMax": 999999999,
        "errorMin": 1,
        "errorMax": 100
      },
      {
        "id": 385,
        "label": "PAY_USAGE_BY_CAMPAIGN_BY_USER_BY_AMOUNT",
        "name": "pay_usage_by_campaign_by_user_by_amount",
        "priority": 21,
        "operators": [
          {
            "id": 3,
            "name": "lessThanEqual",
            "label": "less Than or Equal to",
            "dataType": "string"
          }
        ],
        "display": 1,
        "valueDataType": "integer",
        "isEnabled": 1,
        "isValueRequired": true,
        "isMetaRequired": false,
        "allowedCampaigns": [
          5
        ],
        "meta": {
          "fields": [
            {
              "name": "duration",
              "label": "Time Duration",
              "type": "text",
              "required": true,
              "datatype": "integer"
            },
            {
              "name": "unit",
              "label": "Time Unit",
              "type": "select",
              "required": true,
              "options": [
                {
                  "name": "days",
                  "label": "day(s)",
                  "min": 1,
                  "max": 92
                },
                {
                  "name": "weeks",
                  "label": "week(s)",
                  "min": 1,
                  "max": 12
                },
                {
                  "name": "months",
                  "label": "month(s)",
                  "min": 1,
                  "max": 3
                },
                {
                  "name": "camp_duration",
                  "label": "campaign duration",
                  "min": 1,
                  "max": 92
                }
              ]
            }
          ]
        },
        "isUpdateableValue": 1,
        "isUpdateableOperator": 1,
        "isUpdateableError": 1,
        "isUpdateableMeta": 1,
        "valueMin": 1,
        "valueMax": 999999999,
        "errorMin": 1,
        "errorMax": 100
      },
      {
        "id": 386,
        "label": "PAY_USAGE_BY_CAMPAIGN_BY_CARD",
        "name": "pay_usage_by_campaign_by_card",
        "priority": 22,
        "operators": [
          {
            "id": 3,
            "name": "lessThanEqual",
            "label": "less Than or Equal to",
            "dataType": "string"
          }
        ],
        "display": 1,
        "valueDataType": "integer",
        "isEnabled": 1,
        "isValueRequired": true,
        "isMetaRequired": false,
        "dependencies": [
          {
            "id": 371,
            "label": "PAY_PAYMENT_METHOD",
            "name": "pay_payment_method",
            "values": [
              "DEBIT_CARD",
              "EMI",
              "EMI_DC",
              "CREDIT_CARD"
            ]
          }
        ],
        "allowedCampaigns": [
          5
        ],
        "meta": {
          "fields": [
            {
              "name": "duration",
              "label": "Time Duration",
              "type": "text",
              "required": true,
              "datatype": "integer"
            },
            {
              "name": "unit",
              "label": "Time Unit",
              "type": "select",
              "required": true,
              "options": [
                {
                  "name": "days",
                  "label": "day(s)",
                  "min": 1,
                  "max": 92
                },
                {
                  "name": "weeks",
                  "label": "week(s)",
                  "min": 1,
                  "max": 12
                },
                {
                  "name": "months",
                  "label": "month(s)",
                  "min": 1,
                  "max": 3
                },
                {
                  "name": "camp_duration",
                  "label": "campaign duration",
                  "min": 1,
                  "max": 92
                }
              ]
            }
          ]
        },
        "isUpdateableValue": 1,
        "isUpdateableOperator": 1,
        "isUpdateableError": 1,
        "isUpdateableMeta": 1,
        "valueMin": 1,
        "valueMax": 999999999,
        "errorMin": 1,
        "errorMax": 100
      },
      {
        "id": 389,
        "label": "PAY_TRANSACTION_AMOUNT",
        "name": "pay_transaction_amount",
        "priority": 200,
        "operators": [
          {
            "id": 1,
            "name": "greaterThan",
            "label": "more Than",
            "dataType": "string"
          },
          {
            "id": 3,
            "name": "lessThanEqual",
            "label": "less Than or Equal to",
            "dataType": "string"
          },
          {
            "id": 4,
            "name": "lessThan",
            "label": "less Than",
            "dataType": "string"
          },
          {
            "id": 8,
            "name": "equals",
            "label": "equals operator",
            "dataType": "string"
          },
          {
            "id": 10,
            "name": "greaterThanEqual",
            "label": "more Than or Equal to",
            "dataType": "string"
          }
        ],
        "display": 1,
        "isEnabled": 1,
        "isValueRequired": true,
        "isMetaRequired": false,
        "allowedCampaigns": [
          5
        ],
        "isUpdateableValue": 1,
        "isUpdateableOperator": 1,
        "isUpdateableError": 1,
        "isUpdateableMeta": 1,
        "errorMin": 1,
        "errorMax": 100
      },
      {
        "id": 393,
        "label": "KYC_USER_TYPE",
        "name": "kyc_user_type",
        "priority": 1,
        "operators": [
          {
            "id": 11,
            "name": "isOneOf",
            "label": "is one of",
            "dataType": "string"
          }
        ],
        "error": "This code can't be applied to user's kyc type",
        "display": 1,
        "valueType": "multiSelect",
        "values": [
          "PAYTM_MIN_KYC",
          "PAYTM_ADHAAR_OTP_KYC",
          "PAYTM_PRIME_WALLET",
          "PAYTM_PRIMITIVE"
        ],
        "isEnabled": 1,
        "isValueRequired": true,
        "isMetaRequired": false,
        "allowedCampaigns": [
          5
        ],
        "isUpdateableValue": 1,
        "isUpdateableOperator": 1,
        "isUpdateableError": 1,
        "isUpdateableMeta": 1,
        "errorMin": 1,
        "errorMax": 100
      },
      {
        "id": 398,
        "name": "pay_test_amount_rishabh",
        "priority": 20,
        "operators": [
          {
            "id": 1,
            "name": "greaterThan",
            "label": "more Than",
            "dataType": "string"
          },
          {
            "id": 2,
            "name": "blank",
            "label": "is blank",
            "dataType": "string"
          },
          {
            "id": 3,
            "name": "lessThanEqual",
            "label": "less Than or Equal to",
            "dataType": "string"
          },
          {
            "id": 4,
            "name": "lessThan",
            "label": "less Than",
            "dataType": "string"
          },
          {
            "id": 5,
            "name": "notEquals",
            "label": "is not equal to",
            "dataType": "string"
          },
          {
            "id": 6,
            "name": "present",
            "label": "is present",
            "dataType": "string"
          },
          {
            "id": 7,
            "name": "notEqualTo",
            "label": "is not equal to",
            "dataType": "string"
          },
          {
            "id": 8,
            "name": "equals",
            "label": "equals operator",
            "dataType": "string"
          },
          {
            "id": 9,
            "name": "equalTo",
            "label": "is equal to",
            "dataType": "string"
          },
          {
            "id": 10,
            "name": "greaterThanEqual",
            "label": "more Than or Equal to",
            "dataType": "string"
          },
          {
            "id": 11,
            "name": "isOneOf",
            "label": "is one of",
            "dataType": "string"
          },
          {
            "id": 12,
            "name": "isIn",
            "label": "strictly one of",
            "dataType": "Array"
          },
          {
            "id": 13,
            "name": "matchesRegex",
            "label": "matches regex(case sensitive)",
            "dataType": "string"
          },
          {
            "id": 14,
            "name": "regexIgnoreCaseSensitive",
            "label": "matches regex(case insensitive)",
            "dataType": "string"
          },
          {
            "id": 15,
            "name": "intersection",
            "label": "intersection",
            "dataType": "string"
          },
          {
            "id": 16,
            "name": "complement",
            "label": "complement",
            "dataType": "string"
          },
          {
            "id": 17,
            "name": "hasAll",
            "label": "has All",
            "dataType": "Array"
          },
          {
            "id": 18,
            "name": "dateGreaterThan",
            "label": "date Greater Than",
            "dataType": "string"
          },
          {
            "id": 19,
            "name": "dateLessThan",
            "label": "date Less Than",
            "dataType": "string"
          },
          {
            "id": 20,
            "name": "dateLessThanEqual",
            "label": "date Less Than or Equal to",
            "dataType": "string"
          },
          {
            "id": 21,
            "name": "dateInRange",
            "label": "date In Range",
            "dataType": "string"
          },
          {
            "id": 22,
            "name": "dateNotInRange",
            "label": "date Not In Range",
            "dataType": "string"
          },
          {
            "id": 23,
            "name": "dateGreaterThanEqual",
            "label": "date Greater Than or Equal to",
            "dataType": "string"
          },
          {
            "id": 24,
            "name": "notOneOf",
            "label": "not one of",
            "dataType": "string"
          },
          {
            "id": 25,
            "name": "endsWith",
            "label": "ends with",
            "dataType": "string"
          }
        ],
        "display": 1,
        "isEnabled": 1,
        "isValueRequired": true,
        "isMetaRequired": false,
        "allowedCampaigns": [
          5
        ],
        "isUpdateableValue": 1,
        "isUpdateableOperator": 1,
        "isUpdateableError": 1,
        "isUpdateableMeta": 1,
        "errorMin": 1,
        "errorMax": 100
      },
      {
        "id": 404,
        "label": "PAY_USAGE_BY_CAMPAIGN_BY_CARD_BY_AMOUNT",
        "name": "pay_usage_by_campaign_by_card_by_amount",
        "priority": 102,
        "operators": [
          {
            "id": 1,
            "name": "greaterThan",
            "label": "more Than",
            "dataType": "string"
          },
          {
            "id": 2,
            "name": "blank",
            "label": "is blank",
            "dataType": "string"
          },
          {
            "id": 3,
            "name": "lessThanEqual",
            "label": "less Than or Equal to",
            "dataType": "string"
          },
          {
            "id": 4,
            "name": "lessThan",
            "label": "less Than",
            "dataType": "string"
          },
          {
            "id": 5,
            "name": "notEquals",
            "label": "is not equal to",
            "dataType": "string"
          },
          {
            "id": 6,
            "name": "present",
            "label": "is present",
            "dataType": "string"
          },
          {
            "id": 7,
            "name": "notEqualTo",
            "label": "is not equal to",
            "dataType": "string"
          },
          {
            "id": 8,
            "name": "equals",
            "label": "equals operator",
            "dataType": "string"
          },
          {
            "id": 9,
            "name": "equalTo",
            "label": "is equal to",
            "dataType": "string"
          },
          {
            "id": 10,
            "name": "greaterThanEqual",
            "label": "more Than or Equal to",
            "dataType": "string"
          },
          {
            "id": 11,
            "name": "isOneOf",
            "label": "is one of",
            "dataType": "string"
          },
          {
            "id": 12,
            "name": "isIn",
            "label": "strictly one of",
            "dataType": "Array"
          },
          {
            "id": 13,
            "name": "matchesRegex",
            "label": "matches regex(case sensitive)",
            "dataType": "string"
          },
          {
            "id": 14,
            "name": "regexIgnoreCaseSensitive",
            "label": "matches regex(case insensitive)",
            "dataType": "string"
          },
          {
            "id": 15,
            "name": "intersection",
            "label": "intersection",
            "dataType": "string"
          },
          {
            "id": 16,
            "name": "complement",
            "label": "complement",
            "dataType": "string"
          },
          {
            "id": 17,
            "name": "hasAll",
            "label": "has All",
            "dataType": "Array"
          },
          {
            "id": 18,
            "name": "dateGreaterThan",
            "label": "date Greater Than",
            "dataType": "string"
          },
          {
            "id": 19,
            "name": "dateLessThan",
            "label": "date Less Than",
            "dataType": "string"
          },
          {
            "id": 20,
            "name": "dateLessThanEqual",
            "label": "date Less Than or Equal to",
            "dataType": "string"
          },
          {
            "id": 21,
            "name": "dateInRange",
            "label": "date In Range",
            "dataType": "string"
          },
          {
            "id": 22,
            "name": "dateNotInRange",
            "label": "date Not In Range",
            "dataType": "string"
          },
          {
            "id": 23,
            "name": "dateGreaterThanEqual",
            "label": "date Greater Than or Equal to",
            "dataType": "string"
          },
          {
            "id": 24,
            "name": "notOneOf",
            "label": "not one of",
            "dataType": "string"
          },
          {
            "id": 25,
            "name": "endsWith",
            "label": "ends with",
            "dataType": "string"
          }
        ],
        "display": 1,
        "valueDataType": "integer",
        "isEnabled": 1,
        "isValueRequired": false,
        "isMetaRequired": false,
        "dependencies": [
          {
            "id": 371,
            "label": "PAY_PAYMENT_METHOD",
            "name": "pay_payment_method",
            "values": [
              "DEBIT_CARD",
              "EMI",
              "EMI_DC",
              "CREDIT_CARD"
            ]
          }
        ],
        "allowedCampaigns": [
          5
        ],
        "meta": {
          "fields": [
            {
              "name": "duration",
              "label": "Time Duration",
              "type": "text",
              "required": true,
              "datatype": "integer"
            },
            {
              "name": "unit",
              "label": "Time Unit",
              "type": "select",
              "required": true,
              "options": [
                {
                  "name": "days",
                  "label": "day(s)",
                  "min": 1,
                  "max": 92
                },
                {
                  "name": "weeks",
                  "label": "week(s)",
                  "min": 1,
                  "max": 12
                },
                {
                  "name": "months",
                  "label": "month(s)",
                  "min": 1,
                  "max": 3
                },
                {
                  "name": "camp_duration",
                  "label": "campaign duration",
                  "min": 1,
                  "max": 92
                }
              ]
            }
          ]
        },
        "isUpdateableValue": 1,
        "isUpdateableOperator": 1,
        "isUpdateableError": 1,
        "isUpdateableMeta": 1,
        "valueMin": 1,
        "valueMax": 999999999,
        "errorMin": 1,
        "errorMax": 100
      },
      {
        "id": 405,
        "label": "PAY_USAGE_BY_CAMPAIGN_BY_AMOUNT",
        "name": "pay_usage_by_campaign_by_amount",
        "priority": 102,
        "operators": [
          {
            "id": 3,
            "name": "lessThanEqual",
            "label": "less Than or Equal to",
            "dataType": "string"
          }
        ],
        "display": 1,
        "valueDataType": "integer",
        "isEnabled": 1,
        "isValueRequired": false,
        "isMetaRequired": false,
        "allowedCampaigns": [
          5
        ],
        "meta": {
          "fields": [
            {
              "name": "duration",
              "label": "Time Duration",
              "type": "text",
              "required": true,
              "datatype": "integer"
            },
            {
              "name": "unit",
              "label": "Time Unit",
              "type": "select",
              "required": true,
              "options": [
                {
                  "name": "days",
                  "label": "day(s)",
                  "min": 1,
                  "max": 92
                },
                {
                  "name": "weeks",
                  "label": "week(s)",
                  "min": 1,
                  "max": 12
                },
                {
                  "name": "months",
                  "label": "month(s)",
                  "min": 1,
                  "max": 3
                },
                {
                  "name": "camp_duration",
                  "label": "campaign duration",
                  "min": 1,
                  "max": 92
                }
              ]
            }
          ]
        },
        "isUpdateableValue": 1,
        "isUpdateableOperator": 1,
        "isUpdateableError": 1,
        "isUpdateableMeta": 1,
        "valueMin": 1,
        "valueMax": 999999999,
        "errorMin": 1,
        "errorMax": 100
      }
    ],
    "actions": [
      {
        "label": "Give PG Cashback",
        "name": "givePGCashback",
        "fields": [
          {
            "label": "type",
            "name": "type",
            "fieldType": "select",
            "options": [
              {
                "label": "percentage",
                "name": "percentage"
              },
              {
                "label": "absolute",
                "name": "absolute"
              }
            ]
          },
          {
            "label": "value",
            "name": "value",
            "fieldType": "text",
            "dataType": "number",
            "callApiOnBlur": true
          },
          {
            "label": "cap",
            "name": "cap",
            "fieldType": "text",
            "dataType": "number",
            "required": true
          }
        ],
        "allowedCampaigns": [
          5
        ]
      },
      {
        "label": "Apply PG Discount",
        "name": "applyPGDiscount",
        "fields": [
          {
            "label": "type",
            "name": "type",
            "fieldType": "select",
            "options": [
              {
                "label": "percentage",
                "name": "percentage"
              },
              {
                "label": "absolute",
                "name": "absolute"
              }
            ]
          },
          {
            "label": "value",
            "name": "value",
            "fieldType": "text",
            "dataType": "number",
            "callApiOnBlur": true
          },
          {
            "label": "cap",
            "name": "cap",
            "fieldType": "text",
            "dataType": "number",
            "required": true
          }
        ],
        "allowedCampaigns": [
          5
        ]
      }
    ]
  },
  "httpStatus": "OK"
}

}